Name,Brand,SKU,Barcode,Category,CurrentStock,Unit,CostPrice,SellingPrice,ExpiryDate,Aisle,TempZone
Rustic Chaash / Buttermilk 1.5L,Patanjali Kitchens,DAIR-56705,890000876923,Dairy & Eggs,55,packet,402.13,570.86,2026-09-17,Aisle 02,chilled
Heritage Roasted Makhana Foxnuts 8-Pack,Heritage Harvest,SNAC-84778,890000876924,Snacks & Confectionery,188,pack,237.61,303.10,2026-08-19,Aisle 10,ambient
Gourmet Matcha Green Tea California Almonds 350g,Heritage Agro,SNAC-81325,890000876925,Snacks & Confectionery,137,bar,244.01,311.37,2027-01-14,Aisle 10,ambient
Free-Range Mustard Oil Ayurvedic Bath Soap 5kg,Himalayan Co.,HOUS-86352,890000876926,Household & Personal Care,156,pack,540.06,858.67,2029-01-10,Aisle 11,ambient
Free-Range Mustard Oil Liquid Laundry Detergent 330ml,Urban Roots Foods,HOUS-21155,890000876927,Household & Personal Care,113,tube,316.78,437.89,2028-10-05,Aisle 12,ambient
Low-Sodium Mutton Chops 350g,Tata Milling,MEAT-18527,890000876928,Meat & Seafood,136,kg,190.14,291.91,2026-08-29,Aisle 04,chilled
Plant-Based Vanilla Bean Kitchen Paper Towels 4-Roll 6-Pack,Urban Roots Harvest,HOUS-87482,890000876929,Household & Personal Care,179,bottle,181.63,289.19,2026-08-27,Aisle 12,ambient
Sweet Kashmiri Saffron Clove & Mint Toothpaste Family Pack,Nature Harvest Botanicals,HOUS-24831,890000876930,Household & Personal Care,144,tube,299.32,522.89,2027-12-12,Aisle 12,ambient
Organic Kaju Katli Sweet Box 1kg,Pashmina Foods,SNAC-26341,890000876931,Snacks & Confectionery,36,bar,223.74,346.16,2026-11-19,Aisle 09,ambient
Low-Sodium Blueberries 4-Pack,Kaveri Co.,FRES-68511,890000876932,Fresh Produce,120,kg,114.01,167.87,2026-09-12,Aisle 01,ambient
Raw Toasted Sesame Roasted Salted Cashews 750g,Tata Kitchens,SNAC-57913,890000876933,Snacks & Confectionery,80,tub,278.69,468.42,2027-01-02,Aisle 10,ambient
Sweet Alphonso Mango Lemons 350g,Kaveri Harvest,FRES-90614,890000876934,Fresh Produce,104,bag,131.97,223.30,2026-09-10,Aisle 01,ambient
Free-Range Mosquito Vaporizer Refill 8-Pack,Royal Indian Kitchens,HOUS-48123,890000876935,Household & Personal Care,69,packet,213.31,389.95,2028-01-21,Aisle 12,ambient
Handcrafted Alphonso Mango Methi 24-Pack,Kaveri Farms,FRES-69705,890000876936,Fresh Produce,94,pack,51.58,78.70,2026-09-02,Aisle 01,chilled
Traditional Kesar Pista Bath Tissue 6-Pack Snack Pack,SunBrite Dairy,HOUS-64674,890000876937,Household & Personal Care,112,box,402.65,593.36,2027-05-10,Aisle 11,ambient
Rustic Pista Almond Sweet Corn Kernels 200g,Tata Kitchens,FROZ-67214,890000876938,Frozen Foods,55,bag,230.54,358.76,2027-03-17,Aisle 08,frozen
Traditional Pista Almond Tiger Prawns Jumbo 12-Pack,Desi Organics Agro,MEAT-84115,890000876939,Meat & Seafood,157,pcs,639.13,1059.22,2026-09-01,Aisle 04,chilled
Free-Range Cardamom Spiced Rusk Toast Snack Pack,Vedic Fresh Springs,BAKE-83740,890000876940,Bakery & Deli,43,box,90.69,151.28,2026-08-26,Aisle 03,chilled
Handcrafted Kashmiri Saffron Dry Fruits Trail Mix 2L,Ganga Goods,SNAC-68459,890000876941,Snacks & Confectionery,187,box,154.94,195.21,2026-12-14,Aisle 10,ambient
Extra-Virgin Pure Jaggery Powder 1L,SunBrite Naturals,PANT-82980,890000876942,Pantry & Dry Goods,112,bag,679.05,992.65,2028-02-02,Aisle 07,ambient
Signature Smoked Paprika Pineapples 250g,Himalayan Milling,FRES-13492,890000876943,Fresh Produce,44,bag,124.66,158.56,2026-09-06,Aisle 02,chilled
Spiced Kitchen Paper Towels 4-Roll 1.5L,Kaveri Farms,HOUS-12733,890000876944,Household & Personal Care,130,bottle,88.07,136.98,2028-04-16,Aisle 11,ambient
Roasted Surmai Steaks 12-Pack,Amul Farms,MEAT-66263,890000876945,Meat & Seafood,157,kg,460.87,740.88,2026-09-02,Aisle 05,chilled
Smoked Masala Chai Frozen Paneer Cubes 350g,Royal Indian Agro,FROZ-61208,890000876946,Frozen Foods,130,packet,46.79,78.79,2026-08-25,Aisle 09,frozen
Low-Sodium Toned Milk 5kg,Ganga Co.,DAIR-99010,890000876947,Dairy & Eggs,153,carton,433.27,617.59,2026-09-08,Aisle 03,chilled
Grass-Fed Caramelized Onion Fruit Muffins 750g,FarmGold Kitchens,BAKE-94496,890000876948,Bakery & Deli,72,pack,79.19,136.30,2026-09-05,Aisle 04,ambient
Spiced Masala CTC Tea 24-Pack,Vedic Fresh Provisions,BEVE-34174,890000876949,Beverages,171,bottle,408.90,680.28,2026-10-01,Aisle 06,ambient
Spiced Rose Infused Royal Basmati Rice 500ml,SunBrite Naturals,PANT-21868,890000876950,Pantry & Dry Goods,192,bag,277.20,367.46,2028-07-25,Aisle 08,ambient
Premium Cardamom Spiced Coconut Milk 1.5L,Himalayan Farms,PANT-34522,890000876951,Pantry & Dry Goods,115,bag,155.19,272.87,2027-02-24,Aisle 08,ambient
Pure Rose Infused Avocados 5kg,Pure Vedic Harvest,FRES-16612,890000876952,Fresh Produce,46,bunch,51.14,91.54,2026-09-07,Aisle 01,chilled
Heritage Cardamom Spiced Ginger Kombucha 24-Pack,Pure Vedic Agro,BEVE-62919,890000876953,Beverages,41,bag,99.48,126.18,2027-01-11,Aisle 05,ambient
Artisan Granola Health Bars 5kg,Pashmina Kitchens,SNAC-32181,890000876954,Snacks & Confectionery,161,tub,464.45,804.29,2027-04-18,Aisle 10,ambient
Natural Alphonso Mango Gourmet Cookies Choco-Chip 250ml,Himalayan Botanicals,SNAC-79580,890000876955,Snacks & Confectionery,171,packet,186.06,325.70,2027-02-13,Aisle 09,ambient
Cured Cardamom Spiced Roasted Makhana Foxnuts 250ml,Ganga Organics,SNAC-64824,890000876956,Snacks & Confectionery,6,tub,448.39,674.89,2027-02-08,Aisle 10,ambient
Plant-Based Raw Wildflower Honey 1kg,Kaveri Foods,PANT-48257,890000876957,Pantry & Dry Goods,155,bottle,257.94,458.11,2027-12-14,Aisle 08,ambient
Farm-Fresh Dry Fruits Trail Mix 500g,Tata Foods,SNAC-75877,890000876958,Snacks & Confectionery,182,pack,178.59,246.20,2026-12-06,Aisle 09,ambient
Roasted Chicken Sausages 250ml,Vedic Fresh Springs,MEAT-46635,890000876959,Meat & Seafood,189,kg,279.07,376.43,2026-09-02,Aisle 04,chilled
Farm-Fresh Sea Salt Oat Milk Family Pack,Green Earth Foods,DAIR-70033,890000876960,Dairy & Eggs,71,packet,195.54,266.89,2026-09-22,Aisle 03,chilled
Farm-Fresh Penne Rigate Pasta 5kg,SunBrite Organics,PANT-89047,890000876961,Pantry & Dry Goods,108,can,334.05,520.96,2027-08-03,Aisle 07,ambient
Desi Caramelized Onion Crab Meat Fresh 24-Pack,Pure Vedic Milling,MEAT-63442,890000876962,Meat & Seafood,56,pack,410.42,675.33,2026-09-01,Aisle 05,chilled
Roasted Granola Health Bars Family Pack,Urban Roots Co.,SNAC-56840,890000876963,Snacks & Confectionery,76,box,197.50,354.11,2026-10-30,Aisle 09,ambient
Traditional Bhujia Sev 2L,Kaveri Milling,SNAC-18467,890000876964,Snacks & Confectionery,69,pack,35.76,64.74,2027-02-05,Aisle 10,ambient
Heritage Greek Yogurt 500g,Himalayan Provisions,DAIR-34120,890000876965,Dairy & Eggs,115,box,237.30,339.47,2026-09-07,Aisle 03,chilled
Extra-Virgin Toor Dal Premium 750g,Desi Organics Agro,PANT-82566,890000876966,Pantry & Dry Goods,82,jar,60.32,96.09,2027-07-12,Aisle 08,ambient
Gourmet Nagpur Orange Pomfret Whole 1.5L,Patanjali Foods,MEAT-59873,890000876967,Meat & Seafood,103,pcs,393.68,510.76,2026-08-21,Aisle 04,chilled
Crisp Sea Salt Parmigiano-Reggiano 12-Pack,Royal Indian Farms,DAIR-50956,890000876968,Dairy & Eggs,46,bottle,351.19,600.26,2026-09-22,Aisle 02,chilled
Sweet Sea Salt Malai Kulfi Bar 2kg,Pashmina Springs,FROZ-31526,890000876969,Frozen Foods,163,pack,371.77,514.80,2027-08-03,Aisle 09,frozen
Sweet Lemons 500g,Patanjali Agro,FRES-30706,890000876970,Fresh Produce,22,bunch,81.52,124.93,2026-08-31,Aisle 01,chilled
Premium Coconut Cream Roasted Salted Cashews 100g,Nature Harvest Springs,SNAC-63938,890000876971,Snacks & Confectionery,112,box,320.08,416.61,2026-11-23,Aisle 09,ambient
Pure Rose Infused Frozen Green Peas 1L,Royal Indian Dairy,FROZ-84830,890000876972,Frozen Foods,44,packet,89.72,164.62,2027-05-19,Aisle 08,frozen
Aged Pista Almond Aloo Tikki 8-Pack 1L,FarmGold Milling,FROZ-66089,890000876973,Frozen Foods,127,box,212.54,340.74,2027-04-02,Aisle 08,frozen
Plant-Based Cardamom Spiced Organic Atta 5kg 1kg,Heritage Naturals,PANT-92996,890000876974,Pantry & Dry Goods,29,jar,40.53,67.45,2027-08-24,Aisle 06,ambient
Free-Range Moong Dal Namkeen 5kg,Desi Organics Milling,SNAC-55075,890000876975,Snacks & Confectionery,172,tub,398.37,690.13,2027-02-02,Aisle 09,ambient
Gourmet Truffle Infused Apples 350g,Urban Roots Foods,FRES-38603,890000876976,Fresh Produce,83,bunch,18.75,29.66,2026-08-31,Aisle 01,ambient
Roasted Smoked Paprika Liquid Laundry Detergent 500g,Pashmina Dairy,HOUS-67689,890000876977,Household & Personal Care,100,box,269.09,351.34,2029-03-15,Aisle 11,ambient
Select Pista Almond Shampoo Anti-Dandruff 1L,Nature Harvest Goods,HOUS-48850,890000876978,Household & Personal Care,95,tube,442.98,643.58,2028-09-27,Aisle 11,ambient
Artisan Mustard Oil Banana Chips Kerala Style 8-Pack,Royal Indian Co.,SNAC-95184,890000876979,Snacks & Confectionery,136,bag,224.90,391.72,2026-08-21,Aisle 09,ambient
Natural Chicken Keema 350g,Nature Harvest Organics,MEAT-43912,890000876980,Meat & Seafood,20,kg,516.24,776.87,2026-08-28,Aisle 05,chilled
Spiced Nimbu Paani Soda 400g,Pure Vedic Organics,BEVE-69531,890000876981,Beverages,170,box,353.48,605.71,2027-02-27,Aisle 06,ambient
Zero-Sugar Pista Almond Shampoo Anti-Dandruff 2kg,Desi Organics Provisions,HOUS-88202,890000876982,Household & Personal Care,50,pack,416.85,625.49,2027-06-06,Aisle 11,ambient
Select Strawberries 250g,Ganga Organics,FRES-31985,890000876983,Fresh Produce,106,pcs,68.26,116.38,2026-09-10,Aisle 01,chilled
Organic Vanilla Bean Shampoo Anti-Dandruff 6-Pack,Kaveri Botanicals,HOUS-44755,890000876984,Household & Personal Care,112,pack,423.77,582.89,2029-04-28,Aisle 11,ambient
Handcrafted Rose Infused Kulcha 4-Pack 200g,FarmGold Organics,BAKE-49624,890000876985,Bakery & Deli,48,pack,218.34,381.70,2026-08-31,Aisle 03,chilled
Raw Vanilla Bean Roma Tomatoes 100g,Kaveri Dairy,FRES-46960,890000876986,Fresh Produce,191,kg,98.90,175.05,2026-08-29,Aisle 02,ambient
Gluten-Free Parmigiano-Reggiano 500g,Himalayan Milling,DAIR-48916,890000876987,Dairy & Eggs,146,carton,424.82,587.40,2026-09-06,Aisle 02,chilled
Traditional Mosquito Vaporizer Refill 1.5L,Kaveri Dairy,HOUS-79228,890000876988,Household & Personal Care,182,pack,381.72,558.92,2026-08-29,Aisle 12,ambient
Spiced Floor Disinfectant 330ml,Royal Indian Dairy,HOUS-33557,890000876989,Household & Personal Care,76,packet,480.99,720.03,2026-08-28,Aisle 11,ambient
Extra-Virgin Mustard Oil Parmigiano-Reggiano 5kg,Pure Vedic Springs,DAIR-17653,890000876990,Dairy & Eggs,75,tub,326.79,489.86,2026-09-08,Aisle 02,chilled
Plant-Based Coconut Cream Alphonso Kulfi Tub 5kg,SunBrite Agro,FROZ-37683,890000876991,Frozen Foods,193,tub,114.35,208.20,2027-02-15,Aisle 09,frozen
Rustic Vanilla Bean Alphonso Kulfi Tub 6-Pack,Pashmina Goods,FROZ-45294,890000876992,Frozen Foods,90,packet,314.94,550.66,2027-03-12,Aisle 09,frozen
Heritage Cardamom Spiced Paneer Tikka Deli 750g,Nature Harvest Foods,BAKE-98925,890000876993,Bakery & Deli,188,box,197.81,334.58,2026-09-08,Aisle 03,ambient
Heritage Truffle Infused Malai Kulfi Bar 200g,Himalayan Goods,FROZ-73087,890000876994,Frozen Foods,6,box,103.06,180.27,2027-02-09,Aisle 08,frozen
Aged Pista Almond Smoked Chicken Slices 200g,Himalayan Dairy,BAKE-75597,890000876995,Bakery & Deli,21,pack,40.89,55.25,2026-08-29,Aisle 03,chilled
Cured Caramelized Onion Atlantic Salmon Fillet 500ml,Urban Roots Goods,MEAT-17651,890000876996,Meat & Seafood,187,pcs,357.74,529.81,2026-09-02,Aisle 05,chilled
Zero-Sugar Granola Health Bars 330ml,Royal Indian Botanicals,SNAC-98608,890000876997,Snacks & Confectionery,45,box,130.57,233.29,2026-08-28,Aisle 09,ambient
Plant-Based Ginger Kombucha 330ml,FarmGold Goods,BEVE-27421,890000876998,Beverages,114,can,373.28,626.02,2027-07-17,Aisle 06,ambient
Gluten-Free Fresh Mosambi Juice 5kg,Green Earth Provisions,BEVE-67239,890000876999,Beverages,132,box,385.12,658.44,2027-02-25,Aisle 06,ambient
Farm-Fresh Mutton Chops 2L,Nature Harvest Foods,MEAT-37920,890000877000,Meat & Seafood,63,pcs,843.46,1140.91,2026-08-28,Aisle 04,chilled
Artisan Shampoo Anti-Dandruff 1L,FarmGold Co.,HOUS-41697,890000877001,Household & Personal Care,134,bottle,243.35,322.36,2027-08-16,Aisle 12,ambient
Organic Golden Ginger Salami Family Pack,Kaveri Foods,BAKE-65887,890000877002,Bakery & Deli,41,box,125.23,160.90,2026-09-07,Aisle 04,ambient
Select Banana Chips Kerala Style 8-Pack,Urban Roots Kitchens,SNAC-96880,890000877003,Snacks & Confectionery,13,tub,330.33,568.93,2026-08-28,Aisle 09,ambient
Crisp Toasted Sesame Brioche Burger Buns 250g,SunBrite Agro,BAKE-79662,890000877004,Bakery & Deli,41,pcs,92.92,162.45,2026-09-07,Aisle 04,ambient
Gourmet Mustard Oil Shampoo Anti-Dandruff 2L,Green Earth Co.,HOUS-55729,890000877005,Household & Personal Care,117,box,245.10,312.21,2028-06-18,Aisle 11,ambient
Gourmet Truffle Infused Mustard Oil Kachi Ghani 750g,Pure Vedic Botanicals,PANT-60963,890000877006,Pantry & Dry Goods,55,bottle,477.58,726.60,2027-01-27,Aisle 07,ambient
Raw Matcha Green Tea Chicken Frankfurters 8-Pack,Kaveri Botanicals,BAKE-87594,890000877007,Bakery & Deli,78,pack,184.86,250.40,2026-08-30,Aisle 04,ambient
Raw Bananas 250ml,Royal Indian Dairy,FRES-64532,890000877008,Fresh Produce,104,bag,71.39,107.15,2026-09-04,Aisle 02,ambient
Heritage Cardamom Spiced Oat Milk 24-Pack,Himalayan Naturals,DAIR-56650,890000877009,Dairy & Eggs,25,box,325.90,598.47,2026-09-10,Aisle 02,chilled
Select Seedless Grapes 1L,Urban Roots Harvest,FRES-52822,890000877010,Fresh Produce,30,bunch,42.44,75.69,2026-08-29,Aisle 01,chilled
Farm-Fresh Ayurvedic Bath Soap 500g,Green Earth Foods,HOUS-21467,890000877011,Household & Personal Care,97,tube,375.36,477.72,2029-04-13,Aisle 11,ambient
Select Heavy Cream 24-Pack,Himalayan Organics,DAIR-39049,890000877012,Dairy & Eggs,196,pack,310.88,565.70,2026-09-12,Aisle 02,chilled
Smoked Rose Infused Rusk Toast 750g,Heritage Springs,BAKE-17605,890000877013,Bakery & Deli,157,pack,256.25,445.63,2026-08-29,Aisle 03,ambient
Gluten-Free Garlic & Herb Mosquito Vaporizer Refill 500ml,Green Earth Springs,HOUS-74995,890000877014,Household & Personal Care,49,pack,479.44,802.98,2028-10-19,Aisle 11,ambient
Signature Smoked Paprika Alphonso Kulfi Tub 250g,Ganga Milling,FROZ-39807,890000877015,Frozen Foods,27,packet,252.24,372.63,2026-11-11,Aisle 08,frozen
Desi Amla Juice 330ml,Nature Harvest Foods,BEVE-82540,890000877016,Beverages,108,box,40.59,67.19,2026-08-29,Aisle 05,ambient
Raw Kesar Pista Cold-Pressed Groundnut Oil 500ml,Nature Harvest Harvest,PANT-12786,890000877017,Pantry & Dry Goods,175,bag,291.96,497.90,2027-01-26,Aisle 06,ambient
Smoked Kulcha 4-Pack 200g,FarmGold Farms,BAKE-29915,890000877018,Bakery & Deli,47,pack,149.52,211.17,2026-08-30,Aisle 03,ambient
Roasted Amul Gouda Block 1L,Green Earth Provisions,DAIR-22119,890000877019,Dairy & Eggs,148,tub,419.06,750.08,2026-09-12,Aisle 02,chilled
Heritage Chicken Sausages 250ml,Kaveri Harvest,MEAT-11509,890000877020,Meat & Seafood,34,pack,765.46,1261.99,2026-08-28,Aisle 04,chilled
Homestyle Garlic & Herb Wood-Fired Pizza 750g,Green Earth Agro,FROZ-16717,890000877021,Frozen Foods,71,box,137.13,204.19,2027-02-06,Aisle 09,frozen
Aged Granola Health Bars 4-Pack,Heritage Foods,SNAC-26078,890000877022,Snacks & Confectionery,16,pack,208.17,368.53,2026-08-29,Aisle 10,ambient
Pure Nagpur Orange Roasted Salted Cashews 2kg,Amul Kitchens,SNAC-76043,890000877023,Snacks & Confectionery,102,packet,260.64,352.36,2026-11-08,Aisle 10,ambient
Desi Sparkling Mineral Water 750g,Kaveri Organics,BEVE-61896,890000877024,Beverages,182,bag,275.50,505.64,2027-02-27,Aisle 06,ambient
Cold-Pressed Mustard Oil Kachi Ghani 100g,Pure Vedic Goods,PANT-59940,890000877025,Pantry & Dry Goods,20,bag,579.48,779.89,2026-12-07,Aisle 06,ambient
Signature Rusk Toast 500g,FarmGold Springs,BAKE-17206,890000877026,Bakery & Deli,172,box,270.27,417.91,2026-09-02,Aisle 03,chilled
Free-Range Veg Spring Rolls 2kg,Pashmina Agro,FROZ-52895,890000877027,Frozen Foods,36,bag,305.23,548.66,2027-01-28,Aisle 08,frozen
Rustic Sea Salt Amla Juice 750ml,Amul Springs,BEVE-81067,890000877028,Beverages,181,box,149.65,235.00,2027-05-14,Aisle 06,ambient
Smoked Mustard Oil Pomfret Whole 350g,Tata Provisions,MEAT-21320,890000877029,Meat & Seafood,176,pcs,681.23,1250.36,2026-08-29,Aisle 04,chilled
Crisp Curd Tub 4-Pack,SunBrite Co.,DAIR-97555,890000877030,Dairy & Eggs,133,carton,158.59,290.64,2026-08-17,Aisle 02,chilled
Rustic Paneer Block 1kg,FarmGold Springs,DAIR-64361,890000877031,Dairy & Eggs,9,packet,323.78,564.33,2026-08-29,Aisle 02,chilled
Rustic Nagpur Orange Chaash / Buttermilk 1kg,Patanjali Milling,DAIR-78716,890000877032,Dairy & Eggs,104,tub,222.45,379.73,2026-09-20,Aisle 03,chilled
Grass-Fed Salted Butter 250g,Green Earth Harvest,DAIR-80117,890000877033,Dairy & Eggs,199,pack,375.61,690.12,2026-08-31,Aisle 03,chilled
Pure Caramelized Onion Frozen Veg Momos 500ml,Tata Milling,FROZ-31307,890000877034,Frozen Foods,31,pack,90.58,133.95,2027-05-19,Aisle 08,frozen
Pure Pav 6-Pack 350g,Desi Organics Botanicals,BAKE-90437,890000877035,Bakery & Deli,101,pack,114.45,182.08,2026-09-04,Aisle 04,ambient
Cold-Pressed Garlic & Herb Pineapples 1L,Nature Harvest Kitchens,FRES-76077,890000877036,Fresh Produce,143,kg,118.60,218.77,2026-08-29,Aisle 01,ambient
Farm-Fresh Masala Potato Chips 250ml,Pashmina Goods,SNAC-90051,890000877037,Snacks & Confectionery,70,bag,354.82,640.54,2026-10-19,Aisle 09,ambient
Free-Range Cardamom Spiced Dry Fruits Trail Mix 100g,Pure Vedic Goods,SNAC-76745,890000877038,Snacks & Confectionery,163,bar,197.92,360.58,2026-08-26,Aisle 09,ambient
Natural Lentils Red Masoor 1.5L,Green Earth Dairy,PANT-83967,890000877039,Pantry & Dry Goods,173,jar,585.83,908.08,2027-04-25,Aisle 08,ambient
Smoked Cardamom Spiced Chicken Sausages 250ml,Nature Harvest Organics,MEAT-51247,890000877040,Meat & Seafood,162,pcs,371.73,522.25,2026-09-02,Aisle 05,chilled
Roasted Mustard Oil Dry Fruits Trail Mix 6-Pack,Patanjali Farms,SNAC-88049,890000877041,Snacks & Confectionery,65,tub,342.08,505.46,2026-12-21,Aisle 09,ambient
Spiced Rose Infused Organic Atta 5kg 250ml,Kaveri Goods,PANT-42353,890000877042,Pantry & Dry Goods,148,can,100.00,150.49,2028-03-07,Aisle 08,ambient
Crisp Rose Infused Bath Tissue 6-Pack 400g,Nature Harvest Kitchens,HOUS-72743,890000877043,Household & Personal Care,180,bottle,201.65,316.03,2029-03-11,Aisle 12,ambient
Signature Golden Ginger Veg Burger Patties 500g,Pashmina Naturals,FROZ-57182,890000877044,Frozen Foods,69,tub,119.04,212.73,2027-01-20,Aisle 08,frozen
Aged Pure Jaggery Powder 1.5L,Heritage Naturals,PANT-88277,890000877045,Pantry & Dry Goods,192,bag,300.80,444.55,2027-02-06,Aisle 08,ambient
Farm-Fresh Kesar Pista Gourmet Cookies Choco-Chip 100g,Nature Harvest Goods,SNAC-54819,890000877046,Snacks & Confectionery,32,bar,288.65,533.79,2027-01-15,Aisle 09,ambient
Gluten-Free Alphonso Mango Frozen Green Peas 2kg,Nature Harvest Co.,FROZ-96739,890000877047,Frozen Foods,37,bag,313.80,395.32,2027-07-02,Aisle 09,frozen
Pure Kashmiri Saffron Frozen Samosas 750g,Heritage Agro,FROZ-23040,890000877048,Frozen Foods,28,bag,347.92,494.99,2026-08-21,Aisle 08,frozen
Handcrafted Dishwash Gel Lemon 250ml,Desi Organics Milling,HOUS-66030,890000877049,Household & Personal Care,121,tube,510.92,669.71,2028-02-10,Aisle 11,ambient
Free-Range Vanilla Bean Pomfret Whole 2kg,Ganga Provisions,MEAT-56773,890000877050,Meat & Seafood,80,pcs,803.27,1340.26,2026-08-30,Aisle 05,chilled
Aged Bhujia Sev Family Pack,Ganga Organics,SNAC-26115,890000877051,Snacks & Confectionery,45,pack,430.30,791.92,2027-01-18,Aisle 10,ambient
Desi Fresh Rohu Fish 1kg,Pashmina Agro,MEAT-11671,890000877052,Meat & Seafood,193,pack,347.65,639.32,2026-08-30,Aisle 05,chilled
Handcrafted Raw Wildflower Honey 5kg,SunBrite Foods,PANT-35938,890000877053,Pantry & Dry Goods,12,jar,260.74,407.56,2027-01-16,Aisle 08,ambient
Aged Surmai Steaks 500g,Tata Agro,MEAT-84154,890000877054,Meat & Seafood,33,kg,610.68,823.98,2026-08-31,Aisle 05,chilled
Gourmet Frozen Samosas 24-Pack,Pashmina Springs,FROZ-60497,890000877055,Frozen Foods,111,bag,186.80,262.13,2027-06-29,Aisle 09,frozen
Low-Sodium Pista Almond Moong Dal Namkeen 100g,Nature Harvest Harvest,SNAC-62888,890000877056,Snacks & Confectionery,119,box,368.28,640.22,2027-05-27,Aisle 09,ambient
Grass-Fed Sparkling Mineral Water Snack Pack,Urban Roots Organics,BEVE-90685,890000877057,Beverages,130,bottle,219.18,348.98,2026-10-03,Aisle 05,chilled
Natural Kitchen Paper Towels 4-Roll 5kg,Patanjali Provisions,HOUS-89775,890000877058,Household & Personal Care,71,pack,234.31,324.02,2028-12-24,Aisle 11,ambient
Artisan Coconut Milk 1kg,FarmGold Organics,PANT-58083,890000877059,Pantry & Dry Goods,151,bottle,474.37,730.14,2027-12-05,Aisle 07,ambient
Farm-Fresh Coconut Milk 1L,SunBrite Dairy,PANT-26074,890000877060,Pantry & Dry Goods,167,bag,602.45,952.69,2026-08-28,Aisle 08,ambient
Homestyle Truffle Infused Feta Cheese 330ml,FarmGold Naturals,DAIR-61940,890000877061,Dairy & Eggs,134,bottle,461.95,743.00,2026-08-18,Aisle 03,chilled
Gluten-Free Liquid Laundry Detergent 8-Pack,Green Earth Naturals,HOUS-38495,890000877062,Household & Personal Care,64,box,482.85,757.93,2028-05-16,Aisle 11,ambient
Rustic Sea Salt Cream Cheese 1kg,Heritage Botanicals,DAIR-94063,890000877063,Dairy & Eggs,161,packet,269.86,423.45,2026-09-20,Aisle 03,chilled
Signature Organic Atta 5kg 250ml,SunBrite Milling,PANT-66390,890000877064,Pantry & Dry Goods,197,can,580.95,902.47,2026-08-27,Aisle 07,ambient
Aged Floor Disinfectant 5kg,Patanjali Milling,HOUS-39658,890000877065,Household & Personal Care,131,pack,242.52,312.14,2029-03-26,Aisle 12,ambient
Raw Vanilla Bean Atlantic Salmon Fillet Family Pack,Vedic Fresh Co.,MEAT-90320,890000877066,Meat & Seafood,199,kg,749.04,1021.59,2026-08-30,Aisle 05,chilled
Free-Range Kesar Pista Tiger Prawns Jumbo 5kg,Pure Vedic Foods,MEAT-28554,890000877067,Meat & Seafood,156,kg,605.24,1037.40,2026-09-01,Aisle 05,chilled
Aged Alphonso Mango Wood-Fired Pizza 250ml,FarmGold Kitchens,FROZ-15269,890000877068,Frozen Foods,139,packet,252.57,331.24,2027-04-25,Aisle 08,frozen
Cured Smoked Paprika Pav 6-Pack 1.5L,Himalayan Goods,BAKE-40947,890000877069,Bakery & Deli,155,box,111.60,178.27,2026-09-06,Aisle 03,ambient
Homestyle Toasted Sesame Aloo Tikki 8-Pack 350g,Urban Roots Goods,FROZ-12568,890000877070,Frozen Foods,27,tub,235.13,357.07,2027-01-26,Aisle 09,frozen
Zero-Sugar Kesar Pista Chicken Keema 6-Pack,Amul Botanicals,MEAT-18777,890000877071,Meat & Seafood,7,pack,720.34,1178.05,2026-09-02,Aisle 04,chilled
Artisan Alphonso Mango Dry Fruits Trail Mix 250ml,Royal Indian Naturals,SNAC-54483,890000877072,Snacks & Confectionery,66,box,301.28,436.56,2026-08-29,Aisle 10,ambient
Zero-Sugar Jalapeno Lime Curd Tub 400g,Heritage Farms,DAIR-87876,890000877073,Dairy & Eggs,126,carton,74.98,115.11,2026-09-25,Aisle 03,chilled
Organic Himalayan Spring Water 200g,Kaveri Goods,BEVE-98637,890000877074,Beverages,123,bottle,159.16,223.57,2026-08-20,Aisle 06,chilled
Pure Alphonso Mango Cream Cheese 6-Pack,Royal Indian Foods,DAIR-38073,890000877075,Dairy & Eggs,79,bottle,199.99,278.47,2026-09-09,Aisle 02,chilled
Sweet Carrots Snack Pack,Tata Agro,FRES-20396,890000877076,Fresh Produce,24,kg,48.82,88.12,2026-09-02,Aisle 01,chilled
Aged Jalapeno Lime Mozzarella 4-Pack,Tata Botanicals,DAIR-96509,890000877077,Dairy & Eggs,191,pack,270.11,367.42,2026-09-24,Aisle 03,chilled
Plant-Based Dishwash Gel Lemon 200g,FarmGold Farms,HOUS-33689,890000877078,Household & Personal Care,144,bottle,426.11,677.44,2027-10-25,Aisle 12,ambient
Crisp Electrolyte Drink 12-Pack,Kaveri Milling,BEVE-96749,890000877079,Beverages,70,pack,369.68,477.74,2026-09-14,Aisle 05,chilled
Spiced Mint Lime Pomfret Whole 350g,Green Earth Kitchens,MEAT-35282,890000877080,Meat & Seafood,155,kg,822.62,1358.41,2026-09-01,Aisle 04,chilled
Gluten-Free Smoked Paprika Frozen Veg Momos 350g,Desi Organics Dairy,FROZ-14946,890000877081,Frozen Foods,69,pack,135.85,187.75,2027-01-24,Aisle 08,frozen
Plant-Based Kesar Pista Masala Potato Chips Snack Pack,Ganga Kitchens,SNAC-70905,890000877082,Snacks & Confectionery,154,pack,78.30,118.50,2026-12-15,Aisle 09,ambient
Raw Sea Salt Banana Chips Kerala Style 1.5L,Vedic Fresh Springs,SNAC-56767,890000877083,Snacks & Confectionery,131,packet,306.91,436.49,2027-03-02,Aisle 09,ambient
Aged Kesar Pista Fruit Muffins 2L,Tata Farms,BAKE-66160,890000877084,Bakery & Deli,180,pack,157.32,289.58,2026-09-06,Aisle 04,chilled
Extra-Virgin Alphonso Mango Papayas 350g,Green Earth Naturals,FRES-93876,890000877085,Fresh Produce,114,bag,42.14,63.61,2026-08-21,Aisle 01,chilled
Crisp Red Onions 750g,Pure Vedic Springs,FRES-68041,890000877086,Fresh Produce,186,pack,90.40,147.90,2026-08-29,Aisle 02,ambient
Smoked Pista Almond Roasted Salted Cashews 400g,FarmGold Dairy,SNAC-23706,890000877087,Snacks & Confectionery,14,bag,258.34,364.68,2027-03-05,Aisle 10,ambient
Raw Boneless Chicken Breast 200g,Urban Roots Kitchens,MEAT-41156,890000877088,Meat & Seafood,135,pcs,175.31,239.19,2026-08-24,Aisle 04,chilled
Farm-Fresh Coconut Cream Veg Spring Rolls 250g,Pure Vedic Provisions,FROZ-51867,890000877089,Frozen Foods,94,tub,46.26,63.02,2026-08-29,Aisle 08,frozen
Select Wood-Fired Pizza 250ml,Heritage Botanicals,FROZ-52586,890000877090,Frozen Foods,188,tub,256.94,393.78,2027-05-31,Aisle 08,frozen
Extra-Virgin Mozzarella 6-Pack,SunBrite Springs,DAIR-40218,890000877091,Dairy & Eggs,71,pack,210.69,324.76,2026-09-11,Aisle 03,chilled
Free-Range Mosquito Vaporizer Refill 500ml,Ganga Naturals,HOUS-88236,890000877092,Household & Personal Care,145,pack,131.85,205.98,2026-08-26,Aisle 12,ambient
Low-Sodium Kesar Pista Filter Coffee Beans 250g,Amul Co.,BEVE-29038,890000877093,Beverages,57,bag,149.12,216.81,2026-10-08,Aisle 06,ambient
Homestyle Coconut Cream Herbal Hand Wash Neem 4-Pack,Patanjali Organics,HOUS-35543,890000877094,Household & Personal Care,123,pack,57.13,92.19,2029-05-03,Aisle 12,ambient
Natural Kashmiri Saffron Pure Jaggery Powder 4-Pack,Pure Vedic Naturals,PANT-20290,890000877095,Pantry & Dry Goods,161,bottle,60.34,91.65,2027-04-19,Aisle 08,ambient
Rustic Mint Lime Strawberries 5kg,Heritage Kitchens,FRES-38548,890000877096,Fresh Produce,160,bunch,124.99,196.61,2026-09-09,Aisle 02,chilled
Traditional Frozen Samosas 4-Pack,Kaveri Botanicals,FROZ-58542,890000877097,Frozen Foods,155,box,69.54,100.82,2027-06-29,Aisle 09,frozen
Grass-Fed Toor Dal Premium 24-Pack,Amul Naturals,PANT-44824,890000877098,Pantry & Dry Goods,187,bag,337.70,562.59,2027-03-27,Aisle 08,ambient
Handcrafted Golden Ginger Aloo Tikki 8-Pack Family Pack,Vedic Fresh Naturals,FROZ-27485,890000877099,Frozen Foods,60,box,71.63,93.69,2027-08-01,Aisle 09,frozen
Organic Toned Milk Family Pack,Nature Harvest Goods,DAIR-89899,890000877100,Dairy & Eggs,50,pack,124.67,191.68,2026-09-01,Aisle 03,chilled
Plant-Based Oat Milk 400g,Tata Harvest,DAIR-65408,890000877101,Dairy & Eggs,106,bottle,338.20,518.43,2026-09-22,Aisle 02,chilled
Natural Tender Coconut Water Snack Pack,Heritage Goods,BEVE-94925,890000877102,Beverages,68,box,344.78,431.26,2027-02-18,Aisle 06,ambient
Cold-Pressed Cardamom Spiced Floor Disinfectant 100g,FarmGold Co.,HOUS-94696,890000877103,Household & Personal Care,153,tube,372.25,499.35,2029-05-07,Aisle 11,ambient
Raw Rose Infused Chicken Keema 400g,Amul Agro,MEAT-97009,890000877104,Meat & Seafood,156,pcs,335.53,424.51,2026-08-31,Aisle 04,chilled
Gluten-Free Golden Ginger Filter Coffee Beans 100g,Royal Indian Farms,BEVE-43996,890000877105,Beverages,89,pack,22.43,39.35,2026-08-28,Aisle 06,ambient
Premium Dark Chocolate Extra Virgin Olive Oil 250ml,Patanjali Dairy,PANT-18369,890000877106,Pantry & Dry Goods,92,bottle,298.03,421.82,2027-01-17,Aisle 07,ambient
Premium Mint Lime Electrolyte Drink Snack Pack,Green Earth Organics,BEVE-16832,890000877107,Beverages,176,bag,263.01,410.78,2026-12-13,Aisle 06,ambient
Low-Sodium Amla Juice 6-Pack,Tata Foods,BEVE-30348,890000877108,Beverages,119,can,223.83,350.50,2026-12-08,Aisle 05,ambient
Cold-Pressed Paneer Block 2kg,Nature Harvest Botanicals,DAIR-54875,890000877109,Dairy & Eggs,169,carton,436.87,552.73,2026-09-19,Aisle 03,chilled
Desi Ayurvedic Bath Soap 2kg,Pure Vedic Botanicals,HOUS-72930,890000877110,Household & Personal Care,182,pack,368.39,472.15,2028-05-03,Aisle 11,ambient
Heritage Golden Ginger Frozen Samosas 24-Pack,Ganga Botanicals,FROZ-67449,890000877111,Frozen Foods,100,packet,348.81,456.62,2026-12-01,Aisle 09,frozen
Gluten-Free Veg Spring Rolls 100g,Tata Milling,FROZ-59818,890000877112,Frozen Foods,111,packet,369.36,657.96,2027-06-24,Aisle 09,frozen
Desi 70% Dark Chocolate Bar 12-Pack,Nature Harvest Springs,SNAC-81605,890000877113,Snacks & Confectionery,99,bar,412.87,532.05,2026-10-28,Aisle 10,ambient
Pure Caramelized Onion Granola Health Bars 100g,Amul Agro,SNAC-22605,890000877114,Snacks & Confectionery,82,tub,188.90,267.58,2026-10-29,Aisle 09,ambient
Gluten-Free Dark Chocolate Herbal Hand Wash Neem 2L,Pashmina Dairy,HOUS-10588,890000877115,Household & Personal Care,108,box,88.86,157.90,2027-09-02,Aisle 11,ambient
Sweet Garlic & Herb Cow Milk 4-Pack,Kaveri Dairy,DAIR-99519,890000877116,Dairy & Eggs,191,packet,357.14,567.06,2026-09-01,Aisle 03,chilled
Cold-Pressed Alphonso Mango Banana Chips Kerala Style 250g,Himalayan Farms,SNAC-67960,890000877117,Snacks & Confectionery,170,box,284.58,500.08,2027-01-16,Aisle 09,ambient
Handcrafted Cinnamon Spice Liquid Laundry Detergent 24-Pack,Amul Agro,HOUS-31627,890000877118,Household & Personal Care,96,pack,491.34,667.97,2026-08-16,Aisle 11,ambient
Artisan Pista Almond Butter Croissants 250ml,FarmGold Goods,BAKE-72783,890000877119,Bakery & Deli,93,pack,96.65,142.29,2026-09-02,Aisle 03,chilled
Aged Jalapeno Lime Greek Yogurt 6-Pack,Himalayan Naturals,DAIR-65148,890000877120,Dairy & Eggs,127,carton,447.71,678.41,2026-09-05,Aisle 02,chilled
Grass-Fed Mutton Curry Cut 250g,Tata Provisions,MEAT-80282,890000877121,Meat & Seafood,24,kg,749.48,1154.42,2026-08-29,Aisle 04,chilled
Artisan Chicken Sausages 12-Pack,Tata Kitchens,MEAT-68298,890000877122,Meat & Seafood,35,pcs,641.84,892.88,2026-08-29,Aisle 05,chilled
Cold-Pressed Vanilla Bean Frozen Paneer Cubes 12-Pack,Amul Harvest,FROZ-64122,890000877123,Frozen Foods,24,packet,52.67,72.42,2026-11-25,Aisle 08,frozen
Smoked Caramelized Onion 70% Dark Chocolate Bar 250ml,Nature Harvest Goods,SNAC-76437,890000877124,Snacks & Confectionery,94,box,259.65,449.89,2026-10-25,Aisle 10,ambient
Free-Range Broccoli Crowns 24-Pack,FarmGold Provisions,FRES-81665,890000877125,Fresh Produce,123,bunch,78.32,137.91,2026-09-15,Aisle 02,ambient
Gluten-Free Salted Butter 8-Pack,Green Earth Co.,DAIR-15262,890000877126,Dairy & Eggs,77,tub,246.78,381.96,2026-09-25,Aisle 03,chilled
Homestyle Coconut Milk 200g,Pure Vedic Kitchens,PANT-18876,890000877127,Pantry & Dry Goods,184,packet,658.01,876.68,2027-09-24,Aisle 07,ambient
Sweet Moong Dal Namkeen 200g,Kaveri Kitchens,SNAC-45017,890000877128,Snacks & Confectionery,103,pack,256.94,340.32,2026-12-25,Aisle 10,ambient
Pure Ayurvedic Bath Soap 200g,Vedic Fresh Botanicals,HOUS-67444,890000877129,Household & Personal Care,35,pack,519.31,711.14,2029-03-09,Aisle 12,ambient
Extra-Virgin Kitchen Paper Towels 4-Roll 1.5L,Amul Naturals,HOUS-15618,890000877130,Household & Personal Care,189,bottle,544.20,857.72,2027-04-04,Aisle 12,ambient
Cured Cardamom Spiced Butter Croissants 100g,Patanjali Agro,BAKE-69719,890000877131,Bakery & Deli,191,pcs,90.34,154.17,2026-09-02,Aisle 04,ambient
Low-Sodium Kesar Pista Moong Dal Washed 24-Pack,Royal Indian Harvest,PANT-25509,890000877132,Pantry & Dry Goods,170,bottle,672.76,1118.89,2028-06-09,Aisle 08,ambient
Roasted Mustard Oil Fresh Chicken Curry Cut 400g,Vedic Fresh Harvest,MEAT-37565,890000877133,Meat & Seafood,98,pcs,376.07,583.30,2026-08-31,Aisle 05,chilled
Select Red Onions 250ml,Pashmina Dairy,FRES-34344,890000877134,Fresh Produce,113,bag,98.68,151.14,2026-08-26,Aisle 01,ambient
Rustic California Almonds 100g,SunBrite Organics,SNAC-13244,890000877135,Snacks & Confectionery,80,box,58.75,93.61,2027-02-23,Aisle 09,ambient
Aged Mint Lime Surface Floor Cleaner Rose 8-Pack,Desi Organics Botanicals,HOUS-20769,890000877136,Household & Personal Care,23,box,371.30,685.93,2027-06-09,Aisle 11,ambient
Gourmet Matcha Green Tea Pav 6-Pack Family Pack,Ganga Harvest,BAKE-45905,890000877137,Bakery & Deli,66,pcs,279.59,394.52,2026-09-02,Aisle 03,chilled
Pure Dishwash Gel Lemon 250g,Kaveri Botanicals,HOUS-52641,890000877138,Household & Personal Care,78,packet,192.53,274.47,2027-12-25,Aisle 12,ambient
Premium Kulcha 4-Pack 4-Pack,Ganga Goods,BAKE-29489,890000877139,Bakery & Deli,34,pack,255.51,396.98,2026-08-28,Aisle 04,chilled
Cold-Pressed 70% Dark Chocolate Bar 250g,Amul Goods,SNAC-78206,890000877140,Snacks & Confectionery,90,box,107.91,176.69,2027-03-19,Aisle 09,ambient
Cured Smoked Paprika Kabuli Chana 250g,Pashmina Harvest,PANT-56333,890000877141,Pantry & Dry Goods,185,packet,103.91,187.98,2027-06-16,Aisle 07,ambient
Signature Roasted Salted Cashews 8-Pack,Tata Springs,SNAC-22724,890000877142,Snacks & Confectionery,28,bag,59.19,87.69,2027-06-07,Aisle 10,ambient
Spiced Pista Almond Garlic Focaccia 5kg,Himalayan Provisions,BAKE-73578,890000877143,Bakery & Deli,166,box,237.34,425.23,2026-08-26,Aisle 03,ambient
Raw Dry Fruits Trail Mix 5kg,Pashmina Kitchens,SNAC-74917,890000877144,Snacks & Confectionery,41,pack,319.21,407.98,2027-05-04,Aisle 10,ambient
Crisp Pomfret Whole Snack Pack,Ganga Organics,MEAT-60983,890000877145,Meat & Seafood,45,pcs,209.63,285.41,2026-08-31,Aisle 05,chilled
Low-Sodium Chaash / Buttermilk 750ml,Desi Organics Organics,DAIR-79191,890000877146,Dairy & Eggs,74,carton,249.21,381.61,2026-08-31,Aisle 02,chilled
Free-Range Cinnamon Spice Pasture Eggs 350g,Pure Vedic Springs,DAIR-69187,890000877147,Dairy & Eggs,17,packet,399.22,617.20,2026-08-30,Aisle 03,chilled
Artisan Moong Dal Washed 24-Pack,Himalayan Springs,PANT-33750,890000877148,Pantry & Dry Goods,146,bag,547.65,884.14,2027-11-17,Aisle 08,ambient
Zero-Sugar Clove & Mint Toothpaste 24-Pack,Pashmina Foods,HOUS-17511,890000877149,Household & Personal Care,9,tube,84.42,142.30,2027-11-14,Aisle 12,ambient
Raw Vanilla Bean Salami 1kg,Green Earth Botanicals,BAKE-93711,890000877150,Bakery & Deli,32,pcs,71.68,129.57,2026-09-03,Aisle 04,chilled
Handcrafted Coconut Cream Cold Brew Coffee 500ml,FarmGold Co.,BEVE-22122,890000877151,Beverages,110,carton,319.38,483.19,2027-03-18,Aisle 05,ambient
Gourmet Pista Almond Mutton Curry Cut 100g,Pure Vedic Harvest,MEAT-10243,890000877152,Meat & Seafood,197,kg,223.91,296.98,2026-08-28,Aisle 05,chilled
Zero-Sugar Sea Salt Mosquito Vaporizer Refill 12-Pack,Himalayan Farms,HOUS-41954,890000877153,Household & Personal Care,80,pack,412.74,588.11,2029-02-15,Aisle 11,ambient
Gluten-Free Mozzarella Family Pack,Vedic Fresh Dairy,DAIR-33382,890000877154,Dairy & Eggs,65,tub,279.56,440.03,2026-09-18,Aisle 03,chilled
Farm-Fresh Matcha Green Tea Crab Meat Fresh 200g,Tata Co.,MEAT-86642,890000877155,Meat & Seafood,39,kg,264.11,453.80,2026-08-30,Aisle 05,chilled
Zero-Sugar Amla Juice 350g,Pashmina Springs,BEVE-52079,890000877156,Beverages,95,carton,160.98,261.40,2027-01-06,Aisle 05,chilled
Heritage Pista Almond Himalayan Spring Water 2kg,Amul Naturals,BEVE-46650,890000877157,Beverages,57,bottle,268.46,471.15,2027-06-25,Aisle 06,ambient
Roasted Paneer Tikka Deli 200g,Himalayan Co.,BAKE-84839,890000877158,Bakery & Deli,127,pack,250.24,458.87,2026-08-27,Aisle 03,chilled
Natural Moong Dal Namkeen Family Pack,Himalayan Milling,SNAC-26681,890000877159,Snacks & Confectionery,35,box,132.47,175.17,2026-12-05,Aisle 09,ambient
Gluten-Free Masala Chai Tiger Prawns Jumbo 500g,Ganga Goods,MEAT-11892,890000877160,Meat & Seafood,58,pcs,709.08,1070.43,2026-08-31,Aisle 05,chilled
Farm-Fresh Mutton Curry Cut 100g,Tata Organics,MEAT-86225,890000877161,Meat & Seafood,142,pack,611.11,798.62,2026-08-28,Aisle 05,chilled
Farm-Fresh Vanilla Bean Almond Milk 1.5L,Desi Organics Springs,DAIR-99230,890000877162,Dairy & Eggs,41,tub,284.04,444.51,2026-09-20,Aisle 02,chilled
Zero-Sugar Heavy Cream 2kg,Royal Indian Goods,DAIR-46179,890000877163,Dairy & Eggs,140,carton,307.30,547.62,2026-09-07,Aisle 02,chilled
Sweet Organic Atta 5kg 500ml,Green Earth Provisions,PANT-35298,890000877164,Pantry & Dry Goods,143,box,169.74,220.46,2026-08-29,Aisle 06,ambient
Natural Pure Jaggery Powder 5kg,Tata Co.,PANT-40599,890000877165,Pantry & Dry Goods,111,jar,50.83,92.03,2026-08-16,Aisle 06,ambient
Spiced Golden Ginger Alphonso Mangoes 12-Pack,Royal Indian Harvest,FRES-47965,890000877166,Fresh Produce,192,bunch,53.86,79.84,2026-09-13,Aisle 01,ambient
Premium Matcha Green Tea Royal Basmati Rice 1kg,Amul Dairy,PANT-58728,890000877167,Pantry & Dry Goods,88,bottle,630.63,1152.74,2027-12-02,Aisle 08,ambient
Cured Toasted Sesame Bhujia Sev 330ml,Royal Indian Naturals,SNAC-69732,890000877168,Snacks & Confectionery,161,bag,187.66,338.29,2027-06-11,Aisle 09,ambient
Extra-Virgin Smoked Chicken Slices 350g,Nature Harvest Naturals,BAKE-35073,890000877169,Bakery & Deli,34,pack,98.02,162.37,2026-09-05,Aisle 03,chilled
Free-Range Golden Ginger Edamame Pods 250g,Desi Organics Naturals,FROZ-78092,890000877170,Frozen Foods,80,tub,287.97,450.81,2026-12-30,Aisle 09,frozen
Rustic Garlic & Herb Gourmet Cookies Choco-Chip Snack Pack,Patanjali Springs,SNAC-46128,890000877171,Snacks & Confectionery,125,packet,245.62,407.44,2027-02-04,Aisle 10,ambient
Roasted Toasted Sesame Edamame Pods 12-Pack,Pure Vedic Foods,FROZ-40205,890000877172,Frozen Foods,27,pack,326.41,443.78,2027-01-25,Aisle 08,frozen
Desi Royal Basmati Rice 8-Pack,Green Earth Dairy,PANT-82582,890000877173,Pantry & Dry Goods,104,packet,157.56,217.11,2028-01-16,Aisle 07,ambient
Organic Masala Chai Portobello Mushrooms 2L,Pashmina Kitchens,FRES-81749,890000877174,Fresh Produce,100,bag,138.49,214.23,2026-09-03,Aisle 01,ambient
Raw Mustard Oil Kachi Ghani 5kg,Heritage Dairy,PANT-28158,890000877175,Pantry & Dry Goods,81,packet,259.61,469.01,2028-04-26,Aisle 08,ambient
Desi Nagpur Orange Ayurvedic Bath Soap 5kg,Amul Botanicals,HOUS-38361,890000877176,Household & Personal Care,189,tube,420.06,760.03,2027-12-14,Aisle 12,ambient
Smoked Cardamom Spiced Parmigiano-Reggiano 8-Pack,Amul Foods,DAIR-47948,890000877177,Dairy & Eggs,92,carton,298.61,454.11,2026-09-24,Aisle 03,chilled
Sweet Vanilla Bean Ginger Kombucha 200g,Green Earth Harvest,BEVE-26380,890000877178,Beverages,181,carton,374.50,592.46,2027-05-08,Aisle 06,chilled
Handcrafted Lentils Red Masoor 8-Pack,Heritage Goods,PANT-55486,890000877179,Pantry & Dry Goods,185,can,599.41,1016.39,2027-11-12,Aisle 06,ambient
Handcrafted Fresh Chicken Curry Cut 2L,Pure Vedic Harvest,MEAT-38252,890000877180,Meat & Seafood,128,pcs,818.35,1147.00,2026-08-28,Aisle 04,chilled
Aged Dark Chocolate Badam Milk Drink 500g,Tata Farms,BEVE-42076,890000877181,Beverages,163,bottle,58.87,107.91,2027-07-05,Aisle 05,chilled
Crisp Masala Chai Amla Juice 750ml,Green Earth Goods,BEVE-95347,890000877182,Beverages,191,bag,59.75,91.24,2027-01-12,Aisle 06,chilled
Traditional Seedless Grapes 6-Pack,Pure Vedic Kitchens,FRES-31552,890000877183,Fresh Produce,153,bag,31.48,52.18,2026-09-12,Aisle 01,chilled
Cured Kabuli Chana 2kg,Pure Vedic Provisions,PANT-32361,890000877184,Pantry & Dry Goods,102,packet,621.14,837.73,2027-09-24,Aisle 08,ambient
Homestyle Masala Chai Pomegranates 500ml,FarmGold Farms,FRES-10309,890000877185,Fresh Produce,28,bag,76.63,124.82,2026-08-29,Aisle 01,chilled
Select Ciabatta Roll 250ml,Patanjali Springs,BAKE-56313,890000877186,Bakery & Deli,200,pcs,241.74,414.65,2026-08-30,Aisle 03,ambient
Signature Golden Ginger Sparkling Mineral Water 1kg,Ganga Agro,BEVE-60925,890000877187,Beverages,200,box,389.16,594.66,2026-11-16,Aisle 06,chilled
Zero-Sugar Cream Cheese 350g,Pure Vedic Harvest,DAIR-63861,890000877188,Dairy & Eggs,89,pack,129.45,186.50,2026-09-13,Aisle 03,chilled
Sweet Sea Salt Alphonso Kulfi Tub 8-Pack,Patanjali Organics,FROZ-22953,890000877189,Frozen Foods,150,bag,350.95,511.22,2027-03-02,Aisle 09,frozen
Select Kashmiri Saffron Moong Dal Washed 2L,Green Earth Harvest,PANT-26227,890000877190,Pantry & Dry Goods,41,jar,544.50,960.03,2026-08-29,Aisle 08,ambient
Desi Golden Ginger Frozen Paneer Cubes 200g,Royal Indian Organics,FROZ-40174,890000877191,Frozen Foods,153,box,312.01,417.69,2027-05-07,Aisle 09,frozen
Pure Royal Basmati Rice 24-Pack,Pashmina Kitchens,PANT-94979,890000877192,Pantry & Dry Goods,143,jar,512.04,820.95,2026-08-28,Aisle 08,ambient
Crisp Vanilla Bean Gourmet Cookies Choco-Chip Family Pack,Green Earth Organics,SNAC-93851,890000877193,Snacks & Confectionery,133,box,102.46,177.74,2027-02-27,Aisle 09,ambient
Spiced Strawberries 1L,Amul Co.,FRES-75377,890000877194,Fresh Produce,59,kg,77.77,107.02,2026-09-11,Aisle 01,chilled
Homestyle Cinnamon Spice Himalayan Spring Water 2L,Pashmina Organics,BEVE-78857,890000877195,Beverages,63,pack,72.84,103.58,2027-08-26,Aisle 05,ambient
Traditional Coconut Cream Fruit Muffins 1kg,Himalayan Provisions,BAKE-92274,890000877196,Bakery & Deli,102,box,173.94,263.66,2026-08-30,Aisle 04,ambient
Handcrafted Gourmet Cookies Choco-Chip 200g,Royal Indian Co.,SNAC-97983,890000877197,Snacks & Confectionery,61,box,263.94,330.04,2027-01-21,Aisle 10,ambient
Low-Sodium Matcha Green Tea Frozen Green Peas 6-Pack,Patanjali Springs,FROZ-69461,890000877198,Frozen Foods,128,packet,142.05,214.40,2027-01-15,Aisle 08,frozen
Smoked Dark Chocolate Frozen Paneer Cubes 24-Pack,SunBrite Provisions,FROZ-81886,890000877199,Frozen Foods,47,packet,303.14,439.25,2027-02-07,Aisle 08,frozen
Grass-Fed Smoked Paprika Royal Basmati Rice 250g,FarmGold Co.,PANT-13468,890000877200,Pantry & Dry Goods,103,can,540.05,707.72,2028-01-05,Aisle 07,ambient
Spiced Coconut Cream Moong Dal Namkeen 750g,Pashmina Co.,SNAC-74777,890000877201,Snacks & Confectionery,110,box,155.18,217.69,2026-10-13,Aisle 09,ambient
Plant-Based Truffle Infused Butter Croissants Snack Pack,Pashmina Dairy,BAKE-66292,890000877202,Bakery & Deli,25,box,74.56,120.54,2026-08-31,Aisle 03,chilled
Sweet Rose Infused Floor Disinfectant 2L,SunBrite Springs,HOUS-86100,890000877203,Household & Personal Care,39,tube,95.53,143.96,2027-12-29,Aisle 11,ambient
Rustic Sea Salt Shampoo Anti-Dandruff 1.5L,Tata Harvest,HOUS-81296,890000877204,Household & Personal Care,9,packet,288.13,459.91,2029-01-02,Aisle 11,ambient
Handcrafted Truffle Infused Himalayan Spring Water 350g,FarmGold Dairy,BEVE-80046,890000877205,Beverages,76,bag,133.39,200.55,2027-07-11,Aisle 06,ambient
Organic Mint Lime Kitchen Paper Towels 4-Roll 1kg,Urban Roots Kitchens,HOUS-31174,890000877206,Household & Personal Care,157,pack,279.76,497.01,2028-04-30,Aisle 11,ambient
Sweet Matcha Green Tea Bell Peppers 1kg,Amul Foods,FRES-73232,890000877207,Fresh Produce,29,pcs,34.05,50.76,2026-09-10,Aisle 01,ambient
Handcrafted Matcha Green Tea Paneer Tikka Deli 750ml,SunBrite Springs,BAKE-53124,890000877208,Bakery & Deli,13,box,140.15,206.28,2026-09-07,Aisle 04,chilled
Traditional Matcha Green Tea Seedless Grapes 200g,FarmGold Kitchens,FRES-33255,890000877209,Fresh Produce,124,bunch,97.81,142.30,2026-08-28,Aisle 01,chilled
Crisp Clove & Mint Toothpaste 12-Pack,SunBrite Organics,HOUS-32274,890000877210,Household & Personal Care,102,pack,205.14,353.83,2029-04-04,Aisle 12,ambient
Low-Sodium Bell Peppers 250ml,Tata Kitchens,FRES-74633,890000877211,Fresh Produce,5,pcs,37.47,67.87,2026-09-06,Aisle 01,ambient
Artisan Matcha Green Tea Dishwash Gel Lemon 250g,Patanjali Co.,HOUS-12846,890000877212,Household & Personal Care,159,bottle,258.16,345.70,2029-04-01,Aisle 12,ambient
Artisan Gourmet Cookies Choco-Chip 8-Pack,Amul Goods,SNAC-23592,890000877213,Snacks & Confectionery,60,pack,427.82,679.18,2027-03-26,Aisle 10,ambient
Traditional Rose Infused Raw Wildflower Honey 750g,Heritage Co.,PANT-10965,890000877214,Pantry & Dry Goods,47,can,322.35,410.00,2028-07-13,Aisle 06,ambient
Raw Masala Chai Pomfret Whole 330ml,Patanjali Agro,MEAT-69282,890000877215,Meat & Seafood,196,kg,836.24,1220.26,2026-08-27,Aisle 05,chilled
Crisp Coconut Cream Banana Chips Kerala Style 6-Pack,Vedic Fresh Co.,SNAC-41388,890000877216,Snacks & Confectionery,146,tub,60.10,98.27,2027-01-13,Aisle 09,ambient
Grass-Fed Dishwash Gel Lemon 400g,Vedic Fresh Organics,HOUS-67417,890000877217,Household & Personal Care,29,packet,263.91,349.57,2026-08-19,Aisle 11,ambient
Roasted Mint Lime Surface Floor Cleaner Rose 250ml,Green Earth Naturals,HOUS-86955,890000877218,Household & Personal Care,195,box,368.84,649.64,2028-09-16,Aisle 12,ambient
Extra-Virgin Palak Snack Pack,Urban Roots Agro,FRES-61636,890000877219,Fresh Produce,31,kg,30.54,51.09,2026-09-01,Aisle 02,chilled
Signature Pav 6-Pack 5kg,Patanjali Provisions,BAKE-23317,890000877220,Bakery & Deli,63,pack,181.85,331.84,2026-08-30,Aisle 04,chilled
Farm-Fresh Coconut Cream Shampoo Anti-Dandruff 330ml,Heritage Foods,HOUS-73648,890000877221,Household & Personal Care,59,box,487.11,616.14,2028-02-02,Aisle 12,ambient
Extra-Virgin Bhujia Sev 5kg,FarmGold Co.,SNAC-40858,890000877222,Snacks & Confectionery,64,packet,355.16,474.00,2026-08-14,Aisle 10,ambient
Handcrafted Frozen Veg Momos 250ml,Himalayan Goods,FROZ-23218,890000877223,Frozen Foods,39,tub,304.77,395.85,2026-08-26,Aisle 09,frozen
Organic Pista Almond Broccoli Crowns 6-Pack,Royal Indian Springs,FRES-27670,890000877224,Fresh Produce,75,kg,70.93,125.72,2026-09-04,Aisle 01,ambient
Traditional Kesar Pista Surface Floor Cleaner Rose 2L,SunBrite Botanicals,HOUS-47878,890000877225,Household & Personal Care,28,pack,164.59,260.43,2028-02-21,Aisle 11,ambient
Low-Sodium Kashmiri Saffron Kaju Katli Sweet Box 12-Pack,Desi Organics Botanicals,SNAC-86868,890000877226,Snacks & Confectionery,192,tub,452.17,796.98,2026-12-16,Aisle 09,ambient
Select Kaju Katli Sweet Box 6-Pack,Ganga Agro,SNAC-60356,890000877227,Snacks & Confectionery,158,bag,313.73,490.28,2027-05-29,Aisle 10,ambient
Aged Sourdough Loaf 500g,Himalayan Naturals,BAKE-16185,890000877228,Bakery & Deli,109,pack,173.65,229.69,2026-09-04,Aisle 03,ambient
Extra-Virgin Fish Fingers Frozen 200g,Amul Foods,FROZ-18730,890000877229,Frozen Foods,110,pack,316.75,548.71,2026-11-07,Aisle 09,frozen
Farm-Fresh Pista Almond Heavy Cream 1.5L,FarmGold Agro,DAIR-90266,890000877230,Dairy & Eggs,185,carton,374.17,688.36,2026-09-13,Aisle 03,chilled
Sweet Truffle Infused Kaju Katli Sweet Box 200g,Pashmina Dairy,SNAC-25478,890000877231,Snacks & Confectionery,54,bag,458.82,616.23,2027-05-19,Aisle 10,ambient
Grass-Fed Caramelized Onion Mosquito Vaporizer Refill 750ml,Pure Vedic Harvest,HOUS-93380,890000877232,Household & Personal Care,120,box,386.10,710.89,2029-02-21,Aisle 12,ambient
Cold-Pressed Garlic & Herb Frozen Paneer Cubes 6-Pack,Kaveri Dairy,FROZ-42111,890000877233,Frozen Foods,84,pack,52.63,96.95,2027-06-10,Aisle 08,frozen
Gluten-Free Toasted Sesame Veg Spring Rolls 5kg,Patanjali Co.,FROZ-65121,890000877234,Frozen Foods,37,box,109.53,172.35,2027-02-10,Aisle 08,frozen
Homestyle Masala Chai Alphonso Mangoes 250ml,SunBrite Springs,FRES-20118,890000877235,Fresh Produce,72,pack,23.41,30.50,2026-08-31,Aisle 02,ambient
Crisp Truffle Infused Veg Burger Patties 350g,Patanjali Provisions,FROZ-16484,890000877236,Frozen Foods,95,box,90.11,146.65,2027-07-31,Aisle 09,frozen
Farm-Fresh Matcha Green Tea Surface Floor Cleaner Rose 400g,Tata Milling,HOUS-86478,890000877237,Household & Personal Care,185,tube,61.79,103.22,2026-08-29,Aisle 11,ambient
Raw Truffle Infused Moong Dal Namkeen 1L,Green Earth Goods,SNAC-94436,890000877238,Snacks & Confectionery,104,pack,199.02,317.72,2027-02-10,Aisle 09,ambient
Raw Masala Chai Sweet Corn Kernels 350g,Vedic Fresh Harvest,FROZ-51524,890000877239,Frozen Foods,64,packet,321.89,433.54,2027-01-02,Aisle 09,frozen
Desi Raw Wildflower Honey 750ml,Green Earth Kitchens,PANT-81826,890000877240,Pantry & Dry Goods,37,box,168.93,277.77,2026-08-25,Aisle 08,ambient
Sweet Cardamom Spiced Ayurvedic Bath Soap 350g,Pashmina Botanicals,HOUS-55530,890000877241,Household & Personal Care,195,tube,374.31,618.68,2028-06-04,Aisle 12,ambient
Low-Sodium Banana Chips Kerala Style 250g,Amul Farms,SNAC-48160,890000877242,Snacks & Confectionery,50,packet,326.88,415.50,2027-06-18,Aisle 10,ambient
Aged Dark Chocolate Masala CTC Tea 4-Pack,Tata Co.,BEVE-77326,890000877243,Beverages,131,bag,163.62,270.76,2026-10-14,Aisle 06,ambient
Plant-Based Pista Almond 70% Dark Chocolate Bar 330ml,Heritage Organics,SNAC-33410,890000877244,Snacks & Confectionery,61,box,199.04,279.33,2027-04-28,Aisle 09,ambient
Desi Smoked Paprika Whole Wheat Atta Bread 200g,Heritage Kitchens,BAKE-62585,890000877245,Bakery & Deli,197,pack,91.66,163.52,2026-08-27,Aisle 04,ambient
Free-Range Dry Fruits Trail Mix 400g,Tata Organics,SNAC-68208,890000877246,Snacks & Confectionery,65,box,176.45,237.10,2027-01-24,Aisle 09,ambient
Low-Sodium Toasted Sesame Bell Peppers 750g,Nature Harvest Kitchens,FRES-28892,890000877247,Fresh Produce,101,kg,98.10,166.71,2026-09-10,Aisle 01,chilled
Signature Matcha Green Tea Mutton Chops 4-Pack,Urban Roots Farms,MEAT-42739,890000877248,Meat & Seafood,12,kg,844.19,1178.07,2026-08-30,Aisle 05,chilled
Roasted Amul Gouda Block 500g,Heritage Harvest,DAIR-45467,890000877249,Dairy & Eggs,158,pack,347.38,541.27,2026-09-25,Aisle 03,chilled
Low-Sodium Organic Atta 5kg 1L,Ganga Co.,PANT-97420,890000877250,Pantry & Dry Goods,18,packet,295.20,453.29,2027-05-12,Aisle 07,ambient
Free-Range Toned Milk 24-Pack,Pashmina Foods,DAIR-98064,890000877251,Dairy & Eggs,90,packet,213.69,382.67,2026-08-29,Aisle 03,chilled
Zero-Sugar Matcha Green Tea Dishwash Gel Lemon 750g,Vedic Fresh Organics,HOUS-61481,890000877252,Household & Personal Care,33,packet,265.27,385.09,2027-08-31,Aisle 12,ambient
Premium Toned Milk 100g,Vedic Fresh Springs,DAIR-13365,890000877253,Dairy & Eggs,98,tub,460.41,656.20,2026-08-29,Aisle 03,chilled
Smoked Baby Spinach 1L,FarmGold Organics,FRES-11506,890000877254,Fresh Produce,52,bunch,31.46,50.32,2026-09-10,Aisle 01,chilled
Premium Cold Brew Coffee 5kg,Urban Roots Foods,BEVE-49132,890000877255,Beverages,114,carton,305.77,555.74,2027-08-08,Aisle 06,ambient
Grass-Fed Chaash / Buttermilk Family Pack,Desi Organics Foods,DAIR-92358,890000877256,Dairy & Eggs,13,carton,97.83,158.81,2026-08-20,Aisle 02,chilled
Free-Range Veg Spring Rolls 1L,Nature Harvest Farms,FROZ-72071,890000877257,Frozen Foods,173,tub,90.57,119.47,2027-06-25,Aisle 09,frozen
Roasted Garlic & Herb Frozen Veg Momos 250ml,Desi Organics Springs,FROZ-56161,890000877258,Frozen Foods,155,bag,68.85,118.85,2026-11-30,Aisle 08,frozen
Pure Nagpur Orange Shampoo Anti-Dandruff 8-Pack,Vedic Fresh Harvest,HOUS-20964,890000877259,Household & Personal Care,111,packet,222.44,334.39,2027-08-05,Aisle 11,ambient
Gourmet Garlic & Herb Iced Lemon Tea 750g,Pashmina Milling,BEVE-21763,890000877260,Beverages,91,pack,338.28,444.04,2027-02-08,Aisle 05,ambient
Plant-Based Pista Almond Gourmet Cookies Choco-Chip 500ml,Pashmina Co.,SNAC-70182,890000877261,Snacks & Confectionery,168,packet,442.56,616.97,2027-03-16,Aisle 09,ambient
Pure Roasted Salted Cashews 200g,Vedic Fresh Kitchens,SNAC-37919,890000877262,Snacks & Confectionery,127,pack,256.01,406.24,2027-02-28,Aisle 10,ambient
Aged Edamame Pods 2L,Green Earth Farms,FROZ-84704,890000877263,Frozen Foods,78,box,317.56,509.87,2027-01-07,Aisle 09,frozen
Rustic Curd Tub Snack Pack,Pure Vedic Dairy,DAIR-40059,890000877264,Dairy & Eggs,139,tub,306.23,488.21,2026-09-16,Aisle 02,chilled
Spiced Coconut Cream Pasture Eggs 750g,FarmGold Goods,DAIR-48827,890000877265,Dairy & Eggs,89,tub,233.23,368.36,2026-09-17,Aisle 03,chilled
Smoked Truffle Infused Yukon Gold Potatoes 2L,Desi Organics Co.,FRES-52795,890000877266,Fresh Produce,87,pack,119.90,206.92,2026-09-13,Aisle 01,ambient
Premium Dark Chocolate Frozen Paneer Cubes 250g,Ganga Dairy,FROZ-40785,890000877267,Frozen Foods,67,packet,268.22,351.23,2027-05-08,Aisle 09,frozen
Premium Moong Dal Washed 2L,FarmGold Co.,PANT-55800,890000877268,Pantry & Dry Goods,168,jar,370.17,539.43,2027-03-16,Aisle 08,ambient
Farm-Fresh Frozen Veg Momos Snack Pack,Green Earth Springs,FROZ-94539,890000877269,Frozen Foods,190,pack,281.47,443.84,2027-07-17,Aisle 09,frozen
Signature Rose Infused Cold-Pressed Groundnut Oil 4-Pack,Green Earth Milling,PANT-62358,890000877270,Pantry & Dry Goods,196,bag,560.85,911.69,2028-06-19,Aisle 07,ambient
Plant-Based Chicken Sausages 250g,Nature Harvest Provisions,MEAT-87818,890000877271,Meat & Seafood,93,kg,469.97,708.50,2026-09-02,Aisle 04,chilled
Organic Sea Salt Wood-Fired Pizza 350g,Nature Harvest Organics,FROZ-72934,890000877272,Frozen Foods,62,bag,274.17,351.41,2027-02-07,Aisle 08,frozen
Select Truffle Infused Kabuli Chana 330ml,Vedic Fresh Co.,PANT-16065,890000877273,Pantry & Dry Goods,50,box,639.84,1108.19,2027-11-08,Aisle 08,ambient
Handcrafted Kashmiri Saffron Kulcha 4-Pack 4-Pack,SunBrite Agro,BAKE-71584,890000877274,Bakery & Deli,138,pcs,82.10,125.69,2026-09-02,Aisle 03,chilled
Cold-Pressed Oat Milk 1L,Green Earth Organics,DAIR-53485,890000877275,Dairy & Eggs,140,tub,378.77,669.59,2026-09-22,Aisle 03,chilled
Gourmet Mint Lime Iced Lemon Tea 2kg,Amul Farms,BEVE-11206,890000877276,Beverages,144,carton,380.20,481.23,2027-03-18,Aisle 06,chilled
Organic California Almonds 4-Pack,Ganga Naturals,SNAC-34333,890000877277,Snacks & Confectionery,149,bar,170.33,235.34,2026-08-28,Aisle 09,ambient
Plant-Based Masala Chai Organic Atta 5kg 500ml,Amul Dairy,PANT-76925,890000877278,Pantry & Dry Goods,57,box,508.59,817.42,2027-04-09,Aisle 06,ambient
Extra-Virgin Matcha Green Tea Nimbu Paani Soda 12-Pack,Pashmina Harvest,BEVE-40363,890000877279,Beverages,82,can,84.29,136.44,2027-04-18,Aisle 05,chilled
Low-Sodium Tender Coconut Water 200g,Kaveri Springs,BEVE-90479,890000877280,Beverages,150,carton,182.70,259.31,2026-08-28,Aisle 05,ambient
Premium Dark Chocolate Portobello Mushrooms 5kg,Amul Organics,FRES-13084,890000877281,Fresh Produce,183,kg,88.31,157.04,2026-08-30,Aisle 01,chilled
Spiced Sea Salt Alphonso Kulfi Tub 350g,Pure Vedic Milling,FROZ-84403,890000877282,Frozen Foods,131,box,359.30,511.09,2027-04-07,Aisle 08,frozen
Zero-Sugar Bottle Gourd 24-Pack,Himalayan Provisions,FRES-96708,890000877283,Fresh Produce,190,bag,61.29,94.07,2026-08-17,Aisle 01,chilled
Pure Vanilla Bean Cream Cheese 500ml,Royal Indian Dairy,DAIR-59370,890000877284,Dairy & Eggs,119,pack,293.17,512.57,2026-08-30,Aisle 02,chilled
Gourmet Cardamom Spiced Methi 24-Pack,Patanjali Foods,FRES-56854,890000877285,Fresh Produce,109,bunch,68.74,114.16,2026-09-12,Aisle 01,chilled
Grass-Fed Cold-Pressed Groundnut Oil 750g,Heritage Co.,PANT-66143,890000877286,Pantry & Dry Goods,124,bag,653.53,845.12,2027-03-12,Aisle 07,ambient
Rustic Matcha Green Tea Mutton Curry Cut 500ml,SunBrite Milling,MEAT-38808,890000877287,Meat & Seafood,38,pcs,519.53,883.14,2026-08-30,Aisle 04,chilled
Pure Alphonso Mango Shampoo Anti-Dandruff 4-Pack,Green Earth Organics,HOUS-38050,890000877288,Household & Personal Care,183,packet,46.90,59.30,2027-04-13,Aisle 11,ambient
Smoked Liquid Laundry Detergent Snack Pack,Kaveri Co.,HOUS-81444,890000877289,Household & Personal Care,88,box,183.47,292.24,2028-10-28,Aisle 12,ambient
Cold-Pressed Crab Meat Fresh 750ml,Kaveri Botanicals,MEAT-45649,890000877290,Meat & Seafood,39,pack,819.91,1501.93,2026-09-02,Aisle 05,chilled
Organic Granola Health Bars 750g,Vedic Fresh Harvest,SNAC-58846,890000877291,Snacks & Confectionery,166,box,368.52,468.62,2027-01-17,Aisle 09,ambient
Cured Mutton Chops 24-Pack,Desi Organics Provisions,MEAT-17987,890000877292,Meat & Seafood,20,pack,803.46,1090.83,2026-08-29,Aisle 04,chilled
Pure Masala Chai Gourmet Cookies Choco-Chip 400g,Tata Botanicals,SNAC-37999,890000877293,Snacks & Confectionery,61,packet,421.66,617.20,2027-03-13,Aisle 10,ambient
Rustic Electrolyte Drink 750g,Nature Harvest Harvest,BEVE-71152,890000877294,Beverages,146,can,228.25,343.56,2027-02-20,Aisle 06,ambient
Crisp Masala Chai Greek Yogurt Snack Pack,Ganga Milling,DAIR-16970,890000877295,Dairy & Eggs,63,box,392.49,665.84,2026-09-13,Aisle 02,chilled
Heritage Vanilla Bean Wood-Fired Pizza 500g,Green Earth Botanicals,FROZ-94463,890000877296,Frozen Foods,180,box,96.26,159.36,2027-04-02,Aisle 08,frozen
Organic Kitchen Paper Towels 4-Roll 750ml,FarmGold Organics,HOUS-14147,890000877297,Household & Personal Care,94,tube,380.19,541.63,2029-03-11,Aisle 11,ambient
Grass-Fed Jalapeno Lime Kitchen Paper Towels 4-Roll 330ml,Desi Organics Co.,HOUS-43474,890000877298,Household & Personal Care,129,bottle,499.89,796.86,2027-06-30,Aisle 11,ambient
Low-Sodium Jalapeno Lime French Fries Crispy Family Pack,SunBrite Co.,FROZ-24967,890000877299,Frozen Foods,97,tub,134.30,181.05,2027-02-27,Aisle 08,frozen
Handcrafted Surmai Steaks 750ml,Pure Vedic Goods,MEAT-28171,890000877300,Meat & Seafood,129,pcs,244.83,385.56,2026-08-31,Aisle 05,chilled
Plant-Based Toasted Sesame Fruit Muffins 750g,SunBrite Farms,BAKE-67905,890000877301,Bakery & Deli,160,box,239.79,326.95,2026-08-27,Aisle 04,chilled
Farm-Fresh Dark Chocolate Surmai Steaks 500ml,Ganga Provisions,MEAT-83652,890000877302,Meat & Seafood,78,pcs,277.90,382.65,2026-09-02,Aisle 05,chilled
Roasted Dishwash Gel Lemon 1kg,Desi Organics Dairy,HOUS-75258,890000877303,Household & Personal Care,40,packet,158.24,203.85,2029-01-25,Aisle 12,ambient
Sweet Mustard Oil Bath Tissue 6-Pack 330ml,Pure Vedic Botanicals,HOUS-94122,890000877304,Household & Personal Care,189,box,481.48,880.38,2027-12-02,Aisle 11,ambient
Natural Greek Yogurt 6-Pack,FarmGold Dairy,DAIR-91397,890000877305,Dairy & Eggs,183,box,299.49,402.03,2026-09-10,Aisle 03,chilled
Homestyle Butter Croissants 2L,Kaveri Goods,BAKE-58285,890000877306,Bakery & Deli,158,box,222.96,354.63,2026-08-16,Aisle 04,chilled
Smoked Mint Lime Amla Juice 500g,SunBrite Farms,BEVE-13622,890000877307,Beverages,106,box,380.02,674.57,2027-02-18,Aisle 05,ambient
Sweet Sweet Corn Kernels 1kg,Kaveri Dairy,FROZ-25252,890000877308,Frozen Foods,191,pack,219.61,321.94,2027-06-04,Aisle 09,frozen
Grass-Fed Surmai Steaks Snack Pack,Desi Organics Co.,MEAT-28585,890000877309,Meat & Seafood,6,pack,693.51,1197.95,2026-08-28,Aisle 05,chilled
Gourmet Extra Virgin Olive Oil 750ml,Pashmina Dairy,PANT-82554,890000877310,Pantry & Dry Goods,43,packet,476.01,785.46,2026-12-08,Aisle 08,ambient
Sweet Matcha Green Tea Chicken Frankfurters 1.5L,Himalayan Botanicals,BAKE-78780,890000877311,Bakery & Deli,8,pack,252.42,459.45,2026-09-01,Aisle 03,ambient
Organic Coconut Cream Moong Dal Washed 250g,Pure Vedic Goods,PANT-49041,890000877312,Pantry & Dry Goods,98,can,202.19,320.92,2027-05-30,Aisle 06,ambient
Organic Smoked Paprika Atlantic Salmon Fillet 12-Pack,Pure Vedic Co.,MEAT-36050,890000877313,Meat & Seafood,18,pack,259.17,433.47,2026-08-28,Aisle 05,chilled
Roasted Matcha Green Tea Organic Green Tea 250g,Tata Co.,BEVE-42323,890000877314,Beverages,127,can,318.75,486.55,2026-10-07,Aisle 05,ambient
Smoked Crab Meat Fresh 1.5L,Amul Springs,MEAT-64447,890000877315,Meat & Seafood,52,pack,834.97,1083.36,2026-08-29,Aisle 05,chilled
Traditional Organic Atta 5kg 500g,Kaveri Botanicals,PANT-56826,890000877316,Pantry & Dry Goods,55,box,660.69,834.65,2026-12-02,Aisle 06,ambient
Artisan Frozen Veg Momos 24-Pack,Patanjali Harvest,FROZ-59642,890000877317,Frozen Foods,156,tub,233.78,353.11,2027-06-11,Aisle 08,frozen
Roasted Jalapeno Lime Red Onions 250g,Heritage Goods,FRES-64954,890000877318,Fresh Produce,21,pack,39.22,65.05,2026-09-13,Aisle 02,ambient
Raw Garlic & Herb Chicken Sausages 24-Pack,FarmGold Naturals,MEAT-89714,890000877319,Meat & Seafood,180,pack,208.88,353.12,2026-09-02,Aisle 04,chilled
Rustic Garlic & Herb Banana Chips Kerala Style Snack Pack,Patanjali Kitchens,SNAC-80182,890000877320,Snacks & Confectionery,35,packet,30.22,54.57,2026-08-14,Aisle 09,ambient
Low-Sodium Chaash / Buttermilk 750ml,Green Earth Naturals,DAIR-82062,890000877321,Dairy & Eggs,56,carton,137.83,188.47,2026-09-06,Aisle 03,chilled
Handcrafted Ayurvedic Bath Soap 250g,Amul Co.,HOUS-46934,890000877322,Household & Personal Care,171,bottle,512.04,825.69,2028-10-14,Aisle 12,ambient
Premium Garlic & Herb Raw Wildflower Honey 2L,SunBrite Naturals,PANT-79234,890000877323,Pantry & Dry Goods,95,packet,398.47,581.37,2026-08-29,Aisle 07,ambient
Sweet Mutton Curry Cut 8-Pack,Nature Harvest Agro,MEAT-24936,890000877324,Meat & Seafood,143,pack,325.41,578.07,2026-08-28,Aisle 04,chilled
Homestyle Sea Salt Roma Tomatoes 750ml,Pure Vedic Farms,FRES-54831,890000877325,Fresh Produce,31,kg,53.08,78.02,2026-08-17,Aisle 01,ambient
Roasted Blueberries 2kg,Desi Organics Agro,FRES-36923,890000877326,Fresh Produce,132,pcs,85.58,136.94,2026-08-28,Aisle 02,ambient
Extra-Virgin Frozen Veg Momos 500g,SunBrite Milling,FROZ-40930,890000877327,Frozen Foods,58,box,174.86,262.68,2027-07-11,Aisle 09,frozen
Sweet Coconut Cream Watermelon 350g,Patanjali Provisions,FRES-50094,890000877328,Fresh Produce,28,kg,95.43,169.82,2026-09-06,Aisle 01,chilled
Crisp Toasted Sesame Chicken Frankfurters 8-Pack,Tata Milling,BAKE-78435,890000877329,Bakery & Deli,74,pack,171.38,236.76,2026-08-28,Aisle 03,ambient
Traditional Masala Chai Brioche Burger Buns 2kg,Royal Indian Goods,BAKE-91772,890000877330,Bakery & Deli,40,box,144.74,221.75,2026-08-26,Aisle 04,ambient
Plant-Based Boneless Chicken Breast 350g,Urban Roots Agro,MEAT-23224,890000877331,Meat & Seafood,58,kg,553.99,889.05,2026-09-02,Aisle 05,chilled
Signature Pista Almond Mutton Chops 6-Pack,Royal Indian Naturals,MEAT-59770,890000877332,Meat & Seafood,22,pack,846.50,1444.88,2026-08-28,Aisle 05,chilled
Zero-Sugar Rusk Toast 5kg,Nature Harvest Agro,BAKE-32078,890000877333,Bakery & Deli,172,pcs,81.11,144.35,2026-08-29,Aisle 03,ambient
Homestyle Organic Rolled Oats 750g,Himalayan Springs,PANT-13766,890000877334,Pantry & Dry Goods,9,can,454.02,615.80,2027-08-05,Aisle 08,ambient
Smoked Fresh Rohu Fish 400g,Himalayan Co.,MEAT-12108,890000877335,Meat & Seafood,104,pcs,204.68,327.76,2026-09-02,Aisle 04,chilled
Premium Toasted Sesame Salami 24-Pack,Amul Agro,BAKE-80147,890000877336,Bakery & Deli,176,box,97.72,144.85,2026-08-26,Aisle 03,ambient
Select Kashmiri Saffron Curd Tub 250ml,Tata Foods,DAIR-19171,890000877337,Dairy & Eggs,43,pack,156.73,246.57,2026-09-02,Aisle 03,chilled
Extra-Virgin Seedless Grapes 2L,Nature Harvest Agro,FRES-45659,890000877338,Fresh Produce,22,bag,67.79,101.57,2026-09-01,Aisle 01,ambient
Artisan Sea Salt Gourmet Cookies Choco-Chip 250ml,Urban Roots Dairy,SNAC-65606,890000877339,Snacks & Confectionery,149,box,254.24,434.63,2026-11-14,Aisle 10,ambient
Heritage Ayurvedic Bath Soap 100g,FarmGold Co.,HOUS-64113,890000877340,Household & Personal Care,39,packet,253.94,356.44,2027-12-29,Aisle 12,ambient
Gluten-Free Curd Tub 200g,Pashmina Farms,DAIR-32174,890000877341,Dairy & Eggs,52,packet,178.15,256.21,2026-09-02,Aisle 02,chilled
Select French Fries Crispy 2kg,Desi Organics Organics,FROZ-14510,890000877342,Frozen Foods,77,tub,147.86,263.18,2027-06-28,Aisle 09,frozen
Raw Broccoli Crowns 12-Pack,Kaveri Agro,FRES-76346,890000877343,Fresh Produce,143,kg,59.68,82.09,2026-09-09,Aisle 02,chilled
Cold-Pressed Pomegranates Snack Pack,Green Earth Naturals,FRES-32047,890000877344,Fresh Produce,185,pack,79.95,141.68,2026-08-30,Aisle 02,ambient
Handcrafted Lentils Red Masoor 2kg,Green Earth Springs,PANT-97109,890000877345,Pantry & Dry Goods,156,packet,213.15,343.50,2027-03-26,Aisle 08,ambient
Natural Truffle Infused Fresh Mosambi Juice Family Pack,Green Earth Dairy,BEVE-44909,890000877346,Beverages,165,bottle,248.96,443.52,2026-08-29,Aisle 06,chilled
Farm-Fresh Sparkling Mineral Water 500g,Tata Kitchens,BEVE-13062,890000877347,Beverages,183,bag,97.57,124.85,2027-02-03,Aisle 06,chilled
Low-Sodium Herbal Hand Wash Neem 6-Pack,Vedic Fresh Provisions,HOUS-22811,890000877348,Household & Personal Care,79,bottle,324.50,514.14,2027-09-30,Aisle 12,ambient
Gourmet Truffle Infused Fresh Rohu Fish Family Pack,Tata Kitchens,MEAT-39575,890000877349,Meat & Seafood,179,pack,738.30,1041.76,2026-08-31,Aisle 04,chilled
Crisp Amla Juice 6-Pack,Amul Foods,BEVE-89948,890000877350,Beverages,5,bottle,327.99,469.48,2027-02-15,Aisle 05,ambient
Extra-Virgin Organic Green Tea 500ml,FarmGold Co.,BEVE-92661,890000877351,Beverages,36,carton,276.11,394.45,2026-11-02,Aisle 05,chilled
Select Garlic Focaccia 400g,Nature Harvest Kitchens,BAKE-53253,890000877352,Bakery & Deli,133,pack,200.82,277.53,2026-09-07,Aisle 04,chilled
Spiced Frozen Paneer Cubes 1L,Nature Harvest Organics,FROZ-88809,890000877353,Frozen Foods,91,tub,102.17,181.71,2027-03-13,Aisle 09,frozen
Smoked Mint Lime Ayurvedic Bath Soap Family Pack,Ganga Harvest,HOUS-47882,890000877354,Household & Personal Care,110,packet,288.53,496.51,2029-05-12,Aisle 11,ambient
Signature Rose Infused Nimbu Paani Soda 400g,Green Earth Kitchens,BEVE-43790,890000877355,Beverages,98,can,31.72,54.25,2027-08-20,Aisle 05,chilled
Rustic Badam Milk Drink 8-Pack,Himalayan Naturals,BEVE-30795,890000877356,Beverages,148,can,203.72,260.54,2026-12-20,Aisle 06,ambient
Heritage Cinnamon Swirl Buns 750ml,FarmGold Agro,BAKE-42269,890000877357,Bakery & Deli,183,pcs,121.27,160.92,2026-08-20,Aisle 03,chilled
Traditional Almond Milk Family Pack,Kaveri Agro,DAIR-14285,890000877358,Dairy & Eggs,188,tub,476.76,878.65,2026-09-15,Aisle 02,chilled
Gluten-Free Buffalo Milk 200g,Patanjali Farms,DAIR-20613,890000877359,Dairy & Eggs,168,pack,196.85,251.86,2026-09-07,Aisle 02,chilled
Extra-Virgin Cinnamon Spice Rusk Toast 1L,Ganga Farms,BAKE-86432,890000877360,Bakery & Deli,138,box,279.77,509.59,2026-09-06,Aisle 03,ambient
Farm-Fresh Lentils Red Masoor 250ml,Royal Indian Agro,PANT-66954,890000877361,Pantry & Dry Goods,56,can,129.43,178.11,2026-12-29,Aisle 08,ambient
Aged Ginger Kombucha 330ml,Himalayan Harvest,BEVE-20086,890000877362,Beverages,163,carton,370.05,620.68,2027-08-14,Aisle 06,ambient
Crisp Cinnamon Spice Chicken Keema Snack Pack,Ganga Harvest,MEAT-92100,890000877363,Meat & Seafood,122,pack,405.12,676.56,2026-08-28,Aisle 05,chilled
Premium Mint Lime Liquid Laundry Detergent 24-Pack,Green Earth Foods,HOUS-86822,890000877364,Household & Personal Care,78,packet,376.56,629.39,2028-10-17,Aisle 11,ambient
Rustic Garlic & Herb Banana Chips Kerala Style 1L,Pashmina Springs,SNAC-22560,890000877365,Snacks & Confectionery,195,bag,266.41,382.82,2027-04-19,Aisle 10,ambient
Roasted Paneer Tikka Deli 24-Pack,Green Earth Provisions,BAKE-23169,890000877366,Bakery & Deli,163,pack,125.70,227.49,2026-08-30,Aisle 04,ambient
Aged Masala Chai Ciabatta Roll 350g,Himalayan Botanicals,BAKE-20925,890000877367,Bakery & Deli,155,pack,107.58,184.97,2026-08-22,Aisle 04,ambient
Pure Garlic & Herb Mosquito Vaporizer Refill 1L,Desi Organics Provisions,HOUS-52004,890000877368,Household & Personal Care,169,box,486.24,700.34,2026-08-26,Aisle 12,ambient
Cold-Pressed Nagpur Orange Sweet Corn Kernels 200g,Nature Harvest Botanicals,FROZ-69475,890000877369,Frozen Foods,99,box,161.43,255.51,2027-01-20,Aisle 08,frozen
Traditional Bath Tissue 6-Pack 500ml,Tata Provisions,HOUS-43816,890000877370,Household & Personal Care,151,pack,520.65,652.41,2028-01-09,Aisle 12,ambient
Crisp Mustard Oil Liquid Laundry Detergent 6-Pack,Heritage Foods,HOUS-42167,890000877371,Household & Personal Care,121,pack,42.43,73.66,2028-04-22,Aisle 12,ambient
Natural Jalapeno Lime Badam Milk Drink 2L,Kaveri Organics,BEVE-84350,890000877372,Beverages,191,box,58.88,88.71,2026-12-13,Aisle 06,ambient
Farm-Fresh Cinnamon Spice Dry Fruits Trail Mix 8-Pack,Ganga Goods,SNAC-81119,890000877373,Snacks & Confectionery,104,bar,412.48,516.31,2026-10-28,Aisle 09,ambient
Natural Whole Wheat Atta Bread 2kg,Nature Harvest Milling,BAKE-14224,890000877374,Bakery & Deli,141,pcs,109.79,182.10,2026-09-09,Aisle 03,ambient
Cold-Pressed Kashmiri Saffron Himalayan Spring Water 200g,Tata Farms,BEVE-55848,890000877375,Beverages,23,can,190.62,261.99,2027-08-02,Aisle 06,chilled
Gourmet Jalapeno Lime Tender Coconut Water 500ml,Tata Botanicals,BEVE-47259,890000877376,Beverages,160,carton,39.11,51.75,2027-07-05,Aisle 05,chilled
Signature Salami 500g,Royal Indian Naturals,BAKE-85716,890000877377,Bakery & Deli,154,pack,277.71,448.37,2026-09-01,Aisle 04,chilled
Aged Badam Milk Drink 350g,Vedic Fresh Springs,BEVE-70404,890000877378,Beverages,55,bag,401.99,641.56,2027-05-31,Aisle 06,ambient
Organic Lemons 1.5L,Tata Provisions,FRES-91356,890000877379,Fresh Produce,20,bag,118.99,217.85,2026-09-13,Aisle 02,ambient
Extra-Virgin Mustard Oil Edamame Pods 250ml,Himalayan Foods,FROZ-97812,890000877380,Frozen Foods,19,tub,60.11,81.69,2027-04-22,Aisle 08,frozen
Desi Mozzarella 200g,Pure Vedic Organics,DAIR-10703,890000877381,Dairy & Eggs,165,bottle,384.92,618.00,2026-09-05,Aisle 03,chilled
Sweet Iced Lemon Tea 2L,Kaveri Organics,BEVE-83691,890000877382,Beverages,159,pack,177.83,252.48,2027-02-16,Aisle 05,ambient
Artisan Almond Milk 500g,Kaveri Dairy,DAIR-92336,890000877383,Dairy & Eggs,99,pack,62.56,89.67,2026-08-31,Aisle 02,chilled
Handcrafted Mustard Oil Toor Dal Premium 8-Pack,Urban Roots Farms,PANT-41823,890000877384,Pantry & Dry Goods,174,bottle,139.12,213.70,2028-03-18,Aisle 08,ambient
Pure Surface Floor Cleaner Rose 100g,Nature Harvest Foods,HOUS-33661,890000877385,Household & Personal Care,194,bottle,492.57,900.77,2026-08-29,Aisle 11,ambient
Raw Masala Chai Herbal Hand Wash Neem 1.5L,Heritage Foods,HOUS-17031,890000877386,Household & Personal Care,184,tube,546.61,800.12,2027-04-27,Aisle 12,ambient
Heritage Alphonso Mango Feta Cheese 330ml,Ganga Dairy,DAIR-46125,890000877387,Dairy & Eggs,163,packet,334.59,518.32,2026-09-09,Aisle 03,chilled
Signature Heavy Cream 8-Pack,Urban Roots Botanicals,DAIR-32596,890000877388,Dairy & Eggs,147,bottle,159.38,251.48,2026-09-16,Aisle 02,chilled
Rustic Multigrain Tortillas 750g,Nature Harvest Milling,BAKE-39857,890000877389,Bakery & Deli,13,box,168.13,281.50,2026-09-06,Aisle 04,chilled
Aged Pasture Eggs 1.5L,Pure Vedic Farms,DAIR-76744,890000877390,Dairy & Eggs,50,carton,296.71,384.32,2026-09-05,Aisle 02,chilled
Free-Range Blueberries 8-Pack,Patanjali Milling,FRES-17266,890000877391,Fresh Produce,21,bunch,89.85,119.21,2026-09-01,Aisle 02,ambient
Smoked Cinnamon Spice Sourdough Loaf 750ml,Green Earth Springs,BAKE-72832,890000877392,Bakery & Deli,74,pack,239.32,431.11,2026-08-28,Aisle 04,ambient
Heritage Himalayan Spring Water 200g,Pashmina Goods,BEVE-56946,890000877393,Beverages,51,bottle,51.47,89.58,2027-01-01,Aisle 05,ambient
Cured Smoked Paprika Mustard Oil Kachi Ghani 2L,SunBrite Organics,PANT-50809,890000877394,Pantry & Dry Goods,159,can,253.77,339.96,2027-09-21,Aisle 08,ambient
Premium Butter Croissants 500g,FarmGold Organics,BAKE-45626,890000877395,Bakery & Deli,51,box,193.14,316.45,2026-09-07,Aisle 04,chilled
Premium Raw Wildflower Honey 250ml,Tata Farms,PANT-85873,890000877396,Pantry & Dry Goods,17,can,136.53,208.45,2027-05-25,Aisle 07,ambient
Signature Organic Rolled Oats 2L,Urban Roots Provisions,PANT-59784,890000877397,Pantry & Dry Goods,153,bottle,645.22,1026.28,2028-04-07,Aisle 06,ambient
Natural Rose Infused Greek Yogurt 4-Pack,Vedic Fresh Naturals,DAIR-60735,890000877398,Dairy & Eggs,177,bottle,33.58,61.31,2026-09-20,Aisle 03,chilled
Smoked Kaju Katli Sweet Box 750g,Ganga Foods,SNAC-30653,890000877399,Snacks & Confectionery,42,tub,120.69,164.43,2027-06-11,Aisle 09,ambient
Cold-Pressed Sea Salt Chicken Sausages 4-Pack,Pashmina Provisions,MEAT-52371,890000877400,Meat & Seafood,159,kg,559.09,894.92,2026-08-29,Aisle 05,chilled
Zero-Sugar Mutton Curry Cut 100g,Royal Indian Agro,MEAT-19124,890000877401,Meat & Seafood,147,pcs,467.37,674.57,2026-08-30,Aisle 05,chilled
Traditional Sweet Corn Kernels 750g,FarmGold Springs,FROZ-22480,890000877402,Frozen Foods,120,packet,233.97,414.72,2027-04-21,Aisle 09,frozen
Gourmet Garlic & Herb Moong Dal Namkeen 12-Pack,Royal Indian Farms,SNAC-42387,890000877403,Snacks & Confectionery,24,bar,26.14,43.74,2026-08-27,Aisle 09,ambient
Heritage Avocados 8-Pack,Heritage Goods,FRES-14540,890000877404,Fresh Produce,120,kg,118.76,196.76,2026-09-11,Aisle 01,chilled
Cold-Pressed Herbal Hand Wash Neem 6-Pack,Green Earth Botanicals,HOUS-39713,890000877405,Household & Personal Care,130,packet,541.78,774.20,2027-06-26,Aisle 11,ambient
Natural Mustard Oil Kulcha 4-Pack 1L,Kaveri Provisions,BAKE-10318,890000877406,Bakery & Deli,38,pack,129.93,192.39,2026-08-31,Aisle 04,chilled
Pure Cucumbers 750ml,Vedic Fresh Springs,FRES-78949,890000877407,Fresh Produce,46,bunch,134.90,214.43,2026-09-09,Aisle 02,ambient
Farm-Fresh Cardamom Spiced Paneer Block 500ml,Amul Botanicals,DAIR-22845,890000877408,Dairy & Eggs,127,box,254.10,405.07,2026-09-22,Aisle 03,chilled
Select Biodegradable Garbage Bags 1L,Green Earth Dairy,HOUS-89842,890000877409,Household & Personal Care,26,bottle,165.77,270.79,2026-08-24,Aisle 12,ambient
Cold-Pressed Fruit Muffins 2kg,Amul Milling,BAKE-86071,890000877410,Bakery & Deli,160,pcs,79.60,116.02,2026-08-30,Aisle 03,chilled
Premium Toasted Sesame Bath Tissue 6-Pack 2L,FarmGold Foods,HOUS-75540,890000877411,Household & Personal Care,16,tube,77.06,99.80,2027-08-28,Aisle 12,ambient
Crisp Frozen Green Peas 8-Pack,Ganga Harvest,FROZ-38778,890000877412,Frozen Foods,155,box,204.10,349.58,2026-08-29,Aisle 08,frozen
Natural Sea Salt Kitchen Paper Towels 4-Roll Snack Pack,Ganga Dairy,HOUS-17615,890000877413,Household & Personal Care,198,bottle,372.08,644.20,2028-12-28,Aisle 12,ambient
Gluten-Free Red Onions 1kg,Patanjali Organics,FRES-44163,890000877414,Fresh Produce,51,pack,68.81,88.56,2026-09-11,Aisle 02,chilled
Artisan Royal Basmati Rice 8-Pack,Ganga Springs,PANT-31436,890000877415,Pantry & Dry Goods,124,box,401.70,545.58,2026-08-14,Aisle 06,ambient
Handcrafted Organic Atta 5kg Snack Pack,Patanjali Farms,PANT-51245,890000877416,Pantry & Dry Goods,128,bottle,556.35,801.70,2028-03-18,Aisle 07,ambient
Smoked Dishwash Gel Lemon Family Pack,Ganga Provisions,HOUS-92363,890000877417,Household & Personal Care,87,bottle,123.84,208.84,2026-08-26,Aisle 12,ambient
Artisan Alphonso Mango Buffalo Milk 2kg,Nature Harvest Foods,DAIR-15753,890000877418,Dairy & Eggs,62,packet,381.38,681.83,2026-09-12,Aisle 03,chilled
Select Kesar Pista Pure Jaggery Powder 250ml,Himalayan Springs,PANT-45482,890000877419,Pantry & Dry Goods,100,box,195.47,340.85,2027-12-07,Aisle 07,ambient
Pure Cold Brew Coffee 5kg,Pashmina Provisions,BEVE-59226,890000877420,Beverages,168,pack,121.62,224.52,2026-08-28,Aisle 05,chilled
Rustic Toasted Sesame Salami Family Pack,Royal Indian Naturals,BAKE-40978,890000877421,Bakery & Deli,97,pack,234.57,331.70,2026-09-03,Aisle 04,chilled
Natural Garlic & Herb Atlantic Salmon Fillet 24-Pack,Ganga Harvest,MEAT-44101,890000877422,Meat & Seafood,72,pcs,208.96,291.73,2026-08-31,Aisle 04,chilled
Smoked Extra Virgin Olive Oil 400g,Pure Vedic Dairy,PANT-43157,890000877423,Pantry & Dry Goods,71,can,653.58,827.71,2027-03-10,Aisle 07,ambient
Cured Mint Lime Garlic Focaccia 4-Pack,FarmGold Botanicals,BAKE-93123,890000877424,Bakery & Deli,185,box,263.62,330.90,2026-08-31,Aisle 03,chilled
Premium Roasted Makhana Foxnuts 400g,Pashmina Botanicals,SNAC-19318,890000877425,Snacks & Confectionery,15,bag,54.44,88.18,2027-02-23,Aisle 10,ambient
Gourmet Jalapeno Lime Palak 400g,Ganga Goods,FRES-27603,890000877426,Fresh Produce,35,bunch,103.92,188.49,2026-09-07,Aisle 01,ambient
Gluten-Free Cinnamon Spice Smoked Chicken Slices 250g,Nature Harvest Co.,BAKE-51097,890000877427,Bakery & Deli,34,box,57.60,93.14,2026-09-08,Aisle 03,chilled
Artisan Cinnamon Swirl Buns 500g,Patanjali Agro,BAKE-92996,890000877428,Bakery & Deli,23,box,182.48,285.48,2026-09-07,Aisle 03,chilled
Homestyle Moong Dal Namkeen 200g,FarmGold Kitchens,SNAC-35351,890000877429,Snacks & Confectionery,26,bag,96.93,123.84,2027-03-25,Aisle 09,ambient
Premium Toasted Sesame Malai Kulfi Bar 400g,Amul Goods,FROZ-88791,890000877430,Frozen Foods,158,packet,87.84,131.04,2026-08-26,Aisle 08,frozen
Select Cinnamon Spice Papayas 350g,Pashmina Kitchens,FRES-42295,890000877431,Fresh Produce,173,kg,21.50,27.63,2026-09-01,Aisle 01,chilled
Traditional Veg Spring Rolls 2L,Tata Agro,FROZ-54057,890000877432,Frozen Foods,169,box,125.41,159.95,2027-03-12,Aisle 08,frozen
Extra-Virgin Kashmiri Saffron California Almonds 24-Pack,Heritage Springs,SNAC-74876,890000877433,Snacks & Confectionery,12,pack,141.36,201.11,2027-04-24,Aisle 10,ambient
Aged Cardamom Spiced Iced Lemon Tea 500g,Nature Harvest Foods,BEVE-27120,890000877434,Beverages,34,box,120.74,197.71,2027-08-25,Aisle 06,chilled
Organic Vanilla Bean Dishwash Gel Lemon 8-Pack,Tata Milling,HOUS-43313,890000877435,Household & Personal Care,26,tube,261.96,446.58,2029-04-04,Aisle 11,ambient
Premium Golden Ginger Roasted Makhana Foxnuts 1.5L,Nature Harvest Botanicals,SNAC-73572,890000877436,Snacks & Confectionery,110,tub,108.39,178.79,2026-10-31,Aisle 10,ambient
Traditional Garlic & Herb Dry Fruits Trail Mix 1L,Himalayan Kitchens,SNAC-10938,890000877437,Snacks & Confectionery,60,packet,452.90,702.65,2027-05-04,Aisle 10,ambient
Extra-Virgin Alphonso Mango Granola Health Bars 8-Pack,Tata Botanicals,SNAC-42812,890000877438,Snacks & Confectionery,104,bar,421.05,606.90,2026-11-12,Aisle 09,ambient
Gourmet Toasted Sesame Red Onions 8-Pack,Tata Foods,FRES-78363,890000877439,Fresh Produce,195,kg,115.11,154.83,2026-09-09,Aisle 01,chilled
Gourmet Nagpur Orange Alphonso Mangoes Family Pack,FarmGold Kitchens,FRES-78012,890000877440,Fresh Produce,130,kg,80.01,106.29,2026-08-31,Aisle 02,chilled
Gourmet Pista Almond Sparkling Mineral Water 250g,Ganga Agro,BEVE-87615,890000877441,Beverages,111,carton,188.66,342.00,2027-02-16,Aisle 05,chilled
Premium Bottle Gourd 500ml,Urban Roots Harvest,FRES-88878,890000877442,Fresh Produce,15,bag,34.41,47.35,2026-09-07,Aisle 02,chilled
Aged Alphonso Mango 70% Dark Chocolate Bar Family Pack,Patanjali Harvest,SNAC-73908,890000877443,Snacks & Confectionery,187,box,331.94,541.96,2027-03-07,Aisle 10,ambient
Extra-Virgin California Almonds 330ml,Urban Roots Farms,SNAC-60327,890000877444,Snacks & Confectionery,53,tub,47.24,82.31,2027-01-02,Aisle 09,ambient
Premium Dark Chocolate Fresh Mosambi Juice 750g,Tata Organics,BEVE-76355,890000877445,Beverages,11,carton,26.35,48.24,2026-10-01,Aisle 05,ambient
Traditional Caramelized Onion Brioche Burger Buns 100g,Himalayan Goods,BAKE-99580,890000877446,Bakery & Deli,198,pcs,273.29,380.54,2026-09-07,Aisle 04,chilled
Cold-Pressed Sea Salt Floor Disinfectant 5kg,Heritage Provisions,HOUS-38214,890000877447,Household & Personal Care,44,packet,135.58,204.91,2028-06-26,Aisle 11,ambient
Pure Kashmiri Saffron Brioche Burger Buns 2L,Pure Vedic Milling,BAKE-83753,890000877448,Bakery & Deli,68,pack,276.06,393.64,2026-08-29,Aisle 04,ambient
Extra-Virgin Tiger Prawns Jumbo Family Pack,SunBrite Agro,MEAT-42703,890000877449,Meat & Seafood,145,pcs,395.67,552.77,2026-08-28,Aisle 05,chilled
Homestyle Cardamom Spiced Moong Dal Washed 2kg,Tata Kitchens,PANT-13388,890000877450,Pantry & Dry Goods,171,bag,368.28,495.38,2027-02-09,Aisle 08,ambient
Premium Salami 5kg,Nature Harvest Kitchens,BAKE-45785,890000877451,Bakery & Deli,197,pcs,164.26,280.15,2026-09-08,Aisle 04,chilled
Natural Coconut Milk 750ml,Ganga Farms,PANT-84013,890000877452,Pantry & Dry Goods,148,can,538.37,935.78,2026-12-06,Aisle 07,ambient
Plant-Based Kashmiri Saffron Mutton Curry Cut 8-Pack,SunBrite Kitchens,MEAT-64645,890000877453,Meat & Seafood,157,pcs,420.93,639.77,2026-08-31,Aisle 04,chilled
Traditional Masala CTC Tea 2L,Nature Harvest Farms,BEVE-30992,890000877454,Beverages,136,bottle,173.12,236.59,2027-08-07,Aisle 06,chilled
Spiced Whole Wheat Atta Bread 500g,Amul Milling,BAKE-61969,890000877455,Bakery & Deli,40,pack,212.09,328.99,2026-09-09,Aisle 04,chilled
Pure Vanilla Bean Shampoo Anti-Dandruff 2kg,Ganga Provisions,HOUS-63034,890000877456,Household & Personal Care,138,packet,329.17,525.41,2028-03-15,Aisle 12,ambient
Roasted Mozzarella 2kg,Pashmina Harvest,DAIR-44946,890000877457,Dairy & Eggs,122,bottle,195.07,252.05,2026-09-23,Aisle 02,chilled
Grass-Fed Mosquito Vaporizer Refill 1.5L,Tata Naturals,HOUS-92242,890000877458,Household & Personal Care,57,bottle,300.51,460.63,2027-11-05,Aisle 11,ambient
Free-Range Tiger Prawns Jumbo 400g,Vedic Fresh Springs,MEAT-29559,890000877459,Meat & Seafood,79,pcs,279.58,513.35,2026-08-27,Aisle 05,chilled
Cured Wood-Fired Pizza 500ml,Vedic Fresh Dairy,FROZ-76306,890000877460,Frozen Foods,169,pack,200.63,349.85,2026-11-08,Aisle 08,frozen
Low-Sodium Boneless Chicken Breast 2L,FarmGold Provisions,MEAT-15027,890000877461,Meat & Seafood,54,pack,407.56,520.91,2026-08-28,Aisle 04,chilled
Artisan Vanilla Bean Pasture Eggs 12-Pack,Kaveri Naturals,DAIR-79379,890000877462,Dairy & Eggs,36,pack,410.90,754.43,2026-09-05,Aisle 03,chilled
Homestyle Extra Virgin Olive Oil 1kg,Tata Co.,PANT-18628,890000877463,Pantry & Dry Goods,69,bag,328.47,446.74,2028-08-14,Aisle 08,ambient
Raw Mint Lime Desi Cow Ghee 2kg,FarmGold Co.,DAIR-28640,890000877464,Dairy & Eggs,156,bottle,127.11,198.42,2026-09-15,Aisle 03,chilled
Traditional Smoked Paprika Parmigiano-Reggiano 400g,Himalayan Naturals,DAIR-24527,890000877465,Dairy & Eggs,199,carton,282.73,493.40,2026-09-02,Aisle 03,chilled
Sweet Frozen Samosas 750g,SunBrite Harvest,FROZ-99863,890000877466,Frozen Foods,153,packet,340.59,449.42,2027-01-03,Aisle 08,frozen
Grass-Fed Rusk Toast 1kg,Nature Harvest Provisions,BAKE-47274,890000877467,Bakery & Deli,141,pack,58.94,103.18,2026-08-31,Aisle 04,chilled
Artisan Granola Health Bars 250g,Desi Organics Springs,SNAC-64622,890000877468,Snacks & Confectionery,147,packet,110.27,196.27,2026-10-14,Aisle 10,ambient
Homestyle Rose Infused Royal Basmati Rice 2kg,Nature Harvest Naturals,PANT-37091,890000877469,Pantry & Dry Goods,148,bag,492.91,740.01,2027-12-13,Aisle 06,ambient
Extra-Virgin Rose Infused Ayurvedic Bath Soap 400g,FarmGold Harvest,HOUS-36751,890000877470,Household & Personal Care,165,packet,525.85,768.23,2028-01-25,Aisle 12,ambient
Premium Vanilla Bean Multigrain Tortillas 1L,FarmGold Agro,BAKE-47504,890000877471,Bakery & Deli,42,box,41.10,72.17,2026-08-28,Aisle 04,ambient
Low-Sodium Dishwash Gel Lemon 24-Pack,Heritage Agro,HOUS-89280,890000877472,Household & Personal Care,96,packet,477.42,863.15,2028-03-10,Aisle 11,ambient
Heritage Edamame Pods 750ml,Pashmina Dairy,FROZ-51042,890000877473,Frozen Foods,52,bag,350.72,566.81,2027-01-21,Aisle 09,frozen
Grass-Fed Parmigiano-Reggiano 330ml,Kaveri Organics,DAIR-72268,890000877474,Dairy & Eggs,18,box,113.34,196.16,2026-09-22,Aisle 03,chilled
Natural Wood-Fired Pizza 500ml,Amul Provisions,FROZ-51557,890000877475,Frozen Foods,110,bag,152.38,236.19,2027-05-19,Aisle 09,frozen
Zero-Sugar Bhujia Sev 1.5L,Amul Farms,SNAC-39025,890000877476,Snacks & Confectionery,21,pack,206.02,269.25,2027-03-13,Aisle 10,ambient
Cold-Pressed Amla Juice 1kg,Vedic Fresh Farms,BEVE-78830,890000877477,Beverages,137,bag,117.71,215.91,2026-11-07,Aisle 06,ambient
Handcrafted Amla Juice 2kg,Desi Organics Co.,BEVE-52919,890000877478,Beverages,31,carton,142.99,226.02,2026-09-18,Aisle 05,ambient
Premium Caramelized Onion Bhujia Sev 8-Pack,Green Earth Farms,SNAC-64515,890000877479,Snacks & Confectionery,186,pack,470.58,856.06,2026-11-19,Aisle 10,ambient
Zero-Sugar Garlic & Herb Crab Meat Fresh 1L,Himalayan Farms,MEAT-76045,890000877480,Meat & Seafood,107,pack,409.94,537.09,2026-08-29,Aisle 04,chilled
Grass-Fed Whole Wheat Atta Bread 350g,Desi Organics Agro,BAKE-73844,890000877481,Bakery & Deli,110,pcs,116.45,151.86,2026-09-08,Aisle 03,ambient
Grass-Fed Coconut Cream Aloo Tikki 8-Pack 8-Pack,Nature Harvest Springs,FROZ-34817,890000877482,Frozen Foods,96,tub,141.31,246.28,2026-08-28,Aisle 09,frozen
Roasted Cinnamon Spice Avocados 6-Pack,Nature Harvest Foods,FRES-65207,890000877483,Fresh Produce,20,pcs,31.78,53.79,2026-09-05,Aisle 01,ambient
Smoked Toasted Sesame Biodegradable Garbage Bags 100g,Kaveri Milling,HOUS-51259,890000877484,Household & Personal Care,85,box,161.17,233.14,2027-03-23,Aisle 12,ambient
Artisan Garlic & Herb Cold Brew Coffee 250g,Heritage Organics,BEVE-94066,890000877485,Beverages,190,pack,94.01,168.89,2027-06-18,Aisle 05,chilled
Pure 70% Dark Chocolate Bar 5kg,Tata Kitchens,SNAC-73527,890000877486,Snacks & Confectionery,33,bar,343.08,485.58,2027-02-24,Aisle 09,ambient
Artisan Coconut Cream Masala Potato Chips 250ml,Heritage Farms,SNAC-95199,890000877487,Snacks & Confectionery,166,bag,100.67,149.24,2026-08-29,Aisle 10,ambient
Traditional Nagpur Orange Surface Floor Cleaner Rose 750g,Amul Goods,HOUS-57008,890000877488,Household & Personal Care,96,pack,265.24,489.86,2027-12-16,Aisle 11,ambient
Pure Paneer Tikka Deli 200g,Heritage Agro,BAKE-16516,890000877489,Bakery & Deli,175,pcs,44.26,79.25,2026-09-04,Aisle 03,chilled
Low-Sodium Pink Himalayan Salt 500g,FarmGold Farms,PANT-79792,890000877490,Pantry & Dry Goods,112,jar,582.15,990.85,2027-10-05,Aisle 07,ambient
Organic Organic Rolled Oats 500ml,Vedic Fresh Agro,PANT-87019,890000877491,Pantry & Dry Goods,192,bag,621.23,974.46,2028-06-18,Aisle 08,ambient
Gourmet Cardamom Spiced Veg Burger Patties 5kg,Green Earth Botanicals,FROZ-63802,890000877492,Frozen Foods,136,packet,183.62,254.20,2027-04-17,Aisle 08,frozen
Farm-Fresh Pasture Eggs 500g,Vedic Fresh Springs,DAIR-36426,890000877493,Dairy & Eggs,115,tub,104.11,161.70,2026-09-04,Aisle 02,chilled
Low-Sodium Desi Cow Ghee 350g,Amul Botanicals,DAIR-76664,890000877494,Dairy & Eggs,47,pack,91.33,167.16,2026-09-10,Aisle 03,chilled
Roasted Parmigiano-Reggiano 5kg,SunBrite Provisions,DAIR-93387,890000877495,Dairy & Eggs,145,pack,371.32,681.44,2026-09-11,Aisle 03,chilled
Smoked Granola Health Bars 1.5L,Himalayan Dairy,SNAC-87104,890000877496,Snacks & Confectionery,35,box,65.64,101.01,2026-10-15,Aisle 10,ambient
Farm-Fresh Cinnamon Swirl Buns 250g,Heritage Kitchens,BAKE-96842,890000877497,Bakery & Deli,79,box,219.47,363.18,2026-09-07,Aisle 04,chilled
Artisan Cinnamon Spice Boneless Chicken Breast 330ml,Himalayan Provisions,MEAT-75185,890000877498,Meat & Seafood,43,pack,275.25,479.02,2026-08-31,Aisle 04,chilled
Natural Alphonso Mango Roasted Makhana Foxnuts 330ml,Patanjali Co.,SNAC-10022,890000877499,Snacks & Confectionery,8,bag,244.34,359.96,2027-02-08,Aisle 10,ambient
Desi Roasted Makhana Foxnuts 500g,Pashmina Botanicals,SNAC-15628,890000877500,Snacks & Confectionery,33,bar,315.10,445.93,2026-10-22,Aisle 09,ambient
Roasted Butter Croissants 8-Pack,SunBrite Organics,BAKE-24720,890000877501,Bakery & Deli,174,pcs,175.54,246.65,2026-08-27,Aisle 04,chilled
Homestyle Sweet Corn Kernels 5kg,Vedic Fresh Farms,FROZ-41157,890000877502,Frozen Foods,99,packet,229.59,348.54,2027-03-14,Aisle 09,frozen
Homestyle Jalapeno Lime Pav 6-Pack 500g,Heritage Co.,BAKE-84153,890000877503,Bakery & Deli,55,pack,43.47,55.56,2026-09-04,Aisle 04,chilled
Plant-Based Coconut Cream Yukon Gold Potatoes 350g,Patanjali Dairy,FRES-60743,890000877504,Fresh Produce,200,pack,46.78,73.82,2026-08-27,Aisle 01,ambient
Natural Pista Almond Shampoo Anti-Dandruff 24-Pack,Heritage Naturals,HOUS-31957,890000877505,Household & Personal Care,44,bottle,351.89,638.73,2027-03-07,Aisle 11,ambient
Cold-Pressed Smoked Paprika Alphonso Kulfi Tub 330ml,Nature Harvest Organics,FROZ-14367,890000877506,Frozen Foods,86,pack,219.16,292.39,2027-06-01,Aisle 08,frozen
Plant-Based Matcha Green Tea Desi Cow Ghee 330ml,Tata Naturals,DAIR-91847,890000877507,Dairy & Eggs,147,tub,309.24,403.79,2026-09-24,Aisle 02,chilled
Sweet Kulcha 4-Pack 5kg,Tata Agro,BAKE-23305,890000877508,Bakery & Deli,24,pack,139.63,233.04,2026-09-01,Aisle 04,ambient
Signature Pista Almond Shampoo Anti-Dandruff 250ml,Royal Indian Goods,HOUS-20720,890000877509,Household & Personal Care,160,tube,161.71,227.90,2028-12-10,Aisle 12,ambient
Zero-Sugar Coconut Cream Floor Disinfectant 1.5L,Pashmina Co.,HOUS-34904,890000877510,Household & Personal Care,72,packet,132.53,195.33,2029-04-23,Aisle 11,ambient
Extra-Virgin Kesar Pista Filter Coffee Beans 350g,Nature Harvest Co.,BEVE-27595,890000877511,Beverages,199,bag,311.52,573.96,2026-08-28,Aisle 05,chilled
Grass-Fed Vanilla Bean Kitchen Paper Towels 4-Roll 2L,Green Earth Agro,HOUS-63013,890000877512,Household & Personal Care,129,packet,336.14,467.78,2026-08-19,Aisle 12,ambient
Plant-Based Masala CTC Tea Snack Pack,SunBrite Botanicals,BEVE-31522,890000877513,Beverages,28,bag,40.88,53.46,2027-05-19,Aisle 05,chilled
Extra-Virgin Seedless Grapes 12-Pack,Patanjali Harvest,FRES-42700,890000877514,Fresh Produce,139,bag,69.53,100.14,2026-09-08,Aisle 02,chilled
Artisan Sea Salt Cinnamon Swirl Buns Snack Pack,Green Earth Foods,BAKE-10838,890000877515,Bakery & Deli,53,pack,238.12,360.15,2026-09-01,Aisle 03,ambient
Gourmet Pasture Eggs 1L,Pure Vedic Agro,DAIR-13200,890000877516,Dairy & Eggs,17,pack,299.18,497.27,2026-09-16,Aisle 02,chilled
Gourmet Vanilla Bean Kulcha 4-Pack Family Pack,Royal Indian Milling,BAKE-18242,890000877517,Bakery & Deli,156,pack,159.68,224.51,2026-09-05,Aisle 04,chilled
Gourmet Matcha Green Tea Atlantic Salmon Fillet 24-Pack,Green Earth Naturals,MEAT-39686,890000877518,Meat & Seafood,182,kg,721.70,1085.26,2026-08-29,Aisle 05,chilled
Extra-Virgin Smoked Paprika Brioche Burger Buns 6-Pack,Amul Organics,BAKE-82860,890000877519,Bakery & Deli,55,box,205.08,351.69,2026-09-07,Aisle 03,chilled
Artisan Cardamom Spiced Bell Peppers 6-Pack,Pure Vedic Milling,FRES-20582,890000877520,Fresh Produce,116,pcs,18.51,24.78,2026-08-30,Aisle 02,chilled
Natural Golden Ginger Chicken Sausages 250ml,Pashmina Organics,MEAT-57754,890000877521,Meat & Seafood,65,kg,352.26,486.03,2026-09-02,Aisle 05,chilled
Traditional Malai Kulfi Bar 2L,Pure Vedic Naturals,FROZ-31883,890000877522,Frozen Foods,115,tub,175.32,300.89,2027-05-11,Aisle 09,frozen
Roasted Masala Chai Alphonso Kulfi Tub 1.5L,FarmGold Provisions,FROZ-34314,890000877523,Frozen Foods,33,bag,207.69,367.42,2027-01-13,Aisle 09,frozen
Aged Bananas Family Pack,Himalayan Organics,FRES-60519,890000877524,Fresh Produce,87,bunch,94.97,172.20,2026-09-14,Aisle 02,ambient
Traditional Pasture Eggs 750ml,Desi Organics Provisions,DAIR-84786,890000877525,Dairy & Eggs,36,carton,231.84,294.84,2026-08-29,Aisle 03,chilled
Grass-Fed Kabuli Chana 5kg,Amul Provisions,PANT-43183,890000877526,Pantry & Dry Goods,154,packet,209.70,286.22,2028-06-01,Aisle 06,ambient
Cold-Pressed Atlantic Salmon Fillet 350g,Tata Milling,MEAT-77897,890000877527,Meat & Seafood,185,pcs,450.73,701.16,2026-08-28,Aisle 05,chilled
Handcrafted Garlic & Herb Shampoo Anti-Dandruff 6-Pack,Pashmina Agro,HOUS-45139,890000877528,Household & Personal Care,69,pack,449.77,653.70,2029-04-11,Aisle 11,ambient
Artisan Yukon Gold Potatoes 1.5L,Heritage Organics,FRES-72278,890000877529,Fresh Produce,176,kg,37.14,50.60,2026-08-29,Aisle 02,ambient
Raw Sea Salt Chicken Keema 250ml,Vedic Fresh Co.,MEAT-80632,890000877530,Meat & Seafood,119,pack,792.66,1313.95,2026-08-28,Aisle 04,chilled
Raw Dry Fruits Trail Mix 330ml,Amul Milling,SNAC-78741,890000877531,Snacks & Confectionery,90,bag,91.91,153.32,2027-03-10,Aisle 10,ambient
Low-Sodium Frozen Veg Momos 500ml,Nature Harvest Agro,FROZ-79013,890000877532,Frozen Foods,185,pack,374.64,671.57,2027-02-05,Aisle 09,frozen
Cold-Pressed Parmigiano-Reggiano Family Pack,Heritage Milling,DAIR-21919,890000877533,Dairy & Eggs,166,packet,283.67,420.38,2026-08-29,Aisle 03,chilled
Rustic Kesar Pista Boneless Chicken Breast 1.5L,Heritage Harvest,MEAT-37657,890000877534,Meat & Seafood,149,pcs,835.62,1499.76,2026-08-29,Aisle 05,chilled
Premium Golden Ginger Chicken Frankfurters 750g,Himalayan Co.,BAKE-30044,890000877535,Bakery & Deli,176,pack,278.97,414.21,2026-08-28,Aisle 04,chilled
Pure Jalapeno Lime Atlantic Salmon Fillet 24-Pack,Patanjali Provisions,MEAT-67997,890000877536,Meat & Seafood,77,kg,626.06,846.20,2026-09-02,Aisle 05,chilled
Select Coconut Cream Ayurvedic Bath Soap 5kg,SunBrite Agro,HOUS-35218,890000877537,Household & Personal Care,95,tube,506.97,643.96,2028-12-27,Aisle 12,ambient
Grass-Fed Salami Family Pack,Pashmina Milling,BAKE-71184,890000877538,Bakery & Deli,88,pack,136.36,234.40,2026-09-01,Aisle 04,chilled
Roasted Veg Spring Rolls 24-Pack,Patanjali Botanicals,FROZ-48823,890000877539,Frozen Foods,157,box,186.18,248.45,2027-03-13,Aisle 09,frozen
Pure Raw Wildflower Honey 1kg,Patanjali Harvest,PANT-33564,890000877540,Pantry & Dry Goods,12,can,141.80,232.07,2028-05-25,Aisle 07,ambient
Select Smoked Paprika Tender Coconut Water 2kg,Urban Roots Springs,BEVE-31156,890000877541,Beverages,52,bottle,313.14,541.46,2026-12-13,Aisle 06,chilled
Handcrafted Sparkling Mineral Water 1.5L,Himalayan Dairy,BEVE-97060,890000877542,Beverages,157,carton,214.56,357.86,2027-08-07,Aisle 05,ambient
Handcrafted Fish Fingers Frozen 400g,Pashmina Milling,FROZ-97715,890000877543,Frozen Foods,24,packet,143.63,203.09,2026-11-04,Aisle 09,frozen
Aged Clove & Mint Toothpaste 6-Pack,Kaveri Organics,HOUS-35756,890000877544,Household & Personal Care,50,pack,455.57,619.06,2027-06-17,Aisle 12,ambient
Heritage Chicken Frankfurters 24-Pack,SunBrite Farms,BAKE-47733,890000877545,Bakery & Deli,177,pcs,144.64,263.25,2026-08-28,Aisle 04,chilled
Free-Range Alphonso Mango Mutton Chops 750ml,Kaveri Agro,MEAT-35539,890000877546,Meat & Seafood,68,pack,184.26,239.80,2026-08-31,Aisle 05,chilled
Sweet Mint Lime Salted Butter 12-Pack,Royal Indian Provisions,DAIR-70301,890000877547,Dairy & Eggs,175,pack,144.72,183.36,2026-08-18,Aisle 02,chilled
Extra-Virgin Organic Atta 5kg Family Pack,Tata Organics,PANT-68274,890000877548,Pantry & Dry Goods,20,bottle,111.30,171.84,2027-10-25,Aisle 07,ambient
Artisan Organic Atta 5kg 8-Pack,Nature Harvest Naturals,PANT-51350,890000877549,Pantry & Dry Goods,133,can,587.00,1073.80,2028-02-19,Aisle 06,ambient
Pure Oat Milk 2kg,Tata Dairy,DAIR-40287,890000877550,Dairy & Eggs,162,tub,286.06,515.56,2026-09-21,Aisle 02,chilled
Raw Truffle Infused Salted Butter 750ml,Amul Provisions,DAIR-56522,890000877551,Dairy & Eggs,27,pack,365.52,643.18,2026-09-05,Aisle 02,chilled
Extra-Virgin Toor Dal Premium 1.5L,Pashmina Milling,PANT-94297,890000877552,Pantry & Dry Goods,63,jar,147.69,208.44,2028-06-16,Aisle 08,ambient
Artisan Pomegranates 1L,SunBrite Kitchens,FRES-11294,890000877553,Fresh Produce,123,pcs,78.25,99.36,2026-09-05,Aisle 01,ambient
Select Caramelized Onion Mutton Curry Cut 5kg,Green Earth Botanicals,MEAT-79013,890000877554,Meat & Seafood,24,pack,220.99,319.81,2026-09-02,Aisle 04,chilled
Low-Sodium Sea Salt Masala CTC Tea 250g,Pashmina Goods,BEVE-60158,890000877555,Beverages,68,can,342.26,458.68,2027-01-01,Aisle 06,ambient
Sweet Pomegranates 250g,Patanjali Dairy,FRES-68686,890000877556,Fresh Produce,150,pcs,94.60,141.39,2026-08-26,Aisle 01,ambient
Artisan Caramelized Onion Methi 8-Pack,Tata Harvest,FRES-69369,890000877557,Fresh Produce,64,bunch,58.49,107.75,2026-09-12,Aisle 01,ambient
Zero-Sugar Herbal Hand Wash Neem 2kg,Tata Provisions,HOUS-90794,890000877558,Household & Personal Care,189,packet,280.99,396.53,2028-08-01,Aisle 12,ambient
Artisan Brioche Burger Buns Snack Pack,Nature Harvest Naturals,BAKE-13741,890000877559,Bakery & Deli,33,pcs,106.90,168.16,2026-09-01,Aisle 04,chilled
Organic Fresh Chicken Curry Cut 2L,SunBrite Naturals,MEAT-36493,890000877560,Meat & Seafood,103,kg,304.23,560.88,2026-08-29,Aisle 04,chilled
Artisan California Almonds 2kg,FarmGold Agro,SNAC-32392,890000877561,Snacks & Confectionery,88,bag,170.18,274.69,2027-02-11,Aisle 10,ambient
Natural Dark Chocolate Frozen Veg Momos 750ml,Urban Roots Goods,FROZ-72035,890000877562,Frozen Foods,108,tub,124.83,192.04,2027-03-06,Aisle 08,frozen
Low-Sodium Matcha Green Tea Biodegradable Garbage Bags 4-Pack,Royal Indian Kitchens,HOUS-38997,890000877563,Household & Personal Care,17,packet,216.10,391.21,2028-02-29,Aisle 11,ambient
Spiced Coconut Cream French Fries Crispy 200g,Patanjali Milling,FROZ-71347,890000877564,Frozen Foods,86,pack,200.88,360.69,2027-02-21,Aisle 08,frozen
Cured Frozen Samosas 2kg,SunBrite Springs,FROZ-15510,890000877565,Frozen Foods,148,pack,69.81,100.21,2027-06-21,Aisle 09,frozen
Cured Granola Health Bars 24-Pack,Pure Vedic Kitchens,SNAC-98641,890000877566,Snacks & Confectionery,114,packet,418.85,737.38,2027-03-01,Aisle 10,ambient
Homestyle Biodegradable Garbage Bags 750g,Vedic Fresh Naturals,HOUS-25145,890000877567,Household & Personal Care,36,box,409.75,579.05,2026-08-28,Aisle 12,ambient
Sweet Kashmiri Saffron Pita Bread 350g,FarmGold Harvest,BAKE-55768,890000877568,Bakery & Deli,20,box,135.98,214.01,2026-09-03,Aisle 04,chilled
Aged Golden Ginger Frozen Veg Momos 2kg,Nature Harvest Co.,FROZ-85182,890000877569,Frozen Foods,174,packet,264.18,400.21,2027-07-18,Aisle 08,frozen
Raw Kashmiri Saffron Shampoo Anti-Dandruff Snack Pack,Patanjali Farms,HOUS-75463,890000877570,Household & Personal Care,181,pack,54.11,76.88,2027-08-30,Aisle 11,ambient
Pure Cardamom Spiced Granola Health Bars 2kg,Vedic Fresh Kitchens,SNAC-91065,890000877571,Snacks & Confectionery,65,bag,178.40,272.02,2027-03-31,Aisle 09,ambient
Crisp Bath Tissue 6-Pack 330ml,Pashmina Kitchens,HOUS-82747,890000877572,Household & Personal Care,60,tube,315.22,517.54,2027-03-15,Aisle 11,ambient
Artisan French Fries Crispy 400g,Pure Vedic Co.,FROZ-29589,890000877573,Frozen Foods,132,box,369.66,478.54,2027-07-09,Aisle 09,frozen
Rustic Coconut Cream Mutton Chops 350g,Green Earth Foods,MEAT-98660,890000877574,Meat & Seafood,183,pcs,295.43,454.31,2026-08-29,Aisle 05,chilled
Premium Kesar Pista Mozzarella 8-Pack,Green Earth Springs,DAIR-21614,890000877575,Dairy & Eggs,192,bottle,345.92,497.77,2026-09-22,Aisle 03,chilled
Heritage Kashmiri Saffron Aloo Tikki 8-Pack 2L,Tata Provisions,FROZ-97425,890000877576,Frozen Foods,200,bag,199.34,279.24,2027-02-13,Aisle 08,frozen
Gluten-Free Sea Salt Brioche Burger Buns 6-Pack,Pashmina Springs,BAKE-67868,890000877577,Bakery & Deli,9,pack,202.69,268.79,2026-09-07,Aisle 04,ambient
Gluten-Free Coconut Cream Iced Lemon Tea 100g,Desi Organics Dairy,BEVE-57654,890000877578,Beverages,79,can,214.01,308.75,2027-04-20,Aisle 05,chilled
Gluten-Free Veg Spring Rolls 100g,Ganga Harvest,FROZ-31876,890000877579,Frozen Foods,66,box,62.69,86.89,2027-03-09,Aisle 08,frozen
Pure Mint Lime 70% Dark Chocolate Bar 24-Pack,Nature Harvest Harvest,SNAC-88369,890000877580,Snacks & Confectionery,198,tub,407.92,597.46,2026-08-25,Aisle 09,ambient
Homestyle 70% Dark Chocolate Bar Snack Pack,Pure Vedic Foods,SNAC-25469,890000877581,Snacks & Confectionery,48,tub,65.06,95.71,2027-05-13,Aisle 09,ambient
Natural Heavy Cream 750ml,SunBrite Goods,DAIR-55682,890000877582,Dairy & Eggs,74,tub,474.76,746.71,2026-09-24,Aisle 02,chilled
Handcrafted Mustard Oil Pink Himalayan Salt 12-Pack,Pashmina Organics,PANT-16643,890000877583,Pantry & Dry Goods,92,jar,186.23,304.63,2028-06-22,Aisle 08,ambient
Roasted Golden Ginger Frozen Green Peas 500g,Desi Organics Kitchens,FROZ-64816,890000877584,Frozen Foods,103,tub,201.22,262.74,2027-01-10,Aisle 09,frozen
Desi Masala Potato Chips 1kg,Pure Vedic Farms,SNAC-73577,890000877585,Snacks & Confectionery,175,bar,296.92,402.49,2027-03-16,Aisle 10,ambient
Artisan Amul Gouda Block 12-Pack,SunBrite Co.,DAIR-28094,890000877586,Dairy & Eggs,81,box,368.45,471.39,2026-09-23,Aisle 03,chilled
Desi Nagpur Orange Organic Atta 5kg 500g,Pashmina Farms,PANT-15730,890000877587,Pantry & Dry Goods,99,can,226.40,395.24,2027-12-08,Aisle 08,ambient
Crisp Masala Chai Chicken Sausages 12-Pack,Ganga Goods,MEAT-52839,890000877588,Meat & Seafood,178,pack,211.51,389.78,2026-09-01,Aisle 05,chilled
Farm-Fresh Cardamom Spiced Electrolyte Drink 12-Pack,Ganga Kitchens,BEVE-12008,890000877589,Beverages,57,pack,75.02,103.39,2026-10-26,Aisle 06,chilled
Gluten-Free Whole Wheat Atta Bread 8-Pack,Pure Vedic Agro,BAKE-93431,890000877590,Bakery & Deli,30,pcs,152.07,268.23,2026-09-06,Aisle 03,chilled
Zero-Sugar Fresh Chicken Curry Cut 330ml,Tata Kitchens,MEAT-47446,890000877591,Meat & Seafood,70,pcs,657.66,1153.64,2026-08-31,Aisle 05,chilled
Pure Masala Potato Chips 1L,Royal Indian Provisions,SNAC-58985,890000877592,Snacks & Confectionery,118,box,185.01,296.68,2026-12-14,Aisle 10,ambient
Gourmet Wood-Fired Pizza 200g,Urban Roots Naturals,FROZ-35910,890000877593,Frozen Foods,152,pack,103.06,147.00,2027-01-08,Aisle 08,frozen
Sweet Dark Chocolate Penne Rigate Pasta 4-Pack,Royal Indian Organics,PANT-73628,890000877594,Pantry & Dry Goods,68,box,494.11,713.45,2027-02-05,Aisle 08,ambient
Traditional Alphonso Mango Paneer Tikka Deli 750g,Urban Roots Harvest,BAKE-81262,890000877595,Bakery & Deli,167,pcs,192.62,308.26,2026-09-01,Aisle 04,ambient
Crisp Kesar Pista Amla Juice 200g,Heritage Farms,BEVE-80464,890000877596,Beverages,40,carton,237.02,404.64,2027-08-20,Aisle 06,chilled
Free-Range Carrots 330ml,Patanjali Agro,FRES-44625,890000877597,Fresh Produce,191,kg,101.72,144.72,2026-08-31,Aisle 01,chilled
Pure Chicken Frankfurters 6-Pack,Green Earth Agro,BAKE-65082,890000877598,Bakery & Deli,85,box,257.47,338.32,2026-09-04,Aisle 03,ambient
Sweet Sea Salt California Almonds 500g,Amul Agro,SNAC-38105,890000877599,Snacks & Confectionery,169,box,200.29,333.32,2027-06-11,Aisle 09,ambient
Raw Mozzarella 400g,Patanjali Springs,DAIR-19926,890000877600,Dairy & Eggs,16,bottle,45.72,69.16,2026-09-07,Aisle 03,chilled
Plant-Based Rose Infused Crab Meat Fresh 100g,Green Earth Agro,MEAT-39878,890000877601,Meat & Seafood,143,pack,371.25,477.17,2026-08-31,Aisle 04,chilled
Gluten-Free Papayas 400g,Pure Vedic Milling,FRES-70424,890000877602,Fresh Produce,67,bunch,76.50,108.10,2026-09-08,Aisle 02,chilled
Gourmet Royal Basmati Rice 750ml,Patanjali Foods,PANT-56046,890000877603,Pantry & Dry Goods,172,bag,472.01,598.56,2028-01-05,Aisle 08,ambient
Select Kesar Pista Fresh Chicken Curry Cut Snack Pack,Desi Organics Organics,MEAT-86928,890000877604,Meat & Seafood,135,kg,704.85,1231.81,2026-08-30,Aisle 05,chilled
Sweet Toasted Sesame Raw Wildflower Honey 330ml,Tata Botanicals,PANT-76719,890000877605,Pantry & Dry Goods,91,jar,541.60,870.40,2028-04-03,Aisle 06,ambient
Handcrafted Alphonso Mango Frozen Green Peas 1.5L,Heritage Provisions,FROZ-41835,890000877606,Frozen Foods,98,box,61.92,104.71,2026-10-30,Aisle 08,frozen
Rustic Kulcha 4-Pack 750ml,SunBrite Goods,BAKE-69727,890000877607,Bakery & Deli,78,pcs,178.02,309.75,2026-09-01,Aisle 03,chilled
Organic Filter Coffee Beans 350g,Pure Vedic Naturals,BEVE-37076,890000877608,Beverages,9,box,139.94,258.40,2026-11-02,Aisle 05,ambient
Farm-Fresh Butter Croissants 400g,Kaveri Naturals,BAKE-81824,890000877609,Bakery & Deli,124,pack,63.89,104.63,2026-08-27,Aisle 03,ambient
Gourmet Tender Coconut Water 1kg,Pure Vedic Goods,BEVE-74148,890000877610,Beverages,174,box,58.19,105.15,2026-09-21,Aisle 05,ambient
Select Moong Dal Washed 400g,SunBrite Co.,PANT-90700,890000877611,Pantry & Dry Goods,191,jar,361.04,577.92,2028-07-23,Aisle 08,ambient
Cured Toasted Sesame Buffalo Milk 400g,Himalayan Milling,DAIR-42103,890000877612,Dairy & Eggs,7,bottle,315.58,406.17,2026-09-03,Aisle 03,chilled
Free-Range Ayurvedic Bath Soap 500g,Royal Indian Naturals,HOUS-70460,890000877613,Household & Personal Care,61,box,386.73,663.13,2027-10-10,Aisle 12,ambient
Organic Extra Virgin Olive Oil 4-Pack,Desi Organics Foods,PANT-85476,890000877614,Pantry & Dry Goods,75,jar,69.35,96.57,2027-09-17,Aisle 06,ambient
Crisp Amla Juice 1kg,Himalayan Goods,BEVE-87930,890000877615,Beverages,115,can,281.37,440.15,2026-10-22,Aisle 06,chilled
Extra-Virgin Paneer Block 12-Pack,Pashmina Goods,DAIR-19458,890000877616,Dairy & Eggs,12,bottle,91.62,162.87,2026-09-18,Aisle 03,chilled
Roasted Nimbu Paani Soda 400g,Green Earth Kitchens,BEVE-55925,890000877617,Beverages,178,bottle,397.21,524.97,2026-08-26,Aisle 05,ambient
Handcrafted Pista Almond Veg Spring Rolls Snack Pack,Tata Dairy,FROZ-17339,890000877618,Frozen Foods,146,packet,183.43,276.97,2027-03-24,Aisle 09,frozen
Grass-Fed Kashmiri Saffron Chaash / Buttermilk 1.5L,Ganga Organics,DAIR-57248,890000877619,Dairy & Eggs,77,tub,228.09,328.10,2026-09-07,Aisle 03,chilled
Artisan Sparkling Mineral Water 400g,Vedic Fresh Milling,BEVE-67108,890000877620,Beverages,78,bottle,210.08,317.43,2027-02-11,Aisle 05,ambient
Organic Pineapples 12-Pack,Pashmina Foods,FRES-25054,890000877621,Fresh Produce,132,bag,128.90,169.13,2026-08-26,Aisle 02,chilled
Aged Veg Spring Rolls 750ml,Amul Naturals,FROZ-35450,890000877622,Frozen Foods,70,box,214.62,363.49,2027-05-15,Aisle 09,frozen
Desi Matcha Green Tea Buffalo Milk 330ml,Urban Roots Provisions,DAIR-31744,890000877623,Dairy & Eggs,35,carton,353.78,631.47,2026-08-25,Aisle 02,chilled
Sweet Mustard Oil Organic Atta 5kg 12-Pack,Heritage Naturals,PANT-64243,890000877624,Pantry & Dry Goods,53,box,302.66,485.81,2028-03-24,Aisle 08,ambient
Select Vanilla Bean Masala Potato Chips 4-Pack,Desi Organics Goods,SNAC-53918,890000877625,Snacks & Confectionery,171,bag,453.50,647.16,2027-01-14,Aisle 10,ambient
Select Rose Infused Malai Kulfi Bar Family Pack,Patanjali Springs,FROZ-82645,890000877626,Frozen Foods,162,bag,106.47,137.28,2027-08-15,Aisle 09,frozen
Pure Cinnamon Spice Nimbu Paani Soda 2L,Royal Indian Organics,BEVE-54496,890000877627,Beverages,147,bag,156.81,214.41,2026-08-29,Aisle 05,chilled
Pure Mustard Oil Edamame Pods 5kg,Nature Harvest Organics,FROZ-75207,890000877628,Frozen Foods,173,box,261.14,348.15,2027-03-03,Aisle 08,frozen
Organic Cardamom Spiced Salted Butter 750g,Royal Indian Botanicals,DAIR-61645,890000877629,Dairy & Eggs,130,tub,96.93,142.85,2026-09-21,Aisle 02,chilled
Low-Sodium Dark Chocolate Toned Milk 12-Pack,Kaveri Springs,DAIR-42111,890000877630,Dairy & Eggs,198,packet,52.42,71.02,2026-09-14,Aisle 02,chilled
Crisp Cow Milk 24-Pack,Green Earth Goods,DAIR-90318,890000877631,Dairy & Eggs,77,box,177.57,238.34,2026-09-11,Aisle 02,chilled
Sweet Toasted Sesame Paneer Block 1.5L,Nature Harvest Co.,DAIR-57677,890000877632,Dairy & Eggs,89,carton,80.12,101.26,2026-09-04,Aisle 03,chilled
Aged Frozen Samosas 250ml,SunBrite Harvest,FROZ-30379,890000877633,Frozen Foods,100,tub,109.69,160.34,2027-04-17,Aisle 08,frozen
Desi Cow Milk Snack Pack,Ganga Organics,DAIR-22726,890000877634,Dairy & Eggs,101,tub,72.25,98.08,2026-09-09,Aisle 03,chilled
Pure Nagpur Orange Kabuli Chana 250ml,Royal Indian Harvest,PANT-45295,890000877635,Pantry & Dry Goods,21,bag,452.05,720.47,2026-08-29,Aisle 06,ambient
Free-Range Garlic & Herb Surface Floor Cleaner Rose 330ml,Tata Agro,HOUS-39979,890000877636,Household & Personal Care,197,packet,372.30,531.37,2028-05-07,Aisle 11,ambient
Crisp Jalapeno Lime Nimbu Paani Soda 500ml,Pashmina Provisions,BEVE-96586,890000877637,Beverages,167,bottle,254.06,325.53,2027-02-24,Aisle 06,ambient
Roasted Granola Health Bars 2kg,Heritage Harvest,SNAC-73334,890000877638,Snacks & Confectionery,124,bag,227.01,378.14,2027-02-16,Aisle 09,ambient
Pure Bhujia Sev 4-Pack,Amul Kitchens,SNAC-28365,890000877639,Snacks & Confectionery,12,packet,242.09,442.37,2026-08-15,Aisle 09,ambient
Organic Nagpur Orange Cold Brew Coffee 8-Pack,Patanjali Kitchens,BEVE-93548,890000877640,Beverages,113,bottle,381.32,617.29,2026-12-20,Aisle 06,chilled
Farm-Fresh Golden Ginger Veg Burger Patties 2L,Vedic Fresh Harvest,FROZ-17202,890000877641,Frozen Foods,153,bag,352.49,608.25,2027-04-27,Aisle 09,frozen
Rustic Truffle Infused Toor Dal Premium 5kg,Heritage Foods,PANT-52169,890000877642,Pantry & Dry Goods,107,bag,139.97,208.98,2028-03-27,Aisle 06,ambient
Zero-Sugar Smoked Paprika Salted Butter 250g,Vedic Fresh Naturals,DAIR-73052,890000877643,Dairy & Eggs,13,pack,297.44,503.74,2026-09-12,Aisle 02,chilled
Premium Rose Infused Surmai Steaks 12-Pack,Heritage Milling,MEAT-31799,890000877644,Meat & Seafood,30,pcs,657.89,903.87,2026-09-02,Aisle 05,chilled
Spiced Filter Coffee Beans 2kg,Urban Roots Springs,BEVE-98688,890000877645,Beverages,11,box,185.86,307.51,2026-11-21,Aisle 05,chilled
Cold-Pressed Pita Bread 750g,Green Earth Kitchens,BAKE-85781,890000877646,Bakery & Deli,110,box,96.43,137.53,2026-08-31,Aisle 03,ambient
Select Golden Ginger Greek Yogurt 250ml,Pure Vedic Provisions,DAIR-71723,890000877647,Dairy & Eggs,197,tub,184.50,237.68,2026-09-02,Aisle 03,chilled
Pure Frozen Samosas 12-Pack,Heritage Foods,FROZ-50354,890000877648,Frozen Foods,183,packet,313.70,410.30,2027-07-28,Aisle 08,frozen
Free-Range Matcha Green Tea Parmigiano-Reggiano 330ml,Nature Harvest Agro,DAIR-51089,890000877649,Dairy & Eggs,22,bottle,140.93,237.44,2026-09-14,Aisle 02,chilled
Sweet Pista Almond Raw Wildflower Honey Snack Pack,Urban Roots Provisions,PANT-80850,890000877650,Pantry & Dry Goods,138,packet,43.44,59.72,2027-03-01,Aisle 07,ambient
Zero-Sugar Edamame Pods 6-Pack,Patanjali Naturals,FROZ-45854,890000877651,Frozen Foods,143,box,75.16,128.97,2027-01-14,Aisle 08,frozen
Sweet Cinnamon Spice Atlantic Salmon Fillet 2kg,Urban Roots Organics,MEAT-63448,890000877652,Meat & Seafood,144,pack,348.78,469.11,2026-08-30,Aisle 05,chilled
Homestyle Alphonso Mango Bananas 2kg,Pure Vedic Milling,FRES-18002,890000877653,Fresh Produce,10,bag,53.70,95.71,2026-08-28,Aisle 02,chilled
Sweet Pure Jaggery Powder 750ml,Heritage Kitchens,PANT-53071,890000877654,Pantry & Dry Goods,69,bag,449.89,816.42,2028-02-08,Aisle 08,ambient
Sweet Dark Chocolate California Almonds 330ml,Desi Organics Agro,SNAC-57772,890000877655,Snacks & Confectionery,103,packet,257.83,427.48,2027-04-17,Aisle 09,ambient
Rustic Masala Chai Seedless Grapes 200g,Green Earth Kitchens,FRES-98645,890000877656,Fresh Produce,61,bunch,22.36,38.16,2026-09-14,Aisle 01,ambient
Crisp Floor Disinfectant 500g,Ganga Botanicals,HOUS-64978,890000877657,Household & Personal Care,166,pack,209.03,356.47,2028-02-06,Aisle 11,ambient
Grass-Fed Chicken Sausages 200g,FarmGold Co.,MEAT-71130,890000877658,Meat & Seafood,192,pack,762.41,1022.88,2026-08-31,Aisle 04,chilled
Low-Sodium Sea Salt Surmai Steaks 4-Pack,Royal Indian Farms,MEAT-59421,890000877659,Meat & Seafood,79,kg,364.27,621.94,2026-08-29,Aisle 05,chilled
Smoked Mustard Oil Masala CTC Tea 2L,Urban Roots Foods,BEVE-70912,890000877660,Beverages,46,box,336.42,534.88,2026-08-29,Aisle 06,chilled
Extra-Virgin Fresh Chicken Curry Cut 750g,Pashmina Kitchens,MEAT-79162,890000877661,Meat & Seafood,115,kg,162.28,253.92,2026-08-31,Aisle 05,chilled
Gluten-Free Alphonso Mango Curd Tub 500ml,Pashmina Milling,DAIR-83072,890000877662,Dairy & Eggs,150,bottle,89.36,131.97,2026-08-29,Aisle 03,chilled
Aged Tender Coconut Water 250ml,Nature Harvest Farms,BEVE-24687,890000877663,Beverages,52,bottle,293.41,495.59,2027-06-28,Aisle 06,chilled
Spiced Cinnamon Spice Clove & Mint Toothpaste 24-Pack,Tata Harvest,HOUS-74526,890000877664,Household & Personal Care,142,box,170.57,220.89,2027-04-16,Aisle 12,ambient
Cured Alphonso Mango Seedless Grapes 750ml,Kaveri Springs,FRES-29330,890000877665,Fresh Produce,196,pcs,49.77,71.69,2026-09-04,Aisle 02,chilled
Aged Bottle Gourd 1.5L,Royal Indian Foods,FRES-91069,890000877666,Fresh Produce,63,pcs,96.64,123.50,2026-09-06,Aisle 02,chilled
Farm-Fresh Pineapples 100g,Urban Roots Organics,FRES-70749,890000877667,Fresh Produce,46,kg,20.17,36.46,2026-09-14,Aisle 01,ambient
Cold-Pressed Brioche Burger Buns 500ml,Tata Kitchens,BAKE-47808,890000877668,Bakery & Deli,68,pcs,120.33,177.03,2026-08-30,Aisle 04,chilled
Artisan Bath Tissue 6-Pack 1kg,Pure Vedic Botanicals,HOUS-80882,890000877669,Household & Personal Care,16,bottle,203.79,369.49,2029-01-20,Aisle 12,ambient
Low-Sodium Tiger Prawns Jumbo 100g,Patanjali Co.,MEAT-91597,890000877670,Meat & Seafood,7,pcs,240.13,313.31,2026-08-29,Aisle 05,chilled
Rustic Chaash / Buttermilk 1.5L,Desi Organics Farms,DAIR-79788,890000877671,Dairy & Eggs,16,pack,275.70,445.95,2026-09-01,Aisle 02,chilled
Plant-Based Nagpur Orange Biodegradable Garbage Bags 5kg,FarmGold Provisions,HOUS-87429,890000877672,Household & Personal Care,96,bottle,320.42,486.66,2027-12-20,Aisle 11,ambient
Cured Crab Meat Fresh 100g,Patanjali Naturals,MEAT-59995,890000877673,Meat & Seafood,124,kg,361.54,488.74,2026-09-01,Aisle 05,chilled
Premium Baby Spinach 400g,Nature Harvest Foods,FRES-17918,890000877674,Fresh Produce,129,bunch,107.16,191.65,2026-09-03,Aisle 02,ambient
Artisan Matcha Green Tea Pita Bread 350g,FarmGold Naturals,BAKE-63665,890000877675,Bakery & Deli,122,pack,199.64,349.08,2026-09-09,Aisle 04,chilled
Raw Mint Lime Cream Cheese 6-Pack,FarmGold Goods,DAIR-79586,890000877676,Dairy & Eggs,128,packet,107.07,172.22,2026-09-24,Aisle 02,chilled
Zero-Sugar Sea Salt Greek Yogurt Snack Pack,Amul Milling,DAIR-69565,890000877677,Dairy & Eggs,152,packet,325.66,489.14,2026-09-23,Aisle 02,chilled
Rustic Nagpur Orange Salami 4-Pack,Patanjali Kitchens,BAKE-63915,890000877678,Bakery & Deli,130,pcs,61.92,82.04,2026-09-06,Aisle 03,ambient
Raw Alphonso Mango Pomfret Whole 12-Pack,Pashmina Botanicals,MEAT-53744,890000877679,Meat & Seafood,12,pack,648.81,910.07,2026-08-28,Aisle 04,chilled
Gourmet Frozen Samosas 6-Pack,Kaveri Organics,FROZ-67854,890000877680,Frozen Foods,127,tub,137.01,200.27,2027-08-14,Aisle 08,frozen
Natural Alphonso Mango Frozen Paneer Cubes 8-Pack,Desi Organics Harvest,FROZ-18477,890000877681,Frozen Foods,153,tub,174.39,281.09,2027-08-25,Aisle 09,frozen
Crisp Nagpur Orange Veg Spring Rolls 2L,Pashmina Goods,FROZ-49586,890000877682,Frozen Foods,192,box,102.87,133.69,2027-01-04,Aisle 09,frozen
Cured Pista Almond Kitchen Paper Towels 4-Roll 250ml,FarmGold Agro,HOUS-21296,890000877683,Household & Personal Care,162,bottle,347.78,462.61,2026-08-28,Aisle 11,ambient
Farm-Fresh Coconut Cream Edamame Pods 200g,Pashmina Springs,FROZ-70963,890000877684,Frozen Foods,59,packet,287.03,375.13,2027-03-25,Aisle 09,frozen
Heritage Himalayan Spring Water 750g,SunBrite Harvest,BEVE-54925,890000877685,Beverages,10,bag,208.73,355.97,2026-12-07,Aisle 06,ambient
Extra-Virgin Pista Almond Veg Burger Patties 2L,FarmGold Springs,FROZ-21016,890000877686,Frozen Foods,94,packet,153.17,272.02,2027-04-24,Aisle 09,frozen
Farm-Fresh Biodegradable Garbage Bags 750ml,Tata Kitchens,HOUS-74137,890000877687,Household & Personal Care,64,bottle,55.87,71.33,2026-08-25,Aisle 12,ambient
Free-Range Crab Meat Fresh 2kg,Green Earth Springs,MEAT-42681,890000877688,Meat & Seafood,28,pcs,191.44,310.38,2026-08-27,Aisle 04,chilled
Cold-Pressed Coconut Cream Ciabatta Roll 350g,Ganga Harvest,BAKE-73099,890000877689,Bakery & Deli,60,pcs,239.78,359.77,2026-09-03,Aisle 04,ambient
Premium Caramelized Onion Iced Lemon Tea 750ml,Amul Kitchens,BEVE-54598,890000877690,Beverages,196,bottle,372.25,548.63,2026-08-24,Aisle 05,chilled
Organic Chicken Sausages 4-Pack,Tata Naturals,MEAT-65649,890000877691,Meat & Seafood,200,pack,523.40,906.57,2026-08-31,Aisle 05,chilled
Organic Mutton Curry Cut 12-Pack,Urban Roots Provisions,MEAT-83881,890000877692,Meat & Seafood,58,pcs,411.31,574.49,2026-08-29,Aisle 05,chilled
Spiced Shampoo Anti-Dandruff 6-Pack,Vedic Fresh Foods,HOUS-46486,890000877693,Household & Personal Care,53,pack,256.76,386.89,2028-12-05,Aisle 11,ambient
Farm-Fresh Kashmiri Saffron Avocados 400g,Nature Harvest Farms,FRES-14218,890000877694,Fresh Produce,24,kg,44.82,74.88,2026-09-16,Aisle 02,ambient
Raw Caramelized Onion Bananas 5kg,Urban Roots Milling,FRES-94813,890000877695,Fresh Produce,23,kg,105.96,144.80,2026-08-29,Aisle 02,chilled
Artisan Nimbu Paani Soda Family Pack,Tata Foods,BEVE-76610,890000877696,Beverages,182,can,392.41,569.00,2027-05-06,Aisle 05,chilled
Pure Sea Salt Bell Peppers 750ml,Himalayan Organics,FRES-62277,890000877697,Fresh Produce,135,pcs,73.65,125.09,2026-09-10,Aisle 02,chilled
Handcrafted Nagpur Orange Ginger Kombucha 250ml,Pashmina Farms,BEVE-32237,890000877698,Beverages,74,bag,266.95,409.55,2027-03-05,Aisle 06,chilled
Rustic Shampoo Anti-Dandruff 330ml,Nature Harvest Harvest,HOUS-25100,890000877699,Household & Personal Care,20,box,159.80,234.85,2028-03-05,Aisle 12,ambient
Premium Pista Almond Kitchen Paper Towels 4-Roll 350g,FarmGold Agro,HOUS-75789,890000877700,Household & Personal Care,195,tube,90.41,147.57,2027-08-14,Aisle 11,ambient
Gluten-Free Pista Almond Veg Spring Rolls 2L,Pashmina Co.,FROZ-45941,890000877701,Frozen Foods,96,pack,199.42,298.08,2026-08-27,Aisle 08,frozen
Crisp Fresh Chicken Curry Cut 330ml,Pure Vedic Botanicals,MEAT-30499,890000877702,Meat & Seafood,184,pcs,444.66,673.29,2026-09-02,Aisle 04,chilled
Traditional Caramelized Onion Bell Peppers 1L,Ganga Dairy,FRES-32475,890000877703,Fresh Produce,106,pack,103.70,173.00,2026-09-06,Aisle 02,ambient
Roasted Broccoli Crowns 8-Pack,Pure Vedic Provisions,FRES-39719,890000877704,Fresh Produce,175,bunch,119.69,203.58,2026-09-14,Aisle 01,chilled
Spiced Paneer Tikka Deli 6-Pack,Pure Vedic Farms,BAKE-27310,890000877705,Bakery & Deli,163,pack,55.29,69.31,2026-08-29,Aisle 04,ambient
Sweet Roasted Makhana Foxnuts 330ml,Vedic Fresh Milling,SNAC-83060,890000877706,Snacks & Confectionery,155,tub,20.34,35.52,2027-01-31,Aisle 09,ambient
Extra-Virgin Gourmet Cookies Choco-Chip 4-Pack,Himalayan Farms,SNAC-45645,890000877707,Snacks & Confectionery,152,tub,268.13,476.27,2026-12-04,Aisle 09,ambient
Cold-Pressed Fresh Chicken Curry Cut Family Pack,Desi Organics Agro,MEAT-92067,890000877708,Meat & Seafood,41,pack,788.36,1259.26,2026-08-27,Aisle 04,chilled
Grass-Fed Strawberries 500ml,Tata Goods,FRES-84479,890000877709,Fresh Produce,103,pcs,41.90,63.67,2026-08-29,Aisle 02,chilled
Gluten-Free Mutton Chops 400g,Amul Harvest,MEAT-86804,890000877710,Meat & Seafood,24,pack,737.92,1277.91,2026-08-31,Aisle 05,chilled
Heritage Cardamom Spiced Almond Milk 200g,Amul Farms,DAIR-80816,890000877711,Dairy & Eggs,83,box,301.31,455.40,2026-09-16,Aisle 02,chilled
Spiced Matcha Green Tea Frozen Paneer Cubes 350g,Pashmina Dairy,FROZ-50634,890000877712,Frozen Foods,147,bag,348.47,521.08,2027-07-19,Aisle 09,frozen
Select Golden Ginger Edamame Pods 4-Pack,Urban Roots Harvest,FROZ-70877,890000877713,Frozen Foods,153,bag,374.30,539.38,2027-04-28,Aisle 09,frozen
Grass-Fed Buffalo Milk 2L,Patanjali Botanicals,DAIR-94161,890000877714,Dairy & Eggs,90,carton,205.46,368.67,2026-09-23,Aisle 02,chilled
Crisp Bananas 330ml,Tata Foods,FRES-65657,890000877715,Fresh Produce,28,kg,133.99,168.86,2026-09-07,Aisle 01,chilled
Gluten-Free Roma Tomatoes 6-Pack,Kaveri Provisions,FRES-28771,890000877716,Fresh Produce,163,bag,38.70,65.17,2026-08-28,Aisle 02,ambient
Smoked Masala CTC Tea 24-Pack,Kaveri Kitchens,BEVE-46441,890000877717,Beverages,117,can,338.36,610.03,2026-09-20,Aisle 05,ambient
Zero-Sugar Garlic & Herb Alphonso Kulfi Tub 500ml,Ganga Harvest,FROZ-93592,890000877718,Frozen Foods,196,box,320.23,518.53,2027-08-17,Aisle 08,frozen
Zero-Sugar Sea Salt Chicken Keema 330ml,Himalayan Organics,MEAT-34442,890000877719,Meat & Seafood,34,pack,793.86,1410.24,2026-08-31,Aisle 04,chilled
Gourmet Truffle Infused Filter Coffee Beans 6-Pack,Patanjali Goods,BEVE-85318,890000877720,Beverages,66,box,181.52,236.95,2027-07-24,Aisle 06,chilled
Handcrafted Raw Wildflower Honey Family Pack,Urban Roots Harvest,PANT-58689,890000877721,Pantry & Dry Goods,130,box,142.94,201.89,2026-12-12,Aisle 08,ambient
Spiced Smoked Paprika Veg Spring Rolls 750g,SunBrite Kitchens,FROZ-54192,890000877722,Frozen Foods,13,box,341.96,539.08,2027-07-13,Aisle 09,frozen
Cold-Pressed Filter Coffee Beans 6-Pack,Ganga Agro,BEVE-68504,890000877723,Beverages,200,bottle,260.65,402.52,2027-06-23,Aisle 05,ambient
Cold-Pressed Dark Chocolate Cold Brew Coffee 500g,SunBrite Botanicals,BEVE-27256,890000877724,Beverages,158,can,64.37,113.79,2026-08-23,Aisle 06,chilled
Homestyle Masala Chai Cream Cheese 330ml,Patanjali Agro,DAIR-94301,890000877725,Dairy & Eggs,95,bottle,280.29,463.80,2026-09-01,Aisle 02,chilled
Sweet Cinnamon Swirl Buns 500ml,Green Earth Farms,BAKE-92951,890000877726,Bakery & Deli,34,pack,130.58,230.64,2026-09-05,Aisle 04,chilled
Aged Fruit Muffins 250g,Green Earth Farms,BAKE-38421,890000877727,Bakery & Deli,197,pack,53.16,66.81,2026-09-01,Aisle 04,chilled
Gourmet Aloo Tikki 8-Pack Family Pack,SunBrite Provisions,FROZ-49914,890000877728,Frozen Foods,80,tub,292.54,385.57,2027-05-13,Aisle 09,frozen
Cold-Pressed Veg Burger Patties 24-Pack,Green Earth Agro,FROZ-11886,890000877729,Frozen Foods,101,tub,219.93,315.34,2027-01-30,Aisle 08,frozen
Raw Parmigiano-Reggiano 500ml,SunBrite Springs,DAIR-41300,890000877730,Dairy & Eggs,36,tub,211.49,368.54,2026-09-07,Aisle 03,chilled
Select Kitchen Paper Towels 4-Roll 350g,Himalayan Kitchens,HOUS-53504,890000877731,Household & Personal Care,107,pack,343.26,495.06,2026-08-26,Aisle 11,ambient
Homestyle Toasted Sesame Boneless Chicken Breast 1L,Himalayan Provisions,MEAT-74521,890000877732,Meat & Seafood,192,pcs,825.04,1099.04,2026-09-02,Aisle 05,chilled
Sweet Sourdough Loaf 250ml,Kaveri Milling,BAKE-71206,890000877733,Bakery & Deli,176,box,141.27,217.83,2026-08-29,Aisle 04,chilled
Rustic Sea Salt Boneless Chicken Breast 2L,Vedic Fresh Goods,MEAT-63208,890000877734,Meat & Seafood,139,pack,776.23,1051.45,2026-08-29,Aisle 04,chilled
Cured Smoked Paprika Tiger Prawns Jumbo Family Pack,Nature Harvest Farms,MEAT-96727,890000877735,Meat & Seafood,41,pack,462.80,727.49,2026-08-31,Aisle 04,chilled
Zero-Sugar Smoked Paprika Pav 6-Pack 400g,Urban Roots Springs,BAKE-47045,890000877736,Bakery & Deli,72,pcs,206.77,325.67,2026-09-04,Aisle 04,chilled
Zero-Sugar Truffle Infused Malai Kulfi Bar 400g,Royal Indian Goods,FROZ-87215,890000877737,Frozen Foods,10,packet,112.06,140.41,2027-07-20,Aisle 08,frozen
Rustic Nagpur Orange Ginger Kombucha 750g,Vedic Fresh Foods,BEVE-64781,890000877738,Beverages,126,bottle,183.98,234.71,2026-08-20,Aisle 05,ambient
Aged Ciabatta Roll 12-Pack,Green Earth Dairy,BAKE-12790,890000877739,Bakery & Deli,200,pack,231.74,382.93,2026-09-07,Aisle 04,chilled
Desi Alphonso Mango Mustard Oil Kachi Ghani Family Pack,Vedic Fresh Goods,PANT-32427,890000877740,Pantry & Dry Goods,81,box,463.62,648.73,2027-05-08,Aisle 08,ambient
Handcrafted Kesar Pista Chicken Frankfurters 1L,Ganga Dairy,BAKE-76993,890000877741,Bakery & Deli,121,pack,268.40,457.87,2026-09-08,Aisle 04,chilled
Artisan Matcha Green Tea Ginger Kombucha 330ml,Pashmina Co.,BEVE-10823,890000877742,Beverages,46,box,356.37,589.33,2026-12-25,Aisle 05,chilled
Spiced Bell Peppers 5kg,Royal Indian Milling,FRES-21299,890000877743,Fresh Produce,104,pcs,54.45,97.32,2026-09-09,Aisle 02,ambient
Pure Garlic Focaccia 6-Pack,Tata Springs,BAKE-37031,890000877744,Bakery & Deli,40,pack,168.31,277.98,2026-09-04,Aisle 04,chilled
Homestyle Smoked Paprika Fresh Mosambi Juice 250ml,Patanjali Naturals,BEVE-23466,890000877745,Beverages,164,can,392.63,526.19,2027-06-07,Aisle 06,chilled
Heritage Electrolyte Drink 350g,Nature Harvest Dairy,BEVE-93431,890000877746,Beverages,138,bag,330.37,480.85,2027-03-13,Aisle 05,ambient
Aged Masala Chai Mozzarella 500ml,Ganga Farms,DAIR-78256,890000877747,Dairy & Eggs,27,tub,311.27,534.23,2026-08-29,Aisle 02,chilled
Farm-Fresh Bath Tissue 6-Pack 4-Pack,Heritage Botanicals,HOUS-92400,890000877748,Household & Personal Care,22,tube,169.44,283.08,2028-06-17,Aisle 11,ambient
Raw Avocados 750g,Vedic Fresh Farms,FRES-37125,890000877749,Fresh Produce,101,bunch,100.45,159.18,2026-08-26,Aisle 02,chilled
Grass-Fed Alphonso Mango Extra Virgin Olive Oil 330ml,Patanjali Dairy,PANT-39364,890000877750,Pantry & Dry Goods,158,packet,57.64,97.89,2027-11-30,Aisle 06,ambient
Extra-Virgin Sea Salt Floor Disinfectant 250ml,Patanjali Harvest,HOUS-35136,890000877751,Household & Personal Care,166,pack,470.11,847.67,2026-08-28,Aisle 11,ambient
Free-Range Sea Salt Chicken Keema 750g,Green Earth Dairy,MEAT-13961,890000877752,Meat & Seafood,80,kg,479.73,687.55,2026-08-26,Aisle 05,chilled
Natural Masala Chai Pink Himalayan Salt 250ml,Urban Roots Harvest,PANT-77339,890000877753,Pantry & Dry Goods,114,bag,416.82,732.58,2028-07-12,Aisle 06,ambient
Desi Bhujia Sev 1.5L,FarmGold Milling,SNAC-79625,890000877754,Snacks & Confectionery,130,pack,105.53,166.61,2027-03-31,Aisle 10,ambient
Roasted Sweet Corn Kernels 750ml,SunBrite Co.,FROZ-13341,890000877755,Frozen Foods,54,box,92.35,166.22,2026-08-29,Aisle 09,frozen
Smoked Sourdough Loaf 350g,Amul Goods,BAKE-31379,890000877756,Bakery & Deli,108,box,143.06,244.29,2026-08-22,Aisle 03,ambient
Natural Kabuli Chana Family Pack,Ganga Goods,PANT-84073,890000877757,Pantry & Dry Goods,166,packet,105.01,164.38,2027-06-01,Aisle 08,ambient
Aged Pink Himalayan Salt 250ml,Kaveri Goods,PANT-99447,890000877758,Pantry & Dry Goods,174,packet,567.59,871.82,2027-10-25,Aisle 08,ambient
Smoked Kashmiri Saffron Mozzarella 6-Pack,Desi Organics Organics,DAIR-58910,890000877759,Dairy & Eggs,183,box,99.62,133.97,2026-09-02,Aisle 02,chilled
Pure Rose Infused Malai Kulfi Bar 100g,Pure Vedic Kitchens,FROZ-17717,890000877760,Frozen Foods,178,pack,123.20,176.84,2027-07-25,Aisle 09,frozen
Desi Amla Juice 5kg,Tata Milling,BEVE-57207,890000877761,Beverages,127,bag,316.50,405.43,2026-11-16,Aisle 05,ambient
Roasted Chicken Sausages 250ml,Nature Harvest Naturals,MEAT-17272,890000877762,Meat & Seafood,133,kg,664.80,1007.47,2026-09-01,Aisle 04,chilled
Gourmet Masala Chai Cow Milk 8-Pack,Patanjali Dairy,DAIR-55795,890000877763,Dairy & Eggs,159,tub,93.97,164.25,2026-09-09,Aisle 02,chilled
Farm-Fresh Nagpur Orange Tiger Prawns Jumbo 500ml,Himalayan Kitchens,MEAT-93477,890000877764,Meat & Seafood,182,pack,663.62,1020.07,2026-08-29,Aisle 04,chilled
Cured Pista Almond Almond Milk 750ml,Urban Roots Organics,DAIR-74242,890000877765,Dairy & Eggs,56,packet,448.94,578.39,2026-09-15,Aisle 02,chilled
Low-Sodium Cardamom Spiced Royal Basmati Rice 200g,Nature Harvest Organics,PANT-38320,890000877766,Pantry & Dry Goods,29,packet,529.30,733.75,2028-05-12,Aisle 06,ambient
Extra-Virgin Kaju Katli Sweet Box 400g,Kaveri Kitchens,SNAC-80618,890000877767,Snacks & Confectionery,140,packet,478.78,684.12,2026-08-29,Aisle 09,ambient
Free-Range 70% Dark Chocolate Bar 250ml,Nature Harvest Botanicals,SNAC-23917,890000877768,Snacks & Confectionery,120,packet,102.86,165.88,2026-11-12,Aisle 10,ambient
Crisp Whole Wheat Atta Bread Snack Pack,Amul Agro,BAKE-65161,890000877769,Bakery & Deli,119,pcs,65.87,119.40,2026-08-29,Aisle 04,ambient
Organic Fresh Chicken Curry Cut 500ml,Royal Indian Kitchens,MEAT-74090,890000877770,Meat & Seafood,105,pack,622.97,1089.42,2026-08-28,Aisle 05,chilled
Smoked Carrots 350g,Amul Foods,FRES-27312,890000877771,Fresh Produce,147,kg,77.91,140.96,2026-09-10,Aisle 01,chilled
Extra-Virgin Alphonso Mangoes 100g,Patanjali Milling,FRES-97892,890000877772,Fresh Produce,191,bunch,49.31,69.47,2026-09-05,Aisle 01,chilled
Free-Range Rose Infused Himalayan Spring Water 8-Pack,Nature Harvest Springs,BEVE-43507,890000877773,Beverages,42,carton,160.63,281.83,2027-01-04,Aisle 06,ambient
Extra-Virgin Dark Chocolate Tender Coconut Water 6-Pack,Himalayan Goods,BEVE-43612,890000877774,Beverages,96,pack,237.11,389.00,2027-06-29,Aisle 05,ambient
Low-Sodium Electrolyte Drink 100g,Himalayan Naturals,BEVE-94216,890000877775,Beverages,22,pack,114.29,199.34,2027-06-06,Aisle 06,ambient
Plant-Based Paneer Block 100g,Vedic Fresh Harvest,DAIR-25587,890000877776,Dairy & Eggs,126,packet,426.27,665.48,2026-09-17,Aisle 02,chilled
Traditional Frozen Samosas 500ml,Royal Indian Springs,FROZ-23827,890000877777,Frozen Foods,32,pack,249.29,407.98,2027-07-30,Aisle 08,frozen
Homestyle Masala Chai Electrolyte Drink 750g,Royal Indian Organics,BEVE-11443,890000877778,Beverages,106,carton,99.49,177.36,2027-07-14,Aisle 05,ambient
Cured Mustard Oil Kachi Ghani Snack Pack,Pure Vedic Milling,PANT-18048,890000877779,Pantry & Dry Goods,19,bag,256.89,429.07,2026-08-20,Aisle 07,ambient
Plant-Based Matcha Green Tea Sparkling Mineral Water 2L,Desi Organics Dairy,BEVE-54025,890000877780,Beverages,106,bottle,320.56,587.94,2027-01-02,Aisle 06,chilled
Raw Fresh Rohu Fish Family Pack,Green Earth Goods,MEAT-20649,890000877781,Meat & Seafood,53,pack,727.36,1182.91,2026-08-29,Aisle 04,chilled
Traditional Mustard Oil Fresh Chicken Curry Cut 750g,Pashmina Agro,MEAT-84631,890000877782,Meat & Seafood,108,pack,170.61,231.86,2026-08-28,Aisle 04,chilled
Aged Sea Salt Multigrain Tortillas 2L,Heritage Dairy,BAKE-48920,890000877783,Bakery & Deli,69,pcs,241.71,427.54,2026-09-04,Aisle 04,ambient
Premium Mustard Oil Buffalo Milk 6-Pack,Kaveri Organics,DAIR-73470,890000877784,Dairy & Eggs,83,box,104.02,172.73,2026-09-02,Aisle 03,chilled
Smoked Brioche Burger Buns Family Pack,Himalayan Springs,BAKE-86426,890000877785,Bakery & Deli,144,pcs,107.24,191.62,2026-09-08,Aisle 03,ambient
Roasted Coconut Milk 750g,FarmGold Foods,PANT-75058,890000877786,Pantry & Dry Goods,42,bag,392.32,587.27,2028-06-06,Aisle 08,ambient
Pure Jalapeno Lime Frozen Veg Momos 350g,Vedic Fresh Springs,FROZ-88560,890000877787,Frozen Foods,113,bag,89.29,141.00,2027-02-26,Aisle 08,frozen
Crisp Caramelized Onion French Fries Crispy 750ml,FarmGold Springs,FROZ-50829,890000877788,Frozen Foods,131,box,325.91,594.55,2027-03-13,Aisle 08,frozen
Rustic Golden Ginger French Fries Crispy Snack Pack,Amul Organics,FROZ-20819,890000877789,Frozen Foods,91,tub,134.48,176.70,2027-04-25,Aisle 09,frozen
Spiced Baby Spinach 1kg,Patanjali Co.,FRES-21487,890000877790,Fresh Produce,200,bunch,123.43,220.69,2026-08-26,Aisle 01,chilled
Premium Pista Almond Roasted Makhana Foxnuts 4-Pack,Ganga Provisions,SNAC-69354,890000877791,Snacks & Confectionery,121,pack,234.28,310.03,2026-12-02,Aisle 09,ambient
Smoked Kesar Pista Bath Tissue 6-Pack 6-Pack,Ganga Kitchens,HOUS-18707,890000877792,Household & Personal Care,60,tube,473.16,819.82,2027-11-29,Aisle 12,ambient
Select Bottle Gourd 500g,Tata Organics,FRES-99629,890000877793,Fresh Produce,57,pcs,43.75,67.13,2026-09-15,Aisle 01,chilled
Natural Vanilla Bean Toned Milk 8-Pack,SunBrite Dairy,DAIR-92685,890000877794,Dairy & Eggs,43,tub,363.20,638.94,2026-08-17,Aisle 02,chilled
Farm-Fresh Veg Spring Rolls 400g,Tata Dairy,FROZ-89107,890000877795,Frozen Foods,5,tub,222.31,369.29,2027-04-10,Aisle 08,frozen
Low-Sodium Mustard Oil Extra Virgin Olive Oil 400g,Ganga Agro,PANT-95739,890000877796,Pantry & Dry Goods,84,can,613.12,1052.22,2027-06-14,Aisle 06,ambient
Heritage Tiger Prawns Jumbo 750ml,Pashmina Springs,MEAT-12510,890000877797,Meat & Seafood,5,pcs,360.45,578.18,2026-09-01,Aisle 04,chilled
Rustic Kesar Pista Butter Croissants 200g,SunBrite Co.,BAKE-48066,890000877798,Bakery & Deli,65,pcs,105.51,185.08,2026-08-31,Aisle 04,chilled
Sweet Ciabatta Roll 4-Pack,Pure Vedic Farms,BAKE-54819,890000877799,Bakery & Deli,101,pack,251.69,318.00,2026-08-31,Aisle 03,ambient
Traditional Cow Milk Snack Pack,Desi Organics Farms,DAIR-58614,890000877800,Dairy & Eggs,112,carton,245.09,349.01,2026-08-22,Aisle 03,chilled
Organic Coconut Cream Kulcha 4-Pack 330ml,Tata Provisions,BAKE-45326,890000877801,Bakery & Deli,71,pcs,45.21,75.20,2026-09-07,Aisle 03,ambient
Pure Mutton Curry Cut 1kg,FarmGold Foods,MEAT-14551,890000877802,Meat & Seafood,153,kg,308.09,496.54,2026-08-30,Aisle 04,chilled
Handcrafted Dark Chocolate Mutton Curry Cut Snack Pack,Vedic Fresh Dairy,MEAT-91167,890000877803,Meat & Seafood,159,pcs,689.13,905.94,2026-09-01,Aisle 05,chilled
Traditional Mustard Oil Kachi Ghani 6-Pack,Amul Provisions,PANT-51562,890000877804,Pantry & Dry Goods,109,box,149.64,249.62,2027-05-18,Aisle 06,ambient
Traditional Mutton Chops 4-Pack,Nature Harvest Organics,MEAT-67097,890000877805,Meat & Seafood,143,kg,759.66,1121.39,2026-08-30,Aisle 05,chilled
Raw Mosquito Vaporizer Refill 24-Pack,Vedic Fresh Botanicals,HOUS-76815,890000877806,Household & Personal Care,192,box,156.25,260.39,2028-12-12,Aisle 11,ambient
Heritage Apples 1L,Heritage Kitchens,FRES-29967,890000877807,Fresh Produce,157,bunch,41.97,75.79,2026-09-09,Aisle 01,ambient
Homestyle Tonic Water 330ml,Urban Roots Kitchens,BEVE-45609,890000877808,Beverages,43,bottle,280.12,364.33,2027-04-28,Aisle 05,chilled
Aged French Fries Crispy 100g,Amul Harvest,FROZ-47342,890000877809,Frozen Foods,80,tub,189.29,344.74,2027-05-05,Aisle 08,frozen
Artisan Truffle Infused Mutton Curry Cut 4-Pack,Patanjali Springs,MEAT-72007,890000877810,Meat & Seafood,89,pack,336.29,463.85,2026-08-27,Aisle 04,chilled
Smoked Yukon Gold Potatoes 5kg,Ganga Dairy,FRES-44329,890000877811,Fresh Produce,159,bunch,37.73,53.52,2026-09-06,Aisle 02,ambient
Low-Sodium Frozen Veg Momos 500ml,Royal Indian Foods,FROZ-32467,890000877812,Frozen Foods,140,tub,104.22,168.09,2027-06-20,Aisle 08,frozen
Farm-Fresh Truffle Infused Badam Milk Drink 500g,Vedic Fresh Agro,BEVE-51344,890000877813,Beverages,15,bag,180.20,257.51,2026-10-24,Aisle 05,ambient
Handcrafted Masala CTC Tea Snack Pack,Ganga Milling,BEVE-27972,890000877814,Beverages,43,can,143.46,227.01,2027-05-18,Aisle 05,ambient
Aged Oat Milk 1kg,Kaveri Agro,DAIR-71252,890000877815,Dairy & Eggs,71,box,149.84,225.97,2026-09-14,Aisle 03,chilled
Plant-Based Garlic & Herb Fresh Rohu Fish 24-Pack,Patanjali Co.,MEAT-57526,890000877816,Meat & Seafood,104,kg,252.04,448.10,2026-08-27,Aisle 05,chilled
Raw Truffle Infused Mosquito Vaporizer Refill 500ml,Kaveri Naturals,HOUS-94152,890000877817,Household & Personal Care,54,packet,248.14,360.33,2026-08-27,Aisle 12,ambient
Rustic Masala Chai Paneer Block 500g,Royal Indian Foods,DAIR-62211,890000877818,Dairy & Eggs,7,box,87.62,139.12,2026-09-22,Aisle 03,chilled
Premium Almond Milk 400g,Desi Organics Kitchens,DAIR-66177,890000877819,Dairy & Eggs,62,pack,387.62,555.60,2026-09-17,Aisle 03,chilled
Low-Sodium Vanilla Bean Sparkling Mineral Water 24-Pack,Vedic Fresh Harvest,BEVE-54634,890000877820,Beverages,123,can,96.26,131.79,2027-01-08,Aisle 05,ambient
Rustic Alphonso Mango Almond Milk Family Pack,Kaveri Organics,DAIR-38583,890000877821,Dairy & Eggs,186,carton,58.72,87.01,2026-08-27,Aisle 02,chilled
Artisan Toasted Sesame Organic Green Tea 4-Pack,Ganga Harvest,BEVE-16047,890000877822,Beverages,124,pack,356.29,458.19,2027-03-13,Aisle 05,chilled
Low-Sodium Mustard Oil Moong Dal Namkeen 350g,SunBrite Provisions,SNAC-71454,890000877823,Snacks & Confectionery,130,pack,369.72,538.68,2026-12-18,Aisle 10,ambient
Extra-Virgin Frozen Paneer Cubes 500ml,Urban Roots Kitchens,FROZ-98323,890000877824,Frozen Foods,97,tub,149.16,203.33,2027-05-09,Aisle 09,frozen
Rustic Mint Lime Mosquito Vaporizer Refill 350g,Himalayan Foods,HOUS-81051,890000877825,Household & Personal Care,77,pack,392.60,685.89,2027-08-03,Aisle 12,ambient
Organic Rose Infused Curd Tub 200g,Desi Organics Co.,DAIR-27444,890000877826,Dairy & Eggs,145,tub,318.43,474.26,2026-09-10,Aisle 03,chilled
Extra-Virgin Jalapeno Lime Cold Brew Coffee 1L,Royal Indian Harvest,BEVE-58758,890000877827,Beverages,120,can,333.71,562.23,2027-03-18,Aisle 05,chilled
Rustic Kesar Pista Pomfret Whole 6-Pack,Pashmina Farms,MEAT-68280,890000877828,Meat & Seafood,60,kg,536.51,858.07,2026-08-28,Aisle 05,chilled
Free-Range Sparkling Mineral Water 100g,Patanjali Provisions,BEVE-47349,890000877829,Beverages,151,box,226.80,384.04,2027-03-05,Aisle 05,ambient
Low-Sodium Granola Health Bars 1L,Kaveri Springs,SNAC-59543,890000877830,Snacks & Confectionery,97,bar,101.02,144.60,2026-08-29,Aisle 09,ambient
Handcrafted Masala Chai Royal Basmati Rice Snack Pack,Tata Botanicals,PANT-18423,890000877831,Pantry & Dry Goods,17,box,122.67,199.41,2028-04-17,Aisle 08,ambient
Extra-Virgin Vanilla Bean Himalayan Spring Water 750ml,Ganga Co.,BEVE-52764,890000877832,Beverages,79,box,111.51,192.85,2027-06-24,Aisle 05,ambient
Aged Aloo Tikki 8-Pack 500ml,Pashmina Provisions,FROZ-80285,890000877833,Frozen Foods,35,bag,196.62,311.19,2027-06-22,Aisle 08,frozen
Heritage Truffle Infused Tiger Prawns Jumbo 250ml,Himalayan Goods,MEAT-22303,890000877834,Meat & Seafood,195,pcs,271.89,357.53,2026-08-31,Aisle 04,chilled
Sweet Cucumbers 6-Pack,Tata Provisions,FRES-87349,890000877835,Fresh Produce,12,pack,133.02,201.84,2026-09-07,Aisle 01,chilled
Roasted Kabuli Chana 500ml,Kaveri Harvest,PANT-78786,890000877836,Pantry & Dry Goods,24,bottle,283.09,398.93,2027-08-23,Aisle 08,ambient
Pure Yukon Gold Potatoes 750g,Royal Indian Harvest,FRES-27699,890000877837,Fresh Produce,172,pack,47.87,80.95,2026-09-05,Aisle 01,chilled
Cured Salted Butter 8-Pack,Royal Indian Harvest,DAIR-53843,890000877838,Dairy & Eggs,168,tub,213.71,364.67,2026-09-02,Aisle 02,chilled
Farm-Fresh Strawberries 750ml,Himalayan Provisions,FRES-23783,890000877839,Fresh Produce,197,bag,122.61,222.57,2026-09-16,Aisle 01,ambient
Plant-Based Veg Spring Rolls 24-Pack,Pure Vedic Farms,FROZ-88299,890000877840,Frozen Foods,7,box,132.06,218.24,2027-02-09,Aisle 08,frozen
Free-Range Cinnamon Spice Paneer Tikka Deli 8-Pack,Amul Farms,BAKE-67878,890000877841,Bakery & Deli,23,pcs,70.35,101.46,2026-09-08,Aisle 03,chilled
Premium Pink Himalayan Salt 350g,Urban Roots Milling,PANT-58385,890000877842,Pantry & Dry Goods,22,can,298.47,513.42,2027-04-04,Aisle 07,ambient
Organic Caramelized Onion Aloo Tikki 8-Pack 200g,Heritage Organics,FROZ-81725,890000877843,Frozen Foods,10,pack,96.00,139.27,2027-08-09,Aisle 08,frozen
Farm-Fresh Kesar Pista Fresh Mosambi Juice 4-Pack,Royal Indian Provisions,BEVE-75114,890000877844,Beverages,100,bottle,201.33,342.72,2027-02-09,Aisle 06,ambient
Traditional Mint Lime Strawberries 750g,Amul Naturals,FRES-18628,890000877845,Fresh Produce,88,pcs,85.14,106.47,2026-08-29,Aisle 02,chilled
Rustic Cardamom Spiced Mutton Chops 250g,FarmGold Harvest,MEAT-84089,890000877846,Meat & Seafood,192,pcs,710.63,1249.67,2026-08-29,Aisle 04,chilled
Desi Papayas 750g,Pure Vedic Naturals,FRES-92662,890000877847,Fresh Produce,171,pcs,49.97,67.46,2026-09-07,Aisle 02,ambient
Artisan Jalapeno Lime Bananas 250ml,Patanjali Agro,FRES-77035,890000877848,Fresh Produce,104,pcs,53.60,76.24,2026-09-15,Aisle 02,chilled
Aged Caramelized Onion Herbal Hand Wash Neem 2kg,Pure Vedic Harvest,HOUS-79959,890000877849,Household & Personal Care,38,tube,480.67,777.09,2027-05-20,Aisle 11,ambient
Roasted Herbal Hand Wash Neem 24-Pack,Amul Naturals,HOUS-51400,890000877850,Household & Personal Care,53,packet,478.03,669.30,2028-01-27,Aisle 11,ambient
Traditional Masala Chai Alphonso Kulfi Tub 24-Pack,Tata Harvest,FROZ-72684,890000877851,Frozen Foods,121,tub,232.65,424.30,2027-02-27,Aisle 08,frozen
Handcrafted Avocados 750g,Urban Roots Co.,FRES-98839,890000877852,Fresh Produce,132,bunch,29.12,52.64,2026-09-09,Aisle 01,chilled
Zero-Sugar Pista Almond Frozen Veg Momos 2kg,Ganga Provisions,FROZ-52791,890000877853,Frozen Foods,128,packet,287.77,364.19,2026-08-27,Aisle 09,frozen
Free-Range Sea Salt Mutton Chops 5kg,FarmGold Farms,MEAT-29267,890000877854,Meat & Seafood,82,pcs,666.74,891.18,2026-08-29,Aisle 04,chilled
Grass-Fed Rose Infused Multigrain Tortillas 2L,Amul Naturals,BAKE-63180,890000877855,Bakery & Deli,86,pack,206.43,287.18,2026-08-27,Aisle 03,ambient
Spiced Caramelized Onion Dishwash Gel Lemon 250ml,Vedic Fresh Farms,HOUS-78957,890000877856,Household & Personal Care,15,packet,275.13,436.05,2028-09-10,Aisle 12,ambient
Premium Herbal Hand Wash Neem 1.5L,Ganga Springs,HOUS-84996,890000877857,Household & Personal Care,33,tube,364.35,614.30,2028-04-23,Aisle 11,ambient
Spiced Dark Chocolate Cream Cheese 500ml,Desi Organics Naturals,DAIR-49709,890000877858,Dairy & Eggs,22,carton,47.86,65.41,2026-09-15,Aisle 03,chilled
Cured Himalayan Spring Water Family Pack,Pure Vedic Goods,BEVE-99423,890000877859,Beverages,128,carton,225.93,388.16,2027-03-10,Aisle 05,ambient
Roasted Frozen Samosas 350g,Patanjali Springs,FROZ-14891,890000877860,Frozen Foods,134,packet,113.22,143.55,2027-06-28,Aisle 08,frozen
Handcrafted Matcha Green Tea Himalayan Spring Water Snack Pack,Green Earth Dairy,BEVE-22998,890000877861,Beverages,50,bag,268.31,427.25,2027-04-30,Aisle 06,ambient
Premium Mutton Chops 24-Pack,Vedic Fresh Provisions,MEAT-60378,890000877862,Meat & Seafood,198,pack,554.89,828.14,2026-08-28,Aisle 04,chilled
Cold-Pressed Chicken Frankfurters 330ml,Tata Goods,BAKE-41803,890000877863,Bakery & Deli,45,pcs,209.93,337.79,2026-09-05,Aisle 04,chilled
Cold-Pressed Chicken Keema 250ml,SunBrite Naturals,MEAT-34759,890000877864,Meat & Seafood,186,pcs,672.41,1093.83,2026-08-31,Aisle 05,chilled
Low-Sodium Cardamom Spiced Bhujia Sev 750g,Desi Organics Goods,SNAC-20415,890000877865,Snacks & Confectionery,41,tub,459.25,727.77,2026-08-23,Aisle 10,ambient
Cured Mustard Oil Frozen Green Peas 1L,Himalayan Milling,FROZ-63088,890000877866,Frozen Foods,69,tub,163.27,269.44,2026-11-26,Aisle 09,frozen
Signature Dry Fruits Trail Mix Snack Pack,Vedic Fresh Co.,SNAC-25714,890000877867,Snacks & Confectionery,47,bag,332.19,554.77,2027-02-01,Aisle 09,ambient
Aged Toasted Sesame Almond Milk 400g,Green Earth Organics,DAIR-85421,890000877868,Dairy & Eggs,50,box,168.88,266.29,2026-09-23,Aisle 02,chilled
Crisp Avocados 2kg,Royal Indian Naturals,FRES-37111,890000877869,Fresh Produce,12,bag,51.82,93.84,2026-08-27,Aisle 02,chilled
Low-Sodium Matcha Green Tea Chicken Keema 250g,Amul Co.,MEAT-36108,890000877870,Meat & Seafood,122,pack,773.31,1215.29,2026-09-02,Aisle 04,chilled
Pure Penne Rigate Pasta 2L,Green Earth Agro,PANT-49344,890000877871,Pantry & Dry Goods,55,bottle,650.58,1017.20,2027-03-02,Aisle 06,ambient
Crisp Smoked Paprika Paneer Block 2L,Vedic Fresh Agro,DAIR-57842,890000877872,Dairy & Eggs,76,tub,367.29,536.75,2026-09-13,Aisle 03,chilled
Extra-Virgin Dark Chocolate Nimbu Paani Soda 250ml,Urban Roots Botanicals,BEVE-23357,890000877873,Beverages,182,bag,151.83,267.49,2027-03-10,Aisle 05,ambient
Pure Cinnamon Spice Brioche Burger Buns 24-Pack,SunBrite Agro,BAKE-97291,890000877874,Bakery & Deli,20,box,201.54,292.01,2026-09-08,Aisle 04,chilled
Traditional Mustard Oil Raw Wildflower Honey 350g,Tata Agro,PANT-31716,890000877875,Pantry & Dry Goods,140,packet,199.65,303.87,2027-07-25,Aisle 07,ambient
Handcrafted Red Onions 2kg,Green Earth Foods,FRES-58633,890000877876,Fresh Produce,47,bunch,99.23,175.71,2026-09-09,Aisle 01,ambient
Raw Bottle Gourd 1L,Tata Springs,FRES-49646,890000877877,Fresh Produce,192,pcs,120.92,195.70,2026-08-29,Aisle 01,chilled
Roasted Ayurvedic Bath Soap 330ml,Heritage Agro,HOUS-97233,890000877878,Household & Personal Care,144,box,182.20,257.02,2028-06-06,Aisle 12,ambient
Aged Cow Milk 1L,Green Earth Foods,DAIR-69474,890000877879,Dairy & Eggs,76,pack,400.99,643.15,2026-09-19,Aisle 03,chilled
Low-Sodium Fish Fingers Frozen 750g,Nature Harvest Botanicals,FROZ-21890,890000877880,Frozen Foods,23,pack,243.73,376.04,2027-05-29,Aisle 09,frozen
Spiced Cinnamon Spice Lentils Red Masoor 2kg,Tata Naturals,PANT-62289,890000877881,Pantry & Dry Goods,120,bottle,651.22,987.07,2027-05-31,Aisle 08,ambient
Raw Dark Chocolate Parmigiano-Reggiano 500ml,Amul Farms,DAIR-11009,890000877882,Dairy & Eggs,5,tub,140.79,246.40,2026-09-03,Aisle 02,chilled
Free-Range Pineapples 5kg,FarmGold Dairy,FRES-54512,890000877883,Fresh Produce,13,bag,71.80,121.41,2026-08-28,Aisle 01,ambient
Select Matcha Green Tea Himalayan Spring Water 8-Pack,Himalayan Farms,BEVE-72814,890000877884,Beverages,76,bottle,101.82,168.84,2027-01-16,Aisle 05,chilled
Plant-Based Vanilla Bean Organic Rolled Oats 350g,Desi Organics Dairy,PANT-33404,890000877885,Pantry & Dry Goods,39,can,594.77,916.64,2028-05-04,Aisle 06,ambient
Handcrafted Sea Salt Desi Cow Ghee 12-Pack,Himalayan Dairy,DAIR-49195,890000877886,Dairy & Eggs,134,tub,120.73,173.08,2026-08-30,Aisle 03,chilled
Select Masala CTC Tea 2L,Royal Indian Farms,BEVE-12038,890000877887,Beverages,130,box,221.46,344.32,2027-07-03,Aisle 06,chilled
Low-Sodium Sea Salt Paneer Block 2L,Ganga Kitchens,DAIR-60143,890000877888,Dairy & Eggs,55,packet,57.41,101.02,2026-09-04,Aisle 03,chilled
Heritage Mustard Oil Lemons Snack Pack,Vedic Fresh Naturals,FRES-32953,890000877889,Fresh Produce,114,kg,15.89,25.96,2026-09-12,Aisle 01,chilled
Natural French Fries Crispy 8-Pack,Ganga Foods,FROZ-20795,890000877890,Frozen Foods,93,tub,355.22,468.38,2027-03-20,Aisle 09,frozen
Smoked Ciabatta Roll Snack Pack,Himalayan Naturals,BAKE-94334,890000877891,Bakery & Deli,110,pcs,165.25,217.98,2026-09-06,Aisle 04,ambient
Pure Smoked Paprika Almond Milk 1L,Patanjali Agro,DAIR-92546,890000877892,Dairy & Eggs,198,box,106.80,177.07,2026-08-29,Aisle 03,chilled
Artisan Vanilla Bean Boneless Chicken Breast 400g,Pure Vedic Naturals,MEAT-86798,890000877893,Meat & Seafood,151,kg,296.13,473.66,2026-08-29,Aisle 05,chilled
Artisan Golden Ginger Mutton Curry Cut 250ml,Amul Farms,MEAT-49306,890000877894,Meat & Seafood,101,kg,498.20,635.67,2026-08-28,Aisle 04,chilled
Extra-Virgin Golden Ginger Frozen Veg Momos 750ml,Tata Dairy,FROZ-52501,890000877895,Frozen Foods,95,tub,83.50,127.75,2027-03-16,Aisle 08,frozen
Select Rose Infused Sourdough Loaf 250ml,Pashmina Naturals,BAKE-95983,890000877896,Bakery & Deli,185,box,52.70,73.56,2026-09-01,Aisle 04,chilled
Organic Pav 6-Pack 8-Pack,Pashmina Botanicals,BAKE-95630,890000877897,Bakery & Deli,181,box,141.96,191.07,2026-08-31,Aisle 04,chilled
Natural Sea Salt Oat Milk 250g,Tata Farms,DAIR-42542,890000877898,Dairy & Eggs,161,carton,308.44,564.33,2026-09-11,Aisle 03,chilled
Free-Range Buffalo Milk 1L,FarmGold Kitchens,DAIR-53854,890000877899,Dairy & Eggs,132,tub,442.15,640.59,2026-09-14,Aisle 03,chilled
Grass-Fed Alphonso Mango Oat Milk 250ml,Nature Harvest Co.,DAIR-81641,890000877900,Dairy & Eggs,163,bottle,212.88,322.17,2026-09-01,Aisle 02,chilled
Gourmet Edamame Pods 6-Pack,Ganga Milling,FROZ-79040,890000877901,Frozen Foods,115,bag,163.95,254.90,2026-08-18,Aisle 08,frozen
Pure Mint Lime Pure Jaggery Powder Snack Pack,Kaveri Farms,PANT-54091,890000877902,Pantry & Dry Goods,8,bottle,303.56,552.66,2027-11-04,Aisle 08,ambient
Signature Caramelized Onion Bhujia Sev 4-Pack,Royal Indian Agro,SNAC-77880,890000877903,Snacks & Confectionery,140,pack,76.95,110.98,2027-01-20,Aisle 09,ambient
Free-Range Tonic Water 250ml,Nature Harvest Provisions,BEVE-90868,890000877904,Beverages,156,bottle,361.91,545.11,2027-02-03,Aisle 05,ambient
Rustic Pink Himalayan Salt 12-Pack,Tata Springs,PANT-59290,890000877905,Pantry & Dry Goods,7,packet,512.72,915.71,2027-06-03,Aisle 07,ambient
Plant-Based Buffalo Milk 4-Pack,Urban Roots Foods,DAIR-89009,890000877906,Dairy & Eggs,65,box,209.34,376.42,2026-09-09,Aisle 03,chilled
Premium Feta Cheese 750ml,Vedic Fresh Goods,DAIR-59161,890000877907,Dairy & Eggs,5,pack,172.62,300.70,2026-09-01,Aisle 02,chilled
Grass-Fed Seedless Grapes 2kg,Pashmina Foods,FRES-41501,890000877908,Fresh Produce,130,pcs,81.68,118.62,2026-09-10,Aisle 02,chilled
Smoked Shampoo Anti-Dandruff 100g,Nature Harvest Springs,HOUS-72933,890000877909,Household & Personal Care,54,tube,499.90,671.45,2026-08-22,Aisle 12,ambient
Plant-Based Shampoo Anti-Dandruff 24-Pack,Tata Agro,HOUS-20506,890000877910,Household & Personal Care,79,bottle,173.77,276.04,2028-01-27,Aisle 12,ambient
Low-Sodium Moong Dal Washed Snack Pack,Himalayan Foods,PANT-10769,890000877911,Pantry & Dry Goods,94,box,85.83,150.48,2027-01-15,Aisle 06,ambient
Heritage Moong Dal Namkeen 8-Pack,Amul Harvest,SNAC-39656,890000877912,Snacks & Confectionery,145,box,270.99,365.56,2026-08-15,Aisle 09,ambient
Farm-Fresh Shampoo Anti-Dandruff 4-Pack,Green Earth Botanicals,HOUS-78172,890000877913,Household & Personal Care,9,pack,328.64,502.55,2026-08-28,Aisle 12,ambient
Free-Range Fresh Chicken Curry Cut 1kg,Pure Vedic Harvest,MEAT-91063,890000877914,Meat & Seafood,150,kg,368.99,601.87,2026-08-29,Aisle 04,chilled
Farm-Fresh Smoked Paprika Surmai Steaks Family Pack,Tata Springs,MEAT-75919,890000877915,Meat & Seafood,64,kg,415.06,625.13,2026-08-31,Aisle 05,chilled
Low-Sodium Cinnamon Spice Fresh Rohu Fish 8-Pack,Kaveri Dairy,MEAT-42486,890000877916,Meat & Seafood,90,pcs,497.63,689.28,2026-09-02,Aisle 05,chilled
Smoked Red Onions 5kg,Desi Organics Dairy,FRES-84456,890000877917,Fresh Produce,26,pack,117.82,181.89,2026-08-28,Aisle 02,ambient
Heritage Kitchen Paper Towels 4-Roll 750ml,Amul Farms,HOUS-58278,890000877918,Household & Personal Care,132,pack,396.36,606.88,2028-02-10,Aisle 12,ambient
Extra-Virgin Chaash / Buttermilk 12-Pack,Urban Roots Farms,DAIR-49570,890000877919,Dairy & Eggs,183,packet,321.21,403.53,2026-09-25,Aisle 02,chilled
Artisan Vanilla Bean Salami 250g,Pashmina Milling,BAKE-33672,890000877920,Bakery & Deli,15,pcs,257.00,452.05,2026-08-27,Aisle 03,ambient
Extra-Virgin Alphonso Mango Himalayan Spring Water 500ml,Desi Organics Milling,BEVE-97390,890000877921,Beverages,28,carton,98.30,165.56,2027-03-12,Aisle 05,chilled
Organic Pomfret Whole 750ml,Pure Vedic Goods,MEAT-48873,890000877922,Meat & Seafood,76,pack,571.72,979.73,2026-08-30,Aisle 05,chilled
Heritage Surmai Steaks 250ml,Nature Harvest Milling,MEAT-86769,890000877923,Meat & Seafood,18,kg,369.07,647.54,2026-08-29,Aisle 05,chilled
Natural Tiger Prawns Jumbo 250g,SunBrite Farms,MEAT-69033,890000877924,Meat & Seafood,121,kg,536.92,749.33,2026-08-29,Aisle 05,chilled
Sweet Kesar Pista Bell Peppers 1kg,Pure Vedic Agro,FRES-56102,890000877925,Fresh Produce,136,bunch,126.19,163.67,2026-09-16,Aisle 02,chilled
Plant-Based Cream Cheese 5kg,Desi Organics Provisions,DAIR-85919,890000877926,Dairy & Eggs,136,box,160.99,242.02,2026-09-14,Aisle 02,chilled
Select Chicken Keema 4-Pack,Amul Organics,MEAT-41134,890000877927,Meat & Seafood,65,pack,538.93,839.93,2026-08-28,Aisle 05,chilled
Premium Pista Almond Paneer Tikka Deli 24-Pack,Pure Vedic Provisions,BAKE-43212,890000877928,Bakery & Deli,5,pack,32.02,40.14,2026-09-06,Aisle 03,chilled
Premium Bananas 250g,Ganga Springs,FRES-70562,890000877929,Fresh Produce,160,pcs,63.25,98.77,2026-08-14,Aisle 02,chilled
Farm-Fresh Butter Croissants 2kg,SunBrite Organics,BAKE-17640,890000877930,Bakery & Deli,47,pcs,50.31,91.44,2026-08-28,Aisle 04,ambient
Traditional Rose Infused Ciabatta Roll 250g,Nature Harvest Naturals,BAKE-62269,890000877931,Bakery & Deli,175,box,215.76,346.23,2026-09-06,Aisle 04,ambient
Desi Masala Chai Himalayan Spring Water 1.5L,Urban Roots Botanicals,BEVE-82707,890000877932,Beverages,115,carton,391.26,609.35,2026-09-22,Aisle 05,ambient
Handcrafted Rose Infused Biodegradable Garbage Bags 1.5L,Pashmina Organics,HOUS-37398,890000877933,Household & Personal Care,45,box,369.38,547.52,2026-08-28,Aisle 12,ambient
Smoked Rose Infused Crab Meat Fresh 750ml,Nature Harvest Farms,MEAT-12682,890000877934,Meat & Seafood,182,pcs,513.11,901.41,2026-09-01,Aisle 05,chilled
Artisan Mosquito Vaporizer Refill 330ml,Urban Roots Organics,HOUS-70044,890000877935,Household & Personal Care,159,pack,394.07,541.27,2027-03-07,Aisle 12,ambient
Raw Pav 6-Pack 12-Pack,Kaveri Dairy,BAKE-53376,890000877936,Bakery & Deli,133,pcs,209.54,314.02,2026-08-31,Aisle 03,ambient
Gourmet Cardamom Spiced Tonic Water 750ml,Himalayan Dairy,BEVE-51322,890000877937,Beverages,27,carton,359.89,610.69,2027-04-08,Aisle 06,chilled
Grass-Fed Feta Cheese 500g,Ganga Co.,DAIR-57252,890000877938,Dairy & Eggs,10,carton,223.25,319.74,2026-09-10,Aisle 03,chilled
Cured Sea Salt Cow Milk 200g,SunBrite Milling,DAIR-18907,890000877939,Dairy & Eggs,175,bottle,103.73,176.56,2026-09-03,Aisle 03,chilled
Zero-Sugar Broccoli Crowns 100g,Tata Provisions,FRES-64984,890000877940,Fresh Produce,159,bag,81.83,149.69,2026-09-07,Aisle 02,ambient
Extra-Virgin Nimbu Paani Soda 500g,Green Earth Organics,BEVE-84112,890000877941,Beverages,107,bag,307.75,457.61,2027-07-13,Aisle 06,chilled
Gluten-Free Rose Infused Methi 5kg,Vedic Fresh Foods,FRES-82295,890000877942,Fresh Produce,103,pack,101.66,141.91,2026-09-02,Aisle 01,chilled
Select Salted Butter 5kg,Ganga Naturals,DAIR-86788,890000877943,Dairy & Eggs,138,carton,101.84,144.62,2026-09-23,Aisle 03,chilled
Raw Fresh Chicken Curry Cut 250g,Desi Organics Harvest,MEAT-99365,890000877944,Meat & Seafood,140,kg,671.25,1191.41,2026-08-31,Aisle 04,chilled
Rustic Golden Ginger Ayurvedic Bath Soap 5kg,SunBrite Provisions,HOUS-33132,890000877945,Household & Personal Care,76,box,245.58,322.10,2028-11-01,Aisle 11,ambient
Gluten-Free Mint Lime Fresh Rohu Fish 500g,Green Earth Goods,MEAT-94596,890000877946,Meat & Seafood,116,kg,556.67,859.03,2026-08-31,Aisle 04,chilled
Pure Feta Cheese 6-Pack,Patanjali Springs,DAIR-38393,890000877947,Dairy & Eggs,43,tub,331.96,500.37,2026-09-21,Aisle 02,chilled
Traditional Herbal Hand Wash Neem 2kg,SunBrite Goods,HOUS-84211,890000877948,Household & Personal Care,142,box,188.68,289.57,2028-02-13,Aisle 12,ambient
Cold-Pressed Roasted Makhana Foxnuts 400g,SunBrite Provisions,SNAC-41902,890000877949,Snacks & Confectionery,8,tub,42.31,65.56,2027-01-17,Aisle 09,ambient
Sweet Tender Coconut Water 250ml,Tata Co.,BEVE-65115,890000877950,Beverages,78,bag,370.04,468.89,2026-11-18,Aisle 06,chilled
Premium Golden Ginger Pasture Eggs 1kg,Amul Botanicals,DAIR-36061,890000877951,Dairy & Eggs,119,tub,365.88,624.70,2026-08-29,Aisle 03,chilled
Free-Range Golden Ginger Lentils Red Masoor 6-Pack,Himalayan Milling,PANT-87250,890000877952,Pantry & Dry Goods,154,jar,200.28,309.54,2027-05-22,Aisle 07,ambient
Spiced Curd Tub 4-Pack,Desi Organics Goods,DAIR-55634,890000877953,Dairy & Eggs,147,carton,445.23,586.42,2026-08-31,Aisle 03,chilled
Homestyle Nagpur Orange Chicken Sausages 5kg,Pure Vedic Kitchens,MEAT-98825,890000877954,Meat & Seafood,85,pcs,607.46,986.38,2026-08-31,Aisle 04,chilled
Aged Granola Health Bars 750ml,Desi Organics Naturals,SNAC-39456,890000877955,Snacks & Confectionery,99,bag,471.98,719.11,2027-06-09,Aisle 10,ambient
Traditional Smoked Chicken Slices 500ml,Urban Roots Kitchens,BAKE-63852,890000877956,Bakery & Deli,25,pcs,139.83,182.00,2026-08-31,Aisle 03,chilled
Sweet Filter Coffee Beans 250ml,Vedic Fresh Dairy,BEVE-91590,890000877957,Beverages,173,pack,332.68,448.43,2027-07-14,Aisle 06,chilled
Cured Kaju Katli Sweet Box 500g,Heritage Goods,SNAC-96577,890000877958,Snacks & Confectionery,147,packet,148.47,262.08,2027-05-26,Aisle 09,ambient
Gourmet Kashmiri Saffron Multigrain Tortillas 4-Pack,Tata Organics,BAKE-56529,890000877959,Bakery & Deli,46,pcs,271.33,408.15,2026-09-07,Aisle 03,chilled
Low-Sodium Iced Lemon Tea 8-Pack,Amul Agro,BEVE-35251,890000877960,Beverages,88,bottle,113.69,181.87,2027-03-22,Aisle 06,chilled
Natural Kulcha 4-Pack 1L,Kaveri Harvest,BAKE-59284,890000877961,Bakery & Deli,146,box,151.81,276.89,2026-09-03,Aisle 04,chilled
Low-Sodium Sea Salt Sourdough Loaf 8-Pack,Patanjali Provisions,BAKE-20362,890000877962,Bakery & Deli,151,pcs,200.84,341.53,2026-08-18,Aisle 04,ambient
Zero-Sugar Toasted Sesame French Fries Crispy 5kg,Patanjali Harvest,FROZ-16404,890000877963,Frozen Foods,200,pack,57.22,102.99,2027-07-01,Aisle 09,frozen
Grass-Fed Toasted Sesame Boneless Chicken Breast 2kg,Himalayan Farms,MEAT-20284,890000877964,Meat & Seafood,151,pack,836.65,1290.07,2026-09-02,Aisle 04,chilled
Organic Rose Infused Strawberries 6-Pack,Patanjali Dairy,FRES-86276,890000877965,Fresh Produce,156,bunch,44.55,57.48,2026-09-01,Aisle 01,chilled
Rustic Golden Ginger Toned Milk 100g,Royal Indian Goods,DAIR-75872,890000877966,Dairy & Eggs,31,packet,43.90,75.31,2026-09-25,Aisle 02,chilled
Gourmet Liquid Laundry Detergent 500ml,Pure Vedic Provisions,HOUS-94712,890000877967,Household & Personal Care,72,bottle,154.12,209.52,2027-10-31,Aisle 11,ambient
Low-Sodium Apples 24-Pack,SunBrite Naturals,FRES-77869,890000877968,Fresh Produce,198,pcs,136.09,242.25,2026-09-09,Aisle 02,ambient
Desi Dark Chocolate Heavy Cream 1L,Tata Organics,DAIR-34904,890000877969,Dairy & Eggs,170,tub,42.35,59.44,2026-09-18,Aisle 02,chilled
Pure Curd Tub 6-Pack,Pure Vedic Agro,DAIR-41382,890000877970,Dairy & Eggs,122,box,112.20,207.50,2026-09-18,Aisle 02,chilled
Smoked Mint Lime Watermelon 750g,FarmGold Organics,FRES-82222,890000877971,Fresh Produce,77,bag,67.24,98.72,2026-09-11,Aisle 01,ambient
Rustic Alphonso Mango Crab Meat Fresh 750ml,Royal Indian Naturals,MEAT-45220,890000877972,Meat & Seafood,46,pack,459.88,743.31,2026-08-30,Aisle 04,chilled
Pure Jalapeno Lime Fresh Rohu Fish 400g,SunBrite Provisions,MEAT-22913,890000877973,Meat & Seafood,168,pcs,288.95,367.89,2026-08-28,Aisle 05,chilled
Gluten-Free Surmai Steaks 6-Pack,Green Earth Springs,MEAT-58695,890000877974,Meat & Seafood,13,pack,641.19,866.16,2026-09-01,Aisle 04,chilled
Premium Chicken Frankfurters 4-Pack,Nature Harvest Kitchens,BAKE-72731,890000877975,Bakery & Deli,72,box,27.35,38.85,2026-09-08,Aisle 03,chilled
Spiced Floor Disinfectant Snack Pack,Tata Goods,HOUS-65332,890000877976,Household & Personal Care,98,tube,55.17,69.95,2028-12-28,Aisle 11,ambient
Roasted Organic Green Tea 500g,Nature Harvest Kitchens,BEVE-96847,890000877977,Beverages,14,box,302.22,434.90,2026-09-11,Aisle 05,chilled
Homestyle Mustard Oil Penne Rigate Pasta 6-Pack,Green Earth Co.,PANT-14125,890000877978,Pantry & Dry Goods,90,can,518.70,778.55,2027-07-19,Aisle 06,ambient
Signature Mustard Oil Tonic Water 750ml,Tata Milling,BEVE-32154,890000877979,Beverages,183,carton,30.82,42.90,2027-08-11,Aisle 06,chilled
Aged Masala Potato Chips 8-Pack,Royal Indian Kitchens,SNAC-45894,890000877980,Snacks & Confectionery,33,bag,80.40,100.95,2026-08-28,Aisle 10,ambient
Gluten-Free Bell Peppers 250g,SunBrite Milling,FRES-64873,890000877981,Fresh Produce,137,bag,55.11,73.43,2026-09-14,Aisle 02,chilled
Spiced Sea Salt Kulcha 4-Pack Family Pack,Royal Indian Milling,BAKE-98926,890000877982,Bakery & Deli,128,box,109.59,197.21,2026-08-27,Aisle 04,ambient
Signature Chicken Sausages 1kg,Nature Harvest Springs,MEAT-52724,890000877983,Meat & Seafood,43,pack,435.67,703.82,2026-09-02,Aisle 04,chilled
Sweet Dark Chocolate Sourdough Loaf 200g,Pure Vedic Foods,BAKE-36830,890000877984,Bakery & Deli,169,pcs,149.03,204.54,2026-09-05,Aisle 03,chilled
Spiced Biodegradable Garbage Bags 750ml,Urban Roots Botanicals,HOUS-35659,890000877985,Household & Personal Care,35,bottle,240.51,352.36,2029-04-11,Aisle 11,ambient
Signature Sea Salt Chicken Keema 750g,FarmGold Goods,MEAT-19109,890000877986,Meat & Seafood,88,kg,666.98,967.64,2026-08-28,Aisle 04,chilled
Raw Coconut Cream Baby Spinach 500g,Royal Indian Harvest,FRES-80296,890000877987,Fresh Produce,128,bunch,63.75,85.18,2026-09-12,Aisle 02,chilled
Low-Sodium Kashmiri Saffron Atlantic Salmon Fillet 200g,Desi Organics Organics,MEAT-29145,890000877988,Meat & Seafood,166,kg,730.92,1111.90,2026-09-02,Aisle 04,chilled
Artisan Cow Milk 350g,SunBrite Goods,DAIR-87673,890000877989,Dairy & Eggs,163,bottle,124.60,199.84,2026-09-07,Aisle 03,chilled
Premium Kesar Pista Crab Meat Fresh 24-Pack,Himalayan Springs,MEAT-19458,890000877990,Meat & Seafood,29,kg,724.45,1014.44,2026-09-02,Aisle 05,chilled
Handcrafted Dark Chocolate Mosquito Vaporizer Refill 8-Pack,Nature Harvest Goods,HOUS-72048,890000877991,Household & Personal Care,45,box,431.73,647.65,2028-01-22,Aisle 12,ambient
Sweet Matcha Green Tea Frozen Green Peas 1L,Tata Dairy,FROZ-64699,890000877992,Frozen Foods,26,packet,312.17,455.73,2027-03-07,Aisle 08,frozen
Extra-Virgin Toned Milk 1.5L,Kaveri Milling,DAIR-41063,890000877993,Dairy & Eggs,189,box,360.48,462.76,2026-09-22,Aisle 03,chilled
Plant-Based Nagpur Orange Frozen Veg Momos 250ml,Tata Farms,FROZ-42591,890000877994,Frozen Foods,140,packet,313.82,530.06,2026-11-26,Aisle 08,frozen
Handcrafted Clove & Mint Toothpaste 500g,Heritage Co.,HOUS-40519,890000877995,Household & Personal Care,117,packet,375.53,637.95,2027-06-30,Aisle 12,ambient
Handcrafted Kashmiri Saffron Bath Tissue 6-Pack Family Pack,Amul Dairy,HOUS-19898,890000877996,Household & Personal Care,87,box,446.23,770.60,2028-10-05,Aisle 11,ambient
Grass-Fed Golden Ginger Broccoli Crowns 2L,Urban Roots Co.,FRES-83526,890000877997,Fresh Produce,197,pack,97.75,180.42,2026-09-13,Aisle 01,chilled
Grass-Fed Cinnamon Swirl Buns 500ml,Heritage Goods,BAKE-71929,890000877998,Bakery & Deli,156,pcs,41.85,64.99,2026-09-04,Aisle 03,chilled
Low-Sodium Alphonso Mango Raw Wildflower Honey 6-Pack,Royal Indian Dairy,PANT-10638,890000877999,Pantry & Dry Goods,32,box,500.62,661.40,2027-04-07,Aisle 07,ambient
Desi Toasted Sesame Fresh Chicken Curry Cut 8-Pack,Green Earth Harvest,MEAT-55292,890000878000,Meat & Seafood,64,pack,211.94,294.13,2026-08-29,Aisle 05,chilled
Raw Mint Lime Lentils Red Masoor 24-Pack,Amul Goods,PANT-40802,890000878001,Pantry & Dry Goods,94,jar,278.68,424.72,2027-02-09,Aisle 07,ambient
Cured Mutton Chops 8-Pack,Amul Milling,MEAT-39571,890000878002,Meat & Seafood,128,pack,798.65,1315.63,2026-09-01,Aisle 04,chilled
Natural Garlic & Herb Toor Dal Premium 200g,FarmGold Provisions,PANT-28289,890000878003,Pantry & Dry Goods,68,packet,74.91,118.25,2027-10-02,Aisle 07,ambient
Rustic Sparkling Mineral Water 350g,Heritage Goods,BEVE-57955,890000878004,Beverages,109,box,106.28,151.02,2027-04-17,Aisle 05,chilled
Cold-Pressed Curd Tub 24-Pack,Urban Roots Co.,DAIR-73168,890000878005,Dairy & Eggs,44,box,72.94,118.39,2026-09-04,Aisle 03,chilled
Sweet Toned Milk Family Pack,Royal Indian Dairy,DAIR-14639,890000878006,Dairy & Eggs,179,bottle,212.45,362.70,2026-09-21,Aisle 03,chilled
Crisp Toasted Sesame Frozen Veg Momos 750g,Tata Co.,FROZ-83588,890000878007,Frozen Foods,104,box,364.75,563.66,2027-03-08,Aisle 09,frozen
Handcrafted Dark Chocolate Atlantic Salmon Fillet Snack Pack,Kaveri Springs,MEAT-63533,890000878008,Meat & Seafood,113,kg,357.64,518.70,2026-08-30,Aisle 05,chilled
Traditional Kashmiri Saffron Surmai Steaks 1kg,Heritage Farms,MEAT-89984,890000878009,Meat & Seafood,90,pcs,380.14,700.98,2026-08-28,Aisle 04,chilled
Traditional Surmai Steaks 2L,Kaveri Organics,MEAT-77801,890000878010,Meat & Seafood,153,pcs,635.21,880.09,2026-08-29,Aisle 05,chilled
Gourmet Alphonso Mango Boneless Chicken Breast 1L,Royal Indian Organics,MEAT-54445,890000878011,Meat & Seafood,135,pack,511.51,795.52,2026-08-29,Aisle 05,chilled
Zero-Sugar Salted Butter 350g,Tata Springs,DAIR-41463,890000878012,Dairy & Eggs,166,box,235.25,370.56,2026-09-06,Aisle 03,chilled
Artisan Masala Chai Heavy Cream 750ml,Royal Indian Botanicals,DAIR-80349,890000878013,Dairy & Eggs,126,packet,433.68,786.15,2026-09-21,Aisle 02,chilled
Desi Gourmet Cookies Choco-Chip 350g,Himalayan Harvest,SNAC-38313,890000878014,Snacks & Confectionery,79,bag,329.67,554.96,2027-02-12,Aisle 10,ambient
Rustic Kesar Pista Carrots 1L,Pure Vedic Botanicals,FRES-98625,890000878015,Fresh Produce,111,bunch,98.79,150.85,2026-09-05,Aisle 01,ambient
Select Greek Yogurt 1L,Tata Goods,DAIR-50373,890000878016,Dairy & Eggs,143,box,353.76,652.41,2026-09-06,Aisle 03,chilled
Traditional Moong Dal Washed 400g,Heritage Harvest,PANT-79528,890000878017,Pantry & Dry Goods,97,can,381.26,511.92,2027-02-10,Aisle 07,ambient
Smoked Golden Ginger Roasted Makhana Foxnuts 400g,Heritage Kitchens,SNAC-28402,890000878018,Snacks & Confectionery,62,bar,473.50,828.11,2026-08-29,Aisle 10,ambient
Crisp Malai Kulfi Bar 1kg,Patanjali Dairy,FROZ-57275,890000878019,Frozen Foods,198,pack,113.18,161.07,2027-01-12,Aisle 08,frozen
Gluten-Free Atlantic Salmon Fillet 12-Pack,Desi Organics Provisions,MEAT-64792,890000878020,Meat & Seafood,126,pack,495.09,878.67,2026-08-28,Aisle 05,chilled
Grass-Fed Coconut Cream Malai Kulfi Bar 5kg,Tata Naturals,FROZ-75881,890000878021,Frozen Foods,34,pack,110.13,172.50,2026-11-07,Aisle 09,frozen
Heritage Heavy Cream 350g,Urban Roots Foods,DAIR-19297,890000878022,Dairy & Eggs,165,pack,476.62,769.28,2026-09-04,Aisle 03,chilled
Cold-Pressed Vanilla Bean Roasted Salted Cashews Family Pack,Desi Organics Agro,SNAC-71340,890000878023,Snacks & Confectionery,12,box,145.46,191.49,2027-02-22,Aisle 09,ambient
Smoked Floor Disinfectant 4-Pack,Heritage Provisions,HOUS-62440,890000878024,Household & Personal Care,138,box,424.69,565.85,2028-08-28,Aisle 11,ambient
Raw Salted Butter 200g,Pashmina Harvest,DAIR-73449,890000878025,Dairy & Eggs,178,packet,57.52,106.32,2026-09-11,Aisle 03,chilled
Aged Mint Lime Gourmet Cookies Choco-Chip 330ml,Kaveri Agro,SNAC-89242,890000878026,Snacks & Confectionery,198,bar,125.38,184.95,2026-11-18,Aisle 09,ambient
Cured Nagpur Orange Chicken Keema 330ml,SunBrite Kitchens,MEAT-36170,890000878027,Meat & Seafood,37,pack,679.58,1081.95,2026-08-30,Aisle 04,chilled
Extra-Virgin Frozen Veg Momos Family Pack,Pure Vedic Goods,FROZ-80536,890000878028,Frozen Foods,72,tub,261.57,374.99,2027-01-15,Aisle 08,frozen
Signature Multigrain Tortillas 100g,SunBrite Agro,BAKE-66696,890000878029,Bakery & Deli,150,box,225.35,365.44,2026-09-05,Aisle 03,ambient
Raw Caramelized Onion Yukon Gold Potatoes 330ml,Green Earth Milling,FRES-18981,890000878030,Fresh Produce,11,bunch,136.52,173.38,2026-08-18,Aisle 01,ambient
Crisp Biodegradable Garbage Bags 2L,Himalayan Farms,HOUS-47639,890000878031,Household & Personal Care,25,packet,198.00,335.14,2028-01-15,Aisle 11,ambient
Rustic Cream Cheese 750ml,Ganga Provisions,DAIR-52313,890000878032,Dairy & Eggs,75,carton,418.36,528.35,2026-08-29,Aisle 02,chilled
Artisan Clove & Mint Toothpaste 24-Pack,Kaveri Botanicals,HOUS-82785,890000878033,Household & Personal Care,31,pack,173.96,303.27,2026-08-16,Aisle 11,ambient
Cured Whole Wheat Atta Bread 2L,Vedic Fresh Provisions,BAKE-53390,890000878034,Bakery & Deli,138,pack,272.75,473.95,2026-09-09,Aisle 03,chilled
Extra-Virgin Golden Ginger Chicken Keema 250ml,Ganga Co.,MEAT-98027,890000878035,Meat & Seafood,166,pack,691.99,1105.38,2026-09-01,Aisle 05,chilled
Signature Pink Himalayan Salt 400g,Kaveri Botanicals,PANT-41739,890000878036,Pantry & Dry Goods,29,bag,404.40,582.31,2027-10-29,Aisle 06,ambient
Select Kesar Pista Smoked Chicken Slices 24-Pack,Kaveri Dairy,BAKE-67324,890000878037,Bakery & Deli,75,pack,70.06,118.92,2026-09-05,Aisle 04,chilled
Desi Mint Lime Frozen Samosas 2L,Green Earth Springs,FROZ-51088,890000878038,Frozen Foods,18,packet,131.41,211.26,2026-12-08,Aisle 09,frozen
Artisan 70% Dark Chocolate Bar 12-Pack,Pashmina Farms,SNAC-10894,890000878039,Snacks & Confectionery,24,bar,414.27,754.63,2027-04-29,Aisle 09,ambient
Sweet 70% Dark Chocolate Bar 1L,Heritage Dairy,SNAC-78831,890000878040,Snacks & Confectionery,5,pack,470.32,827.44,2027-05-24,Aisle 10,ambient
Homestyle Brioche Burger Buns 250g,Royal Indian Harvest,BAKE-50841,890000878041,Bakery & Deli,46,pcs,178.56,290.85,2026-08-27,Aisle 03,chilled
Desi Filter Coffee Beans 2kg,Nature Harvest Harvest,BEVE-68171,890000878042,Beverages,23,bottle,290.40,494.00,2026-11-24,Aisle 06,ambient
Natural Coconut Cream Butter Croissants 750ml,Patanjali Co.,BAKE-39412,890000878043,Bakery & Deli,179,box,48.82,87.46,2026-09-08,Aisle 04,ambient
Organic Mozzarella 400g,Pure Vedic Organics,DAIR-82946,890000878044,Dairy & Eggs,132,packet,74.92,122.90,2026-08-24,Aisle 02,chilled
Gourmet Bananas 2L,Amul Naturals,FRES-66773,890000878045,Fresh Produce,106,pack,26.00,32.64,2026-08-20,Aisle 01,ambient
Handcrafted California Almonds 250g,Pure Vedic Provisions,SNAC-61939,890000878046,Snacks & Confectionery,60,tub,332.96,435.31,2027-01-06,Aisle 09,ambient
Sweet Coconut Cream Baby Spinach 250g,Ganga Dairy,FRES-19320,890000878047,Fresh Produce,120,kg,79.63,146.26,2026-09-07,Aisle 01,ambient
Low-Sodium Cream Cheese 250ml,Pure Vedic Foods,DAIR-37872,890000878048,Dairy & Eggs,145,packet,241.17,351.56,2026-09-21,Aisle 03,chilled
Farm-Fresh Masala Potato Chips 500g,Royal Indian Co.,SNAC-87842,890000878049,Snacks & Confectionery,169,box,298.15,390.46,2026-11-22,Aisle 09,ambient
Premium Kashmiri Saffron Chicken Sausages 500ml,Kaveri Naturals,MEAT-85614,890000878050,Meat & Seafood,89,pcs,638.87,1157.80,2026-08-29,Aisle 04,chilled
Zero-Sugar Vanilla Bean Cold Brew Coffee 750ml,SunBrite Foods,BEVE-99516,890000878051,Beverages,107,can,73.69,132.67,2026-08-27,Aisle 05,ambient
Grass-Fed Matcha Green Tea Pomfret Whole 400g,Tata Milling,MEAT-19314,890000878052,Meat & Seafood,65,pcs,280.33,441.29,2026-08-26,Aisle 05,chilled
Low-Sodium Kesar Pista Pineapples 5kg,Heritage Springs,FRES-23818,890000878053,Fresh Produce,35,bag,54.26,82.34,2026-08-29,Aisle 02,chilled
Rustic Mustard Oil Chicken Keema 2L,Urban Roots Farms,MEAT-74518,890000878054,Meat & Seafood,164,kg,254.26,385.77,2026-09-02,Aisle 04,chilled
Traditional Dark Chocolate Curd Tub Family Pack,Urban Roots Kitchens,DAIR-41013,890000878055,Dairy & Eggs,45,bottle,368.80,531.42,2026-09-09,Aisle 02,chilled
Extra-Virgin Alphonso Mango Boneless Chicken Breast 2L,SunBrite Foods,MEAT-67259,890000878056,Meat & Seafood,200,pack,237.84,342.48,2026-09-02,Aisle 04,chilled
Smoked Ginger Kombucha 1L,SunBrite Naturals,BEVE-68940,890000878057,Beverages,183,bottle,23.48,39.96,2027-07-27,Aisle 05,ambient
Zero-Sugar Vanilla Bean Frozen Paneer Cubes Snack Pack,Amul Harvest,FROZ-31296,890000878058,Frozen Foods,168,pack,82.30,116.44,2027-08-03,Aisle 09,frozen
Rustic Pista Almond Mozzarella 2L,Royal Indian Dairy,DAIR-54727,890000878059,Dairy & Eggs,8,carton,106.39,168.87,2026-09-03,Aisle 02,chilled
Heritage Ginger Kombucha 4-Pack,Tata Co.,BEVE-47550,890000878060,Beverages,193,carton,253.55,422.91,2027-04-21,Aisle 06,chilled
Premium Baby Spinach 2L,Royal Indian Botanicals,FRES-75906,890000878061,Fresh Produce,192,pack,130.77,204.27,2026-08-30,Aisle 01,ambient
Heritage Matcha Green Tea Chicken Keema 2kg,Heritage Kitchens,MEAT-28817,890000878062,Meat & Seafood,62,pcs,242.12,311.02,2026-08-28,Aisle 04,chilled
Desi Dark Chocolate Alphonso Kulfi Tub 5kg,FarmGold Milling,FROZ-40354,890000878063,Frozen Foods,172,box,319.35,534.77,2027-06-26,Aisle 08,frozen
Spiced Dry Fruits Trail Mix 2L,Heritage Dairy,SNAC-78465,890000878064,Snacks & Confectionery,9,packet,411.83,736.96,2026-12-08,Aisle 10,ambient
Cured Butter Croissants 12-Pack,Pure Vedic Kitchens,BAKE-17678,890000878065,Bakery & Deli,35,box,116.29,173.10,2026-08-27,Aisle 03,ambient
Homestyle Kesar Pista Frozen Green Peas 750ml,Patanjali Foods,FROZ-97070,890000878066,Frozen Foods,127,pack,294.48,499.21,2027-03-27,Aisle 09,frozen
Low-Sodium Coconut Cream Frozen Veg Momos Snack Pack,Himalayan Botanicals,FROZ-86482,890000878067,Frozen Foods,22,packet,301.79,459.88,2027-07-25,Aisle 08,frozen
Cold-Pressed Moong Dal Washed 350g,Pashmina Naturals,PANT-40722,890000878068,Pantry & Dry Goods,188,can,508.69,841.08,2026-12-21,Aisle 06,ambient
Traditional Vanilla Bean Pomegranates 1.5L,Pashmina Springs,FRES-30053,890000878069,Fresh Produce,81,bag,39.90,64.06,2026-09-11,Aisle 02,chilled
Farm-Fresh Pita Bread 5kg,Tata Co.,BAKE-10137,890000878070,Bakery & Deli,10,box,196.81,300.83,2026-08-14,Aisle 03,chilled
Low-Sodium Kesar Pista Bath Tissue 6-Pack 750g,Royal Indian Botanicals,HOUS-64774,890000878071,Household & Personal Care,44,tube,343.46,591.67,2028-07-07,Aisle 11,ambient
Grass-Fed Bath Tissue 6-Pack 24-Pack,Ganga Kitchens,HOUS-78475,890000878072,Household & Personal Care,114,pack,475.38,813.47,2027-07-22,Aisle 11,ambient
Crisp Pista Almond Fresh Chicken Curry Cut 400g,Patanjali Co.,MEAT-87714,890000878073,Meat & Seafood,157,pack,672.75,996.94,2026-08-29,Aisle 04,chilled
Handcrafted Mint Lime Surmai Steaks 12-Pack,FarmGold Organics,MEAT-14176,890000878074,Meat & Seafood,68,pcs,518.58,823.90,2026-08-29,Aisle 04,chilled
Smoked Organic Atta 5kg 1.5L,Amul Dairy,PANT-39026,890000878075,Pantry & Dry Goods,65,bottle,200.77,255.91,2028-05-03,Aisle 08,ambient
Spiced Coconut Cream Clove & Mint Toothpaste 750g,Vedic Fresh Botanicals,HOUS-58889,890000878076,Household & Personal Care,18,packet,436.24,554.54,2029-01-13,Aisle 11,ambient
Roasted Toasted Sesame Brioche Burger Buns 8-Pack,FarmGold Provisions,BAKE-43847,890000878077,Bakery & Deli,56,box,279.94,457.74,2026-09-07,Aisle 03,ambient
Zero-Sugar Rose Infused Clove & Mint Toothpaste 1.5L,Vedic Fresh Co.,HOUS-40749,890000878078,Household & Personal Care,75,packet,305.63,427.03,2026-08-27,Aisle 11,ambient
Extra-Virgin Granola Health Bars Family Pack,Pure Vedic Farms,SNAC-41736,890000878079,Snacks & Confectionery,76,bag,474.58,786.03,2026-10-23,Aisle 10,ambient
Cold-Pressed Kaju Katli Sweet Box 4-Pack,Pure Vedic Botanicals,SNAC-66277,890000878080,Snacks & Confectionery,42,packet,173.08,263.85,2027-05-09,Aisle 09,ambient
Sweet Pure Jaggery Powder 1kg,Urban Roots Harvest,PANT-28990,890000878081,Pantry & Dry Goods,21,can,636.70,1125.78,2026-08-24,Aisle 08,ambient
Extra-Virgin Kashmiri Saffron Veg Spring Rolls 250g,Heritage Botanicals,FROZ-31094,890000878082,Frozen Foods,144,bag,84.29,139.40,2027-06-13,Aisle 09,frozen
Pure Kashmiri Saffron Cold Brew Coffee 1L,Amul Co.,BEVE-35745,890000878083,Beverages,146,can,147.90,231.49,2026-12-18,Aisle 05,chilled
Spiced Boneless Chicken Breast 2L,Vedic Fresh Milling,MEAT-52044,890000878084,Meat & Seafood,164,pcs,513.53,801.89,2026-08-28,Aisle 04,chilled
Smoked Alphonso Mango Cold Brew Coffee 400g,Royal Indian Agro,BEVE-69129,890000878085,Beverages,67,bottle,328.52,465.01,2026-08-15,Aisle 05,ambient
Gourmet Mint Lime Buffalo Milk 500g,Pure Vedic Provisions,DAIR-45029,890000878086,Dairy & Eggs,79,carton,268.62,444.93,2026-09-07,Aisle 03,chilled
Signature Sea Salt Amul Gouda Block 750g,Ganga Farms,DAIR-50326,890000878087,Dairy & Eggs,10,box,160.46,267.78,2026-08-30,Aisle 03,chilled
Rustic Mustard Oil Penne Rigate Pasta 750ml,Vedic Fresh Goods,PANT-97125,890000878088,Pantry & Dry Goods,104,box,464.19,666.21,2028-04-14,Aisle 07,ambient
Farm-Fresh Sea Salt Fresh Chicken Curry Cut 12-Pack,Tata Goods,MEAT-27966,890000878089,Meat & Seafood,5,pack,366.91,612.67,2026-08-31,Aisle 04,chilled
Cured Sourdough Loaf 330ml,Patanjali Dairy,BAKE-66960,890000878090,Bakery & Deli,76,pack,150.01,203.12,2026-09-04,Aisle 04,chilled
Select Chicken Keema 24-Pack,Patanjali Naturals,MEAT-46632,890000878091,Meat & Seafood,70,pcs,584.56,782.30,2026-09-01,Aisle 05,chilled
Premium Smoked Paprika Whole Wheat Atta Bread 1kg,Pashmina Foods,BAKE-90413,890000878092,Bakery & Deli,75,pack,48.97,64.89,2026-09-02,Aisle 03,chilled
Pure Methi 500g,FarmGold Milling,FRES-17254,890000878093,Fresh Produce,5,bag,129.36,215.98,2026-09-02,Aisle 01,chilled
Gourmet Mutton Curry Cut Snack Pack,Nature Harvest Farms,MEAT-98593,890000878094,Meat & Seafood,173,kg,385.12,631.11,2026-08-31,Aisle 05,chilled
Raw Palak 250ml,Patanjali Organics,FRES-81197,890000878095,Fresh Produce,158,pack,67.39,109.54,2026-08-22,Aisle 01,chilled
Gourmet Nagpur Orange Extra Virgin Olive Oil 500g,FarmGold Provisions,PANT-42042,890000878096,Pantry & Dry Goods,62,jar,412.59,610.35,2027-10-26,Aisle 07,ambient
Homestyle Himalayan Spring Water 12-Pack,Pashmina Botanicals,BEVE-81058,890000878097,Beverages,168,bag,373.79,678.19,2027-03-30,Aisle 06,chilled
Sweet Dark Chocolate Tiger Prawns Jumbo Family Pack,Kaveri Springs,MEAT-74305,890000878098,Meat & Seafood,172,kg,803.98,1100.35,2026-09-01,Aisle 05,chilled
Signature Kitchen Paper Towels 4-Roll 750ml,Nature Harvest Provisions,HOUS-76250,890000878099,Household & Personal Care,153,tube,119.45,166.06,2026-08-23,Aisle 11,ambient
Sweet Dishwash Gel Lemon 500ml,Tata Farms,HOUS-44394,890000878100,Household & Personal Care,180,box,213.93,298.26,2027-05-31,Aisle 12,ambient
Desi Golden Ginger Atlantic Salmon Fillet 1.5L,Desi Organics Kitchens,MEAT-34969,890000878101,Meat & Seafood,63,pack,334.17,554.73,2026-09-02,Aisle 04,chilled
Raw Cinnamon Swirl Buns 8-Pack,Himalayan Agro,BAKE-38205,890000878102,Bakery & Deli,81,pack,92.42,116.24,2026-09-09,Aisle 04,chilled
Gourmet Dishwash Gel Lemon 12-Pack,Vedic Fresh Co.,HOUS-26075,890000878103,Household & Personal Care,30,box,445.76,761.30,2029-05-14,Aisle 11,ambient
Select Dark Chocolate Liquid Laundry Detergent 6-Pack,Pashmina Agro,HOUS-82618,890000878104,Household & Personal Care,193,pack,147.86,209.83,2028-06-18,Aisle 11,ambient
Pure Garlic & Herb Granola Health Bars Snack Pack,Green Earth Agro,SNAC-27311,890000878105,Snacks & Confectionery,52,box,375.27,567.66,2026-11-01,Aisle 09,ambient
Spiced Pomegranates 250g,Amul Milling,FRES-82722,890000878106,Fresh Produce,138,pcs,124.21,192.24,2026-09-06,Aisle 02,ambient
Handcrafted Cold Brew Coffee 8-Pack,Ganga Milling,BEVE-20130,890000878107,Beverages,31,box,266.13,341.26,2026-11-23,Aisle 06,chilled
Free-Range Kashmiri Saffron Organic Atta 5kg 750ml,Pashmina Kitchens,PANT-76682,890000878108,Pantry & Dry Goods,88,bag,131.03,181.58,2027-11-08,Aisle 06,ambient
Homestyle Kashmiri Saffron Tiger Prawns Jumbo 5kg,Nature Harvest Naturals,MEAT-20188,890000878109,Meat & Seafood,18,kg,678.11,984.28,2026-08-29,Aisle 04,chilled
Rustic Pasture Eggs 2kg,Urban Roots Goods,DAIR-24926,890000878110,Dairy & Eggs,33,pack,98.91,165.71,2026-08-30,Aisle 02,chilled
Free-Range Multigrain Tortillas 5kg,Kaveri Foods,BAKE-14172,890000878111,Bakery & Deli,26,pcs,164.67,300.89,2026-09-06,Aisle 03,ambient
Organic Caramelized Onion Tender Coconut Water 2kg,Desi Organics Dairy,BEVE-64485,890000878112,Beverages,155,bag,315.99,580.89,2027-03-05,Aisle 05,chilled
Aged Mint Lime Himalayan Spring Water 5kg,Desi Organics Co.,BEVE-24581,890000878113,Beverages,93,can,290.24,532.65,2026-08-27,Aisle 05,ambient
Grass-Fed Pista Almond Palak 5kg,Patanjali Farms,FRES-18626,890000878114,Fresh Produce,147,pcs,89.97,154.71,2026-08-29,Aisle 01,ambient
Homestyle Sea Salt Ciabatta Roll 12-Pack,Pashmina Milling,BAKE-43302,890000878115,Bakery & Deli,181,box,49.27,68.51,2026-09-08,Aisle 03,chilled
Pure Pure Jaggery Powder Family Pack,SunBrite Organics,PANT-42045,890000878116,Pantry & Dry Goods,59,packet,252.52,416.17,2028-04-15,Aisle 07,ambient
Raw Truffle Infused Biodegradable Garbage Bags 12-Pack,Kaveri Farms,HOUS-70164,890000878117,Household & Personal Care,11,box,110.50,175.30,2028-05-05,Aisle 11,ambient
Smoked Mustard Oil Greek Yogurt 5kg,Pashmina Agro,DAIR-45770,890000878118,Dairy & Eggs,163,box,349.64,557.03,2026-09-08,Aisle 03,chilled
Homestyle Toned Milk 250g,Nature Harvest Naturals,DAIR-41862,890000878119,Dairy & Eggs,151,packet,286.27,492.95,2026-09-09,Aisle 03,chilled
Organic Royal Basmati Rice 500ml,Kaveri Kitchens,PANT-86992,890000878120,Pantry & Dry Goods,8,bottle,152.40,255.32,2027-01-03,Aisle 08,ambient
Crisp Cinnamon Spice Apples 400g,Ganga Kitchens,FRES-36029,890000878121,Fresh Produce,69,bunch,55.62,76.54,2026-09-08,Aisle 01,ambient
Organic Lemons Family Pack,SunBrite Kitchens,FRES-30142,890000878122,Fresh Produce,100,kg,46.20,79.16,2026-09-14,Aisle 02,chilled
Gourmet Mutton Curry Cut 500ml,Heritage Kitchens,MEAT-94358,890000878123,Meat & Seafood,57,pcs,760.21,1235.10,2026-09-01,Aisle 05,chilled
Cured Garlic & Herb Roma Tomatoes 24-Pack,Urban Roots Provisions,FRES-39682,890000878124,Fresh Produce,37,bunch,132.68,239.04,2026-08-26,Aisle 01,ambient
Traditional Nagpur Orange Pav 6-Pack 330ml,Royal Indian Botanicals,BAKE-59072,890000878125,Bakery & Deli,45,pack,201.92,322.18,2026-09-02,Aisle 03,ambient
Select Herbal Hand Wash Neem 100g,Pashmina Co.,HOUS-63418,890000878126,Household & Personal Care,92,box,360.91,641.75,2029-01-05,Aisle 11,ambient
Organic Mutton Chops 200g,Kaveri Provisions,MEAT-70557,890000878127,Meat & Seafood,164,pack,650.23,831.43,2026-08-29,Aisle 05,chilled
Handcrafted Pista Almond Alphonso Mangoes 350g,Pure Vedic Goods,FRES-63128,890000878128,Fresh Produce,126,kg,120.10,171.96,2026-08-31,Aisle 02,ambient
Handcrafted Feta Cheese 8-Pack,Kaveri Harvest,DAIR-15685,890000878129,Dairy & Eggs,9,packet,112.73,196.87,2026-09-22,Aisle 03,chilled
Cold-Pressed Mustard Oil Kachi Ghani 12-Pack,Ganga Botanicals,PANT-47108,890000878130,Pantry & Dry Goods,79,bag,528.10,837.74,2026-08-14,Aisle 08,ambient
Desi Greek Yogurt 750g,Kaveri Harvest,DAIR-67381,890000878131,Dairy & Eggs,121,tub,363.60,479.39,2026-09-25,Aisle 03,chilled
Extra-Virgin Vanilla Bean Chicken Sausages 750ml,Pashmina Foods,MEAT-43650,890000878132,Meat & Seafood,72,kg,260.15,361.30,2026-08-29,Aisle 04,chilled
Low-Sodium Banana Chips Kerala Style 250g,SunBrite Agro,SNAC-54284,890000878133,Snacks & Confectionery,189,bar,400.83,669.79,2027-06-08,Aisle 09,ambient
Raw Ayurvedic Bath Soap 100g,Pashmina Agro,HOUS-65360,890000878134,Household & Personal Care,83,packet,465.59,729.93,2026-08-28,Aisle 11,ambient
Signature Cardamom Spiced Liquid Laundry Detergent 2L,Patanjali Organics,HOUS-82013,890000878135,Household & Personal Care,86,packet,329.05,485.21,2027-06-08,Aisle 12,ambient
Desi Jalapeno Lime Cold-Pressed Groundnut Oil 400g,Amul Agro,PANT-85559,890000878136,Pantry & Dry Goods,78,can,430.37,723.52,2028-07-28,Aisle 07,ambient
Plant-Based Salted Butter 250g,Pure Vedic Agro,DAIR-47994,890000878137,Dairy & Eggs,5,bottle,347.13,465.10,2026-09-01,Aisle 03,chilled
Desi Pista Almond Cinnamon Swirl Buns 5kg,Patanjali Harvest,BAKE-75045,890000878138,Bakery & Deli,184,box,39.49,59.17,2026-08-27,Aisle 03,chilled
Crisp Smoked Chicken Slices 100g,Kaveri Goods,BAKE-97790,890000878139,Bakery & Deli,110,pack,43.12,60.62,2026-09-04,Aisle 03,ambient
Sweet Alphonso Mangoes 100g,Desi Organics Agro,FRES-42122,890000878140,Fresh Produce,103,pcs,55.25,101.04,2026-09-11,Aisle 02,chilled
Crisp Cinnamon Spice Buffalo Milk Family Pack,Pure Vedic Dairy,DAIR-56976,890000878141,Dairy & Eggs,29,packet,147.81,188.40,2026-09-18,Aisle 02,chilled
Aged Fresh Mosambi Juice 1kg,Vedic Fresh Milling,BEVE-94729,890000878142,Beverages,77,carton,219.55,379.42,2027-04-28,Aisle 06,ambient
Cold-Pressed Matcha Green Tea French Fries Crispy 500ml,Amul Springs,FROZ-60604,890000878143,Frozen Foods,64,tub,53.58,93.15,2026-12-01,Aisle 08,frozen
Cured Pista Almond Kitchen Paper Towels 4-Roll 2L,Urban Roots Kitchens,HOUS-72415,890000878144,Household & Personal Care,7,pack,376.71,553.40,2028-12-25,Aisle 12,ambient
Heritage Pineapples 330ml,Pure Vedic Naturals,FRES-58126,890000878145,Fresh Produce,17,pack,64.94,85.10,2026-09-08,Aisle 02,chilled
Smoked Mutton Curry Cut Family Pack,Royal Indian Harvest,MEAT-79188,890000878146,Meat & Seafood,139,kg,705.24,1081.92,2026-08-30,Aisle 05,chilled
Artisan Palak 4-Pack,Kaveri Farms,FRES-82480,890000878147,Fresh Produce,164,kg,109.28,145.18,2026-09-01,Aisle 01,chilled
Spiced Dry Fruits Trail Mix 8-Pack,Heritage Kitchens,SNAC-40538,890000878148,Snacks & Confectionery,91,bar,169.03,248.94,2026-08-24,Aisle 09,ambient
Rustic Kesar Pista Curd Tub 350g,Nature Harvest Dairy,DAIR-60650,890000878149,Dairy & Eggs,150,pack,88.64,114.65,2026-09-10,Aisle 03,chilled
Gluten-Free Cardamom Spiced Veg Burger Patties 330ml,Urban Roots Farms,FROZ-22708,890000878150,Frozen Foods,137,box,117.90,147.95,2027-06-02,Aisle 08,frozen
Cured Coconut Cream Raw Wildflower Honey 2kg,Royal Indian Goods,PANT-21270,890000878151,Pantry & Dry Goods,144,bottle,237.46,328.91,2027-05-07,Aisle 08,ambient
Gluten-Free Seedless Grapes 750g,Royal Indian Foods,FRES-77369,890000878152,Fresh Produce,170,pcs,111.50,163.31,2026-09-01,Aisle 01,ambient
Homestyle Cream Cheese 24-Pack,Ganga Agro,DAIR-55545,890000878153,Dairy & Eggs,139,box,166.12,303.80,2026-09-01,Aisle 03,chilled
Extra-Virgin Golden Ginger Cucumbers 400g,Royal Indian Agro,FRES-52288,890000878154,Fresh Produce,53,bag,105.21,193.53,2026-09-13,Aisle 01,chilled
Farm-Fresh Kesar Pista Fresh Chicken Curry Cut 750ml,SunBrite Dairy,MEAT-99152,890000878155,Meat & Seafood,154,pack,742.83,1147.13,2026-08-23,Aisle 05,chilled
Artisan Alphonso Mango Amla Juice 400g,Amul Naturals,BEVE-91834,890000878156,Beverages,62,bottle,360.00,562.31,2027-05-19,Aisle 05,ambient
Handcrafted Cinnamon Spice Bananas Snack Pack,FarmGold Provisions,FRES-17853,890000878157,Fresh Produce,171,pcs,51.58,75.72,2026-08-31,Aisle 01,ambient
Traditional Truffle Infused Roma Tomatoes 5kg,Royal Indian Provisions,FRES-82531,890000878158,Fresh Produce,100,kg,40.60,56.76,2026-09-03,Aisle 02,ambient
Roasted Truffle Infused Chaash / Buttermilk 500ml,Pure Vedic Co.,DAIR-21428,890000878159,Dairy & Eggs,135,packet,472.93,697.16,2026-09-17,Aisle 03,chilled
Sweet Coconut Cream Carrots 4-Pack,Green Earth Springs,FRES-14932,890000878160,Fresh Produce,98,kg,89.56,128.47,2026-09-12,Aisle 02,ambient
Cold-Pressed Matcha Green Tea Mutton Curry Cut 4-Pack,Nature Harvest Provisions,MEAT-73720,890000878161,Meat & Seafood,82,pack,307.79,564.32,2026-08-28,Aisle 05,chilled
Zero-Sugar Cold Brew Coffee 100g,FarmGold Co.,BEVE-91944,890000878162,Beverages,144,bag,299.35,405.40,2026-12-08,Aisle 05,chilled
Homestyle Badam Milk Drink 250ml,Urban Roots Provisions,BEVE-27482,890000878163,Beverages,129,carton,113.64,187.19,2027-06-16,Aisle 06,chilled
Natural Sea Salt Amla Juice 250ml,Kaveri Goods,BEVE-86327,890000878164,Beverages,58,pack,315.04,441.18,2027-07-02,Aisle 06,ambient
Grass-Fed Feta Cheese Snack Pack,Royal Indian Organics,DAIR-30513,890000878165,Dairy & Eggs,87,bottle,418.40,665.18,2026-09-05,Aisle 02,chilled
Cold-Pressed Cinnamon Spice Broccoli Crowns 500ml,Pashmina Organics,FRES-47240,890000878166,Fresh Produce,172,bag,133.64,239.21,2026-09-01,Aisle 02,ambient
Gluten-Free Jalapeno Lime Pink Himalayan Salt 500g,Green Earth Organics,PANT-22103,890000878167,Pantry & Dry Goods,15,can,655.11,823.45,2028-05-10,Aisle 08,ambient
Homestyle Buffalo Milk 250ml,Urban Roots Co.,DAIR-52219,890000878168,Dairy & Eggs,38,carton,157.30,290.92,2026-09-11,Aisle 03,chilled
Rustic Palak 500ml,Amul Co.,FRES-90650,890000878169,Fresh Produce,92,bag,39.28,56.95,2026-09-14,Aisle 02,chilled
Roasted Portobello Mushrooms 2L,Nature Harvest Farms,FRES-22764,890000878170,Fresh Produce,18,bunch,21.15,32.41,2026-08-30,Aisle 01,ambient
Farm-Fresh Tonic Water 1.5L,Himalayan Harvest,BEVE-87471,890000878171,Beverages,158,bottle,164.07,283.52,2027-01-12,Aisle 06,ambient
Desi Filter Coffee Beans 1.5L,Royal Indian Milling,BEVE-30765,890000878172,Beverages,175,bag,371.60,503.70,2026-12-20,Aisle 05,ambient
Homestyle Parmigiano-Reggiano 750g,Urban Roots Foods,DAIR-24492,890000878173,Dairy & Eggs,103,tub,240.09,442.08,2026-08-25,Aisle 02,chilled
Cold-Pressed Sparkling Mineral Water 1L,Desi Organics Provisions,BEVE-14576,890000878174,Beverages,17,bottle,316.28,400.70,2026-09-24,Aisle 06,ambient
Organic Iced Lemon Tea 2L,Royal Indian Agro,BEVE-28384,890000878175,Beverages,92,bottle,163.14,275.84,2027-06-23,Aisle 06,chilled
Artisan Surmai Steaks 500g,Kaveri Farms,MEAT-35593,890000878176,Meat & Seafood,131,pcs,798.19,1118.67,2026-09-01,Aisle 04,chilled
Gourmet Cinnamon Spice Multigrain Tortillas 24-Pack,Pashmina Harvest,BAKE-13759,890000878177,Bakery & Deli,167,pack,58.98,86.73,2026-09-01,Aisle 04,ambient
Organic Garlic & Herb Liquid Laundry Detergent 500ml,Nature Harvest Botanicals,HOUS-55799,890000878178,Household & Personal Care,23,tube,438.89,681.00,2028-04-03,Aisle 12,ambient
Desi Surface Floor Cleaner Rose 100g,FarmGold Co.,HOUS-12573,890000878179,Household & Personal Care,195,box,112.94,164.81,2029-01-08,Aisle 11,ambient
Handcrafted Multigrain Tortillas 100g,Green Earth Dairy,BAKE-52048,890000878180,Bakery & Deli,183,pcs,42.17,73.36,2026-08-29,Aisle 04,ambient
Free-Range Shampoo Anti-Dandruff 350g,Ganga Harvest,HOUS-60891,890000878181,Household & Personal Care,155,pack,422.03,550.22,2028-11-28,Aisle 12,ambient
Gourmet Truffle Infused Masala CTC Tea 330ml,Patanjali Goods,BEVE-38607,890000878182,Beverages,79,can,266.25,490.14,2027-08-05,Aisle 06,chilled
Free-Range Kashmiri Saffron Nimbu Paani Soda 2L,Patanjali Kitchens,BEVE-12303,890000878183,Beverages,49,box,171.74,293.92,2026-10-17,Aisle 06,chilled
Cold-Pressed Feta Cheese 12-Pack,Nature Harvest Dairy,DAIR-64214,890000878184,Dairy & Eggs,84,packet,92.91,152.70,2026-09-21,Aisle 03,chilled
Plant-Based Granola Health Bars 400g,Ganga Springs,SNAC-24224,890000878185,Snacks & Confectionery,101,box,426.42,595.54,2026-10-14,Aisle 10,ambient
Signature Pista Almond Cucumbers 24-Pack,FarmGold Organics,FRES-73452,890000878186,Fresh Produce,116,pack,15.11,25.53,2026-08-30,Aisle 01,ambient
Gourmet Parmigiano-Reggiano 4-Pack,Pashmina Harvest,DAIR-82473,890000878187,Dairy & Eggs,115,packet,199.77,349.78,2026-08-29,Aisle 02,chilled
Aged Biodegradable Garbage Bags 500ml,Himalayan Provisions,HOUS-62536,890000878188,Household & Personal Care,17,bottle,434.46,654.76,2027-12-12,Aisle 11,ambient
Cold-Pressed Cold Brew Coffee 2L,Desi Organics Goods,BEVE-75143,890000878189,Beverages,197,carton,70.64,98.51,2027-05-20,Aisle 05,ambient
Grass-Fed Edamame Pods 500ml,Vedic Fresh Milling,FROZ-93293,890000878190,Frozen Foods,80,bag,217.32,397.06,2027-03-19,Aisle 09,frozen
Rustic Ginger Kombucha 350g,Royal Indian Co.,BEVE-72753,890000878191,Beverages,35,pack,388.83,606.24,2027-01-09,Aisle 05,chilled
Premium Cow Milk 250g,Patanjali Dairy,DAIR-88098,890000878192,Dairy & Eggs,116,packet,201.40,327.00,2026-09-22,Aisle 02,chilled
Spiced Masala Potato Chips 400g,Heritage Springs,SNAC-22555,890000878193,Snacks & Confectionery,54,tub,465.44,767.38,2027-04-13,Aisle 09,ambient
Rustic Alphonso Mango Salted Butter 24-Pack,Royal Indian Agro,DAIR-55258,890000878194,Dairy & Eggs,24,bottle,203.54,367.84,2026-09-18,Aisle 02,chilled
Handcrafted Ayurvedic Bath Soap 2kg,Pure Vedic Farms,HOUS-71233,890000878195,Household & Personal Care,87,box,215.68,313.13,2028-09-16,Aisle 11,ambient
Cold-Pressed Toasted Sesame Multigrain Tortillas 4-Pack,Amul Springs,BAKE-42643,890000878196,Bakery & Deli,41,pcs,242.96,390.31,2026-08-29,Aisle 03,ambient
Homestyle Masala Chai Pink Himalayan Salt 1.5L,Green Earth Agro,PANT-63853,890000878197,Pantry & Dry Goods,56,bottle,559.00,834.26,2028-01-25,Aisle 08,ambient
Spiced Royal Basmati Rice 1.5L,FarmGold Provisions,PANT-46790,890000878198,Pantry & Dry Goods,54,jar,599.31,868.96,2026-08-19,Aisle 08,ambient
Extra-Virgin Masala Chai Fresh Chicken Curry Cut 1L,Amul Organics,MEAT-19353,890000878199,Meat & Seafood,8,pack,274.99,474.21,2026-08-28,Aisle 04,chilled
Rustic Masala Chai Paneer Block 5kg,Amul Co.,DAIR-99620,890000878200,Dairy & Eggs,173,box,350.48,520.26,2026-09-12,Aisle 02,chilled
Homestyle Sea Salt Kulcha 4-Pack 4-Pack,Vedic Fresh Co.,BAKE-83136,890000878201,Bakery & Deli,107,pcs,137.69,216.29,2026-08-27,Aisle 03,ambient
Heritage Jalapeno Lime Chicken Sausages 100g,Ganga Organics,MEAT-39395,890000878202,Meat & Seafood,30,kg,562.70,985.32,2026-08-28,Aisle 05,chilled
Homestyle Cinnamon Spice Chicken Frankfurters 750g,Urban Roots Botanicals,BAKE-18237,890000878203,Bakery & Deli,130,pcs,38.78,63.88,2026-09-02,Aisle 04,chilled
Premium Kesar Pista Cream Cheese 1kg,Himalayan Organics,DAIR-73451,890000878204,Dairy & Eggs,126,tub,175.68,223.76,2026-09-15,Aisle 03,chilled
Cold-Pressed Rose Infused Bhujia Sev 250g,Desi Organics Provisions,SNAC-56217,890000878205,Snacks & Confectionery,34,tub,48.47,64.17,2027-05-02,Aisle 10,ambient
Premium Electrolyte Drink 24-Pack,Ganga Kitchens,BEVE-45984,890000878206,Beverages,87,bag,287.41,405.42,2026-09-17,Aisle 06,ambient
Rustic Kaju Katli Sweet Box 500g,Pashmina Co.,SNAC-42382,890000878207,Snacks & Confectionery,77,bag,234.14,339.73,2026-08-27,Aisle 10,ambient
Zero-Sugar Mustard Oil Paneer Block 250ml,Green Earth Agro,DAIR-41785,890000878208,Dairy & Eggs,11,bottle,50.92,91.50,2026-09-11,Aisle 02,chilled
Extra-Virgin Garlic & Herb Chaash / Buttermilk 2L,Urban Roots Naturals,DAIR-52862,890000878209,Dairy & Eggs,34,box,150.77,241.19,2026-09-06,Aisle 03,chilled
Gourmet Dark Chocolate Cold Brew Coffee 400g,Ganga Dairy,BEVE-31721,890000878210,Beverages,150,carton,360.66,606.21,2027-07-26,Aisle 05,ambient
Zero-Sugar Nagpur Orange Cold-Pressed Groundnut Oil 2L,Urban Roots Kitchens,PANT-81664,890000878211,Pantry & Dry Goods,35,bottle,237.37,422.46,2028-05-16,Aisle 06,ambient
Roasted Penne Rigate Pasta 8-Pack,FarmGold Farms,PANT-59589,890000878212,Pantry & Dry Goods,175,bottle,553.84,748.91,2028-07-17,Aisle 08,ambient
Low-Sodium Mustard Oil Ciabatta Roll 750ml,Patanjali Botanicals,BAKE-32835,890000878213,Bakery & Deli,178,pack,153.71,214.37,2026-09-02,Aisle 03,chilled
Artisan Smoked Chicken Slices 1kg,Pashmina Organics,BAKE-28189,890000878214,Bakery & Deli,174,pack,129.17,225.11,2026-08-28,Aisle 03,chilled
Smoked Surface Floor Cleaner Rose 750g,FarmGold Naturals,HOUS-87176,890000878215,Household & Personal Care,83,box,317.36,481.68,2027-03-28,Aisle 11,ambient
Natural Banana Chips Kerala Style 4-Pack,Urban Roots Provisions,SNAC-67948,890000878216,Snacks & Confectionery,75,box,420.61,714.17,2027-03-26,Aisle 10,ambient
Cold-Pressed Sourdough Loaf Family Pack,Heritage Co.,BAKE-22030,890000878217,Bakery & Deli,158,pack,163.62,251.33,2026-08-27,Aisle 03,ambient
Roasted Masala Chai Surface Floor Cleaner Rose 24-Pack,Green Earth Organics,HOUS-60245,890000878218,Household & Personal Care,58,box,118.87,207.16,2026-08-29,Aisle 11,ambient
Artisan Boneless Chicken Breast 330ml,Kaveri Foods,MEAT-25789,890000878219,Meat & Seafood,135,kg,290.26,415.37,2026-09-01,Aisle 04,chilled
Organic Paneer Tikka Deli 1L,Amul Farms,BAKE-59986,890000878220,Bakery & Deli,90,pcs,252.87,323.20,2026-08-30,Aisle 04,ambient
Raw Kesar Pista Cold-Pressed Groundnut Oil 8-Pack,Tata Botanicals,PANT-20560,890000878221,Pantry & Dry Goods,5,jar,581.59,986.39,2028-08-07,Aisle 08,ambient
Smoked Matcha Green Tea Herbal Hand Wash Neem 4-Pack,Royal Indian Organics,HOUS-91444,890000878222,Household & Personal Care,166,packet,272.21,470.33,2026-08-14,Aisle 12,ambient
Raw Frozen Paneer Cubes 1kg,Ganga Harvest,FROZ-48273,890000878223,Frozen Foods,137,packet,121.83,188.76,2027-08-11,Aisle 08,frozen
Sweet Matcha Green Tea Masala CTC Tea 250g,Heritage Goods,BEVE-88823,890000878224,Beverages,113,pack,189.02,274.13,2027-05-02,Aisle 06,chilled
Traditional Liquid Laundry Detergent 250g,Pure Vedic Organics,HOUS-40840,890000878225,Household & Personal Care,110,tube,161.31,265.34,2028-05-19,Aisle 12,ambient
Pure Cinnamon Spice Garlic Focaccia 750ml,Green Earth Provisions,BAKE-79900,890000878226,Bakery & Deli,134,box,56.39,97.59,2026-09-08,Aisle 04,chilled
Gourmet Cinnamon Spice Fresh Mosambi Juice 330ml,Vedic Fresh Naturals,BEVE-45004,890000878227,Beverages,34,bag,255.68,336.83,2026-11-24,Aisle 05,chilled
Desi Filter Coffee Beans 1L,Heritage Agro,BEVE-85433,890000878228,Beverages,15,carton,418.45,761.71,2027-06-01,Aisle 05,chilled
Handcrafted Toasted Sesame Pure Jaggery Powder 750ml,Ganga Dairy,PANT-27731,890000878229,Pantry & Dry Goods,79,box,456.70,671.10,2027-08-04,Aisle 08,ambient
Extra-Virgin Golden Ginger French Fries Crispy 330ml,Heritage Harvest,FROZ-17015,890000878230,Frozen Foods,43,bag,313.57,467.17,2027-01-23,Aisle 08,frozen
Plant-Based Garlic & Herb Pink Himalayan Salt 24-Pack,Tata Naturals,PANT-77110,890000878231,Pantry & Dry Goods,174,bag,329.37,472.95,2028-07-28,Aisle 06,ambient
Heritage Dark Chocolate Mosquito Vaporizer Refill 100g,Himalayan Agro,HOUS-47677,890000878232,Household & Personal Care,52,packet,134.08,217.40,2026-08-14,Aisle 12,ambient
Cured Rose Infused Feta Cheese 1kg,Kaveri Naturals,DAIR-31313,890000878233,Dairy & Eggs,67,bottle,297.40,432.30,2026-09-02,Aisle 03,chilled
Artisan Sea Salt Oat Milk 400g,Desi Organics Dairy,DAIR-17619,890000878234,Dairy & Eggs,179,packet,283.30,504.92,2026-08-27,Aisle 02,chilled
Handcrafted Sea Salt Paneer Tikka Deli 500ml,Desi Organics Milling,BAKE-32167,890000878235,Bakery & Deli,184,pcs,126.55,196.93,2026-09-09,Aisle 03,chilled
Rustic Truffle Infused Aloo Tikki 8-Pack 400g,Kaveri Goods,FROZ-57041,890000878236,Frozen Foods,142,packet,293.89,388.12,2026-10-27,Aisle 09,frozen
Roasted Jalapeno Lime Mutton Chops 6-Pack,Desi Organics Kitchens,MEAT-98947,890000878237,Meat & Seafood,121,kg,370.09,465.12,2026-09-02,Aisle 05,chilled
Natural Nagpur Orange Kaju Katli Sweet Box 330ml,Himalayan Milling,SNAC-15753,890000878238,Snacks & Confectionery,105,bar,122.90,219.33,2027-05-09,Aisle 09,ambient
Heritage Kesar Pista Cucumbers 330ml,Pashmina Botanicals,FRES-74907,890000878239,Fresh Produce,118,pack,83.42,138.90,2026-09-15,Aisle 02,ambient
Free-Range Liquid Laundry Detergent 750ml,Royal Indian Organics,HOUS-93467,890000878240,Household & Personal Care,77,box,230.39,331.93,2028-01-08,Aisle 11,ambient
Gourmet Royal Basmati Rice 12-Pack,Nature Harvest Harvest,PANT-19038,890000878241,Pantry & Dry Goods,148,box,65.88,109.25,2028-04-03,Aisle 06,ambient
Plant-Based Sea Salt Electrolyte Drink 6-Pack,Heritage Springs,BEVE-31404,890000878242,Beverages,35,carton,335.58,551.95,2026-09-26,Aisle 05,chilled
Crisp Kesar Pista Wood-Fired Pizza 4-Pack,Heritage Agro,FROZ-80096,890000878243,Frozen Foods,69,packet,344.81,557.06,2027-02-27,Aisle 09,frozen
Traditional Alphonso Mango Kitchen Paper Towels 4-Roll 1kg,Green Earth Agro,HOUS-97578,890000878244,Household & Personal Care,190,packet,41.66,73.06,2028-03-23,Aisle 12,ambient
Aged Mint Lime Lentils Red Masoor 1L,Himalayan Springs,PANT-50399,890000878245,Pantry & Dry Goods,75,bottle,47.43,84.05,2027-05-02,Aisle 08,ambient
Roasted Paneer Block 12-Pack,Kaveri Farms,DAIR-78707,890000878246,Dairy & Eggs,199,box,351.37,609.98,2026-09-05,Aisle 03,chilled
Pure Alphonso Mango Garlic Focaccia 12-Pack,Royal Indian Co.,BAKE-71056,890000878247,Bakery & Deli,30,pack,159.67,233.74,2026-09-05,Aisle 03,chilled
Plant-Based Mint Lime Cold Brew Coffee 330ml,Pure Vedic Goods,BEVE-11655,890000878248,Beverages,121,can,126.85,220.76,2026-08-27,Aisle 05,chilled
Grass-Fed Gourmet Cookies Choco-Chip 400g,Urban Roots Provisions,SNAC-43081,890000878249,Snacks & Confectionery,27,tub,222.75,320.77,2027-05-29,Aisle 09,ambient
Raw Mint Lime Alphonso Mangoes 1kg,Nature Harvest Botanicals,FRES-82750,890000878250,Fresh Produce,31,bunch,103.36,165.62,2026-09-06,Aisle 01,ambient
Gourmet Mint Lime French Fries Crispy 1.5L,Amul Harvest,FROZ-57228,890000878251,Frozen Foods,192,pack,198.33,366.12,2027-02-05,Aisle 08,frozen
Signature Boneless Chicken Breast 500g,Kaveri Organics,MEAT-41055,890000878252,Meat & Seafood,85,pcs,635.59,887.68,2026-08-30,Aisle 05,chilled
Sweet Golden Ginger Amla Juice 250g,Pashmina Foods,BEVE-62370,890000878253,Beverages,136,box,319.43,569.91,2027-01-29,Aisle 06,chilled
Gourmet Heavy Cream 1.5L,Pure Vedic Foods,DAIR-30005,890000878254,Dairy & Eggs,173,pack,333.17,556.35,2026-09-23,Aisle 03,chilled
Select Shampoo Anti-Dandruff 750g,SunBrite Harvest,HOUS-63897,890000878255,Household & Personal Care,88,packet,231.64,305.81,2029-03-04,Aisle 11,ambient
Plant-Based Caramelized Onion Surmai Steaks Family Pack,Kaveri Agro,MEAT-79713,890000878256,Meat & Seafood,125,pcs,622.45,989.91,2026-08-31,Aisle 04,chilled
Sweet Rose Infused Frozen Paneer Cubes 500ml,Vedic Fresh Organics,FROZ-72409,890000878257,Frozen Foods,92,box,369.79,505.54,2027-01-18,Aisle 09,frozen
Zero-Sugar Alphonso Mango Methi 5kg,Nature Harvest Kitchens,FRES-40072,890000878258,Fresh Produce,150,pcs,62.73,101.06,2026-09-06,Aisle 01,ambient
Raw Tiger Prawns Jumbo 750g,Green Earth Provisions,MEAT-67326,890000878259,Meat & Seafood,147,pcs,182.32,244.68,2026-08-31,Aisle 04,chilled
Gluten-Free Toasted Sesame Veg Spring Rolls 100g,Kaveri Goods,FROZ-17843,890000878260,Frozen Foods,45,packet,258.43,327.62,2026-08-20,Aisle 09,frozen
Crisp Organic Rolled Oats 24-Pack,Heritage Farms,PANT-48034,890000878261,Pantry & Dry Goods,153,jar,577.50,754.02,2027-09-20,Aisle 07,ambient
Gourmet Pure Jaggery Powder 2L,Patanjali Kitchens,PANT-65012,890000878262,Pantry & Dry Goods,58,packet,359.28,493.60,2028-03-28,Aisle 08,ambient
Gourmet Pasture Eggs 750ml,Himalayan Springs,DAIR-63402,890000878263,Dairy & Eggs,60,box,225.37,353.48,2026-09-11,Aisle 02,chilled
Desi Kesar Pista Pomfret Whole Family Pack,Pure Vedic Naturals,MEAT-49536,890000878264,Meat & Seafood,88,pcs,579.23,950.75,2026-09-01,Aisle 05,chilled
Premium Frozen Paneer Cubes 12-Pack,Royal Indian Dairy,FROZ-16325,890000878265,Frozen Foods,15,box,168.25,266.06,2027-05-20,Aisle 08,frozen
Crisp Masala CTC Tea 1.5L,Pure Vedic Springs,BEVE-75582,890000878266,Beverages,182,bag,357.43,646.61,2026-12-16,Aisle 05,chilled
Gluten-Free Sea Salt Chaash / Buttermilk Snack Pack,Heritage Milling,DAIR-43831,890000878267,Dairy & Eggs,195,carton,451.89,713.55,2026-08-18,Aisle 02,chilled
Gluten-Free Kashmiri Saffron Moong Dal Washed 200g,Vedic Fresh Harvest,PANT-64495,890000878268,Pantry & Dry Goods,110,box,220.18,388.37,2027-01-24,Aisle 07,ambient
Farm-Fresh Alphonso Kulfi Tub 4-Pack,SunBrite Foods,FROZ-49056,890000878269,Frozen Foods,47,bag,336.23,573.54,2026-08-26,Aisle 09,frozen
Natural Seedless Grapes Snack Pack,Ganga Naturals,FRES-38718,890000878270,Fresh Produce,106,bag,106.63,143.08,2026-08-27,Aisle 01,chilled
Rustic Mint Lime Herbal Hand Wash Neem 2L,Himalayan Milling,HOUS-79782,890000878271,Household & Personal Care,10,pack,182.78,233.76,2027-05-07,Aisle 12,ambient
Pure Masala Chai Roasted Salted Cashews 2kg,Vedic Fresh Naturals,SNAC-65236,890000878272,Snacks & Confectionery,77,box,111.39,150.08,2027-05-19,Aisle 10,ambient
Plant-Based Jalapeno Lime Cold Brew Coffee 500ml,Royal Indian Co.,BEVE-98340,890000878273,Beverages,63,box,198.30,286.96,2026-08-22,Aisle 05,chilled
Gourmet Papayas 350g,SunBrite Co.,FRES-44668,890000878274,Fresh Produce,110,pcs,88.08,155.64,2026-09-12,Aisle 01,chilled
Select Edamame Pods 250g,Kaveri Naturals,FROZ-84445,890000878275,Frozen Foods,131,box,246.93,380.45,2027-03-11,Aisle 09,frozen
Desi Sea Salt Almond Milk 1L,Himalayan Milling,DAIR-48882,890000878276,Dairy & Eggs,162,carton,280.79,476.03,2026-09-21,Aisle 02,chilled
Artisan Garlic Focaccia 350g,SunBrite Co.,BAKE-57323,890000878277,Bakery & Deli,166,pcs,222.51,374.45,2026-08-29,Aisle 04,chilled
Farm-Fresh Toasted Sesame Rusk Toast 200g,Tata Co.,BAKE-46575,890000878278,Bakery & Deli,95,box,250.81,435.70,2026-09-04,Aisle 04,chilled
Cured Matcha Green Tea Crab Meat Fresh Family Pack,Desi Organics Milling,MEAT-22045,890000878279,Meat & Seafood,72,pack,753.90,1357.82,2026-08-31,Aisle 05,chilled
Organic Jalapeno Lime Raw Wildflower Honey Family Pack,Pure Vedic Organics,PANT-92657,890000878280,Pantry & Dry Goods,5,box,629.08,1058.53,2027-05-28,Aisle 06,ambient
Homestyle Garlic & Herb Boneless Chicken Breast Family Pack,Kaveri Springs,MEAT-96699,890000878281,Meat & Seafood,86,pack,464.65,763.70,2026-08-30,Aisle 05,chilled
Desi Cinnamon Spice Oat Milk Family Pack,SunBrite Provisions,DAIR-13937,890000878282,Dairy & Eggs,137,box,369.42,500.73,2026-09-21,Aisle 03,chilled
Grass-Fed Iced Lemon Tea 100g,Heritage Botanicals,BEVE-90076,890000878283,Beverages,66,box,405.44,699.57,2027-03-31,Aisle 06,chilled
Aged Penne Rigate Pasta 750g,SunBrite Organics,PANT-30362,890000878284,Pantry & Dry Goods,58,packet,202.13,261.26,2026-08-28,Aisle 08,ambient
Organic Cow Milk 1kg,Tata Organics,DAIR-10269,890000878285,Dairy & Eggs,113,pack,475.25,715.09,2026-09-04,Aisle 02,chilled
Heritage Coconut Cream Shampoo Anti-Dandruff 1L,Nature Harvest Agro,HOUS-25840,890000878286,Household & Personal Care,178,tube,306.86,558.91,2029-02-14,Aisle 11,ambient
Desi Smoked Paprika Cold-Pressed Groundnut Oil 1kg,Urban Roots Co.,PANT-85048,890000878287,Pantry & Dry Goods,108,box,213.67,393.96,2027-05-09,Aisle 07,ambient
Gourmet Edamame Pods 100g,Himalayan Agro,FROZ-82530,890000878288,Frozen Foods,178,tub,61.98,99.00,2027-01-27,Aisle 08,frozen
Handcrafted Rose Infused Bottle Gourd 250ml,Urban Roots Dairy,FRES-81192,890000878289,Fresh Produce,136,kg,121.36,153.84,2026-09-06,Aisle 02,ambient
Gourmet Dark Chocolate Mustard Oil Kachi Ghani 12-Pack,Desi Organics Farms,PANT-44836,890000878290,Pantry & Dry Goods,98,bag,314.55,537.89,2027-08-22,Aisle 08,ambient
Gourmet Parmigiano-Reggiano 4-Pack,Pashmina Dairy,DAIR-33774,890000878291,Dairy & Eggs,114,box,247.08,354.75,2026-09-07,Aisle 02,chilled
Roasted Cold Brew Coffee 200g,Patanjali Dairy,BEVE-32301,890000878292,Beverages,122,bottle,195.53,279.89,2027-07-01,Aisle 06,chilled
Low-Sodium Pista Almond Portobello Mushrooms Family Pack,Ganga Kitchens,FRES-35898,890000878293,Fresh Produce,26,bunch,70.06,93.98,2026-09-01,Aisle 02,chilled
Sweet Mutton Chops 500g,Nature Harvest Goods,MEAT-11764,890000878294,Meat & Seafood,60,kg,632.98,990.31,2026-09-02,Aisle 04,chilled
Traditional Dark Chocolate Penne Rigate Pasta 5kg,Vedic Fresh Milling,PANT-84014,890000878295,Pantry & Dry Goods,114,jar,154.32,277.56,2026-12-05,Aisle 06,ambient
Rustic Golden Ginger Wood-Fired Pizza 250g,Vedic Fresh Co.,FROZ-99565,890000878296,Frozen Foods,51,pack,217.82,293.89,2027-07-17,Aisle 08,frozen
Select Surface Floor Cleaner Rose 4-Pack,Green Earth Farms,HOUS-63146,890000878297,Household & Personal Care,148,packet,217.69,303.62,2028-01-28,Aisle 12,ambient
Low-Sodium Kaju Katli Sweet Box Snack Pack,Tata Farms,SNAC-48224,890000878298,Snacks & Confectionery,56,bar,145.92,250.92,2026-12-12,Aisle 10,ambient
Grass-Fed Ayurvedic Bath Soap 1kg,Green Earth Foods,HOUS-40977,890000878299,Household & Personal Care,121,packet,352.15,488.52,2026-08-22,Aisle 11,ambient
Gluten-Free Extra Virgin Olive Oil Family Pack,Pure Vedic Farms,PANT-92071,890000878300,Pantry & Dry Goods,88,bottle,186.49,304.93,2027-08-27,Aisle 06,ambient
Gourmet Jalapeno Lime 70% Dark Chocolate Bar Family Pack,Desi Organics Milling,SNAC-27917,890000878301,Snacks & Confectionery,181,packet,450.38,832.09,2027-04-09,Aisle 09,ambient
Low-Sodium Bell Peppers 250g,Pure Vedic Botanicals,FRES-23228,890000878302,Fresh Produce,111,pack,100.45,170.35,2026-08-26,Aisle 01,chilled
Zero-Sugar Mint Lime Kaju Katli Sweet Box 500ml,Royal Indian Springs,SNAC-96215,890000878303,Snacks & Confectionery,69,tub,431.65,600.11,2027-05-12,Aisle 10,ambient
Handcrafted Kashmiri Saffron Banana Chips Kerala Style 1.5L,Ganga Foods,SNAC-11298,890000878304,Snacks & Confectionery,115,pack,88.50,147.36,2026-12-28,Aisle 10,ambient
Gourmet Surmai Steaks Family Pack,Nature Harvest Goods,MEAT-55233,890000878305,Meat & Seafood,131,pcs,567.06,788.90,2026-08-26,Aisle 05,chilled
Handcrafted French Fries Crispy 12-Pack,Himalayan Provisions,FROZ-87159,890000878306,Frozen Foods,59,packet,174.06,233.06,2026-11-29,Aisle 09,frozen
Homestyle Malai Kulfi Bar 2L,Pure Vedic Milling,FROZ-43890,890000878307,Frozen Foods,109,tub,251.13,441.84,2027-07-10,Aisle 09,frozen
Gluten-Free Bottle Gourd 330ml,Amul Kitchens,FRES-46704,890000878308,Fresh Produce,166,pcs,21.35,34.26,2026-08-27,Aisle 01,chilled
Cured Pomfret Whole 12-Pack,Himalayan Agro,MEAT-10634,890000878309,Meat & Seafood,132,kg,800.60,1005.49,2026-09-01,Aisle 04,chilled
Crisp Mint Lime Himalayan Spring Water 12-Pack,FarmGold Goods,BEVE-10270,890000878310,Beverages,108,pack,147.46,222.14,2027-02-10,Aisle 05,chilled
Plant-Based Surface Floor Cleaner Rose 2L,Ganga Naturals,HOUS-89124,890000878311,Household & Personal Care,193,box,488.84,800.23,2028-07-31,Aisle 12,ambient
Aged Himalayan Spring Water 350g,Heritage Goods,BEVE-68323,890000878312,Beverages,56,bottle,254.35,442.58,2027-01-04,Aisle 05,ambient
Signature Roma Tomatoes 330ml,SunBrite Organics,FRES-31868,890000878313,Fresh Produce,34,kg,89.23,115.88,2026-08-31,Aisle 02,chilled
Low-Sodium Cinnamon Spice Fresh Rohu Fish 8-Pack,Himalayan Provisions,MEAT-15481,890000878314,Meat & Seafood,59,pack,652.67,919.63,2026-08-29,Aisle 05,chilled
Crisp Mustard Oil Moong Dal Washed 250ml,FarmGold Agro,PANT-36130,890000878315,Pantry & Dry Goods,76,jar,100.86,149.04,2028-01-30,Aisle 07,ambient
Extra-Virgin Organic Rolled Oats 1.5L,SunBrite Naturals,PANT-47281,890000878316,Pantry & Dry Goods,42,box,537.47,804.72,2028-02-18,Aisle 08,ambient
Farm-Fresh Bath Tissue 6-Pack 100g,FarmGold Farms,HOUS-73647,890000878317,Household & Personal Care,119,box,526.60,906.55,2029-05-11,Aisle 11,ambient
Grass-Fed Pomfret Whole 12-Pack,Green Earth Kitchens,MEAT-38022,890000878318,Meat & Seafood,144,pcs,568.25,847.76,2026-09-02,Aisle 05,chilled
Crisp Cinnamon Spice Salami 500g,Himalayan Organics,BAKE-87652,890000878319,Bakery & Deli,98,pcs,73.28,104.15,2026-08-28,Aisle 04,ambient
Raw Mutton Curry Cut 400g,FarmGold Co.,MEAT-31311,890000878320,Meat & Seafood,175,pcs,498.25,706.53,2026-09-02,Aisle 05,chilled
Handcrafted Coconut Cream Atlantic Salmon Fillet 1.5L,Royal Indian Goods,MEAT-44069,890000878321,Meat & Seafood,152,pcs,265.80,450.06,2026-08-29,Aisle 04,chilled
Select Vanilla Bean Cold Brew Coffee 24-Pack,SunBrite Milling,BEVE-12455,890000878322,Beverages,161,bottle,343.78,542.02,2026-10-05,Aisle 06,ambient
Zero-Sugar Rose Infused Biodegradable Garbage Bags 24-Pack,Kaveri Co.,HOUS-96396,890000878323,Household & Personal Care,130,box,445.81,633.18,2029-01-18,Aisle 12,ambient
Roasted Jalapeno Lime Avocados 200g,Heritage Co.,FRES-43997,890000878324,Fresh Produce,9,kg,92.47,165.14,2026-09-12,Aisle 01,chilled
Signature Mint Lime Penne Rigate Pasta 330ml,Nature Harvest Kitchens,PANT-31619,890000878325,Pantry & Dry Goods,106,jar,203.25,258.70,2028-04-11,Aisle 06,ambient
Aged Nagpur Orange Sweet Corn Kernels 1kg,Green Earth Springs,FROZ-87327,890000878326,Frozen Foods,183,box,207.96,271.75,2026-12-26,Aisle 09,frozen
Rustic Roasted Salted Cashews 330ml,Green Earth Dairy,SNAC-23391,890000878327,Snacks & Confectionery,173,tub,70.04,126.43,2027-02-02,Aisle 10,ambient
Heritage Fresh Chicken Curry Cut 330ml,Tata Co.,MEAT-47638,890000878328,Meat & Seafood,71,pcs,482.43,798.92,2026-09-02,Aisle 05,chilled
Homestyle Salami 2kg,FarmGold Provisions,BAKE-25406,890000878329,Bakery & Deli,63,box,199.98,276.34,2026-08-31,Aisle 04,chilled
Gluten-Free Nagpur Orange Atlantic Salmon Fillet 250g,Desi Organics Dairy,MEAT-17420,890000878330,Meat & Seafood,181,kg,197.82,328.71,2026-08-14,Aisle 05,chilled
Premium Cinnamon Swirl Buns 24-Pack,Kaveri Botanicals,BAKE-28387,890000878331,Bakery & Deli,199,box,95.90,121.58,2026-09-09,Aisle 03,ambient
Cold-Pressed Garlic Focaccia 5kg,Green Earth Agro,BAKE-76266,890000878332,Bakery & Deli,116,box,138.61,242.20,2026-08-28,Aisle 04,chilled
Roasted Vanilla Bean Sweet Corn Kernels 5kg,Green Earth Botanicals,FROZ-59071,890000878333,Frozen Foods,110,packet,274.48,346.56,2026-08-29,Aisle 08,frozen
Spiced Tiger Prawns Jumbo 8-Pack,Ganga Milling,MEAT-67350,890000878334,Meat & Seafood,99,pcs,233.04,319.27,2026-09-01,Aisle 04,chilled
Gluten-Free Sea Salt Masala Potato Chips 750g,Kaveri Provisions,SNAC-86790,890000878335,Snacks & Confectionery,106,pack,110.59,192.86,2026-12-15,Aisle 10,ambient
Plant-Based Alphonso Mango Liquid Laundry Detergent 1L,Amul Milling,HOUS-31890,890000878336,Household & Personal Care,130,box,238.12,395.17,2027-10-18,Aisle 11,ambient
Farm-Fresh Sea Salt Sourdough Loaf 500g,Urban Roots Springs,BAKE-66277,890000878337,Bakery & Deli,28,pack,195.84,287.22,2026-09-04,Aisle 04,chilled
Handcrafted Heavy Cream 500ml,Pure Vedic Goods,DAIR-86982,890000878338,Dairy & Eggs,112,carton,248.71,387.65,2026-09-18,Aisle 02,chilled
Spiced Matcha Green Tea Lentils Red Masoor 2L,Heritage Springs,PANT-42604,890000878339,Pantry & Dry Goods,39,box,97.03,168.00,2028-01-04,Aisle 08,ambient
Rustic Caramelized Onion Carrots 750ml,Ganga Agro,FRES-86184,890000878340,Fresh Produce,30,pack,111.32,195.93,2026-09-02,Aisle 02,ambient
Smoked Golden Ginger Aloo Tikki 8-Pack 5kg,Urban Roots Botanicals,FROZ-32480,890000878341,Frozen Foods,81,tub,147.29,253.52,2027-08-05,Aisle 09,frozen
Cured Mint Lime Veg Burger Patties 12-Pack,Royal Indian Provisions,FROZ-76711,890000878342,Frozen Foods,90,tub,287.24,416.07,2027-02-03,Aisle 08,frozen
Gourmet Moong Dal Washed 750ml,Pashmina Agro,PANT-68087,890000878343,Pantry & Dry Goods,86,bag,53.09,86.08,2027-03-18,Aisle 07,ambient
Heritage Wood-Fired Pizza 2kg,Amul Farms,FROZ-48921,890000878344,Frozen Foods,141,box,375.58,645.83,2026-08-29,Aisle 08,frozen
Pure Kulcha 4-Pack 200g,Urban Roots Kitchens,BAKE-99962,890000878345,Bakery & Deli,130,pcs,35.98,50.14,2026-08-31,Aisle 03,ambient
Cured Frozen Paneer Cubes 12-Pack,Desi Organics Milling,FROZ-53647,890000878346,Frozen Foods,49,bag,251.33,405.67,2027-08-18,Aisle 08,frozen
Smoked Dishwash Gel Lemon 500g,Royal Indian Botanicals,HOUS-36170,890000878347,Household & Personal Care,184,packet,53.51,72.85,2027-09-08,Aisle 12,ambient
Plant-Based Nagpur Orange Tiger Prawns Jumbo 4-Pack,Ganga Foods,MEAT-10712,890000878348,Meat & Seafood,126,kg,770.62,1218.01,2026-08-30,Aisle 05,chilled
Natural Sourdough Loaf 100g,Patanjali Harvest,BAKE-11679,890000878349,Bakery & Deli,116,pack,204.82,347.26,2026-09-02,Aisle 03,ambient
Sweet Pasture Eggs 500g,Amul Kitchens,DAIR-38539,890000878350,Dairy & Eggs,195,carton,323.86,493.87,2026-09-25,Aisle 03,chilled
Low-Sodium Matcha Green Tea Mutton Chops 2kg,Himalayan Milling,MEAT-23062,890000878351,Meat & Seafood,103,kg,571.92,1008.70,2026-09-01,Aisle 04,chilled
Gourmet Golden Ginger Clove & Mint Toothpaste 1kg,Himalayan Naturals,HOUS-10253,890000878352,Household & Personal Care,73,pack,417.89,752.26,2029-03-18,Aisle 12,ambient
Cold-Pressed Masala Chai Methi 250g,Nature Harvest Goods,FRES-96796,890000878353,Fresh Produce,48,pack,47.10,70.84,2026-08-30,Aisle 02,chilled
Cured Rose Infused Cream Cheese 1L,Vedic Fresh Botanicals,DAIR-28788,890000878354,Dairy & Eggs,171,bottle,77.70,108.95,2026-08-15,Aisle 03,chilled
Zero-Sugar Ciabatta Roll 1L,Nature Harvest Harvest,BAKE-67584,890000878355,Bakery & Deli,124,pack,160.52,213.38,2026-09-03,Aisle 04,ambient
Zero-Sugar Greek Yogurt 8-Pack,Patanjali Milling,DAIR-15462,890000878356,Dairy & Eggs,148,packet,185.47,307.59,2026-09-10,Aisle 02,chilled
Free-Range Pista Almond Surface Floor Cleaner Rose 100g,SunBrite Naturals,HOUS-19998,890000878357,Household & Personal Care,157,box,179.23,265.34,2027-12-02,Aisle 12,ambient
Farm-Fresh Masala Chai Tender Coconut Water 2L,Pure Vedic Botanicals,BEVE-10762,890000878358,Beverages,21,bag,180.34,286.99,2027-06-07,Aisle 05,chilled
Sweet Masala Chai Bell Peppers Snack Pack,SunBrite Co.,FRES-47209,890000878359,Fresh Produce,132,kg,88.43,129.89,2026-09-13,Aisle 02,ambient
Roasted Kulcha 4-Pack Family Pack,SunBrite Milling,BAKE-70288,890000878360,Bakery & Deli,51,pcs,236.85,297.20,2026-09-05,Aisle 03,chilled
Premium Truffle Infused Fresh Rohu Fish 4-Pack,Ganga Harvest,MEAT-57884,890000878361,Meat & Seafood,159,pcs,771.44,1070.79,2026-09-02,Aisle 04,chilled
Grass-Fed Avocados 1.5L,Pure Vedic Goods,FRES-65513,890000878362,Fresh Produce,199,bunch,116.01,154.19,2026-09-05,Aisle 02,ambient
Grass-Fed Feta Cheese Family Pack,Kaveri Organics,DAIR-59777,890000878363,Dairy & Eggs,156,box,113.03,183.84,2026-09-19,Aisle 03,chilled
Roasted Jalapeno Lime Bhujia Sev 24-Pack,Desi Organics Naturals,SNAC-27624,890000878364,Snacks & Confectionery,177,tub,336.93,555.74,2026-10-28,Aisle 09,ambient
Grass-Fed Gourmet Cookies Choco-Chip 250ml,Pure Vedic Harvest,SNAC-27059,890000878365,Snacks & Confectionery,38,box,133.83,213.16,2027-03-23,Aisle 09,ambient
Sweet Dark Chocolate Frozen Green Peas 250ml,Nature Harvest Botanicals,FROZ-58587,890000878366,Frozen Foods,153,bag,201.08,273.53,2027-07-15,Aisle 09,frozen
Organic Methi 1kg,Amul Harvest,FRES-70337,890000878367,Fresh Produce,101,kg,25.18,38.26,2026-09-08,Aisle 02,chilled
Farm-Fresh Royal Basmati Rice 750g,Urban Roots Milling,PANT-56427,890000878368,Pantry & Dry Goods,181,jar,524.99,661.60,2028-05-04,Aisle 07,ambient
Plant-Based Bath Tissue 6-Pack 1kg,Amul Provisions,HOUS-46380,890000878369,Household & Personal Care,165,packet,530.18,747.64,2026-08-27,Aisle 11,ambient
Pure Truffle Infused Greek Yogurt 330ml,Tata Agro,DAIR-51245,890000878370,Dairy & Eggs,143,carton,479.61,875.82,2026-09-05,Aisle 02,chilled
Raw Paneer Block Family Pack,Vedic Fresh Kitchens,DAIR-95479,890000878371,Dairy & Eggs,122,tub,472.86,857.52,2026-09-11,Aisle 03,chilled
Free-Range Alphonso Mango Ayurvedic Bath Soap 1.5L,Nature Harvest Springs,HOUS-16927,890000878372,Household & Personal Care,149,tube,483.68,749.59,2028-04-01,Aisle 11,ambient
Smoked Smoked Chicken Slices 1.5L,Himalayan Kitchens,BAKE-25863,890000878373,Bakery & Deli,185,pcs,51.36,87.98,2026-08-30,Aisle 03,chilled
Cold-Pressed Mint Lime Toor Dal Premium 1L,FarmGold Organics,PANT-89841,890000878374,Pantry & Dry Goods,114,box,331.26,458.39,2027-11-20,Aisle 07,ambient
Grass-Fed Sourdough Loaf 1kg,Pashmina Dairy,BAKE-13337,890000878375,Bakery & Deli,29,pack,54.93,94.84,2026-09-07,Aisle 03,chilled
Gluten-Free Smoked Paprika Shampoo Anti-Dandruff 250g,Kaveri Springs,HOUS-14137,890000878376,Household & Personal Care,131,bottle,81.11,129.42,2028-09-29,Aisle 12,ambient
Roasted Mustard Oil Moong Dal Namkeen Family Pack,Himalayan Foods,SNAC-40479,890000878377,Snacks & Confectionery,198,tub,205.92,329.28,2026-12-13,Aisle 10,ambient
Roasted Mustard Oil Veg Burger Patties 2L,Royal Indian Springs,FROZ-20110,890000878378,Frozen Foods,76,packet,225.84,397.42,2026-08-20,Aisle 09,frozen
Smoked Mosquito Vaporizer Refill 500ml,Ganga Farms,HOUS-89033,890000878379,Household & Personal Care,78,packet,214.38,361.38,2028-06-17,Aisle 11,ambient
Desi Vanilla Bean Frozen Samosas 250g,Tata Provisions,FROZ-30151,890000878380,Frozen Foods,103,packet,362.76,510.93,2026-12-20,Aisle 08,frozen
Signature Sea Salt Chicken Keema 8-Pack,Amul Farms,MEAT-48076,890000878381,Meat & Seafood,117,pcs,548.92,995.78,2026-08-29,Aisle 04,chilled
Premium Extra Virgin Olive Oil 100g,SunBrite Springs,PANT-46015,890000878382,Pantry & Dry Goods,163,can,356.03,639.12,2028-01-25,Aisle 07,ambient
Heritage Gourmet Cookies Choco-Chip 6-Pack,Amul Botanicals,SNAC-45614,890000878383,Snacks & Confectionery,115,pack,30.02,48.29,2027-03-12,Aisle 10,ambient
Cold-Pressed Truffle Infused Veg Spring Rolls 100g,Amul Botanicals,FROZ-30314,890000878384,Frozen Foods,142,bag,199.78,339.14,2027-01-06,Aisle 08,frozen
Zero-Sugar Caramelized Onion Cold Brew Coffee 350g,Desi Organics Goods,BEVE-86986,890000878385,Beverages,12,carton,186.57,261.26,2026-10-18,Aisle 06,chilled
Farm-Fresh Clove & Mint Toothpaste 2L,Kaveri Foods,HOUS-78799,890000878386,Household & Personal Care,16,box,178.99,291.44,2029-02-01,Aisle 11,ambient
Select Kashmiri Saffron Smoked Chicken Slices 750g,Kaveri Farms,BAKE-21901,890000878387,Bakery & Deli,86,pcs,152.90,204.22,2026-09-06,Aisle 03,chilled
Desi Caramelized Onion Banana Chips Kerala Style 100g,Royal Indian Springs,SNAC-13823,890000878388,Snacks & Confectionery,93,packet,460.64,703.97,2027-03-08,Aisle 09,ambient
Free-Range Shampoo Anti-Dandruff 5kg,Urban Roots Naturals,HOUS-86934,890000878389,Household & Personal Care,194,tube,326.74,466.56,2026-08-29,Aisle 12,ambient
Gluten-Free Mint Lime Himalayan Spring Water 8-Pack,Nature Harvest Goods,BEVE-92429,890000878390,Beverages,155,bottle,303.68,490.37,2026-12-20,Aisle 05,ambient
Extra-Virgin Mutton Chops 6-Pack,Pure Vedic Dairy,MEAT-97537,890000878391,Meat & Seafood,65,pack,289.85,496.08,2026-08-28,Aisle 05,chilled
Traditional Mint Lime Rusk Toast 250ml,SunBrite Agro,BAKE-64155,890000878392,Bakery & Deli,164,pack,78.55,109.25,2026-09-08,Aisle 04,ambient
Cured Chicken Keema 400g,Urban Roots Provisions,MEAT-86170,890000878393,Meat & Seafood,136,pack,332.65,605.02,2026-08-27,Aisle 04,chilled
Desi Caramelized Onion Organic Green Tea 4-Pack,Desi Organics Naturals,BEVE-92696,890000878394,Beverages,181,bottle,61.82,87.72,2026-08-25,Aisle 05,ambient
Cold-Pressed Jalapeno Lime Crab Meat Fresh 2kg,FarmGold Farms,MEAT-53198,890000878395,Meat & Seafood,63,kg,214.15,284.12,2026-08-28,Aisle 04,chilled
Zero-Sugar Toasted Sesame Fresh Chicken Curry Cut 250g,Pure Vedic Harvest,MEAT-11914,890000878396,Meat & Seafood,133,kg,771.27,1080.15,2026-08-31,Aisle 04,chilled
Select Kashmiri Saffron Roasted Salted Cashews 400g,Green Earth Springs,SNAC-91546,890000878397,Snacks & Confectionery,88,bag,63.89,89.82,2027-05-08,Aisle 10,ambient
Aged Alphonso Kulfi Tub 200g,FarmGold Milling,FROZ-76658,890000878398,Frozen Foods,79,bag,269.16,478.04,2027-03-17,Aisle 09,frozen
Free-Range Caramelized Onion Gourmet Cookies Choco-Chip 350g,Tata Springs,SNAC-34895,890000878399,Snacks & Confectionery,64,box,255.46,322.32,2027-04-08,Aisle 09,ambient
Select Matcha Green Tea Dry Fruits Trail Mix 4-Pack,Himalayan Farms,SNAC-39767,890000878400,Snacks & Confectionery,129,tub,175.50,290.40,2026-12-09,Aisle 10,ambient
Farm-Fresh Cardamom Spiced Frozen Veg Momos 750g,Urban Roots Harvest,FROZ-26153,890000878401,Frozen Foods,34,pack,307.93,521.38,2027-07-07,Aisle 09,frozen
Heritage Jalapeno Lime Coconut Milk 4-Pack,Pashmina Organics,PANT-95270,890000878402,Pantry & Dry Goods,51,packet,470.32,663.52,2028-07-08,Aisle 07,ambient
Smoked Matcha Green Tea Toned Milk 500ml,Pure Vedic Organics,DAIR-58921,890000878403,Dairy & Eggs,195,pack,409.99,694.09,2026-09-13,Aisle 03,chilled
Aged Tiger Prawns Jumbo 200g,Heritage Kitchens,MEAT-58039,890000878404,Meat & Seafood,172,kg,553.63,958.72,2026-08-29,Aisle 05,chilled
Spiced Rose Infused Kabuli Chana 750ml,Himalayan Naturals,PANT-24321,890000878405,Pantry & Dry Goods,188,bag,496.01,709.67,2028-06-23,Aisle 06,ambient
Traditional Kashmiri Saffron Malai Kulfi Bar Family Pack,FarmGold Naturals,FROZ-46607,890000878406,Frozen Foods,40,box,166.44,215.55,2027-04-14,Aisle 09,frozen
Cold-Pressed Toasted Sesame 70% Dark Chocolate Bar 350g,Nature Harvest Kitchens,SNAC-82855,890000878407,Snacks & Confectionery,120,box,197.25,263.30,2027-03-24,Aisle 09,ambient
Sweet Organic Rolled Oats 8-Pack,Desi Organics Milling,PANT-53587,890000878408,Pantry & Dry Goods,186,bag,581.29,1014.37,2027-08-07,Aisle 06,ambient
Pure Matcha Green Tea Seedless Grapes 400g,Desi Organics Springs,FRES-20005,890000878409,Fresh Produce,77,pcs,120.60,212.04,2026-09-15,Aisle 02,chilled
Spiced Desi Cow Ghee 500ml,Pure Vedic Farms,DAIR-50481,890000878410,Dairy & Eggs,27,pack,366.87,461.95,2026-08-31,Aisle 03,chilled
Extra-Virgin Masala CTC Tea 8-Pack,Nature Harvest Botanicals,BEVE-10276,890000878411,Beverages,182,pack,267.00,347.95,2027-03-04,Aisle 06,ambient
Roasted Vanilla Bean Fresh Chicken Curry Cut 400g,Green Earth Goods,MEAT-93061,890000878412,Meat & Seafood,138,pack,730.30,1091.99,2026-08-30,Aisle 05,chilled
Spiced Garlic Focaccia 2L,FarmGold Farms,BAKE-78819,890000878413,Bakery & Deli,16,pcs,45.11,77.09,2026-09-02,Aisle 03,ambient
Natural Curd Tub 500g,Vedic Fresh Farms,DAIR-27706,890000878414,Dairy & Eggs,107,carton,460.74,674.59,2026-09-09,Aisle 03,chilled
Gluten-Free Pita Bread 400g,Tata Naturals,BAKE-79236,890000878415,Bakery & Deli,114,box,218.71,328.39,2026-09-09,Aisle 03,ambient
Desi Golden Ginger Smoked Chicken Slices Snack Pack,Pashmina Naturals,BAKE-80175,890000878416,Bakery & Deli,37,pcs,149.92,240.23,2026-08-31,Aisle 04,ambient
Handcrafted Palak 350g,Kaveri Naturals,FRES-11868,890000878417,Fresh Produce,20,pack,84.00,150.96,2026-09-12,Aisle 01,chilled
Gourmet Cardamom Spiced Pure Jaggery Powder 6-Pack,Nature Harvest Kitchens,PANT-15260,890000878418,Pantry & Dry Goods,165,jar,319.91,569.50,2028-01-30,Aisle 06,ambient
Roasted Ayurvedic Bath Soap 250ml,Heritage Farms,HOUS-41478,890000878419,Household & Personal Care,136,bottle,243.11,339.57,2028-10-30,Aisle 12,ambient
Desi Sea Salt Pure Jaggery Powder 500g,Himalayan Foods,PANT-47202,890000878420,Pantry & Dry Goods,138,can,72.39,126.98,2027-12-04,Aisle 07,ambient
Natural Mustard Oil Methi 500ml,Nature Harvest Milling,FRES-78722,890000878421,Fresh Produce,180,kg,17.58,28.13,2026-09-15,Aisle 02,chilled
Cold-Pressed Coconut Cream Portobello Mushrooms 24-Pack,Kaveri Foods,FRES-61127,890000878422,Fresh Produce,40,bag,129.73,234.85,2026-09-11,Aisle 02,chilled
Signature Atlantic Salmon Fillet 2kg,Pure Vedic Dairy,MEAT-67217,890000878423,Meat & Seafood,76,kg,841.08,1521.52,2026-09-02,Aisle 05,chilled
Farm-Fresh Bottle Gourd 100g,Tata Co.,FRES-19604,890000878424,Fresh Produce,89,pack,91.50,139.05,2026-09-13,Aisle 01,ambient
Crisp Dark Chocolate Chicken Sausages 750g,FarmGold Farms,MEAT-84727,890000878425,Meat & Seafood,194,kg,619.00,865.33,2026-08-31,Aisle 04,chilled
Gourmet Alphonso Mangoes 6-Pack,Tata Goods,FRES-54869,890000878426,Fresh Produce,79,pcs,55.44,75.05,2026-08-29,Aisle 01,chilled
Handcrafted Vanilla Bean Aloo Tikki 8-Pack 250g,Desi Organics Farms,FROZ-90359,890000878427,Frozen Foods,44,packet,255.28,341.67,2027-08-20,Aisle 09,frozen
Artisan Pav 6-Pack 1L,Desi Organics Farms,BAKE-27544,890000878428,Bakery & Deli,16,box,110.66,190.47,2026-09-05,Aisle 03,ambient
Smoked Truffle Infused Penne Rigate Pasta 1.5L,Desi Organics Botanicals,PANT-95033,890000878429,Pantry & Dry Goods,14,packet,95.65,129.84,2028-08-06,Aisle 08,ambient
Handcrafted Cardamom Spiced Atlantic Salmon Fillet 100g,Patanjali Kitchens,MEAT-28447,890000878430,Meat & Seafood,169,kg,561.95,903.97,2026-08-31,Aisle 04,chilled
Spiced California Almonds 12-Pack,Vedic Fresh Kitchens,SNAC-11923,890000878431,Snacks & Confectionery,95,packet,43.67,70.50,2026-08-29,Aisle 10,ambient
Rustic Sea Salt Salami Snack Pack,Tata Foods,BAKE-83331,890000878432,Bakery & Deli,181,box,256.75,326.16,2026-08-30,Aisle 03,chilled
Raw Coconut Cream Pomegranates 750g,Desi Organics Botanicals,FRES-87797,890000878433,Fresh Produce,16,bunch,67.02,95.46,2026-09-12,Aisle 02,ambient
Artisan Cinnamon Spice Wood-Fired Pizza 8-Pack,Pashmina Botanicals,FROZ-20733,890000878434,Frozen Foods,165,packet,203.77,287.80,2026-11-22,Aisle 09,frozen
Gourmet Granola Health Bars 400g,Vedic Fresh Naturals,SNAC-55839,890000878435,Snacks & Confectionery,63,pack,104.56,136.76,2027-04-07,Aisle 09,ambient
Pure Salted Butter 1L,Kaveri Milling,DAIR-32614,890000878436,Dairy & Eggs,188,bottle,301.79,422.16,2026-08-28,Aisle 02,chilled
Spiced Mustard Oil Pita Bread 250g,Heritage Goods,BAKE-81633,890000878437,Bakery & Deli,22,pack,52.91,80.01,2026-08-29,Aisle 03,chilled
Pure Garlic & Herb Crab Meat Fresh 750ml,Kaveri Springs,MEAT-79964,890000878438,Meat & Seafood,140,pack,693.85,1103.33,2026-09-02,Aisle 05,chilled
Handcrafted Vanilla Bean Heavy Cream 5kg,Desi Organics Harvest,DAIR-32933,890000878439,Dairy & Eggs,23,carton,41.22,62.06,2026-08-28,Aisle 03,chilled
Spiced Toasted Sesame Clove & Mint Toothpaste 2L,Pashmina Goods,HOUS-10914,890000878440,Household & Personal Care,165,box,414.98,606.16,2029-04-21,Aisle 11,ambient
Homestyle Coconut Milk 4-Pack,Ganga Kitchens,PANT-85877,890000878441,Pantry & Dry Goods,135,bottle,558.71,838.71,2026-12-14,Aisle 07,ambient
Roasted Fresh Chicken Curry Cut 5kg,Royal Indian Kitchens,MEAT-67163,890000878442,Meat & Seafood,19,pcs,843.91,1394.26,2026-08-28,Aisle 05,chilled
Extra-Virgin Apples 8-Pack,SunBrite Co.,FRES-92496,890000878443,Fresh Produce,52,pcs,112.34,170.50,2026-09-03,Aisle 02,chilled
Traditional Cinnamon Spice Toned Milk 100g,Pashmina Milling,DAIR-23525,890000878444,Dairy & Eggs,194,packet,393.66,629.52,2026-09-05,Aisle 03,chilled
Homestyle Roasted Salted Cashews 24-Pack,Patanjali Provisions,SNAC-16020,890000878445,Snacks & Confectionery,122,bag,318.86,493.43,2026-12-16,Aisle 10,ambient
Free-Range Caramelized Onion Masala CTC Tea 12-Pack,Green Earth Farms,BEVE-85760,890000878446,Beverages,111,pack,261.40,345.18,2027-02-21,Aisle 06,chilled
Artisan Roasted Salted Cashews 250ml,Green Earth Organics,SNAC-53663,890000878447,Snacks & Confectionery,166,tub,307.74,459.72,2026-08-22,Aisle 10,ambient
Cured Pomegranates 250g,Green Earth Botanicals,FRES-35907,890000878448,Fresh Produce,61,pcs,121.96,223.23,2026-09-08,Aisle 02,chilled
Premium Baby Spinach 8-Pack,Desi Organics Springs,FRES-73563,890000878449,Fresh Produce,142,pcs,68.43,111.09,2026-09-16,Aisle 01,ambient
Sweet Pomfret Whole 2kg,Heritage Foods,MEAT-92241,890000878450,Meat & Seafood,97,pcs,776.57,1335.00,2026-08-30,Aisle 04,chilled
Pure Toasted Sesame Penne Rigate Pasta 750g,Tata Springs,PANT-41600,890000878451,Pantry & Dry Goods,89,can,627.44,938.11,2028-07-29,Aisle 08,ambient
Traditional Bananas 330ml,Pure Vedic Springs,FRES-90907,890000878452,Fresh Produce,86,bag,68.13,125.44,2026-09-07,Aisle 01,chilled
Raw Heavy Cream 500g,FarmGold Goods,DAIR-69351,890000878453,Dairy & Eggs,119,carton,360.91,477.22,2026-09-06,Aisle 02,chilled
Cured Masala Chai Biodegradable Garbage Bags 1L,Pure Vedic Provisions,HOUS-68448,890000878454,Household & Personal Care,69,packet,120.36,200.03,2027-07-20,Aisle 12,ambient
Handcrafted Amla Juice 2L,Vedic Fresh Milling,BEVE-83402,890000878455,Beverages,189,bottle,242.19,392.95,2027-04-04,Aisle 06,ambient
Rustic Lentils Red Masoor 100g,Ganga Kitchens,PANT-41834,890000878456,Pantry & Dry Goods,130,packet,542.61,791.04,2026-08-29,Aisle 07,ambient
Select Mint Lime Penne Rigate Pasta 8-Pack,Tata Foods,PANT-29971,890000878457,Pantry & Dry Goods,176,packet,531.54,973.51,2028-04-01,Aisle 08,ambient
Traditional Royal Basmati Rice 5kg,Nature Harvest Springs,PANT-26161,890000878458,Pantry & Dry Goods,21,packet,350.61,468.30,2028-03-19,Aisle 08,ambient
Artisan Frozen Veg Momos 2L,Urban Roots Goods,FROZ-48249,890000878459,Frozen Foods,54,bag,48.67,63.91,2026-12-06,Aisle 08,frozen
Plant-Based Chicken Keema Snack Pack,Patanjali Provisions,MEAT-36411,890000878460,Meat & Seafood,156,pcs,606.77,822.45,2026-08-31,Aisle 04,chilled
Farm-Fresh Roasted Salted Cashews 500ml,Urban Roots Springs,SNAC-66965,890000878461,Snacks & Confectionery,15,bar,466.59,835.53,2026-11-11,Aisle 10,ambient
Premium Golden Ginger French Fries Crispy 24-Pack,Desi Organics Dairy,FROZ-43748,890000878462,Frozen Foods,161,box,353.31,595.60,2027-07-21,Aisle 08,frozen
Extra-Virgin Mosquito Vaporizer Refill 200g,Patanjali Farms,HOUS-11541,890000878463,Household & Personal Care,30,bottle,126.33,212.94,2028-12-13,Aisle 12,ambient
Farm-Fresh Kitchen Paper Towels 4-Roll 1kg,Himalayan Organics,HOUS-89812,890000878464,Household & Personal Care,15,tube,60.30,106.48,2028-08-07,Aisle 12,ambient
Zero-Sugar Ciabatta Roll 5kg,Kaveri Co.,BAKE-15221,890000878465,Bakery & Deli,11,pcs,255.53,373.60,2026-09-08,Aisle 04,chilled
Signature Dark Chocolate Multigrain Tortillas 1.5L,FarmGold Organics,BAKE-61252,890000878466,Bakery & Deli,8,pcs,211.96,371.84,2026-09-01,Aisle 04,chilled
Extra-Virgin Matcha Green Tea Malai Kulfi Bar 400g,Patanjali Milling,FROZ-90917,890000878467,Frozen Foods,36,bag,62.18,97.68,2026-12-06,Aisle 09,frozen
Cold-Pressed Coconut Cream Frozen Veg Momos 500ml,FarmGold Kitchens,FROZ-58658,890000878468,Frozen Foods,13,tub,94.79,156.74,2026-11-11,Aisle 08,frozen
Smoked Cinnamon Spice Pomfret Whole 750ml,Green Earth Farms,MEAT-49939,890000878469,Meat & Seafood,26,kg,594.72,840.19,2026-09-02,Aisle 04,chilled
Signature Pista Almond Baby Spinach 1kg,Ganga Dairy,FRES-28487,890000878470,Fresh Produce,54,pcs,116.59,160.90,2026-08-26,Aisle 01,ambient
Artisan Cinnamon Spice Sparkling Mineral Water 1.5L,Nature Harvest Goods,BEVE-68197,890000878471,Beverages,72,box,384.70,635.32,2027-01-31,Aisle 06,ambient
Spiced Coconut Cream Liquid Laundry Detergent 100g,FarmGold Botanicals,HOUS-96495,890000878472,Household & Personal Care,114,packet,36.92,53.64,2028-01-25,Aisle 12,ambient
Gluten-Free Avocados 1L,Nature Harvest Naturals,FRES-38455,890000878473,Fresh Produce,53,kg,68.74,112.70,2026-09-03,Aisle 02,ambient
Low-Sodium Mint Lime Clove & Mint Toothpaste 100g,Kaveri Dairy,HOUS-92812,890000878474,Household & Personal Care,114,tube,67.84,117.74,2027-04-10,Aisle 11,ambient
Raw Jalapeno Lime Salted Butter 750g,Nature Harvest Provisions,DAIR-69169,890000878475,Dairy & Eggs,137,carton,450.24,594.64,2026-09-23,Aisle 02,chilled
Premium Chicken Sausages 12-Pack,FarmGold Harvest,MEAT-84808,890000878476,Meat & Seafood,10,pcs,475.80,842.29,2026-08-31,Aisle 05,chilled
Premium Toasted Sesame Smoked Chicken Slices 330ml,Amul Springs,BAKE-29566,890000878477,Bakery & Deli,177,box,166.03,256.50,2026-09-03,Aisle 03,ambient
Gourmet Rose Infused Amla Juice 4-Pack,Vedic Fresh Naturals,BEVE-71536,890000878478,Beverages,81,carton,68.16,88.23,2026-08-26,Aisle 05,chilled
Plant-Based Roasted Salted Cashews 200g,Pashmina Provisions,SNAC-91747,890000878479,Snacks & Confectionery,75,tub,77.25,122.90,2026-08-28,Aisle 10,ambient
Cold-Pressed Sea Salt Frozen Veg Momos 750ml,Urban Roots Milling,FROZ-67607,890000878480,Frozen Foods,127,tub,197.72,269.95,2027-01-16,Aisle 09,frozen
Plant-Based Alphonso Mango Garlic Focaccia 8-Pack,Patanjali Milling,BAKE-19885,890000878481,Bakery & Deli,24,box,143.89,183.23,2026-09-01,Aisle 03,ambient
Rustic Dark Chocolate Raw Wildflower Honey 24-Pack,FarmGold Goods,PANT-73919,890000878482,Pantry & Dry Goods,150,bag,591.20,780.15,2028-03-21,Aisle 07,ambient
Pure Alphonso Mango Extra Virgin Olive Oil 1.5L,Green Earth Agro,PANT-55663,890000878483,Pantry & Dry Goods,105,packet,474.92,786.19,2028-03-25,Aisle 07,ambient
Handcrafted Veg Spring Rolls Family Pack,Urban Roots Organics,FROZ-41398,890000878484,Frozen Foods,121,packet,302.60,490.82,2026-08-27,Aisle 08,frozen
Artisan Garlic Focaccia Snack Pack,Amul Springs,BAKE-22139,890000878485,Bakery & Deli,156,box,92.28,167.73,2026-09-09,Aisle 03,ambient
Farm-Fresh Shampoo Anti-Dandruff Snack Pack,Tata Agro,HOUS-39184,890000878486,Household & Personal Care,102,bottle,180.95,310.09,2028-10-19,Aisle 11,ambient
Farm-Fresh Nimbu Paani Soda 750ml,Nature Harvest Springs,BEVE-19555,890000878487,Beverages,143,bag,66.14,85.97,2026-08-16,Aisle 06,chilled
Crisp Coconut Milk 1.5L,Nature Harvest Co.,PANT-59160,890000878488,Pantry & Dry Goods,122,can,235.36,342.15,2028-08-14,Aisle 07,ambient
Signature Heavy Cream 500ml,FarmGold Dairy,DAIR-36563,890000878489,Dairy & Eggs,165,bottle,306.92,507.69,2026-09-18,Aisle 02,chilled
Smoked Dark Chocolate Floor Disinfectant 400g,Ganga Co.,HOUS-86095,890000878490,Household & Personal Care,68,packet,266.06,333.40,2028-02-26,Aisle 11,ambient
Aged Garlic & Herb Gourmet Cookies Choco-Chip 200g,Urban Roots Agro,SNAC-40668,890000878491,Snacks & Confectionery,139,box,393.19,534.66,2027-02-12,Aisle 10,ambient
Crisp Golden Ginger French Fries Crispy 24-Pack,Himalayan Provisions,FROZ-94076,890000878492,Frozen Foods,50,bag,244.07,352.81,2026-11-17,Aisle 08,frozen
Artisan Garlic & Herb Multigrain Tortillas 1.5L,FarmGold Dairy,BAKE-27397,890000878493,Bakery & Deli,30,pcs,135.79,184.08,2026-08-28,Aisle 03,ambient
Grass-Fed Portobello Mushrooms 330ml,Pure Vedic Goods,FRES-30185,890000878494,Fresh Produce,104,bag,75.38,111.64,2026-09-10,Aisle 02,ambient
Pure Ginger Kombucha 350g,Kaveri Milling,BEVE-91568,890000878495,Beverages,69,box,101.81,171.98,2027-05-13,Aisle 06,chilled
Zero-Sugar Matcha Green Tea Malai Kulfi Bar 4-Pack,Green Earth Foods,FROZ-66139,890000878496,Frozen Foods,7,tub,346.40,484.04,2026-12-27,Aisle 08,frozen
Premium Mozzarella 330ml,Ganga Goods,DAIR-59152,890000878497,Dairy & Eggs,153,packet,387.53,589.67,2026-09-24,Aisle 03,chilled
Cold-Pressed Parmigiano-Reggiano 500ml,Green Earth Foods,DAIR-43672,890000878498,Dairy & Eggs,91,bottle,211.43,356.35,2026-09-04,Aisle 02,chilled
Traditional Fresh Rohu Fish Family Pack,Tata Botanicals,MEAT-29881,890000878499,Meat & Seafood,131,pack,766.68,1108.60,2026-08-31,Aisle 05,chilled
Extra-Virgin Mint Lime Butter Croissants 350g,SunBrite Botanicals,BAKE-90378,890000878500,Bakery & Deli,135,box,142.19,247.38,2026-08-27,Aisle 03,chilled
Farm-Fresh Caramelized Onion Greek Yogurt 200g,Vedic Fresh Goods,DAIR-72305,890000878501,Dairy & Eggs,160,pack,328.96,454.66,2026-09-17,Aisle 03,chilled
Traditional Cinnamon Spice Tonic Water 750g,FarmGold Springs,BEVE-49296,890000878502,Beverages,162,pack,237.95,408.60,2027-05-16,Aisle 06,chilled
Gourmet Whole Wheat Atta Bread 12-Pack,Nature Harvest Milling,BAKE-42152,890000878503,Bakery & Deli,168,pack,233.16,396.01,2026-09-01,Aisle 03,ambient
Plant-Based Kesar Pista Dry Fruits Trail Mix 250g,Himalayan Naturals,SNAC-65827,890000878504,Snacks & Confectionery,133,packet,215.16,285.50,2027-05-18,Aisle 09,ambient
Select Mint Lime Ciabatta Roll 100g,SunBrite Provisions,BAKE-52238,890000878505,Bakery & Deli,87,pcs,164.92,227.33,2026-09-06,Aisle 03,chilled
Grass-Fed Mint Lime Curd Tub 500ml,Amul Kitchens,DAIR-83596,890000878506,Dairy & Eggs,33,carton,41.37,59.94,2026-09-22,Aisle 03,chilled
Organic Alphonso Mangoes Family Pack,Pure Vedic Foods,FRES-85153,890000878507,Fresh Produce,163,pack,102.78,131.30,2026-08-31,Aisle 02,ambient
Extra-Virgin Pure Jaggery Powder 4-Pack,Pashmina Foods,PANT-44368,890000878508,Pantry & Dry Goods,79,bottle,612.69,834.74,2028-02-28,Aisle 06,ambient
Grass-Fed Gourmet Cookies Choco-Chip 6-Pack,Ganga Goods,SNAC-66958,890000878509,Snacks & Confectionery,88,tub,137.09,216.13,2027-05-04,Aisle 10,ambient
Gourmet Amla Juice 750g,Nature Harvest Foods,BEVE-69999,890000878510,Beverages,134,box,325.90,459.48,2026-12-23,Aisle 05,ambient
Grass-Fed Multigrain Tortillas 4-Pack,Amul Kitchens,BAKE-56797,890000878511,Bakery & Deli,13,pcs,234.23,345.94,2026-08-29,Aisle 04,ambient
Crisp Mutton Chops Family Pack,Green Earth Provisions,MEAT-54730,890000878512,Meat & Seafood,27,pack,592.03,938.70,2026-09-02,Aisle 04,chilled
Smoked Jalapeno Lime Mozzarella 500g,Pure Vedic Springs,DAIR-39130,890000878513,Dairy & Eggs,8,bottle,327.45,570.81,2026-09-14,Aisle 02,chilled
Traditional Cinnamon Spice Curd Tub 500g,Nature Harvest Botanicals,DAIR-12698,890000878514,Dairy & Eggs,72,pack,132.20,175.55,2026-08-30,Aisle 03,chilled
Farm-Fresh Garlic & Herb Iced Lemon Tea 1L,Green Earth Botanicals,BEVE-79812,890000878515,Beverages,22,bag,299.78,430.18,2026-08-29,Aisle 05,chilled
Low-Sodium Yukon Gold Potatoes 750ml,Himalayan Agro,FRES-45894,890000878516,Fresh Produce,67,bunch,126.76,211.72,2026-09-08,Aisle 01,chilled
Signature Cardamom Spiced Roasted Makhana Foxnuts 12-Pack,Himalayan Provisions,SNAC-11007,890000878517,Snacks & Confectionery,137,packet,363.94,509.62,2027-04-09,Aisle 09,ambient
Low-Sodium Sea Salt Organic Rolled Oats 5kg,Amul Organics,PANT-19148,890000878518,Pantry & Dry Goods,7,bottle,342.61,578.81,2027-07-21,Aisle 08,ambient
Gourmet Cinnamon Spice Desi Cow Ghee 200g,Heritage Milling,DAIR-62219,890000878519,Dairy & Eggs,57,carton,403.60,527.00,2026-09-04,Aisle 03,chilled
Rustic Himalayan Spring Water 12-Pack,Vedic Fresh Farms,BEVE-70222,890000878520,Beverages,82,can,189.79,307.32,2026-12-21,Aisle 05,ambient
Handcrafted Fish Fingers Frozen Snack Pack,Heritage Organics,FROZ-21350,890000878521,Frozen Foods,102,pack,107.53,182.46,2027-07-22,Aisle 08,frozen
Cold-Pressed Golden Ginger Pomfret Whole 6-Pack,Kaveri Harvest,MEAT-42109,890000878522,Meat & Seafood,150,kg,523.69,961.02,2026-08-30,Aisle 04,chilled
Farm-Fresh Kesar Pista Royal Basmati Rice 24-Pack,Royal Indian Springs,PANT-55312,890000878523,Pantry & Dry Goods,29,can,404.72,547.54,2026-08-15,Aisle 06,ambient
Plant-Based Frozen Paneer Cubes 330ml,Pashmina Agro,FROZ-48442,890000878524,Frozen Foods,32,bag,146.81,268.52,2026-08-23,Aisle 08,frozen
Select Sourdough Loaf 500g,Royal Indian Organics,BAKE-70263,890000878525,Bakery & Deli,131,box,39.89,56.84,2026-09-08,Aisle 03,ambient
Plant-Based Kashmiri Saffron Tiger Prawns Jumbo 750ml,Tata Foods,MEAT-33085,890000878526,Meat & Seafood,170,kg,238.09,420.04,2026-08-31,Aisle 05,chilled
Homestyle Kesar Pista Extra Virgin Olive Oil 2L,Desi Organics Farms,PANT-93976,890000878527,Pantry & Dry Goods,140,jar,189.69,311.99,2028-02-02,Aisle 08,ambient
Farm-Fresh Greek Yogurt Snack Pack,FarmGold Goods,DAIR-28115,890000878528,Dairy & Eggs,121,pack,220.79,285.56,2026-09-14,Aisle 02,chilled
Extra-Virgin Pista Almond Roma Tomatoes 6-Pack,Himalayan Organics,FRES-78044,890000878529,Fresh Produce,174,bag,63.42,93.43,2026-08-30,Aisle 01,ambient
Aged Coconut Cream Avocados 12-Pack,Tata Dairy,FRES-97971,890000878530,Fresh Produce,149,pcs,29.12,40.19,2026-09-02,Aisle 02,chilled
Extra-Virgin Masala Chai Cucumbers 250ml,Ganga Kitchens,FRES-71204,890000878531,Fresh Produce,111,kg,78.07,137.19,2026-08-27,Aisle 01,chilled
Cold-Pressed Mustard Oil Iced Lemon Tea 1kg,Pure Vedic Harvest,BEVE-79470,890000878532,Beverages,134,carton,130.67,224.85,2026-08-29,Aisle 05,ambient
Gluten-Free Mustard Oil Bath Tissue 6-Pack Snack Pack,Tata Foods,HOUS-80975,890000878533,Household & Personal Care,129,bottle,164.18,268.34,2028-03-05,Aisle 11,ambient
Gourmet Floor Disinfectant 4-Pack,Desi Organics Co.,HOUS-11017,890000878534,Household & Personal Care,192,packet,273.56,489.40,2028-06-07,Aisle 11,ambient
Farm-Fresh Vanilla Bean Sparkling Mineral Water 12-Pack,FarmGold Harvest,BEVE-66960,890000878535,Beverages,77,box,309.39,523.30,2027-02-19,Aisle 06,ambient
Raw Toasted Sesame Gourmet Cookies Choco-Chip Family Pack,Patanjali Provisions,SNAC-37766,890000878536,Snacks & Confectionery,13,box,117.69,153.76,2026-11-12,Aisle 10,ambient
Zero-Sugar Masala Potato Chips 250ml,Amul Provisions,SNAC-86540,890000878537,Snacks & Confectionery,184,bar,114.60,189.59,2026-12-25,Aisle 10,ambient
Traditional Toasted Sesame Roma Tomatoes 2kg,Ganga Organics,FRES-85786,890000878538,Fresh Produce,193,bag,17.43,28.26,2026-09-01,Aisle 02,ambient
Zero-Sugar Golden Ginger Frozen Samosas 250g,Ganga Foods,FROZ-27909,890000878539,Frozen Foods,120,pack,153.52,236.52,2027-08-04,Aisle 08,frozen
Organic Mosquito Vaporizer Refill 1L,SunBrite Kitchens,HOUS-62497,890000878540,Household & Personal Care,91,tube,471.56,860.45,2028-09-13,Aisle 12,ambient
Zero-Sugar Frozen Paneer Cubes Family Pack,Patanjali Milling,FROZ-30872,890000878541,Frozen Foods,50,pack,288.61,498.87,2027-07-09,Aisle 09,frozen
Farm-Fresh Caramelized Onion Oat Milk Family Pack,Pashmina Springs,DAIR-81304,890000878542,Dairy & Eggs,130,box,127.36,171.37,2026-08-30,Aisle 03,chilled
Cured Pomfret Whole 500g,Green Earth Agro,MEAT-38174,890000878543,Meat & Seafood,191,pack,354.10,605.04,2026-08-29,Aisle 05,chilled
Artisan Surface Floor Cleaner Rose 500g,Green Earth Goods,HOUS-56242,890000878544,Household & Personal Care,59,tube,428.70,631.96,2026-08-21,Aisle 12,ambient
Heritage Matcha Green Tea Mustard Oil Kachi Ghani 500g,Pure Vedic Agro,PANT-21500,890000878545,Pantry & Dry Goods,85,box,380.29,565.98,2028-04-08,Aisle 07,ambient
Smoked Mustard Oil Sweet Corn Kernels 5kg,Pure Vedic Organics,FROZ-54779,890000878546,Frozen Foods,109,bag,88.83,140.88,2026-12-18,Aisle 08,frozen
Signature Jalapeno Lime Tender Coconut Water 330ml,Desi Organics Dairy,BEVE-10179,890000878547,Beverages,42,can,362.05,485.55,2026-10-06,Aisle 06,ambient
Gluten-Free Vanilla Bean Herbal Hand Wash Neem 750g,Pashmina Farms,HOUS-17334,890000878548,Household & Personal Care,48,box,398.82,656.77,2027-09-19,Aisle 12,ambient
Low-Sodium Dark Chocolate Surface Floor Cleaner Rose 1L,Green Earth Organics,HOUS-81331,890000878549,Household & Personal Care,188,packet,105.74,137.48,2027-12-29,Aisle 11,ambient
Spiced Truffle Infused Lentils Red Masoor 250ml,Amul Dairy,PANT-13319,890000878550,Pantry & Dry Goods,61,bottle,455.04,588.24,2028-08-01,Aisle 08,ambient
Organic Surface Floor Cleaner Rose Snack Pack,Nature Harvest Dairy,HOUS-48087,890000878551,Household & Personal Care,54,box,526.35,798.37,2028-08-10,Aisle 12,ambient
Low-Sodium Vanilla Bean Banana Chips Kerala Style 250g,SunBrite Foods,SNAC-89275,890000878552,Snacks & Confectionery,47,pack,214.09,334.90,2027-06-19,Aisle 09,ambient
Artisan Jalapeno Lime Roasted Salted Cashews 6-Pack,Heritage Provisions,SNAC-10827,890000878553,Snacks & Confectionery,49,pack,424.15,551.52,2027-05-19,Aisle 09,ambient
Premium Clove & Mint Toothpaste 1L,Kaveri Milling,HOUS-48262,890000878554,Household & Personal Care,48,tube,130.43,239.10,2027-06-20,Aisle 11,ambient
Gluten-Free Kesar Pista Bath Tissue 6-Pack 8-Pack,Nature Harvest Naturals,HOUS-93248,890000878555,Household & Personal Care,172,bottle,544.11,989.36,2027-10-20,Aisle 11,ambient
Traditional Dark Chocolate Himalayan Spring Water 100g,Royal Indian Milling,BEVE-81836,890000878556,Beverages,58,carton,258.24,388.61,2026-11-16,Aisle 06,ambient
Sweet Bananas 250g,Heritage Dairy,FRES-85737,890000878557,Fresh Produce,10,pack,139.86,193.01,2026-08-29,Aisle 02,ambient
Gourmet Kesar Pista Masala Potato Chips 24-Pack,Green Earth Dairy,SNAC-71470,890000878558,Snacks & Confectionery,111,bar,286.70,377.43,2027-02-07,Aisle 10,ambient
Desi Golden Ginger Roasted Makhana Foxnuts 1kg,Patanjali Farms,SNAC-25515,890000878559,Snacks & Confectionery,134,bar,361.28,586.94,2026-08-29,Aisle 09,ambient
Roasted Clove & Mint Toothpaste 750g,Desi Organics Foods,HOUS-81284,890000878560,Household & Personal Care,7,packet,321.40,436.82,2028-11-23,Aisle 12,ambient
Low-Sodium Fresh Rohu Fish 100g,Desi Organics Harvest,MEAT-93235,890000878561,Meat & Seafood,106,pack,825.10,1145.12,2026-08-31,Aisle 05,chilled
Grass-Fed Vanilla Bean Sourdough Loaf 750ml,Kaveri Harvest,BAKE-90214,890000878562,Bakery & Deli,153,pack,191.45,353.09,2026-09-08,Aisle 03,ambient
Spiced Toasted Sesame Floor Disinfectant 24-Pack,FarmGold Kitchens,HOUS-74380,890000878563,Household & Personal Care,8,packet,170.56,249.34,2027-03-07,Aisle 12,ambient
Pure Dark Chocolate Desi Cow Ghee 750ml,Desi Organics Kitchens,DAIR-46397,890000878564,Dairy & Eggs,63,packet,204.43,290.39,2026-09-06,Aisle 03,chilled
Natural Masala Chai Surface Floor Cleaner Rose 1kg,Vedic Fresh Milling,HOUS-45386,890000878565,Household & Personal Care,68,bottle,83.65,106.26,2028-03-25,Aisle 12,ambient
Cured Vanilla Bean Salami 8-Pack,Amul Co.,BAKE-90574,890000878566,Bakery & Deli,188,pcs,219.11,285.80,2026-09-07,Aisle 03,ambient
Organic Ayurvedic Bath Soap 250g,Ganga Dairy,HOUS-87013,890000878567,Household & Personal Care,190,packet,171.62,264.62,2029-02-03,Aisle 12,ambient
Roasted Edamame Pods 1L,Pashmina Agro,FROZ-84373,890000878568,Frozen Foods,148,bag,335.26,533.16,2026-12-20,Aisle 09,frozen
Premium Rose Infused Cold Brew Coffee 6-Pack,Pashmina Co.,BEVE-66532,890000878569,Beverages,164,bag,371.47,554.95,2027-04-17,Aisle 05,chilled
Traditional Golden Ginger Frozen Veg Momos 1L,Patanjali Dairy,FROZ-26889,890000878570,Frozen Foods,50,bag,173.89,234.78,2026-08-26,Aisle 09,frozen
Cured Organic Rolled Oats 1L,Himalayan Springs,PANT-53292,890000878571,Pantry & Dry Goods,13,bag,387.71,639.39,2028-02-07,Aisle 07,ambient
Gourmet Veg Burger Patties 500ml,Pashmina Co.,FROZ-98607,890000878572,Frozen Foods,124,box,165.92,292.83,2027-05-22,Aisle 08,frozen
Gourmet Nagpur Orange Gourmet Cookies Choco-Chip 250ml,Patanjali Foods,SNAC-89804,890000878573,Snacks & Confectionery,126,packet,68.54,95.14,2027-05-31,Aisle 10,ambient
Select Amul Gouda Block 24-Pack,Pashmina Dairy,DAIR-14729,890000878574,Dairy & Eggs,165,bottle,276.98,489.62,2026-08-17,Aisle 03,chilled
Premium Banana Chips Kerala Style 400g,Nature Harvest Farms,SNAC-46053,890000878575,Snacks & Confectionery,167,tub,119.51,166.41,2027-01-03,Aisle 10,ambient
Heritage Vanilla Bean Desi Cow Ghee 250g,Patanjali Organics,DAIR-58061,890000878576,Dairy & Eggs,149,bottle,454.52,741.95,2026-08-27,Aisle 02,chilled
Artisan Kesar Pista Royal Basmati Rice 5kg,Pure Vedic Provisions,PANT-42658,890000878577,Pantry & Dry Goods,137,can,488.27,672.37,2028-04-07,Aisle 07,ambient
Pure Fresh Rohu Fish 100g,Pure Vedic Agro,MEAT-81544,890000878578,Meat & Seafood,102,pack,665.61,998.24,2026-09-02,Aisle 04,chilled
Smoked Filter Coffee Beans 500ml,Royal Indian Foods,BEVE-43227,890000878579,Beverages,142,can,299.87,421.06,2026-09-13,Aisle 05,chilled
Select Cinnamon Spice Ayurvedic Bath Soap 750g,Green Earth Botanicals,HOUS-99046,890000878580,Household & Personal Care,188,box,156.13,222.34,2027-06-24,Aisle 11,ambient
Crisp Mustard Oil Malai Kulfi Bar 8-Pack,Pashmina Dairy,FROZ-86200,890000878581,Frozen Foods,53,tub,205.12,306.06,2027-03-22,Aisle 08,frozen
Rustic Roasted Salted Cashews 500g,Tata Dairy,SNAC-89925,890000878582,Snacks & Confectionery,115,bar,349.62,627.36,2027-04-29,Aisle 09,ambient
Low-Sodium Mosquito Vaporizer Refill 330ml,Ganga Organics,HOUS-11526,890000878583,Household & Personal Care,135,tube,385.18,498.47,2027-12-30,Aisle 11,ambient
Low-Sodium Mint Lime Organic Green Tea 750g,Nature Harvest Dairy,BEVE-96452,890000878584,Beverages,110,bottle,195.58,354.18,2026-09-22,Aisle 06,chilled
Rustic Clove & Mint Toothpaste 4-Pack,Nature Harvest Provisions,HOUS-87228,890000878585,Household & Personal Care,47,bottle,76.64,122.35,2028-11-07,Aisle 11,ambient
Organic Liquid Laundry Detergent 2kg,Amul Foods,HOUS-74730,890000878586,Household & Personal Care,179,box,286.84,513.49,2027-10-10,Aisle 12,ambient
Sweet Nagpur Orange Malai Kulfi Bar 4-Pack,Pashmina Botanicals,FROZ-31363,890000878587,Frozen Foods,99,box,279.42,440.94,2027-07-13,Aisle 09,frozen
Spiced Mint Lime Pav 6-Pack 2L,Green Earth Springs,BAKE-10285,890000878588,Bakery & Deli,142,pack,139.26,190.53,2026-08-28,Aisle 03,chilled
Gluten-Free Bath Tissue 6-Pack 250g,Vedic Fresh Harvest,HOUS-46331,890000878589,Household & Personal Care,119,packet,170.03,293.78,2028-01-18,Aisle 12,ambient
Pure Toor Dal Premium 250ml,Ganga Naturals,PANT-88032,890000878590,Pantry & Dry Goods,179,box,252.28,465.79,2026-12-26,Aisle 08,ambient
Spiced Apples 2kg,Pashmina Agro,FRES-43554,890000878591,Fresh Produce,23,kg,106.25,172.72,2026-09-10,Aisle 02,ambient
Signature Jalapeno Lime Kulcha 4-Pack 330ml,Himalayan Springs,BAKE-83220,890000878592,Bakery & Deli,181,pack,32.75,54.43,2026-09-03,Aisle 03,ambient
Artisan Masala Potato Chips 12-Pack,Tata Dairy,SNAC-23887,890000878593,Snacks & Confectionery,137,packet,276.33,411.16,2027-04-30,Aisle 09,ambient
Homestyle Pista Almond Organic Green Tea 4-Pack,Vedic Fresh Dairy,BEVE-51714,890000878594,Beverages,47,can,362.18,466.57,2027-08-24,Aisle 05,chilled
Farm-Fresh Jalapeno Lime Portobello Mushrooms 750g,Royal Indian Botanicals,FRES-24576,890000878595,Fresh Produce,188,kg,118.57,182.60,2026-09-05,Aisle 01,ambient
Natural Brioche Burger Buns 350g,Vedic Fresh Foods,BAKE-17066,890000878596,Bakery & Deli,170,box,185.53,273.38,2026-09-03,Aisle 04,ambient
Crisp Jalapeno Lime 70% Dark Chocolate Bar 350g,FarmGold Goods,SNAC-21443,890000878597,Snacks & Confectionery,135,box,30.64,39.52,2026-10-16,Aisle 09,ambient
Pure Matcha Green Tea Mustard Oil Kachi Ghani 330ml,Himalayan Foods,PANT-52849,890000878598,Pantry & Dry Goods,76,box,50.41,80.13,2027-03-04,Aisle 08,ambient
Handcrafted Nagpur Orange Pita Bread 200g,Tata Kitchens,BAKE-38353,890000878599,Bakery & Deli,141,box,271.29,482.42,2026-09-02,Aisle 03,chilled
Low-Sodium Lemons 6-Pack,Pashmina Kitchens,FRES-22720,890000878600,Fresh Produce,69,bunch,105.40,155.38,2026-09-13,Aisle 02,chilled
Select Jalapeno Lime Iced Lemon Tea Snack Pack,Urban Roots Organics,BEVE-49836,890000878601,Beverages,95,bottle,104.35,135.33,2027-08-14,Aisle 06,chilled
Grass-Fed Amul Gouda Block 1kg,Pashmina Agro,DAIR-99246,890000878602,Dairy & Eggs,64,box,470.54,684.58,2026-09-09,Aisle 03,chilled
Low-Sodium Mint Lime Butter Croissants Family Pack,Pashmina Provisions,BAKE-60621,890000878603,Bakery & Deli,54,pack,226.96,403.19,2026-09-01,Aisle 04,ambient
Artisan Paneer Block 400g,Himalayan Springs,DAIR-72817,890000878604,Dairy & Eggs,21,box,93.22,163.42,2026-09-09,Aisle 02,chilled
Heritage Banana Chips Kerala Style 750ml,Desi Organics Agro,SNAC-34989,890000878605,Snacks & Confectionery,158,bag,265.30,419.05,2027-01-21,Aisle 09,ambient
Free-Range Cream Cheese Family Pack,Nature Harvest Kitchens,DAIR-96644,890000878606,Dairy & Eggs,147,bottle,327.02,521.51,2026-09-25,Aisle 02,chilled
Organic Pista Almond Moong Dal Namkeen 750ml,Amul Farms,SNAC-48196,890000878607,Snacks & Confectionery,45,box,42.68,63.14,2027-02-05,Aisle 09,ambient
Gluten-Free Alphonso Mango Fresh Chicken Curry Cut 500ml,FarmGold Milling,MEAT-49997,890000878608,Meat & Seafood,162,kg,475.11,606.41,2026-08-30,Aisle 05,chilled
Grass-Fed Truffle Infused Iced Lemon Tea 8-Pack,Himalayan Provisions,BEVE-50329,890000878609,Beverages,139,bottle,397.35,720.70,2027-08-16,Aisle 06,ambient
Farm-Fresh Coconut Cream Cucumbers 100g,Pashmina Goods,FRES-77180,890000878610,Fresh Produce,91,bunch,102.69,179.09,2026-09-02,Aisle 01,ambient
Traditional Heavy Cream 500g,FarmGold Kitchens,DAIR-45961,890000878611,Dairy & Eggs,7,pack,464.23,753.85,2026-09-18,Aisle 03,chilled
Organic Toasted Sesame Moong Dal Namkeen 250ml,Desi Organics Milling,SNAC-17385,890000878612,Snacks & Confectionery,173,packet,196.00,321.85,2027-01-01,Aisle 09,ambient
Free-Range Fresh Mosambi Juice Snack Pack,Pure Vedic Farms,BEVE-89568,890000878613,Beverages,196,carton,25.67,43.55,2027-08-13,Aisle 05,chilled
Cured Desi Cow Ghee 6-Pack,Tata Kitchens,DAIR-61492,890000878614,Dairy & Eggs,61,bottle,264.15,390.90,2026-08-29,Aisle 02,chilled
Low-Sodium Cardamom Spiced Pink Himalayan Salt 500g,Amul Goods,PANT-34034,890000878615,Pantry & Dry Goods,184,box,619.76,1040.64,2027-06-16,Aisle 07,ambient
Rustic Rose Infused Paneer Tikka Deli 250g,Tata Springs,BAKE-10227,890000878616,Bakery & Deli,192,pcs,208.38,376.67,2026-08-28,Aisle 03,ambient
Gluten-Free Filter Coffee Beans 750g,Heritage Botanicals,BEVE-55131,890000878617,Beverages,141,carton,250.99,429.92,2026-08-28,Aisle 06,chilled
Homestyle Cinnamon Spice Ginger Kombucha 100g,Patanjali Dairy,BEVE-47346,890000878618,Beverages,86,can,213.80,285.85,2026-09-16,Aisle 06,chilled
Handcrafted Desi Cow Ghee 350g,Heritage Agro,DAIR-85012,890000878619,Dairy & Eggs,102,box,75.66,139.93,2026-09-25,Aisle 03,chilled
Handcrafted Pita Bread Family Pack,Vedic Fresh Farms,BAKE-12521,890000878620,Bakery & Deli,143,box,257.76,439.99,2026-09-05,Aisle 04,chilled
Gluten-Free Masala Chai Garlic Focaccia 5kg,SunBrite Dairy,BAKE-91078,890000878621,Bakery & Deli,185,pack,279.95,395.22,2026-09-07,Aisle 04,ambient
Gluten-Free Masala Chai Mustard Oil Kachi Ghani 750ml,Amul Naturals,PANT-89662,890000878622,Pantry & Dry Goods,178,jar,673.52,848.60,2027-01-08,Aisle 08,ambient
Free-Range Kabuli Chana 2L,Himalayan Harvest,PANT-82289,890000878623,Pantry & Dry Goods,126,packet,346.27,547.94,2028-06-29,Aisle 07,ambient
Raw Electrolyte Drink 250g,Nature Harvest Organics,BEVE-21584,890000878624,Beverages,12,pack,61.03,83.71,2026-12-20,Aisle 05,chilled
Artisan Mint Lime Sparkling Mineral Water 2L,Heritage Milling,BEVE-57493,890000878625,Beverages,87,carton,149.17,220.06,2027-04-12,Aisle 05,chilled
Premium Mustard Oil Clove & Mint Toothpaste 5kg,Tata Springs,HOUS-63963,890000878626,Household & Personal Care,22,tube,449.46,603.99,2028-01-04,Aisle 12,ambient
Smoked Dark Chocolate Masala Potato Chips 6-Pack,FarmGold Harvest,SNAC-47960,890000878627,Snacks & Confectionery,147,tub,79.12,101.19,2027-04-22,Aisle 09,ambient
Premium Cardamom Spiced Sourdough Loaf Family Pack,Pashmina Springs,BAKE-73619,890000878628,Bakery & Deli,140,pack,157.61,230.17,2026-09-04,Aisle 03,ambient
Farm-Fresh Alphonso Mango Malai Kulfi Bar 400g,Ganga Goods,FROZ-56476,890000878629,Frozen Foods,27,tub,334.75,529.10,2026-08-24,Aisle 09,frozen
Roasted Rose Infused Kabuli Chana 1kg,Pashmina Organics,PANT-15845,890000878630,Pantry & Dry Goods,135,packet,667.21,1031.98,2027-12-01,Aisle 06,ambient
Traditional French Fries Crispy 2L,SunBrite Agro,FROZ-60956,890000878631,Frozen Foods,6,packet,247.35,349.09,2027-03-24,Aisle 08,frozen
Cold-Pressed Matcha Green Tea Baby Spinach 2kg,Patanjali Foods,FRES-42911,890000878632,Fresh Produce,56,bunch,54.65,91.04,2026-09-13,Aisle 01,ambient
Plant-Based Brioche Burger Buns 100g,Ganga Dairy,BAKE-24817,890000878633,Bakery & Deli,162,pack,43.45,68.03,2026-09-02,Aisle 04,ambient
Artisan Frozen Green Peas 750g,Desi Organics Botanicals,FROZ-51301,890000878634,Frozen Foods,11,packet,358.96,594.82,2026-08-29,Aisle 08,frozen
Spiced Ciabatta Roll 250ml,Kaveri Farms,BAKE-70600,890000878635,Bakery & Deli,95,pcs,70.34,114.85,2026-09-09,Aisle 03,chilled
Sweet Banana Chips Kerala Style 1kg,SunBrite Botanicals,SNAC-75752,890000878636,Snacks & Confectionery,84,box,333.20,483.32,2026-11-29,Aisle 10,ambient
Low-Sodium Jalapeno Lime Dishwash Gel Lemon 5kg,Amul Kitchens,HOUS-43226,890000878637,Household & Personal Care,27,tube,497.91,836.46,2026-08-22,Aisle 12,ambient
Natural Masala Chai Fish Fingers Frozen 200g,SunBrite Foods,FROZ-43101,890000878638,Frozen Foods,119,box,258.53,440.08,2026-08-23,Aisle 09,frozen
Smoked Jalapeno Lime Mutton Curry Cut 750ml,Ganga Springs,MEAT-11584,890000878639,Meat & Seafood,83,kg,214.69,281.54,2026-09-01,Aisle 04,chilled
Free-Range Rose Infused Palak 500ml,Ganga Farms,FRES-77891,890000878640,Fresh Produce,58,bag,16.69,27.29,2026-09-10,Aisle 01,ambient
Traditional Caramelized Onion Organic Atta 5kg 1.5L,Himalayan Organics,PANT-70979,890000878641,Pantry & Dry Goods,66,bag,84.02,118.32,2026-08-29,Aisle 07,ambient
Roasted Coconut Milk 500ml,Pashmina Provisions,PANT-12475,890000878642,Pantry & Dry Goods,13,can,388.88,701.66,2027-01-26,Aisle 07,ambient
Plant-Based Strawberries 8-Pack,Pashmina Harvest,FRES-97633,890000878643,Fresh Produce,32,kg,59.80,89.99,2026-09-09,Aisle 02,ambient
Gluten-Free Paneer Block 350g,Patanjali Organics,DAIR-47404,890000878644,Dairy & Eggs,5,pack,287.98,481.26,2026-09-18,Aisle 03,chilled
Artisan Curd Tub 2L,FarmGold Kitchens,DAIR-40154,890000878645,Dairy & Eggs,193,pack,281.03,450.81,2026-09-11,Aisle 02,chilled
Low-Sodium Rose Infused Mutton Curry Cut 350g,Himalayan Harvest,MEAT-46732,890000878646,Meat & Seafood,37,pack,827.85,1163.00,2026-08-29,Aisle 05,chilled
Artisan Moong Dal Namkeen 6-Pack,Himalayan Goods,SNAC-86812,890000878647,Snacks & Confectionery,59,tub,370.76,531.74,2026-08-29,Aisle 09,ambient
Extra-Virgin Cinnamon Spice Pineapples 750g,Heritage Springs,FRES-58468,890000878648,Fresh Produce,52,pcs,55.38,95.93,2026-09-15,Aisle 01,chilled
Low-Sodium Cardamom Spiced Dishwash Gel Lemon 750g,Green Earth Naturals,HOUS-44749,890000878649,Household & Personal Care,7,pack,79.49,134.57,2028-06-09,Aisle 12,ambient
Cold-Pressed Lentils Red Masoor 2L,Pure Vedic Provisions,PANT-69635,890000878650,Pantry & Dry Goods,31,bag,282.60,449.30,2028-07-12,Aisle 06,ambient
Traditional Cinnamon Spice Raw Wildflower Honey 250ml,Green Earth Dairy,PANT-71674,890000878651,Pantry & Dry Goods,186,box,541.93,918.54,2028-08-09,Aisle 07,ambient
Plant-Based Mozzarella 200g,Heritage Farms,DAIR-44231,890000878652,Dairy & Eggs,86,bottle,460.34,755.94,2026-09-10,Aisle 02,chilled
Gourmet Granola Health Bars 12-Pack,Patanjali Farms,SNAC-92267,890000878653,Snacks & Confectionery,5,box,65.37,98.48,2026-10-20,Aisle 10,ambient
Cured Cold-Pressed Groundnut Oil 24-Pack,Pure Vedic Kitchens,PANT-60861,890000878654,Pantry & Dry Goods,110,jar,264.96,392.64,2027-07-02,Aisle 08,ambient
Traditional Seedless Grapes 250g,Ganga Provisions,FRES-47884,890000878655,Fresh Produce,173,bag,93.69,147.85,2026-09-08,Aisle 01,chilled
Extra-Virgin Cinnamon Spice Veg Burger Patties 6-Pack,Urban Roots Goods,FROZ-29805,890000878656,Frozen Foods,188,tub,66.05,84.24,2026-08-24,Aisle 09,frozen
Select Sea Salt Malai Kulfi Bar 250g,Kaveri Botanicals,FROZ-91645,890000878657,Frozen Foods,156,box,96.16,163.80,2027-02-21,Aisle 09,frozen
Homestyle Malai Kulfi Bar 330ml,Green Earth Botanicals,FROZ-46526,890000878658,Frozen Foods,23,tub,357.82,457.58,2027-08-12,Aisle 08,frozen
Grass-Fed Toor Dal Premium 750ml,Nature Harvest Naturals,PANT-36794,890000878659,Pantry & Dry Goods,123,box,164.30,260.16,2027-02-04,Aisle 06,ambient
Artisan Vanilla Bean Roasted Makhana Foxnuts 12-Pack,Kaveri Dairy,SNAC-56381,890000878660,Snacks & Confectionery,126,tub,189.43,349.11,2026-11-27,Aisle 09,ambient
Free-Range Oat Milk 8-Pack,Pashmina Co.,DAIR-55567,890000878661,Dairy & Eggs,16,tub,355.28,540.04,2026-09-03,Aisle 02,chilled
Spiced Wood-Fired Pizza 250ml,SunBrite Foods,FROZ-81789,890000878662,Frozen Foods,18,tub,101.98,165.26,2026-08-26,Aisle 09,frozen
Grass-Fed Wood-Fired Pizza 200g,Vedic Fresh Foods,FROZ-39210,890000878663,Frozen Foods,71,box,357.91,570.71,2026-08-15,Aisle 09,frozen
Heritage Smoked Paprika Coconut Milk 12-Pack,Heritage Naturals,PANT-86850,890000878664,Pantry & Dry Goods,149,can,288.05,466.30,2027-11-18,Aisle 07,ambient
Free-Range Pista Almond 70% Dark Chocolate Bar 400g,Royal Indian Organics,SNAC-34202,890000878665,Snacks & Confectionery,5,box,187.26,345.60,2027-02-22,Aisle 09,ambient
Crisp Coconut Cream Clove & Mint Toothpaste 1L,Ganga Harvest,HOUS-62617,890000878666,Household & Personal Care,188,pack,178.33,303.20,2028-11-22,Aisle 11,ambient
Farm-Fresh Atlantic Salmon Fillet 400g,Amul Agro,MEAT-96670,890000878667,Meat & Seafood,113,pcs,237.34,300.22,2026-09-02,Aisle 05,chilled
Traditional Roma Tomatoes 5kg,Pashmina Naturals,FRES-98949,890000878668,Fresh Produce,147,kg,78.26,130.88,2026-09-05,Aisle 02,chilled
Traditional Veg Spring Rolls 8-Pack,Kaveri Harvest,FROZ-72518,890000878669,Frozen Foods,25,packet,289.37,472.70,2027-02-13,Aisle 08,frozen
Crisp Masala Chai Atlantic Salmon Fillet 1kg,Royal Indian Provisions,MEAT-30942,890000878670,Meat & Seafood,110,kg,178.67,329.26,2026-09-01,Aisle 05,chilled
Homestyle Dry Fruits Trail Mix 750ml,Urban Roots Co.,SNAC-22895,890000878671,Snacks & Confectionery,137,packet,58.37,107.73,2027-01-14,Aisle 10,ambient
Heritage Sweet Corn Kernels Family Pack,Pashmina Naturals,FROZ-98820,890000878672,Frozen Foods,196,pack,271.21,486.58,2026-10-27,Aisle 09,frozen
Signature Roasted Makhana Foxnuts 350g,Kaveri Goods,SNAC-30768,890000878673,Snacks & Confectionery,80,tub,233.25,417.26,2027-06-12,Aisle 09,ambient
Smoked Kesar Pista Tiger Prawns Jumbo 500g,Patanjali Harvest,MEAT-88220,890000878674,Meat & Seafood,182,pack,606.21,988.32,2026-09-01,Aisle 04,chilled
Gluten-Free Caramelized Onion Bottle Gourd Family Pack,Urban Roots Agro,FRES-28265,890000878675,Fresh Produce,165,pack,91.21,117.71,2026-09-07,Aisle 02,chilled
Crisp Badam Milk Drink 2kg,Heritage Kitchens,BEVE-63112,890000878676,Beverages,35,bag,313.36,414.44,2027-01-20,Aisle 05,ambient
Handcrafted Mustard Oil Fresh Rohu Fish 100g,Vedic Fresh Provisions,MEAT-59808,890000878677,Meat & Seafood,93,kg,831.12,1525.45,2026-08-28,Aisle 04,chilled
Roasted Smoked Paprika Filter Coffee Beans 250ml,Green Earth Organics,BEVE-52339,890000878678,Beverages,82,bag,280.31,407.19,2027-08-16,Aisle 06,ambient
Gourmet Moong Dal Washed 750ml,Vedic Fresh Dairy,PANT-14124,890000878679,Pantry & Dry Goods,13,jar,512.87,663.14,2027-08-20,Aisle 07,ambient
Rustic Caramelized Onion Extra Virgin Olive Oil 750ml,Ganga Kitchens,PANT-86533,890000878680,Pantry & Dry Goods,78,bottle,310.47,421.63,2026-12-18,Aisle 06,ambient
Heritage Pista Almond Butter Croissants 5kg,Himalayan Harvest,BAKE-96576,890000878681,Bakery & Deli,46,pcs,87.16,119.98,2026-08-30,Aisle 04,ambient
Rustic Kulcha 4-Pack Snack Pack,Heritage Milling,BAKE-92045,890000878682,Bakery & Deli,199,pack,208.01,314.25,2026-09-08,Aisle 03,chilled
Crisp Bhujia Sev 750ml,Heritage Agro,SNAC-18483,890000878683,Snacks & Confectionery,7,tub,350.34,479.45,2027-03-14,Aisle 10,ambient
Zero-Sugar Cold Brew Coffee 330ml,FarmGold Co.,BEVE-25493,890000878684,Beverages,161,carton,325.71,474.45,2027-02-14,Aisle 06,ambient
Low-Sodium Jalapeno Lime Pink Himalayan Salt 500g,Patanjali Provisions,PANT-34470,890000878685,Pantry & Dry Goods,137,bag,187.06,285.79,2028-04-28,Aisle 06,ambient
Cold-Pressed Baby Spinach 12-Pack,Ganga Kitchens,FRES-18314,890000878686,Fresh Produce,146,pcs,71.70,129.36,2026-09-04,Aisle 01,ambient
Select Dark Chocolate Penne Rigate Pasta 250ml,Desi Organics Goods,PANT-76137,890000878687,Pantry & Dry Goods,55,box,544.64,920.22,2027-04-27,Aisle 06,ambient
Heritage Dark Chocolate Dishwash Gel Lemon 8-Pack,Patanjali Farms,HOUS-88521,890000878688,Household & Personal Care,129,packet,297.45,432.01,2029-05-08,Aisle 11,ambient
Handcrafted Atlantic Salmon Fillet 2L,Tata Kitchens,MEAT-40667,890000878689,Meat & Seafood,73,pcs,420.22,597.30,2026-08-31,Aisle 05,chilled
Gourmet Kashmiri Saffron Amla Juice 8-Pack,FarmGold Foods,BEVE-90133,890000878690,Beverages,97,carton,227.99,325.87,2027-02-06,Aisle 05,ambient
Cold-Pressed Cream Cheese 400g,Urban Roots Dairy,DAIR-87628,890000878691,Dairy & Eggs,124,packet,450.13,747.38,2026-09-17,Aisle 03,chilled
Artisan Lemons 1kg,Green Earth Co.,FRES-41806,890000878692,Fresh Produce,24,bag,105.68,151.45,2026-09-05,Aisle 02,chilled
Roasted Caramelized Onion Salami Snack Pack,Vedic Fresh Goods,BAKE-33345,890000878693,Bakery & Deli,48,pack,76.77,110.30,2026-09-02,Aisle 03,ambient
Aged Oat Milk Snack Pack,Nature Harvest Farms,DAIR-62843,890000878694,Dairy & Eggs,133,packet,176.19,282.39,2026-09-18,Aisle 02,chilled
Select Veg Burger Patties 330ml,Desi Organics Springs,FROZ-17411,890000878695,Frozen Foods,16,tub,167.98,234.83,2026-11-08,Aisle 08,frozen
Gluten-Free Golden Ginger Butter Croissants 500ml,Heritage Agro,BAKE-77700,890000878696,Bakery & Deli,15,pack,143.39,197.32,2026-08-26,Aisle 03,ambient
Artisan Masala CTC Tea 1.5L,SunBrite Milling,BEVE-38630,890000878697,Beverages,138,can,65.27,114.12,2027-03-22,Aisle 05,ambient
Low-Sodium Biodegradable Garbage Bags 750ml,Royal Indian Foods,HOUS-11279,890000878698,Household & Personal Care,19,pack,448.46,569.46,2026-08-28,Aisle 12,ambient
Crisp Sea Salt French Fries Crispy 250g,Amul Farms,FROZ-96629,890000878699,Frozen Foods,126,pack,379.88,477.59,2027-06-24,Aisle 08,frozen
Gluten-Free Liquid Laundry Detergent 400g,Royal Indian Farms,HOUS-22426,890000878700,Household & Personal Care,153,tube,232.53,307.86,2028-09-07,Aisle 12,ambient
Farm-Fresh Alphonso Mango Almond Milk 750g,Patanjali Botanicals,DAIR-80438,890000878701,Dairy & Eggs,117,bottle,476.68,838.40,2026-09-13,Aisle 02,chilled
Low-Sodium Ciabatta Roll 6-Pack,SunBrite Kitchens,BAKE-21352,890000878702,Bakery & Deli,129,pcs,105.71,192.55,2026-08-28,Aisle 03,ambient
Premium Nagpur Orange Frozen Paneer Cubes 6-Pack,Royal Indian Dairy,FROZ-61314,890000878703,Frozen Foods,146,packet,145.98,264.93,2026-08-29,Aisle 09,frozen
Homestyle Watermelon 1L,Patanjali Springs,FRES-64591,890000878704,Fresh Produce,43,kg,69.46,103.14,2026-09-09,Aisle 02,chilled
Roasted Sea Salt Carrots 5kg,Vedic Fresh Co.,FRES-12088,890000878705,Fresh Produce,179,kg,72.14,131.36,2026-09-03,Aisle 01,chilled
Rustic Shampoo Anti-Dandruff 750g,Ganga Provisions,HOUS-43346,890000878706,Household & Personal Care,107,pack,268.31,343.12,2027-10-12,Aisle 11,ambient
Gluten-Free Toor Dal Premium 750g,Nature Harvest Harvest,PANT-65262,890000878707,Pantry & Dry Goods,179,packet,571.62,878.37,2028-01-28,Aisle 07,ambient
Aged Veg Burger Patties 100g,FarmGold Organics,FROZ-93028,890000878708,Frozen Foods,97,pack,138.84,210.58,2026-11-20,Aisle 08,frozen
Raw French Fries Crispy 100g,Urban Roots Harvest,FROZ-74199,890000878709,Frozen Foods,50,tub,68.24,86.70,2026-08-20,Aisle 08,frozen
Low-Sodium Boneless Chicken Breast 400g,Amul Provisions,MEAT-17723,890000878710,Meat & Seafood,128,kg,372.41,603.37,2026-09-02,Aisle 05,chilled
Cured Dark Chocolate Pav 6-Pack 350g,Tata Organics,BAKE-48019,890000878711,Bakery & Deli,35,pcs,48.41,84.26,2026-08-31,Aisle 04,ambient
Gourmet Kabuli Chana 200g,Kaveri Farms,PANT-58686,890000878712,Pantry & Dry Goods,18,jar,652.63,1171.29,2028-08-04,Aisle 08,ambient
Gluten-Free Vanilla Bean Penne Rigate Pasta 500g,Green Earth Foods,PANT-91876,890000878713,Pantry & Dry Goods,112,box,145.82,219.57,2028-01-09,Aisle 08,ambient
Organic Toasted Sesame Greek Yogurt 330ml,Kaveri Milling,DAIR-97717,890000878714,Dairy & Eggs,114,carton,463.24,668.54,2026-09-01,Aisle 03,chilled
Cured Iced Lemon Tea 2L,SunBrite Milling,BEVE-34304,890000878715,Beverages,131,pack,211.60,324.91,2027-03-14,Aisle 05,chilled
Smoked Veg Burger Patties 1kg,Ganga Harvest,FROZ-79391,890000878716,Frozen Foods,169,box,373.74,542.63,2027-08-15,Aisle 08,frozen
Select Masala Chai Veg Burger Patties Family Pack,Tata Goods,FROZ-38456,890000878717,Frozen Foods,27,pack,306.07,389.20,2027-02-10,Aisle 09,frozen
Cold-Pressed Truffle Infused French Fries Crispy 100g,FarmGold Co.,FROZ-66042,890000878718,Frozen Foods,56,box,346.24,627.47,2026-12-22,Aisle 08,frozen
Aged Matcha Green Tea Kaju Katli Sweet Box Snack Pack,SunBrite Kitchens,SNAC-94191,890000878719,Snacks & Confectionery,25,bar,401.28,566.84,2027-01-15,Aisle 10,ambient
Organic Vanilla Bean Masala CTC Tea 750ml,Heritage Co.,BEVE-66751,890000878720,Beverages,166,carton,104.61,140.22,2027-05-10,Aisle 05,ambient
Gluten-Free Mint Lime Tiger Prawns Jumbo Family Pack,Ganga Foods,MEAT-73143,890000878721,Meat & Seafood,143,pack,335.18,614.08,2026-09-02,Aisle 05,chilled
Pure Chicken Keema Family Pack,Royal Indian Agro,MEAT-24549,890000878722,Meat & Seafood,10,kg,324.01,457.38,2026-09-01,Aisle 05,chilled
Gluten-Free Toor Dal Premium 12-Pack,Kaveri Farms,PANT-62576,890000878723,Pantry & Dry Goods,128,can,81.79,128.44,2027-12-12,Aisle 08,ambient
Homestyle Coconut Cream Chaash / Buttermilk 330ml,Desi Organics Foods,DAIR-37115,890000878724,Dairy & Eggs,8,tub,98.11,152.23,2026-09-18,Aisle 02,chilled
Free-Range Golden Ginger Red Onions 1.5L,Desi Organics Kitchens,FRES-64684,890000878725,Fresh Produce,200,bunch,31.03,54.42,2026-09-05,Aisle 02,chilled
Crisp Shampoo Anti-Dandruff 250g,Urban Roots Goods,HOUS-94241,890000878726,Household & Personal Care,153,packet,361.89,501.31,2027-07-01,Aisle 12,ambient
Spiced Frozen Samosas 4-Pack,Kaveri Kitchens,FROZ-69415,890000878727,Frozen Foods,61,tub,355.26,450.66,2027-01-26,Aisle 09,frozen
Grass-Fed Organic Rolled Oats 350g,Nature Harvest Agro,PANT-83935,890000878728,Pantry & Dry Goods,196,box,72.40,105.46,2026-08-29,Aisle 08,ambient
Cured Mosquito Vaporizer Refill 200g,Himalayan Kitchens,HOUS-44852,890000878729,Household & Personal Care,101,tube,354.94,591.65,2028-06-29,Aisle 11,ambient
Plant-Based Truffle Infused Toned Milk 330ml,Heritage Milling,DAIR-74337,890000878730,Dairy & Eggs,128,tub,188.43,315.73,2026-09-10,Aisle 03,chilled
Extra-Virgin Mint Lime Pineapples 750g,FarmGold Agro,FRES-27180,890000878731,Fresh Produce,52,kg,28.94,39.11,2026-09-02,Aisle 02,ambient
Premium Sweet Corn Kernels Family Pack,Kaveri Botanicals,FROZ-55641,890000878732,Frozen Foods,104,box,79.18,113.38,2026-10-25,Aisle 09,frozen
Free-Range Sweet Corn Kernels 6-Pack,Desi Organics Foods,FROZ-59097,890000878733,Frozen Foods,91,bag,113.61,152.76,2027-06-07,Aisle 09,frozen
Organic Cinnamon Spice Papayas 1kg,Ganga Dairy,FRES-58122,890000878734,Fresh Produce,125,pack,74.49,124.51,2026-09-09,Aisle 01,chilled
Crisp Red Onions 8-Pack,FarmGold Farms,FRES-18537,890000878735,Fresh Produce,200,pcs,108.58,199.42,2026-08-30,Aisle 01,chilled
Crisp Gourmet Cookies Choco-Chip 2kg,Ganga Botanicals,SNAC-71907,890000878736,Snacks & Confectionery,72,packet,58.24,100.89,2027-05-30,Aisle 09,ambient
Homestyle Amla Juice 4-Pack,FarmGold Provisions,BEVE-40188,890000878737,Beverages,49,box,53.75,94.87,2027-07-19,Aisle 06,chilled
Grass-Fed Smoked Paprika Dry Fruits Trail Mix 750g,Heritage Foods,SNAC-11126,890000878738,Snacks & Confectionery,63,tub,276.59,463.48,2027-04-15,Aisle 10,ambient
Homestyle Jalapeno Lime Organic Atta 5kg 1kg,SunBrite Co.,PANT-60555,890000878739,Pantry & Dry Goods,131,packet,679.11,1208.82,2027-04-09,Aisle 07,ambient
Farm-Fresh Amul Gouda Block 1L,Urban Roots Goods,DAIR-10629,890000878740,Dairy & Eggs,194,tub,194.77,308.50,2026-09-18,Aisle 02,chilled
Gourmet Coconut Cream Kaju Katli Sweet Box 1kg,Heritage Farms,SNAC-92977,890000878741,Snacks & Confectionery,199,pack,68.54,117.97,2026-08-28,Aisle 10,ambient
Artisan Coconut Cream Parmigiano-Reggiano 24-Pack,SunBrite Botanicals,DAIR-14139,890000878742,Dairy & Eggs,121,bottle,59.30,99.63,2026-09-04,Aisle 02,chilled
Gourmet Sea Salt Cucumbers 1L,Kaveri Botanicals,FRES-39910,890000878743,Fresh Produce,33,pcs,98.19,179.87,2026-08-29,Aisle 02,ambient
Smoked Cardamom Spiced Cream Cheese 750g,Himalayan Foods,DAIR-82691,890000878744,Dairy & Eggs,43,packet,120.94,189.88,2026-09-14,Aisle 03,chilled
Spiced Caramelized Onion Veg Burger Patties 250ml,Vedic Fresh Provisions,FROZ-43971,890000878745,Frozen Foods,140,packet,181.65,254.06,2027-07-14,Aisle 08,frozen
Gourmet Mutton Curry Cut 200g,Green Earth Organics,MEAT-94334,890000878746,Meat & Seafood,6,pack,843.98,1505.37,2026-09-02,Aisle 05,chilled
Premium Toned Milk 500g,SunBrite Agro,DAIR-56510,890000878747,Dairy & Eggs,23,pack,54.66,72.68,2026-08-31,Aisle 03,chilled
Rustic Cinnamon Spice Herbal Hand Wash Neem 350g,Himalayan Farms,HOUS-96576,890000878748,Household & Personal Care,14,pack,216.86,377.80,2027-04-28,Aisle 11,ambient
Sweet Golden Ginger Blueberries Family Pack,Patanjali Organics,FRES-71542,890000878749,Fresh Produce,148,pcs,119.23,206.12,2026-08-30,Aisle 01,ambient
Traditional Rose Infused Red Onions 1kg,SunBrite Dairy,FRES-56129,890000878750,Fresh Produce,164,pcs,108.17,190.97,2026-09-04,Aisle 02,ambient
Premium Rose Infused Ginger Kombucha 2kg,Heritage Co.,BEVE-73108,890000878751,Beverages,8,bag,406.19,610.69,2027-06-29,Aisle 05,chilled
Farm-Fresh Sea Salt Brioche Burger Buns 1.5L,Royal Indian Kitchens,BAKE-10329,890000878752,Bakery & Deli,154,pack,25.58,35.47,2026-09-09,Aisle 04,chilled
Low-Sodium Iced Lemon Tea 500ml,Kaveri Agro,BEVE-13088,890000878753,Beverages,125,bag,102.79,172.23,2027-08-14,Aisle 05,ambient
Heritage Extra Virgin Olive Oil 8-Pack,Desi Organics Milling,PANT-81223,890000878754,Pantry & Dry Goods,195,bottle,636.53,1172.81,2027-05-03,Aisle 08,ambient
Aged Kesar Pista Electrolyte Drink 250ml,Patanjali Milling,BEVE-61885,890000878755,Beverages,99,carton,216.82,336.58,2026-09-22,Aisle 06,ambient
Free-Range Penne Rigate Pasta 350g,Heritage Harvest,PANT-65353,890000878756,Pantry & Dry Goods,133,can,85.92,132.62,2028-06-27,Aisle 08,ambient
Plant-Based Caramelized Onion Biodegradable Garbage Bags Snack Pack,Royal Indian Harvest,HOUS-33992,890000878757,Household & Personal Care,95,box,470.82,686.49,2027-09-24,Aisle 11,ambient
Spiced Golden Ginger California Almonds 8-Pack,FarmGold Foods,SNAC-83519,890000878758,Snacks & Confectionery,29,packet,178.45,282.56,2027-01-08,Aisle 09,ambient
Spiced Frozen Samosas 500ml,Urban Roots Organics,FROZ-94762,890000878759,Frozen Foods,183,packet,81.50,135.15,2027-05-02,Aisle 08,frozen
Pure Moong Dal Namkeen 400g,Heritage Botanicals,SNAC-48571,890000878760,Snacks & Confectionery,139,tub,73.44,100.43,2027-04-21,Aisle 09,ambient
Cured Floor Disinfectant 750g,Amul Naturals,HOUS-11883,890000878761,Household & Personal Care,23,bottle,146.44,228.35,2028-07-15,Aisle 11,ambient
Organic Coconut Cream Nimbu Paani Soda 1.5L,Vedic Fresh Agro,BEVE-90146,890000878762,Beverages,89,can,205.13,266.26,2026-11-28,Aisle 06,ambient
Cured Frozen Veg Momos 500ml,SunBrite Farms,FROZ-75032,890000878763,Frozen Foods,14,bag,232.56,321.34,2026-11-30,Aisle 08,frozen
Grass-Fed Mint Lime Himalayan Spring Water 4-Pack,Green Earth Dairy,BEVE-65371,890000878764,Beverages,103,pack,380.31,670.96,2026-08-26,Aisle 06,chilled
Sweet Rose Infused Multigrain Tortillas 5kg,FarmGold Naturals,BAKE-70096,890000878765,Bakery & Deli,102,pcs,155.68,287.21,2026-09-06,Aisle 04,ambient
Roasted Smoked Paprika Organic Green Tea 500g,Patanjali Kitchens,BEVE-14069,890000878766,Beverages,77,bag,94.06,163.92,2027-07-18,Aisle 06,chilled
Smoked Alphonso Mango Organic Rolled Oats 8-Pack,Heritage Farms,PANT-41725,890000878767,Pantry & Dry Goods,193,box,648.00,868.59,2027-12-24,Aisle 06,ambient
Aged Vanilla Bean Pita Bread 500ml,Pashmina Goods,BAKE-83303,890000878768,Bakery & Deli,144,box,69.04,123.47,2026-08-21,Aisle 04,chilled
Crisp Caramelized Onion Parmigiano-Reggiano 2L,Vedic Fresh Organics,DAIR-99148,890000878769,Dairy & Eggs,187,packet,369.96,680.10,2026-09-03,Aisle 03,chilled
Pure Cardamom Spiced Shampoo Anti-Dandruff 4-Pack,Amul Botanicals,HOUS-62296,890000878770,Household & Personal Care,46,bottle,226.45,333.59,2028-09-25,Aisle 11,ambient
Spiced Vanilla Bean Sourdough Loaf 400g,Patanjali Botanicals,BAKE-29988,890000878771,Bakery & Deli,45,pcs,199.07,313.33,2026-08-27,Aisle 04,chilled
Spiced Organic Rolled Oats 2L,Nature Harvest Agro,PANT-55176,890000878772,Pantry & Dry Goods,196,bottle,134.14,241.01,2027-01-10,Aisle 06,ambient
Spiced Kashmiri Saffron Ayurvedic Bath Soap 750ml,Vedic Fresh Farms,HOUS-64346,890000878773,Household & Personal Care,29,box,469.61,594.26,2028-07-18,Aisle 12,ambient
Cold-Pressed Extra Virgin Olive Oil 1.5L,FarmGold Organics,PANT-13609,890000878774,Pantry & Dry Goods,81,jar,419.16,693.44,2027-04-02,Aisle 06,ambient
Zero-Sugar Yukon Gold Potatoes 1L,Tata Foods,FRES-12601,890000878775,Fresh Produce,43,pack,83.22,149.11,2026-09-08,Aisle 01,ambient
Spiced Pav 6-Pack 5kg,SunBrite Dairy,BAKE-78206,890000878776,Bakery & Deli,11,box,37.39,52.94,2026-09-02,Aisle 04,ambient
Cured Mint Lime Mustard Oil Kachi Ghani 8-Pack,Green Earth Harvest,PANT-19169,890000878777,Pantry & Dry Goods,128,bottle,471.37,595.08,2028-01-28,Aisle 07,ambient
Desi Masala Chai Surface Floor Cleaner Rose 250g,Pure Vedic Agro,HOUS-22242,890000878778,Household & Personal Care,81,packet,546.62,984.57,2027-08-26,Aisle 12,ambient
Heritage Golden Ginger Mutton Chops 2L,Urban Roots Organics,MEAT-53473,890000878779,Meat & Seafood,134,pcs,262.43,438.32,2026-08-27,Aisle 05,chilled
Farm-Fresh Bhujia Sev 750ml,Tata Harvest,SNAC-89765,890000878780,Snacks & Confectionery,126,packet,80.95,141.92,2026-11-02,Aisle 09,ambient
Farm-Fresh Chaash / Buttermilk 400g,Vedic Fresh Farms,DAIR-95420,890000878781,Dairy & Eggs,165,carton,37.53,59.40,2026-09-25,Aisle 03,chilled
Aged Mustard Oil Crab Meat Fresh 250ml,Urban Roots Organics,MEAT-70685,890000878782,Meat & Seafood,79,pack,529.51,708.91,2026-09-02,Aisle 04,chilled
Sweet Ciabatta Roll 2kg,Ganga Springs,BAKE-93195,890000878783,Bakery & Deli,133,box,170.90,308.85,2026-08-28,Aisle 03,ambient
Pure Apples 250ml,Tata Goods,FRES-67335,890000878784,Fresh Produce,42,pcs,139.66,251.21,2026-09-07,Aisle 01,chilled
Crisp Gourmet Cookies Choco-Chip Snack Pack,Royal Indian Co.,SNAC-58268,890000878785,Snacks & Confectionery,59,bar,268.26,402.54,2027-01-27,Aisle 09,ambient
Artisan Frozen Samosas 350g,Heritage Goods,FROZ-11801,890000878786,Frozen Foods,96,pack,264.95,419.00,2026-10-31,Aisle 09,frozen
Spiced Pista Almond Watermelon 200g,Ganga Naturals,FRES-42636,890000878787,Fresh Produce,96,bunch,126.62,200.96,2026-09-01,Aisle 02,ambient
Natural Pomfret Whole 500ml,Heritage Co.,MEAT-96443,890000878788,Meat & Seafood,171,pcs,827.78,1197.45,2026-08-30,Aisle 05,chilled
Homestyle Chicken Keema 8-Pack,Green Earth Naturals,MEAT-22257,890000878789,Meat & Seafood,107,pcs,469.72,855.35,2026-08-28,Aisle 04,chilled
Raw Shampoo Anti-Dandruff 1.5L,Green Earth Springs,HOUS-97066,890000878790,Household & Personal Care,162,bottle,226.68,384.92,2027-06-11,Aisle 12,ambient
Aged Masala Chai Oat Milk 8-Pack,Pure Vedic Farms,DAIR-99025,890000878791,Dairy & Eggs,157,pack,440.03,735.38,2026-09-09,Aisle 02,chilled
Roasted Chicken Keema 100g,Pashmina Milling,MEAT-14985,890000878792,Meat & Seafood,58,kg,166.43,306.86,2026-08-29,Aisle 04,chilled
Select Clove & Mint Toothpaste 250g,Ganga Kitchens,HOUS-82774,890000878793,Household & Personal Care,114,bottle,516.96,909.21,2029-01-20,Aisle 11,ambient
Organic Garlic & Herb Yukon Gold Potatoes 4-Pack,Himalayan Dairy,FRES-75739,890000878794,Fresh Produce,105,kg,108.80,196.12,2026-08-30,Aisle 02,chilled
Free-Range Aloo Tikki 8-Pack 330ml,Tata Co.,FROZ-35980,890000878795,Frozen Foods,149,tub,79.52,99.97,2027-01-26,Aisle 09,frozen
Crisp Ciabatta Roll 2L,Urban Roots Foods,BAKE-13968,890000878796,Bakery & Deli,187,pcs,199.86,306.28,2026-09-07,Aisle 03,chilled
Organic Dishwash Gel Lemon 250g,Green Earth Dairy,HOUS-57419,890000878797,Household & Personal Care,197,packet,131.98,197.32,2028-12-10,Aisle 12,ambient
Spiced Tender Coconut Water 200g,Nature Harvest Botanicals,BEVE-84834,890000878798,Beverages,169,bag,278.73,503.12,2026-11-13,Aisle 05,chilled
Roasted Mint Lime Yukon Gold Potatoes 250g,Tata Kitchens,FRES-21338,890000878799,Fresh Produce,20,bunch,131.12,229.77,2026-08-29,Aisle 02,chilled
Heritage Veg Burger Patties 750g,Pashmina Milling,FROZ-75322,890000878800,Frozen Foods,118,box,268.83,491.33,2026-08-26,Aisle 08,frozen
Signature Kashmiri Saffron Dry Fruits Trail Mix 8-Pack,Nature Harvest Goods,SNAC-87547,890000878801,Snacks & Confectionery,92,pack,178.46,282.34,2027-05-01,Aisle 10,ambient
Low-Sodium Extra Virgin Olive Oil 2L,Pashmina Botanicals,PANT-65344,890000878802,Pantry & Dry Goods,18,packet,618.69,1131.85,2028-02-01,Aisle 07,ambient
Raw Masala Chai Pomfret Whole 750g,Ganga Botanicals,MEAT-76244,890000878803,Meat & Seafood,155,kg,382.11,586.99,2026-08-31,Aisle 04,chilled
Pure Paneer Tikka Deli 750ml,SunBrite Naturals,BAKE-66946,890000878804,Bakery & Deli,105,pcs,37.05,49.96,2026-08-30,Aisle 04,ambient
Handcrafted Golden Ginger Amul Gouda Block 1L,Nature Harvest Naturals,DAIR-84072,890000878805,Dairy & Eggs,132,carton,43.94,68.94,2026-09-25,Aisle 03,chilled
Cold-Pressed Nagpur Orange Roma Tomatoes 500ml,Royal Indian Milling,FRES-89053,890000878806,Fresh Produce,41,bunch,65.16,111.46,2026-08-30,Aisle 02,ambient
Roasted Masala Potato Chips 750g,Tata Harvest,SNAC-68227,890000878807,Snacks & Confectionery,91,bag,413.97,609.53,2027-05-10,Aisle 10,ambient
Premium Kesar Pista Sweet Corn Kernels 5kg,Ganga Harvest,FROZ-89452,890000878808,Frozen Foods,102,bag,186.33,312.31,2027-05-26,Aisle 08,frozen
Cold-Pressed Masala Chai Coconut Milk 1.5L,Nature Harvest Foods,PANT-64872,890000878809,Pantry & Dry Goods,138,jar,409.02,527.18,2027-06-24,Aisle 07,ambient
Signature Toasted Sesame 70% Dark Chocolate Bar 350g,Pure Vedic Botanicals,SNAC-69237,890000878810,Snacks & Confectionery,160,packet,312.45,476.24,2026-10-29,Aisle 10,ambient
Smoked Mint Lime Bath Tissue 6-Pack 1L,Green Earth Co.,HOUS-97258,890000878811,Household & Personal Care,106,box,186.71,236.31,2027-08-23,Aisle 11,ambient
Homestyle Tender Coconut Water 2kg,Pashmina Co.,BEVE-73650,890000878812,Beverages,108,bottle,212.12,305.87,2027-03-01,Aisle 06,ambient
Pure Banana Chips Kerala Style 400g,Vedic Fresh Farms,SNAC-97663,890000878813,Snacks & Confectionery,35,box,144.45,191.64,2026-11-18,Aisle 10,ambient
Desi Bananas 1L,Green Earth Goods,FRES-95875,890000878814,Fresh Produce,124,kg,84.25,109.02,2026-09-06,Aisle 02,ambient
Raw Cucumbers 250g,Vedic Fresh Goods,FRES-77913,890000878815,Fresh Produce,91,pack,70.36,106.42,2026-09-15,Aisle 01,chilled
Handcrafted Toasted Sesame Crab Meat Fresh 750ml,FarmGold Botanicals,MEAT-49192,890000878816,Meat & Seafood,57,pack,816.42,1450.95,2026-08-30,Aisle 04,chilled
Raw Mustard Oil Kaju Katli Sweet Box 200g,Royal Indian Springs,SNAC-45761,890000878817,Snacks & Confectionery,93,box,423.94,660.41,2027-04-15,Aisle 09,ambient
Handcrafted Moong Dal Namkeen 4-Pack,Royal Indian Goods,SNAC-75048,890000878818,Snacks & Confectionery,133,packet,407.94,620.85,2027-03-09,Aisle 09,ambient
Natural Cardamom Spiced Malai Kulfi Bar 2L,FarmGold Dairy,FROZ-73704,890000878819,Frozen Foods,127,packet,316.04,536.41,2027-07-21,Aisle 08,frozen
Crisp Portobello Mushrooms 2kg,Vedic Fresh Botanicals,FRES-41031,890000878820,Fresh Produce,137,pcs,79.97,105.08,2026-09-07,Aisle 01,ambient
Spiced Buffalo Milk 2L,Heritage Provisions,DAIR-15467,890000878821,Dairy & Eggs,69,box,392.45,625.06,2026-08-30,Aisle 02,chilled
Cured Baby Spinach 250g,Kaveri Springs,FRES-65686,890000878822,Fresh Produce,111,bunch,50.05,81.80,2026-09-05,Aisle 01,ambient
Gluten-Free Cardamom Spiced Chicken Keema 500g,Urban Roots Organics,MEAT-83630,890000878823,Meat & Seafood,41,pack,344.51,459.05,2026-09-02,Aisle 05,chilled
Crisp Roasted Makhana Foxnuts 24-Pack,Nature Harvest Co.,SNAC-26500,890000878824,Snacks & Confectionery,128,box,124.42,168.04,2027-01-10,Aisle 10,ambient
Handcrafted Pomfret Whole 1.5L,Himalayan Botanicals,MEAT-28479,890000878825,Meat & Seafood,122,pack,296.97,474.67,2026-08-25,Aisle 04,chilled
Handcrafted Alphonso Mango Chaash / Buttermilk 200g,Desi Organics Farms,DAIR-65709,890000878826,Dairy & Eggs,81,packet,406.71,620.81,2026-09-24,Aisle 02,chilled
Pure Garlic & Herb Malai Kulfi Bar 1kg,Heritage Provisions,FROZ-69546,890000878827,Frozen Foods,8,bag,344.36,611.67,2026-08-22,Aisle 08,frozen
Plant-Based Cinnamon Spice Cucumbers 100g,Kaveri Springs,FRES-50758,890000878828,Fresh Produce,17,pack,16.41,24.63,2026-09-03,Aisle 01,ambient
Extra-Virgin Feta Cheese Snack Pack,Pashmina Dairy,DAIR-15189,890000878829,Dairy & Eggs,163,pack,320.10,412.80,2026-09-04,Aisle 02,chilled
Low-Sodium Palak 12-Pack,Green Earth Co.,FRES-80305,890000878830,Fresh Produce,64,bag,122.80,183.69,2026-09-09,Aisle 01,ambient
Cured Curd Tub 250ml,SunBrite Foods,DAIR-20295,890000878831,Dairy & Eggs,44,bottle,151.94,250.82,2026-09-20,Aisle 02,chilled
Plant-Based Brioche Burger Buns 200g,Vedic Fresh Kitchens,BAKE-82612,890000878832,Bakery & Deli,176,pack,148.15,227.33,2026-08-31,Aisle 03,ambient
Signature Pista Almond Roma Tomatoes 4-Pack,Urban Roots Provisions,FRES-84594,890000878833,Fresh Produce,189,pack,120.17,154.70,2026-08-28,Aisle 01,chilled
Low-Sodium Strawberries 24-Pack,Pure Vedic Provisions,FRES-36289,890000878834,Fresh Produce,120,bunch,115.10,201.98,2026-08-30,Aisle 01,chilled
Homestyle Ayurvedic Bath Soap 8-Pack,Vedic Fresh Botanicals,HOUS-56954,890000878835,Household & Personal Care,189,box,400.39,700.23,2028-02-02,Aisle 12,ambient
Farm-Fresh Smoked Paprika Papayas 100g,Nature Harvest Organics,FRES-17076,890000878836,Fresh Produce,83,pack,84.63,148.32,2026-08-29,Aisle 01,ambient
Roasted Mutton Curry Cut 500ml,FarmGold Milling,MEAT-83362,890000878837,Meat & Seafood,19,pack,688.32,919.40,2026-08-26,Aisle 05,chilled
Rustic Pure Jaggery Powder 500ml,Nature Harvest Milling,PANT-12066,890000878838,Pantry & Dry Goods,68,jar,290.03,505.12,2028-06-19,Aisle 07,ambient
Natural Yukon Gold Potatoes Snack Pack,Amul Provisions,FRES-35147,890000878839,Fresh Produce,73,pcs,30.26,54.04,2026-09-03,Aisle 01,chilled
Low-Sodium Truffle Infused Organic Atta 5kg Family Pack,FarmGold Milling,PANT-97728,890000878840,Pantry & Dry Goods,125,jar,543.01,733.79,2028-07-17,Aisle 08,ambient
Pure Alphonso Mango Chicken Keema 24-Pack,Tata Farms,MEAT-16909,890000878841,Meat & Seafood,136,pack,532.65,872.33,2026-08-31,Aisle 04,chilled
Rustic Amla Juice 330ml,Pure Vedic Springs,BEVE-12591,890000878842,Beverages,29,box,70.29,104.15,2027-03-02,Aisle 06,ambient
Premium Toor Dal Premium 350g,Ganga Co.,PANT-14150,890000878843,Pantry & Dry Goods,191,packet,195.49,279.43,2027-10-19,Aisle 08,ambient
Roasted Smoked Chicken Slices Family Pack,Pashmina Organics,BAKE-97783,890000878844,Bakery & Deli,47,pack,37.94,68.57,2026-08-31,Aisle 04,chilled
Natural Kesar Pista Penne Rigate Pasta 400g,Heritage Co.,PANT-93441,890000878845,Pantry & Dry Goods,196,box,136.52,188.05,2027-06-08,Aisle 08,ambient
Aged Jalapeno Lime Sourdough Loaf 6-Pack,SunBrite Naturals,BAKE-93173,890000878846,Bakery & Deli,108,box,126.36,171.94,2026-09-06,Aisle 04,chilled
Sweet Frozen Paneer Cubes 250ml,Tata Harvest,FROZ-87128,890000878847,Frozen Foods,76,bag,152.85,232.46,2027-06-10,Aisle 08,frozen
Plant-Based Pomfret Whole 2L,Desi Organics Harvest,MEAT-82931,890000878848,Meat & Seafood,119,pcs,365.58,533.04,2026-09-01,Aisle 04,chilled
Free-Range Floor Disinfectant 1.5L,Nature Harvest Botanicals,HOUS-23013,890000878849,Household & Personal Care,70,tube,154.94,285.21,2028-11-24,Aisle 11,ambient
Handcrafted Nagpur Orange Boneless Chicken Breast 200g,Desi Organics Goods,MEAT-90358,890000878850,Meat & Seafood,46,pack,748.00,967.34,2026-08-25,Aisle 04,chilled
Grass-Fed Himalayan Spring Water 750g,SunBrite Harvest,BEVE-51811,890000878851,Beverages,43,carton,261.40,374.32,2027-01-14,Aisle 05,chilled
Gourmet Kulcha 4-Pack Snack Pack,Heritage Foods,BAKE-15830,890000878852,Bakery & Deli,137,pack,200.18,326.41,2026-09-09,Aisle 04,chilled
Rustic Clove & Mint Toothpaste 250g,Amul Kitchens,HOUS-72174,890000878853,Household & Personal Care,109,bottle,352.36,574.24,2028-10-25,Aisle 11,ambient
Farm-Fresh Wood-Fired Pizza Snack Pack,Pashmina Springs,FROZ-18024,890000878854,Frozen Foods,109,box,159.83,283.71,2026-08-28,Aisle 08,frozen
Rustic Kesar Pista Ayurvedic Bath Soap 24-Pack,Desi Organics Dairy,HOUS-28445,890000878855,Household & Personal Care,185,pack,493.83,645.87,2028-06-15,Aisle 11,ambient
Signature Vanilla Bean Broccoli Crowns 400g,Vedic Fresh Harvest,FRES-56044,890000878856,Fresh Produce,146,bag,22.96,33.11,2026-09-07,Aisle 02,ambient
Free-Range Gourmet Cookies Choco-Chip 12-Pack,Amul Springs,SNAC-41370,890000878857,Snacks & Confectionery,186,box,247.90,391.17,2027-03-31,Aisle 09,ambient
Gluten-Free Toasted Sesame Chicken Keema 4-Pack,Ganga Milling,MEAT-42073,890000878858,Meat & Seafood,107,kg,565.64,712.98,2026-09-02,Aisle 05,chilled
Extra-Virgin Golden Ginger Carrots Snack Pack,Ganga Organics,FRES-18534,890000878859,Fresh Produce,39,kg,94.03,156.42,2026-09-07,Aisle 02,chilled
Cold-Pressed Mint Lime Penne Rigate Pasta 750g,Ganga Milling,PANT-62506,890000878860,Pantry & Dry Goods,48,can,506.98,897.39,2026-12-23,Aisle 08,ambient
Low-Sodium Matcha Green Tea Pomfret Whole 100g,Green Earth Farms,MEAT-79723,890000878861,Meat & Seafood,24,pack,769.18,1289.11,2026-08-29,Aisle 04,chilled
Homestyle Matcha Green Tea Greek Yogurt 1kg,Kaveri Goods,DAIR-14173,890000878862,Dairy & Eggs,195,box,91.34,142.12,2026-08-24,Aisle 03,chilled
Spiced Kaju Katli Sweet Box 24-Pack,Green Earth Dairy,SNAC-75370,890000878863,Snacks & Confectionery,27,box,217.16,391.44,2027-03-28,Aisle 10,ambient
Heritage Toasted Sesame Cow Milk 2L,Nature Harvest Harvest,DAIR-52913,890000878864,Dairy & Eggs,106,packet,322.57,583.90,2026-08-30,Aisle 02,chilled
Natural Toasted Sesame Curd Tub 750ml,Himalayan Dairy,DAIR-35344,890000878865,Dairy & Eggs,141,pack,355.57,496.18,2026-09-08,Aisle 03,chilled
Cured Cardamom Spiced Boneless Chicken Breast Snack Pack,FarmGold Goods,MEAT-74098,890000878866,Meat & Seafood,62,pcs,403.97,598.04,2026-08-28,Aisle 05,chilled
Aged Oat Milk Snack Pack,Royal Indian Organics,DAIR-40861,890000878867,Dairy & Eggs,69,pack,130.26,176.74,2026-09-19,Aisle 02,chilled
Heritage Cardamom Spiced Masala Potato Chips 2kg,Heritage Organics,SNAC-62867,890000878868,Snacks & Confectionery,147,bar,203.11,358.03,2027-04-01,Aisle 10,ambient
Smoked Coconut Cream Chicken Frankfurters Family Pack,Royal Indian Farms,BAKE-27178,890000878869,Bakery & Deli,127,box,239.07,417.31,2026-08-20,Aisle 04,ambient
Aged Kashmiri Saffron Boneless Chicken Breast 2L,Green Earth Dairy,MEAT-24768,890000878870,Meat & Seafood,19,kg,638.96,829.54,2026-09-01,Aisle 05,chilled
Artisan Amla Juice 12-Pack,Royal Indian Foods,BEVE-73122,890000878871,Beverages,109,can,122.13,168.21,2026-08-29,Aisle 06,chilled
Traditional Sea Salt Iced Lemon Tea 200g,Vedic Fresh Co.,BEVE-35917,890000878872,Beverages,45,pack,403.48,722.51,2026-11-26,Aisle 06,ambient
Gluten-Free Dry Fruits Trail Mix 6-Pack,Himalayan Organics,SNAC-73765,890000878873,Snacks & Confectionery,68,bag,91.17,147.42,2027-03-04,Aisle 09,ambient
Farm-Fresh Nagpur Orange Atlantic Salmon Fillet 1.5L,Tata Botanicals,MEAT-26626,890000878874,Meat & Seafood,38,pack,798.17,1460.19,2026-09-01,Aisle 04,chilled
Natural Cinnamon Spice Dishwash Gel Lemon 6-Pack,Nature Harvest Springs,HOUS-20918,890000878875,Household & Personal Care,67,packet,66.58,94.39,2028-04-07,Aisle 12,ambient
Plant-Based Rose Infused Ginger Kombucha 8-Pack,Green Earth Milling,BEVE-90070,890000878876,Beverages,128,can,184.88,272.14,2027-08-14,Aisle 05,chilled
Homestyle Smoked Paprika Surmai Steaks 200g,Tata Organics,MEAT-86085,890000878877,Meat & Seafood,21,kg,265.44,455.50,2026-08-23,Aisle 04,chilled
Pure Jalapeno Lime Bhujia Sev 1L,Himalayan Dairy,SNAC-41672,890000878878,Snacks & Confectionery,143,box,39.10,63.24,2027-05-22,Aisle 10,ambient
Premium Boneless Chicken Breast 1L,SunBrite Botanicals,MEAT-68159,890000878879,Meat & Seafood,139,pack,541.58,870.46,2026-08-31,Aisle 04,chilled
Crisp Jalapeno Lime California Almonds Family Pack,Royal Indian Provisions,SNAC-75404,890000878880,Snacks & Confectionery,32,bar,291.15,459.09,2026-12-21,Aisle 10,ambient
Cured Shampoo Anti-Dandruff 2kg,Patanjali Farms,HOUS-99122,890000878881,Household & Personal Care,192,pack,420.80,586.37,2029-05-06,Aisle 12,ambient
Aged Cinnamon Spice Curd Tub 500ml,Heritage Farms,DAIR-95203,890000878882,Dairy & Eggs,41,box,159.59,208.24,2026-08-31,Aisle 03,chilled
Pure Raw Wildflower Honey 1.5L,Tata Dairy,PANT-25988,890000878883,Pantry & Dry Goods,15,box,489.83,683.01,2028-06-14,Aisle 06,ambient
Crisp Golden Ginger Raw Wildflower Honey 2L,Kaveri Co.,PANT-87078,890000878884,Pantry & Dry Goods,93,box,392.88,513.04,2027-11-28,Aisle 06,ambient
Low-Sodium Dark Chocolate Fresh Mosambi Juice 8-Pack,Desi Organics Co.,BEVE-25530,890000878885,Beverages,84,bottle,53.90,93.46,2027-08-22,Aisle 06,ambient
Cold-Pressed Surface Floor Cleaner Rose 250ml,Heritage Milling,HOUS-39591,890000878886,Household & Personal Care,129,tube,143.46,249.41,2027-03-20,Aisle 11,ambient
Crisp Granola Health Bars 6-Pack,Tata Kitchens,SNAC-69583,890000878887,Snacks & Confectionery,109,packet,77.28,111.89,2027-05-07,Aisle 09,ambient
Select Yukon Gold Potatoes 250ml,Ganga Springs,FRES-84073,890000878888,Fresh Produce,41,kg,18.59,28.33,2026-09-05,Aisle 01,ambient
Artisan Pav 6-Pack 400g,Tata Foods,BAKE-22378,890000878889,Bakery & Deli,162,box,96.57,150.84,2026-09-09,Aisle 03,chilled
Sweet Veg Spring Rolls 6-Pack,Pure Vedic Agro,FROZ-37253,890000878890,Frozen Foods,101,tub,302.01,519.39,2026-12-21,Aisle 08,frozen
Crisp Toasted Sesame Kulcha 4-Pack 1kg,Vedic Fresh Agro,BAKE-64714,890000878891,Bakery & Deli,149,box,270.71,376.44,2026-08-29,Aisle 03,chilled
Grass-Fed Toasted Sesame Cream Cheese 8-Pack,Green Earth Harvest,DAIR-75385,890000878892,Dairy & Eggs,139,tub,328.35,555.69,2026-09-16,Aisle 02,chilled
Zero-Sugar Moong Dal Namkeen 2L,Patanjali Springs,SNAC-36159,890000878893,Snacks & Confectionery,133,bar,462.60,620.15,2026-12-08,Aisle 09,ambient
Artisan Toasted Sesame Organic Rolled Oats 12-Pack,Pashmina Goods,PANT-65590,890000878894,Pantry & Dry Goods,19,jar,157.22,234.37,2028-04-23,Aisle 08,ambient
Gluten-Free Masala Chai Avocados 250g,Urban Roots Provisions,FRES-70981,890000878895,Fresh Produce,128,pcs,22.25,34.26,2026-09-14,Aisle 02,chilled
Heritage Amla Juice 400g,Ganga Co.,BEVE-26022,890000878896,Beverages,62,pack,56.34,80.19,2027-03-18,Aisle 05,ambient
Gourmet Mutton Curry Cut 500g,Nature Harvest Naturals,MEAT-98434,890000878897,Meat & Seafood,81,pcs,836.23,1303.36,2026-08-16,Aisle 04,chilled
Plant-Based Biodegradable Garbage Bags 2L,Heritage Milling,HOUS-51360,890000878898,Household & Personal Care,149,pack,341.46,456.76,2027-09-02,Aisle 12,ambient
Homestyle Chaash / Buttermilk 12-Pack,Ganga Provisions,DAIR-86060,890000878899,Dairy & Eggs,197,pack,446.99,691.61,2026-09-09,Aisle 02,chilled
Cold-Pressed Ciabatta Roll 750ml,Pashmina Co.,BAKE-51265,890000878900,Bakery & Deli,163,pcs,203.52,327.51,2026-08-28,Aisle 04,ambient
Raw Caramelized Onion Kabuli Chana 750ml,Pashmina Agro,PANT-86842,890000878901,Pantry & Dry Goods,187,bottle,203.54,264.98,2028-04-10,Aisle 08,ambient
Free-Range Atlantic Salmon Fillet 24-Pack,FarmGold Farms,MEAT-19388,890000878902,Meat & Seafood,34,kg,514.38,798.69,2026-08-29,Aisle 05,chilled
Farm-Fresh Frozen Paneer Cubes 330ml,Tata Agro,FROZ-23895,890000878903,Frozen Foods,193,pack,72.09,102.28,2026-12-18,Aisle 09,frozen
Extra-Virgin Fish Fingers Frozen 2L,Kaveri Naturals,FROZ-94121,890000878904,Frozen Foods,190,packet,83.38,127.67,2027-02-13,Aisle 09,frozen
Natural Dry Fruits Trail Mix 750ml,Ganga Foods,SNAC-33540,890000878905,Snacks & Confectionery,16,bar,51.94,90.91,2027-06-19,Aisle 10,ambient
Desi Mustard Oil Blueberries 24-Pack,Amul Springs,FRES-48889,890000878906,Fresh Produce,40,kg,48.98,75.51,2026-09-15,Aisle 01,chilled
Cured Aloo Tikki 8-Pack 350g,Vedic Fresh Co.,FROZ-70106,890000878907,Frozen Foods,124,pack,351.57,649.01,2026-10-27,Aisle 08,frozen
Natural Portobello Mushrooms 5kg,Amul Organics,FRES-46777,890000878908,Fresh Produce,18,bunch,103.50,150.36,2026-09-16,Aisle 02,chilled
Pure Vanilla Bean Nimbu Paani Soda 4-Pack,Green Earth Organics,BEVE-78929,890000878909,Beverages,200,box,306.65,459.40,2026-08-28,Aisle 06,ambient
Raw Lemons 1.5L,Heritage Dairy,FRES-61325,890000878910,Fresh Produce,51,bag,19.96,31.92,2026-08-28,Aisle 02,chilled
Rustic Cardamom Spiced Pita Bread 400g,Royal Indian Naturals,BAKE-80264,890000878911,Bakery & Deli,75,pcs,119.75,194.48,2026-09-05,Aisle 03,ambient
Free-Range Garlic & Herb Paneer Tikka Deli 24-Pack,Vedic Fresh Springs,BAKE-70820,890000878912,Bakery & Deli,79,box,114.12,174.00,2026-09-04,Aisle 03,ambient
Cold-Pressed Vanilla Bean Ciabatta Roll 2kg,FarmGold Springs,BAKE-83575,890000878913,Bakery & Deli,64,pcs,122.38,223.79,2026-09-09,Aisle 03,ambient
Spiced Truffle Infused Pomfret Whole 2L,Kaveri Goods,MEAT-42455,890000878914,Meat & Seafood,15,kg,615.81,1110.49,2026-09-02,Aisle 04,chilled
Farm-Fresh Vanilla Bean Frozen Veg Momos 12-Pack,Tata Farms,FROZ-67856,890000878915,Frozen Foods,41,bag,85.34,157.87,2026-08-27,Aisle 08,frozen
Cured Dark Chocolate French Fries Crispy 24-Pack,Tata Goods,FROZ-85507,890000878916,Frozen Foods,158,pack,366.18,619.16,2026-11-27,Aisle 08,frozen
Signature Cardamom Spiced Moong Dal Washed 1kg,Himalayan Milling,PANT-72031,890000878917,Pantry & Dry Goods,149,can,174.02,312.29,2027-09-21,Aisle 07,ambient
Farm-Fresh Caramelized Onion Ciabatta Roll 350g,Tata Organics,BAKE-21982,890000878918,Bakery & Deli,90,box,268.96,490.77,2026-09-08,Aisle 04,chilled
Roasted Floor Disinfectant 1.5L,SunBrite Goods,HOUS-57819,890000878919,Household & Personal Care,150,box,57.20,87.70,2029-04-02,Aisle 12,ambient
Gourmet Shampoo Anti-Dandruff 12-Pack,Pure Vedic Kitchens,HOUS-59033,890000878920,Household & Personal Care,77,box,122.87,156.05,2028-09-05,Aisle 12,ambient
Cured Chicken Sausages 2kg,Himalayan Kitchens,MEAT-29420,890000878921,Meat & Seafood,77,kg,396.80,566.18,2026-08-30,Aisle 05,chilled
Gluten-Free Rusk Toast 1L,Ganga Harvest,BAKE-15577,890000878922,Bakery & Deli,33,pack,200.68,321.71,2026-08-27,Aisle 03,chilled
