Name,Brand,SKU,Barcode,Category,CurrentStock,Unit,CostPrice,SellingPrice,ExpiryDate,Aisle,TempZone
Country Style Garlic Bulbs 2-Pack,Tata Kitchens,FRES-000001,890100528098,Fresh Produce,178,bag,105.00,142.90,2026-08-24,Aisle 02,ambient
Golden Electrolyte Energy Drink Snack Pack,Bhoomi Harvest,BEVE-000002,890100528099,Beverages,100,carton,387.26,535.14,2027-07-27,Aisle 05,chilled
Raw Brioche Burger Buns 5L,Urban Roots Farms,BAKE-000003,890100528100,Bakery & Deli,143,pack,181.20,257.45,2026-08-30,Aisle 04,chilled
Extra-Virgin Tandoori Smoked Floor Disinfectant Pine Value Pack,SunBrite Provisions,HOUS-000004,890100528101,Household & Personal Care,187,bottle,314.95,397.27,2028-07-28,Aisle 11,ambient
Premium Kachi Ghani Mustard Sweet Corn Kernels 750ml,Amul Kitchens,FROZ-000005,890100528102,Frozen Foods,28,pack,349.56,511.99,2027-05-04,Aisle 09,frozen
Spiced Lemon Pepper Surface Floor Cleaner Rose 5L,Royal Indian Foods,HOUS-000006,890100528103,Household & Personal Care,212,bottle,442.13,776.37,2029-02-03,Aisle 12,ambient
Signature Veg Spring Rolls 1L,Amul Springs,FROZ-000007,890100528104,Frozen Foods,184,pack,282.29,375.31,2027-02-08,Aisle 09,frozen
Farm-Fresh Ajwain & Jeera Mishri Mawa 250ml,Royal Indian Plantations,DAIR-000008,890100528105,Dairy & Eggs,119,packet,378.43,656.44,2026-09-19,Aisle 03,chilled
Zero-Sugar Toasted Sesame Floor Disinfectant Pine 5L,Urban Roots Kitchens,HOUS-000009,890100528106,Household & Personal Care,133,bottle,368.90,553.18,2028-08-06,Aisle 12,ambient
Organic Golden Ginger Floor Disinfectant Pine 1L,Saffola Harvest,HOUS-000010,890100528107,Household & Personal Care,56,pack,367.46,589.86,2028-02-11,Aisle 11,ambient
Royal Nagpur Orange Ginger Kombucha 2L,Kaveri Dairy,BEVE-000011,890100528108,Beverages,117,box,336.24,471.10,2026-12-19,Aisle 06,ambient
Smoked Kashmiri Saffron Alphonso Mangoes 350g,Organic Tattva Milling,FRES-000012,890100528109,Fresh Produce,63,bunch,81.56,142.35,2026-09-07,Aisle 02,chilled
Traditional Alphonso Mango Gourmet Cookies Choco-Chip 8-Pack,Nature Harvest Plantations,SNAC-000013,890100528110,Snacks & Confectionery,91,packet,27.33,48.37,2027-02-11,Aisle 09,ambient
Desi Boneless Chicken Breast 2kg,FarmGold Mills,MEAT-000014,890100528111,Meat & Seafood,95,pack,273.83,462.47,2026-09-03,Aisle 04,chilled
Gluten-Free Greek Yogurt 1.5L,Nature Harvest Agro,DAIR-000015,890100528112,Dairy & Eggs,131,bottle,444.62,635.34,2026-08-30,Aisle 03,chilled
Plant-Based Kachi Ghani Mustard Cinnamon Swirl Buns 1.5L,Pashmina Co.,BAKE-000016,890100528113,Bakery & Deli,228,box,240.28,360.36,2026-08-30,Aisle 04,ambient
Desi Organic Green Tea 5kg,Fortune Milling,BEVE-000017,890100528114,Beverages,182,can,33.78,58.06,2026-08-20,Aisle 05,ambient
Valley Fresh Frozen Samosas 100g,Urban Roots Harvest,FROZ-000018,890100528115,Frozen Foods,172,packet,155.36,267.87,2027-01-09,Aisle 08,frozen
Pure Tulsi Honey Watermelon 6-Pack,Pure Vedic Naturals,FRES-000019,890100528116,Fresh Produce,215,kg,145.17,211.00,2026-09-02,Aisle 01,ambient
Roasted Nagpur Orange Rusk Toast 150ml,Amul Mills,BAKE-000020,890100528117,Bakery & Deli,59,pack,133.75,211.30,2026-08-30,Aisle 04,chilled
Crisp Heavy Cream 8-Pack,Royal Indian Goods,DAIR-000021,890100528118,Dairy & Eggs,18,carton,457.11,700.72,2026-08-25,Aisle 03,chilled
Cured Coconut Cream Papayas 150g,Pashmina Botanicals,FRES-000022,890100528119,Fresh Produce,123,kg,29.22,52.58,2026-08-29,Aisle 02,ambient
Homestyle Basa Fish Fillets 2-Pack,Kaveri Farms,MEAT-000023,890100528120,Meat & Seafood,19,pack,795.14,1016.34,2026-09-01,Aisle 04,chilled
Farm-Fresh Organic Rolled Oats 300g,Himalayan Kitchens,PANT-000024,890100528121,Pantry & Dry Goods,58,bottle,717.71,1127.45,2027-09-25,Aisle 08,ambient
Aged Garlic & Herb Fresh Rohu Fish 250ml,Saffola Kitchens,MEAT-000025,890100528122,Meat & Seafood,242,pack,236.46,389.15,2026-08-30,Aisle 04,chilled
Smoked Garlic Focaccia 250ml,Everest Harvest,BAKE-000026,890100528123,Bakery & Deli,86,pack,242.70,312.51,2026-09-02,Aisle 04,chilled
Desi Smoked Paprika Seedless Grapes 4-Pack,Nature Harvest Kitchens,FRES-000027,890100528124,Fresh Produce,10,bunch,27.32,48.04,2026-09-15,Aisle 01,ambient
Desi Hash Browns 6pk 100g,Vedic Fresh Naturals,FROZ-000028,890100528125,Frozen Foods,13,bag,320.13,421.37,2027-04-30,Aisle 09,frozen
Royal Matcha Green Tea Organic Green Tea 500ml,Satvik Kitchens,BEVE-000029,890100528126,Beverages,154,box,53.86,94.88,2026-11-06,Aisle 06,ambient
Select Truffle Infused Veg Burger Patties 300g,FarmGold Organics,FROZ-000030,890100528127,Frozen Foods,12,tub,49.23,64.61,2027-05-11,Aisle 08,frozen
Crisp Vanilla Bean Alphonso Kulfi Tub 250ml,Patanjali Farms,FROZ-000031,890100528128,Frozen Foods,179,box,141.33,179.56,2027-01-06,Aisle 09,frozen
Authentic Rose Infused Kabuli Chana Large 500g,Desi Organics Springs,PANT-000032,890100528129,Pantry & Dry Goods,104,box,570.97,986.14,2027-06-05,Aisle 07,ambient
Valley Fresh Masala Chai Kokum Sharbat 400g,Patanjali Organics,BEVE-000033,890100528130,Beverages,7,bottle,328.44,477.98,2026-09-18,Aisle 05,chilled
Desi Kokum Sharbat 350g,Patanjali Naturals,BEVE-000034,890100528131,Beverages,53,pack,60.74,86.60,2027-08-11,Aisle 06,ambient
Valley Fresh Red Chilli & Garlic Pita Bread 400g,Nilgiri Agro,BAKE-000035,890100528132,Bakery & Deli,212,pcs,289.26,470.39,2026-09-03,Aisle 04,ambient
Desi Golden Ginger Masala Potato Chips 150ml,Mother Dairy Harvest,SNAC-000036,890100528133,Snacks & Confectionery,13,bag,321.86,486.68,2026-08-29,Aisle 09,ambient
Crisp Chana Dal Polished 24-Pack,Nature Harvest Dairy,PANT-000037,890100528134,Pantry & Dry Goods,98,bottle,342.72,631.03,2027-11-23,Aisle 08,ambient
Royal Extra Virgin Olive Oil 250ml,Amul Milling,PANT-000038,890100528135,Pantry & Dry Goods,142,can,272.59,419.49,2027-08-07,Aisle 06,ambient
Natural Smoked Paprika Chicken Sausages 10kg,Himalayan Harvest,MEAT-000039,890100528136,Meat & Seafood,74,kg,461.46,702.94,2026-08-29,Aisle 05,chilled
Gourmet Moong Dal Namkeen 50g,Satvik Dairy,SNAC-000040,890100528137,Snacks & Confectionery,131,box,109.63,183.95,2027-02-16,Aisle 09,ambient
Artisan Golden Ginger Apples 250g,Nature Harvest Foods,FRES-000041,890100528138,Fresh Produce,203,bag,34.87,52.57,2026-09-15,Aisle 01,chilled
Artisan Cold-Pressed Groundnut Oil 150ml,Green Earth Agro,PANT-000042,890100528139,Pantry & Dry Goods,200,bag,572.98,812.82,2028-03-06,Aisle 06,ambient
Wildcrafted Ricotta Fresh 24-Pack,Deccan Co.,DAIR-000043,890100528140,Dairy & Eggs,232,box,482.62,634.64,2026-09-18,Aisle 03,chilled
Premium Cinnamon Spice Bamboo Toothbrush 2pk Family Pack,Vedic Fresh Agro,HOUS-000044,890100528141,Household & Personal Care,222,bottle,145.21,248.02,2027-09-20,Aisle 11,ambient
Royal Cashew Paste Curry Base 2-Pack,FarmGold Naturals,PANT-000045,890100528142,Pantry & Dry Goods,236,jar,371.16,629.32,2026-12-29,Aisle 07,ambient
Desi Moong Dal Namkeen 400g,Himalayan Naturals,SNAC-000046,890100528143,Snacks & Confectionery,118,bag,344.76,451.46,2027-05-26,Aisle 10,ambient
Pure Cinnamon Spice Cinnamon Swirl Buns 400g,Urban Roots Goods,BAKE-000047,890100528144,Bakery & Deli,50,box,239.96,329.63,2026-09-07,Aisle 04,ambient
Free-Range Nimbu Paani Soda 250g,Fortune Harvest,BEVE-000048,890100528145,Beverages,146,box,24.00,32.23,2027-07-24,Aisle 05,ambient
Royal Caramelized Onion Oat Milk 500ml,Himalayan Kitchens,DAIR-000049,890100528146,Dairy & Eggs,55,packet,333.51,542.50,2026-09-18,Aisle 03,chilled
Heritage Alphonso Kulfi Tub 750g,Fortune Dairy,FROZ-000050,890100528147,Frozen Foods,65,tub,267.52,475.91,2026-12-18,Aisle 09,frozen
Sun-Dried Frozen Paneer Cubes 12-Pack,Nature Harvest Dairy,FROZ-000051,890100528148,Frozen Foods,63,pack,368.30,597.03,2027-04-25,Aisle 08,frozen
Gluten-Free Sparkling Mineral Water 1L,Bhoomi Goods,BEVE-000052,890100528149,Beverages,33,carton,115.97,193.26,2027-07-24,Aisle 06,ambient
Premium Kitchen Paper Towels 4-Roll 350g,Patanjali Dairy,HOUS-000053,890100528150,Household & Personal Care,203,pack,503.93,891.41,2028-07-04,Aisle 12,ambient
Plant-Based Avocados 1L,Kaveri Co.,FRES-000054,890100528151,Fresh Produce,91,bag,32.48,41.35,2026-08-29,Aisle 02,ambient
Royal Chatpata Masala Gouda Block 4-Pack,FarmGold Co.,DAIR-000055,890100528152,Dairy & Eggs,62,carton,56.16,95.25,2026-09-19,Aisle 03,chilled
Sun-Dried Pista Almond Buffalo Milk 500ml,Heritage Farms,DAIR-000056,890100528153,Dairy & Eggs,83,tub,224.00,357.06,2026-09-06,Aisle 02,chilled
Organic Toasted Sesame Pomegranates 500ml,Kaveri Agro,FRES-000057,890100528154,Fresh Produce,241,pack,59.34,75.13,2026-09-13,Aisle 02,chilled
Extra-Virgin Soy Milk Protein 5kg,Pure Vedic Foods,DAIR-000058,890100528155,Dairy & Eggs,120,pack,231.10,421.34,2026-09-22,Aisle 02,chilled
Aged Masala Chai Frozen Samosas 5kg,Heritage Foods,FROZ-000059,890100528156,Frozen Foods,155,pack,378.52,533.85,2026-08-29,Aisle 09,frozen
Golden Cardamom Spiced Dishwash Gel Lemon 500g,Fortune Springs,HOUS-000060,890100528157,Household & Personal Care,5,pack,155.46,231.06,2027-10-28,Aisle 12,ambient
Rustic Lavash Crackers 4-Pack,Patanjali Naturals,BAKE-000061,890100528158,Bakery & Deli,5,pack,25.41,44.56,2026-08-27,Aisle 04,chilled
Grass-Fed Mutton Curry Cut Snack Pack,Mother Dairy Provisions,MEAT-000062,890100528159,Meat & Seafood,96,pcs,338.64,514.57,2026-09-02,Aisle 04,chilled
Traditional Masala Potato Chips 150g,Deccan Dairy,SNAC-000063,890100528160,Snacks & Confectionery,152,tub,192.85,305.17,2026-10-21,Aisle 09,ambient
Handcrafted Golden Ginger Hash Browns 6pk 750g,Deccan Agro,FROZ-000064,890100528161,Frozen Foods,191,box,145.42,197.11,2027-01-17,Aisle 08,frozen
Valley Fresh Pasture Eggs 330ml,FarmGold Organics,DAIR-000065,890100528162,Dairy & Eggs,119,pack,338.25,483.94,2026-09-15,Aisle 03,chilled
Heritage Smoked Paprika Mutton Curry Cut 200g,Kaveri Goods,MEAT-000066,890100528163,Meat & Seafood,220,kg,204.95,256.53,2026-08-30,Aisle 04,chilled
Golden Red Chilli & Garlic Dishwash Gel Lemon 500g,Satvik Plantations,HOUS-000067,890100528164,Household & Personal Care,238,box,453.35,735.97,2028-12-12,Aisle 12,ambient
Authentic Dishwash Gel Lemon 150g,Green Earth Provisions,HOUS-000068,890100528165,Household & Personal Care,98,tube,599.64,869.19,2028-06-12,Aisle 11,ambient
Crisp Kashmiri Saffron Shampoo Anti-Dandruff 5L,Pure Vedic Foods,HOUS-000069,890100528166,Household & Personal Care,106,bottle,365.20,631.34,2029-01-05,Aisle 12,ambient
Extra-Virgin Chatpata Masala Paneer Block Family Pack,Pure Vedic Naturals,DAIR-000070,890100528167,Dairy & Eggs,43,carton,84.24,113.27,2026-09-20,Aisle 03,chilled
Raw Chicken Drumsticks 2-Pack,Catch Provisions,MEAT-000071,890100528168,Meat & Seafood,129,pcs,811.71,1410.48,2026-08-30,Aisle 05,chilled
Premium Tandoori Smoked Goat Mince Premium Family Pack,Saffola Kitchens,MEAT-000072,890100528169,Meat & Seafood,227,pack,369.71,467.52,2026-09-02,Aisle 04,chilled
Golden Jalapeno Lime Clove & Mint Toothpaste 2L,Green Earth Harvest,HOUS-000073,890100528170,Household & Personal Care,237,box,206.37,287.56,2028-01-20,Aisle 12,ambient
Unpolished Alphonso Mango Apple Cider Vinegar Drink Snack Pack,Tata Provisions,BEVE-000074,890100528171,Beverages,209,carton,276.92,368.78,2026-08-30,Aisle 05,chilled
Signature Organic Brown Sugar 750g,Satvik Dairy,PANT-000075,890100528172,Pantry & Dry Goods,210,bottle,259.62,378.99,2028-06-07,Aisle 06,ambient
Stone-Ground Garlic Naan Frozen 4pk 750g,Fortune Organics,FROZ-000076,890100528173,Frozen Foods,87,bag,86.74,130.83,2027-05-06,Aisle 08,frozen
Extra-Virgin Pineapples 200g,Pure Vedic Agro,FRES-000077,890100528174,Fresh Produce,64,bunch,118.44,153.90,2026-09-17,Aisle 01,chilled
Rustic Wood-Fired Veggie Pizza 10kg,Vedic Fresh Plantations,FROZ-000078,890100528175,Frozen Foods,92,tub,157.65,216.74,2026-12-26,Aisle 09,frozen
Organic Bath Tissue 6-Pack 24-Pack,Fortune Milling,HOUS-000079,890100528176,Household & Personal Care,62,box,204.16,279.52,2028-06-29,Aisle 11,ambient
Artisan Chaash / Buttermilk 50g,Nature Harvest Provisions,DAIR-000080,890100528177,Dairy & Eggs,85,carton,460.09,648.89,2026-09-06,Aisle 02,chilled
Country Style Smoked Paprika Fresh Mint (Pudina) 5kg,Tata Goods,FRES-000081,890100528178,Fresh Produce,24,bag,67.72,85.40,2026-09-13,Aisle 01,ambient
Roasted Gulab Jamun Tin 4-Pack,Dabur Harvest,SNAC-000082,890100528179,Snacks & Confectionery,23,tub,139.88,230.63,2026-08-28,Aisle 10,ambient
Spiced Apple Cider Vinegar Drink 2L,Patanjali Co.,BEVE-000083,890100528180,Beverages,149,bag,250.05,358.85,2027-04-05,Aisle 06,ambient
Royal Nagpur Orange Fruit Muffins 250g,FarmGold Goods,BAKE-000084,890100528181,Bakery & Deli,224,box,180.74,332.48,2026-08-30,Aisle 04,chilled
Desi Alphonso Mango Brownie Bites 10kg,Royal Indian Kitchens,BAKE-000085,890100528182,Bakery & Deli,39,pcs,280.53,353.01,2026-09-06,Aisle 03,ambient
Roasted Truffle Infused Chicken Keema 250g,Desi Organics Co.,MEAT-000086,890100528183,Meat & Seafood,80,pcs,725.68,1120.07,2026-09-03,Aisle 05,chilled
Spiced Masala Chai Malai Kulfi Bar 200g,Satvik Plantations,FROZ-000087,890100528184,Frozen Foods,120,bag,367.68,508.60,2026-12-24,Aisle 08,frozen
Gluten-Free Dry Fruits Trail Mix 250g,Bhoomi Kitchens,SNAC-000088,890100528185,Snacks & Confectionery,98,packet,129.48,202.38,2027-01-07,Aisle 10,ambient
Traditional Ajwain & Jeera Frozen Green Peas 300g,Nature Harvest Co.,FROZ-000089,890100528186,Frozen Foods,183,pack,185.65,337.47,2027-03-09,Aisle 08,frozen
Unpolished Matcha Green Tea Fresh Mint (Pudina) 500ml,Amul Farms,FRES-000090,890100528187,Fresh Produce,126,bunch,20.00,35.04,2026-09-16,Aisle 02,chilled
Smoked Floor Disinfectant Pine 8-Pack,Pashmina Botanicals,HOUS-000091,890100528188,Household & Personal Care,98,bottle,575.42,806.07,2028-06-15,Aisle 11,ambient
Spiced Cold-Pressed Groundnut Oil 500ml,Royal Indian Plantations,PANT-000092,890100528189,Pantry & Dry Goods,129,bottle,147.23,192.41,2028-03-15,Aisle 08,ambient
Traditional Golden Ginger Edamame Pods 2kg,Amul Kitchens,FROZ-000093,890100528190,Frozen Foods,81,packet,417.77,647.29,2027-02-28,Aisle 08,frozen
Royal Toasted Sesame Pav 6-Pack 200ml,Saffola Co.,BAKE-000094,890100528191,Bakery & Deli,104,pack,41.11,69.01,2026-09-02,Aisle 04,chilled
Signature Nagpur Orange Butter Croissants 12-Pack,Satvik Plantations,BAKE-000095,890100528192,Bakery & Deli,232,box,186.47,236.29,2026-08-31,Aisle 03,ambient
Traditional Rawa Sooji 350g,Vedic Fresh Agro,PANT-000096,890100528193,Pantry & Dry Goods,69,jar,419.72,672.99,2028-03-23,Aisle 08,ambient
Grass-Fed Cardamom Spiced Garlic Naan Frozen 4pk 150ml,Patanjali Springs,FROZ-000097,890100528194,Frozen Foods,21,packet,63.80,110.80,2026-08-26,Aisle 09,frozen
Gluten-Free Masala Potato Chips 250ml,Royal Indian Foods,SNAC-000098,890100528195,Snacks & Confectionery,12,box,378.72,655.13,2026-12-20,Aisle 10,ambient
Organic Kashmiri Saffron Roasted Salted Cashews 5kg,Himalayan Plantations,SNAC-000099,890100528196,Snacks & Confectionery,168,box,342.30,588.22,2027-04-28,Aisle 09,ambient
Unpolished Matcha Green Tea Herbal Hand Wash Neem 500g,Catch Agro,HOUS-000100,890100528197,Household & Personal Care,27,tube,424.99,777.74,2028-06-04,Aisle 12,ambient
Premium Kashmiri Saffron Chicken Frankfurters 1kg,Tata Harvest,BAKE-000101,890100528198,Bakery & Deli,249,pcs,146.59,230.01,2026-09-03,Aisle 04,ambient
Natural Vanilla Bean Catla Fish Steaks Snack Pack,Mother Dairy Goods,MEAT-000102,890100528199,Meat & Seafood,182,pack,758.13,1259.17,2026-08-29,Aisle 04,chilled
Rustic Kachi Ghani Mustard Fresh Mosambi Juice 10-Pack,Green Earth Mills,BEVE-000103,890100528200,Beverages,52,can,412.79,723.70,2026-12-21,Aisle 06,chilled
Raw Toasted Sesame Frozen Green Peas 350g,Pure Vedic Dairy,FROZ-000104,890100528201,Frozen Foods,216,pack,144.19,181.22,2027-02-07,Aisle 09,frozen
Sun-Dried Red Chilli & Garlic Salted Butter 50g,Mother Dairy Harvest,DAIR-000105,890100528202,Dairy & Eggs,242,bottle,480.58,864.05,2026-09-09,Aisle 02,chilled
Grass-Fed Red Chilli & Garlic Roasted Salted Cashews 12-Pack,Saffola Botanicals,SNAC-000106,890100528203,Snacks & Confectionery,204,tub,132.76,195.69,2027-05-13,Aisle 09,ambient
Natural Golden Ginger Feta Cheese 330ml,Saffola Springs,DAIR-000107,890100528204,Dairy & Eggs,89,packet,373.56,632.04,2026-09-08,Aisle 03,chilled
Cold-Pressed Chatpata Masala Kabuli Chana Large 200ml,Royal Indian Springs,PANT-000108,890100528205,Pantry & Dry Goods,133,can,497.13,780.27,2026-08-24,Aisle 07,ambient
Homestyle Vanilla Bean Roasted Makhana Foxnuts 4-Pack,Patanjali Co.,SNAC-000109,890100528206,Snacks & Confectionery,206,bar,215.96,304.52,2027-04-10,Aisle 10,ambient
Handcrafted Bagel Plain 4pk 24-Pack,SunBrite Milling,BAKE-000110,890100528207,Bakery & Deli,194,pack,296.18,523.25,2026-09-10,Aisle 03,chilled
Select Cinnamon Swirl Buns 350g,Mother Dairy Provisions,BAKE-000111,890100528208,Bakery & Deli,118,pack,220.65,306.29,2026-09-03,Aisle 04,ambient
Low-Sodium Mishri Mawa 2kg,Pashmina Provisions,DAIR-000112,890100528209,Dairy & Eggs,230,packet,94.42,164.07,2026-09-20,Aisle 03,chilled
Extra-Virgin Sparkling Mineral Water 2kg,Kaveri Kitchens,BEVE-000113,890100528210,Beverages,104,bottle,23.89,31.42,2026-08-18,Aisle 05,ambient
Free-Range Matcha Green Tea Organic Brown Sugar 300g,Desi Organics Farms,PANT-000114,890100528211,Pantry & Dry Goods,131,packet,326.82,599.13,2027-10-08,Aisle 08,ambient
Select Jalapeno Lime Organic Green Tea 10kg,Catch Mills,BEVE-000115,890100528212,Beverages,222,bag,355.61,489.30,2027-02-14,Aisle 06,ambient
Cured Pita Bread 100g,Bhoomi Dairy,BAKE-000116,890100528213,Bakery & Deli,61,pcs,226.89,327.36,2026-09-02,Aisle 04,ambient
Pure Rose Infused Chamomile Herbal Tea 50g,Urban Roots Harvest,BEVE-000117,890100528214,Beverages,132,carton,213.01,352.55,2026-08-27,Aisle 06,ambient
Organic Kashmiri Saffron Multigrain Tortillas 8-Pack,Mother Dairy Springs,BAKE-000118,890100528215,Bakery & Deli,146,pack,54.88,82.13,2026-09-02,Aisle 04,ambient
Select Feta Cheese 8-Pack,Nature Harvest Naturals,DAIR-000119,890100528216,Dairy & Eggs,167,packet,277.73,475.11,2026-09-21,Aisle 03,chilled
Crisp Butter Murukku 750g,Amul Co.,SNAC-000120,890100528217,Snacks & Confectionery,22,bag,285.60,486.18,2026-11-26,Aisle 10,ambient
Handcrafted Moong Dal Namkeen 300g,Patanjali Goods,SNAC-000121,890100528218,Snacks & Confectionery,224,box,211.69,275.50,2026-12-15,Aisle 09,ambient
Stone-Ground Jalapeno Lime Green Peas Fresh 250ml,Kaveri Organics,FRES-000122,890100528219,Fresh Produce,138,pcs,136.19,226.13,2026-08-29,Aisle 02,chilled
Artisan Masala Potato Chips Snack Pack,FarmGold Agro,SNAC-000123,890100528220,Snacks & Confectionery,95,pack,346.37,439.12,2027-02-14,Aisle 10,ambient
Raw Edamame Pods 200g,Desi Organics Foods,FROZ-000124,890100528221,Frozen Foods,75,pack,155.27,249.85,2027-08-19,Aisle 08,frozen
Spiced Vanilla Bean Stainless Steel Scrubber 3pk 300g,Patanjali Dairy,HOUS-000125,890100528222,Household & Personal Care,161,pack,341.64,577.46,2028-09-23,Aisle 12,ambient
Gluten-Free Sea Salt Bhujia Sev 2L,Satvik Foods,SNAC-000126,890100528223,Snacks & Confectionery,61,packet,22.15,39.25,2027-03-10,Aisle 09,ambient
Traditional Mosquito Vaporizer Refill 5kg,Patanjali Co.,HOUS-000127,890100528224,Household & Personal Care,76,box,496.73,685.85,2027-09-20,Aisle 12,ambient
Aged Lemon Pepper Pomfret Whole 2kg,Pashmina Naturals,MEAT-000128,890100528225,Meat & Seafood,91,kg,659.58,917.62,2026-08-31,Aisle 05,chilled
Grass-Fed Nimbu Paani Soda 750ml,Pashmina Milling,BEVE-000129,890100528226,Beverages,207,bag,113.53,195.39,2027-06-19,Aisle 05,ambient
Select Butter Murukku Family Pack,Patanjali Provisions,SNAC-000130,890100528227,Snacks & Confectionery,18,box,227.31,418.86,2026-11-14,Aisle 09,ambient
Raw Fresh Mint (Pudina) 5L,Everest Organics,FRES-000131,890100528228,Fresh Produce,66,pack,140.71,208.42,2026-09-03,Aisle 02,chilled
Farm-Fresh Masala CTC Tea 750g,Fortune Botanicals,BEVE-000132,890100528229,Beverages,11,bottle,65.21,109.42,2027-02-10,Aisle 05,ambient
Select Sea Salt Mutton Curry Cut 12-Pack,Vedic Fresh Plantations,MEAT-000133,890100528230,Meat & Seafood,69,pack,842.73,1359.71,2026-09-01,Aisle 05,chilled
Low-Sodium Multigrain Tortillas 24-Pack,Satvik Harvest,BAKE-000134,890100528231,Bakery & Deli,121,box,137.36,191.99,2026-09-08,Aisle 03,ambient
Gluten-Free Chicken Frankfurters 10kg,Desi Organics Farms,BAKE-000135,890100528232,Bakery & Deli,209,box,304.01,515.64,2026-08-28,Aisle 04,ambient
Aged Kesar Pista Raw Wildflower Honey 750ml,Urban Roots Mills,PANT-000136,890100528233,Pantry & Dry Goods,91,packet,286.96,369.77,2027-03-16,Aisle 07,ambient
Pure Alphonso Mango Fresh Mint (Pudina) 12-Pack,Nilgiri Mills,FRES-000137,890100528234,Fresh Produce,86,bunch,95.08,131.07,2026-09-08,Aisle 02,chilled
Cold-Pressed Kachi Ghani Mustard Iced Lemon Tea 1L,Satvik Naturals,BEVE-000138,890100528235,Beverages,223,pack,33.13,50.48,2027-03-06,Aisle 05,chilled
Low-Sodium Mint Lime Fish Fingers Frozen 300g,Nilgiri Springs,FROZ-000139,890100528236,Frozen Foods,120,packet,226.09,396.28,2027-08-27,Aisle 09,frozen
Country Style Makhana Crunch Gulab Jamun Tin 250g,Desi Organics Organics,SNAC-000140,890100528237,Snacks & Confectionery,11,box,102.41,161.80,2027-05-02,Aisle 10,ambient
Farm-Fresh Oranges Nagpur 5kg,Everest Mills,FRES-000141,890100528238,Fresh Produce,190,bag,21.72,34.54,2026-09-09,Aisle 02,chilled
Unpolished Goat Mince Premium 24-Pack,Nilgiri Springs,MEAT-000142,890100528239,Meat & Seafood,197,pcs,296.09,377.52,2026-08-18,Aisle 04,chilled
Valley Fresh Golden Ginger Alphonso Mangoes 200g,Heritage Kitchens,FRES-000143,890100528240,Fresh Produce,88,bunch,151.22,248.68,2026-09-17,Aisle 01,ambient
Free-Range Veg Spring Rolls 5kg,FarmGold Goods,FROZ-000144,890100528241,Frozen Foods,134,tub,406.83,539.62,2026-12-04,Aisle 09,frozen
Whole-Grain Chatpata Masala Ginger Kombucha Family Pack,Ganga Dairy,BEVE-000145,890100528242,Beverages,67,bag,20.96,28.72,2026-12-06,Aisle 05,ambient
Raw Alphonso Mango Kaju Katli Sweet Box 2L,Urban Roots Botanicals,SNAC-000146,890100528243,Snacks & Confectionery,138,tub,39.49,51.70,2026-11-06,Aisle 10,ambient
Artisan Jalapeno Lime Mozzarella Shredded 500g,Amul Goods,DAIR-000147,890100528244,Dairy & Eggs,144,tub,285.51,517.85,2026-09-16,Aisle 02,chilled
Rustic Rose Infused Fabric Softener Floral 12-Pack,Bhoomi Springs,HOUS-000148,890100528245,Household & Personal Care,97,pack,178.00,298.50,2028-07-07,Aisle 11,ambient
Roasted Pomfret Whole 6-Pack,Fortune Goods,MEAT-000149,890100528246,Meat & Seafood,104,pack,188.01,320.01,2026-09-01,Aisle 04,chilled
Sun-Dried Garlic & Herb Mishri Mawa 330ml,Royal Indian Harvest,DAIR-000150,890100528247,Dairy & Eggs,100,box,454.27,690.16,2026-08-28,Aisle 02,chilled
Traditional Cinnamon Swirl Buns 1kg,Amul Springs,BAKE-000151,890100528248,Bakery & Deli,201,pcs,215.77,332.43,2026-08-21,Aisle 03,ambient
Whole-Grain Ajwain & Jeera Masala Potato Chips 6-Pack,Ganga Naturals,SNAC-000152,890100528249,Snacks & Confectionery,28,box,221.44,383.04,2027-01-09,Aisle 10,ambient
Rustic Matcha Green Tea Pav 6-Pack 200g,Fortune Harvest,BAKE-000153,890100528250,Bakery & Deli,229,pack,247.24,395.30,2026-09-08,Aisle 04,chilled
Smoked Chamomile Herbal Tea 2-Pack,Pure Vedic Provisions,BEVE-000154,890100528251,Beverages,23,pack,445.43,815.77,2026-12-09,Aisle 06,chilled
Cured Lentils Red Masoor 12-Pack,Urban Roots Co.,PANT-000155,890100528252,Pantry & Dry Goods,123,bottle,429.33,623.90,2026-08-30,Aisle 06,ambient
Extra-Virgin Matcha Green Tea Double Toned Milk 500ml,Tata Botanicals,DAIR-000156,890100528253,Dairy & Eggs,80,tub,327.12,564.74,2026-09-16,Aisle 03,chilled
Select Kachi Ghani Mustard Paneer Tikka Deli 750g,Pashmina Goods,BAKE-000157,890100528254,Bakery & Deli,237,box,57.36,94.35,2026-09-01,Aisle 03,chilled
Wildcrafted Toasted Sesame Mishri Mawa 50g,Everest Provisions,DAIR-000158,890100528255,Dairy & Eggs,70,carton,222.45,347.53,2026-09-20,Aisle 02,chilled
Rustic Kashmiri Saffron Papayas 330ml,Patanjali Agro,FRES-000159,890100528256,Fresh Produce,102,pcs,22.64,37.75,2026-09-02,Aisle 01,chilled
Cured Alphonso Mango Paneer Tikka Deli Value Pack,Bhoomi Farms,BAKE-000160,890100528257,Bakery & Deli,57,box,247.30,363.61,2026-09-08,Aisle 03,chilled
Heritage Cardamom Spiced Fish Fingers Frozen 2L,Catch Organics,FROZ-000161,890100528258,Frozen Foods,84,pack,380.81,556.03,2027-04-23,Aisle 09,frozen
Plant-Based Dark Chocolate Cinnamon Swirl Buns 250ml,Kaveri Botanicals,BAKE-000162,890100528259,Bakery & Deli,248,pack,90.61,159.46,2026-09-04,Aisle 04,ambient
Spiced Bitter Gourd (Karela) 400g,Ganga Organics,FRES-000163,890100528260,Fresh Produce,58,bag,59.93,90.69,2026-09-05,Aisle 01,chilled
Premium Masala Chai Gouda Block 350g,Mother Dairy Naturals,DAIR-000164,890100528261,Dairy & Eggs,202,pack,173.77,237.78,2026-09-09,Aisle 03,chilled
Grass-Fed Mint Lime Unsalted White Butter 12-Pack,Pashmina Provisions,DAIR-000165,890100528262,Dairy & Eggs,213,tub,448.73,732.63,2026-09-03,Aisle 03,chilled
Raw Chatpata Masala Sweet Potatoes 5kg,Patanjali Harvest,FRES-000166,890100528263,Fresh Produce,147,pack,55.07,98.05,2026-08-31,Aisle 02,ambient
Gourmet Nimbu Paani Soda 500ml,Fortune Mills,BEVE-000167,890100528264,Beverages,203,box,435.78,605.91,2027-07-13,Aisle 06,chilled
Valley Fresh Sparkling Mineral Water 1L,Saffola Plantations,BEVE-000168,890100528265,Beverages,67,box,248.41,421.77,2027-03-26,Aisle 06,ambient
Desi Moong Dal Namkeen 1.5L,Organic Tattva Harvest,SNAC-000169,890100528266,Snacks & Confectionery,17,bar,249.21,383.46,2027-01-15,Aisle 10,ambient
Gluten-Free Alphonso Mango Rusk Toast 300g,Deccan Naturals,BAKE-000170,890100528267,Bakery & Deli,80,pack,146.40,194.41,2026-09-05,Aisle 03,chilled
Unpolished Jalapeno Lime Masala Potato Chips 4-Pack,Pure Vedic Organics,SNAC-000171,890100528268,Snacks & Confectionery,72,packet,177.46,249.44,2026-11-19,Aisle 10,ambient
Aged Kabuli Chana Large 750g,Everest Co.,PANT-000172,890100528269,Pantry & Dry Goods,114,bottle,737.07,1297.59,2028-01-24,Aisle 07,ambient
Signature Kulcha 4-Pack 200ml,Deccan Goods,BAKE-000173,890100528270,Bakery & Deli,33,pack,51.13,82.70,2026-09-04,Aisle 03,chilled
Whole-Grain Ayurvedic Bath Soap 250ml,Mother Dairy Springs,HOUS-000174,890100528271,Household & Personal Care,144,bottle,288.30,446.83,2028-10-12,Aisle 12,ambient
Farm-Fresh Green Chillies 250g,Deccan Springs,FRES-000175,890100528272,Fresh Produce,119,pcs,99.20,166.35,2026-08-25,Aisle 01,chilled
Valley Fresh Makhana Crunch Nimbu Paani Soda 6-Pack,Mother Dairy Foods,BEVE-000176,890100528273,Beverages,199,carton,98.45,157.53,2026-08-28,Aisle 05,chilled
Organic Chaash / Buttermilk 12-Pack,Royal Indian Dairy,DAIR-000177,890100528274,Dairy & Eggs,232,tub,470.92,663.27,2026-09-19,Aisle 03,chilled
Crisp Lemon Pepper Cashew Paste Curry Base 1.5L,Bhoomi Goods,PANT-000178,890100528275,Pantry & Dry Goods,62,jar,154.30,258.38,2027-05-29,Aisle 08,ambient
Gourmet Double Toned Milk 330ml,FarmGold Provisions,DAIR-000179,890100528276,Dairy & Eggs,99,pack,495.72,782.59,2026-09-13,Aisle 03,chilled
Royal Chatpata Masala Tonic Water Premium 1kg,Urban Roots Agro,BEVE-000180,890100528277,Beverages,168,bottle,323.78,543.07,2027-02-09,Aisle 05,chilled
Traditional Nagpur Orange Fruit Cake Slice 400g,Bhoomi Botanicals,BAKE-000181,890100528278,Bakery & Deli,148,box,89.50,126.65,2026-08-30,Aisle 04,ambient
Farm-Fresh Sweet Tamarind Clove & Mint Toothpaste 1kg,FarmGold Plantations,HOUS-000182,890100528279,Household & Personal Care,51,box,105.15,188.54,2028-08-15,Aisle 11,ambient
Farm-Fresh Makhana Crunch Sparkling Mineral Water 1kg,Nilgiri Springs,BEVE-000183,890100528280,Beverages,226,carton,200.27,357.07,2026-10-19,Aisle 05,ambient
Select Sparkling Mineral Water 150g,Royal Indian Farms,BEVE-000184,890100528281,Beverages,38,box,184.42,232.52,2027-05-31,Aisle 06,ambient
Plant-Based Aloo Tikki 8-Pack 400g,Ganga Provisions,FROZ-000185,890100528282,Frozen Foods,4,pack,73.96,106.36,2026-11-27,Aisle 09,frozen
Select Organic Sharbati Atta 8-Pack,Urban Roots Co.,PANT-000186,890100528283,Pantry & Dry Goods,113,packet,88.84,138.73,2028-05-02,Aisle 08,ambient
Sweet Edamame Pods Value Pack,Bhoomi Botanicals,FROZ-000187,890100528284,Frozen Foods,68,pack,309.06,387.70,2026-12-17,Aisle 09,frozen
Heritage Dishwash Gel Lemon 250g,Heritage Goods,HOUS-000188,890100528285,Household & Personal Care,117,packet,153.16,255.63,2026-08-22,Aisle 11,ambient
Desi 70% Dark Chocolate Bar 4-Pack,SunBrite Goods,SNAC-000189,890100528286,Snacks & Confectionery,175,pack,549.54,832.20,2026-12-10,Aisle 10,ambient
Roasted Moong Dal Namkeen 300g,Patanjali Farms,SNAC-000190,890100528287,Snacks & Confectionery,242,box,261.72,330.31,2027-04-05,Aisle 10,ambient
Desi Catla Fish Steaks 200g,Satvik Provisions,MEAT-000191,890100528288,Meat & Seafood,5,pack,150.56,241.23,2026-08-29,Aisle 05,chilled
Cold-Pressed Whole Wheat Atta Bread Family Pack,Catch Naturals,BAKE-000192,890100528289,Bakery & Deli,194,pack,82.62,117.44,2026-09-05,Aisle 03,chilled
Smoked Mint Lime Tonic Water Premium 250ml,Satvik Harvest,BEVE-000193,890100528290,Beverages,125,bottle,336.42,539.08,2027-01-31,Aisle 05,ambient
Cured Vanilla Bean Oat Milk 750ml,Mother Dairy Co.,DAIR-000194,890100528291,Dairy & Eggs,162,carton,489.04,681.19,2026-08-30,Aisle 02,chilled
Select Tiger Prawns Jumbo 2-Pack,Desi Organics Farms,MEAT-000195,890100528292,Meat & Seafood,191,pcs,580.35,923.28,2026-08-30,Aisle 04,chilled
Low-Sodium Nagpur Orange Pure Jaggery Powder (Gud) 50g,Kaveri Mills,PANT-000196,890100528293,Pantry & Dry Goods,46,bag,689.53,1091.38,2028-05-29,Aisle 08,ambient
Handcrafted Chatpata Masala Kitchen Paper Towels 4-Roll 200g,Vedic Fresh Harvest,HOUS-000197,890100528294,Household & Personal Care,58,tube,188.49,329.57,2028-01-13,Aisle 11,ambient
Handcrafted Royal Basmati Rice 5L,Nilgiri Farms,PANT-000198,890100528295,Pantry & Dry Goods,139,bag,302.27,419.28,2027-02-28,Aisle 08,ambient
Aged Tandoori Smoked Masala CTC Tea 6-Pack,Nilgiri Organics,BEVE-000199,890100528296,Beverages,104,can,322.25,425.01,2027-07-10,Aisle 05,ambient
Homestyle Alphonso Kulfi Tub 8-Pack,Patanjali Springs,FROZ-000200,890100528297,Frozen Foods,142,tub,328.27,411.55,2027-07-21,Aisle 09,frozen
Whole-Grain Coconut Cream Granola Health Bars 4-Pack,Pure Vedic Kitchens,SNAC-000201,890100528298,Snacks & Confectionery,130,box,73.85,129.89,2026-11-03,Aisle 10,ambient
Royal Caramelized Onion Moong Dal Namkeen Family Pack,Kaveri Springs,SNAC-000202,890100528299,Snacks & Confectionery,7,pack,87.64,150.13,2026-11-11,Aisle 09,ambient
Low-Sodium Kachi Ghani Mustard Masala CTC Tea 330ml,SunBrite Agro,BEVE-000203,890100528300,Beverages,94,box,372.11,602.08,2027-07-26,Aisle 06,chilled
Sun-Dried Paneer Block 330ml,Organic Tattva Goods,DAIR-000204,890100528301,Dairy & Eggs,115,bottle,184.39,299.86,2026-09-09,Aisle 03,chilled
Crisp Vanilla Bean Nimbu Paani Soda 350g,Tata Organics,BEVE-000205,890100528302,Beverages,197,can,412.10,670.53,2026-10-25,Aisle 05,ambient
Royal Palak Leaves 200g,Patanjali Botanicals,FRES-000206,890100528303,Fresh Produce,121,pcs,43.99,60.26,2026-09-12,Aisle 01,chilled
Cured Boneless Chicken Breast 500g,Mother Dairy Co.,MEAT-000207,890100528304,Meat & Seafood,84,kg,616.95,878.12,2026-08-31,Aisle 05,chilled
Cold-Pressed Toor Dal Premium 10-Pack,Pashmina Goods,PANT-000208,890100528305,Pantry & Dry Goods,236,jar,686.70,1021.25,2026-12-17,Aisle 06,ambient
Authentic Sweet Corn Kernels 1kg,Patanjali Naturals,FROZ-000209,890100528306,Frozen Foods,97,pack,296.84,396.03,2026-12-07,Aisle 08,frozen
Wildcrafted Cardamom Spiced Mozzarella Shredded 1kg,Fortune Plantations,DAIR-000210,890100528307,Dairy & Eggs,189,packet,466.85,783.14,2026-09-17,Aisle 02,chilled
Homestyle Makhana Crunch Pears 330ml,Saffola Farms,FRES-000211,890100528308,Fresh Produce,179,kg,30.47,47.38,2026-09-03,Aisle 02,ambient
Unpolished Truffle Infused Extra Virgin Olive Oil 2kg,Ganga Plantations,PANT-000212,890100528309,Pantry & Dry Goods,205,bag,467.79,633.41,2028-04-13,Aisle 07,ambient
Whole-Grain Seedless Grapes 50g,Royal Indian Mills,FRES-000213,890100528310,Fresh Produce,214,bunch,53.95,71.80,2026-09-06,Aisle 01,ambient
Premium Ajwain & Jeera Toor Dal Premium 500ml,Himalayan Foods,PANT-000214,890100528311,Pantry & Dry Goods,217,bag,140.35,238.96,2027-11-11,Aisle 08,ambient
Unpolished Cardamom Spiced Seedless Grapes 6-Pack,Urban Roots Milling,FRES-000215,890100528312,Fresh Produce,125,bunch,94.45,155.19,2026-09-17,Aisle 02,chilled
Desi Nagpur Orange Organic Rolled Oats 2-Pack,Urban Roots Goods,PANT-000216,890100528313,Pantry & Dry Goods,91,packet,291.90,416.54,2027-02-11,Aisle 06,ambient
Sun-Dried Makhana Crunch Toned Milk 5L,Nature Harvest Milling,DAIR-000217,890100528314,Dairy & Eggs,97,tub,496.35,856.48,2026-09-14,Aisle 02,chilled
Aged Red Chilli & Garlic Organic Sharbati Atta 50g,Patanjali Milling,PANT-000218,890100528315,Pantry & Dry Goods,218,bag,664.94,993.27,2027-02-14,Aisle 08,ambient
Cured Tulsi Honey Squid Rings Cleaned 250g,Bhoomi Dairy,MEAT-000219,890100528316,Meat & Seafood,74,kg,515.91,868.16,2026-08-30,Aisle 04,chilled
Desi Masala Chai Ginger Root 250ml,Urban Roots Organics,FRES-000220,890100528317,Fresh Produce,71,kg,136.05,215.83,2026-09-15,Aisle 01,ambient
Low-Sodium Liquid Laundry Detergent 8-Pack,Dabur Naturals,HOUS-000221,890100528318,Household & Personal Care,143,tube,243.03,398.06,2027-04-17,Aisle 11,ambient
Golden Jalapeno Lime Rusk Toast 100g,Amul Goods,BAKE-000222,890100528319,Bakery & Deli,179,box,165.73,299.65,2026-08-31,Aisle 03,chilled
Royal Smoked Paprika Urad Dal Whole Snack Pack,Catch Co.,PANT-000223,890100528320,Pantry & Dry Goods,116,bottle,193.70,300.34,2028-03-03,Aisle 07,ambient
Rustic Chatpata Masala Chicken Sausages 2kg,Amul Plantations,MEAT-000224,890100528321,Meat & Seafood,250,pack,574.69,796.94,2026-08-29,Aisle 04,chilled
Rustic Fruit Muffins 500ml,Nilgiri Plantations,BAKE-000225,890100528322,Bakery & Deli,238,pcs,183.37,332.05,2026-08-29,Aisle 03,chilled
Farm-Fresh Smoked Paprika Ginger Root 10kg,Patanjali Botanicals,FRES-000226,890100528323,Fresh Produce,41,bunch,125.84,211.24,2026-09-15,Aisle 01,chilled
Desi Tulsi Honey Paneer Block 2L,Amul Farms,DAIR-000227,890100528324,Dairy & Eggs,16,carton,471.18,625.12,2026-09-10,Aisle 03,chilled
Rustic Greek Yogurt 250g,Kaveri Plantations,DAIR-000228,890100528325,Dairy & Eggs,94,tub,334.44,549.43,2026-08-15,Aisle 03,chilled
Grass-Fed Sea Salt Paneer Block 2-Pack,Desi Organics Dairy,DAIR-000229,890100528326,Dairy & Eggs,98,carton,492.34,837.82,2026-09-18,Aisle 03,chilled
Organic Chatpata Masala Veg Spring Rolls 2-Pack,Royal Indian Plantations,FROZ-000230,890100528327,Frozen Foods,249,pack,203.19,268.54,2027-01-02,Aisle 08,frozen
Stone-Ground Atlantic Salmon Fillet 8-Pack,Green Earth Botanicals,MEAT-000231,890100528328,Meat & Seafood,201,kg,219.58,334.69,2026-09-01,Aisle 05,chilled
Cold-Pressed Pav 6-Pack 750g,Nilgiri Kitchens,BAKE-000232,890100528329,Bakery & Deli,227,box,174.11,248.65,2026-09-05,Aisle 03,ambient
Cold-Pressed Dark Chocolate Badam Milk Drink 10-Pack,Bhoomi Provisions,BEVE-000233,890100528330,Beverages,220,carton,152.69,204.80,2026-12-19,Aisle 05,ambient
Gourmet Rose Infused Hash Browns 6pk 400g,Vedic Fresh Provisions,FROZ-000234,890100528331,Frozen Foods,83,packet,233.70,427.79,2027-04-24,Aisle 09,frozen
Extra-Virgin Cardamom Spiced Fresh Mint (Pudina) 750g,Patanjali Farms,FRES-000235,890100528332,Fresh Produce,209,pcs,43.45,55.29,2026-09-11,Aisle 01,chilled
Signature Makhana Crunch Banana Chips Kerala Style 200ml,Pure Vedic Plantations,SNAC-000236,890100528333,Snacks & Confectionery,20,pack,283.27,515.51,2027-03-31,Aisle 09,ambient
Rustic Makhana Crunch Sweet Corn Kernels Family Pack,Pashmina Naturals,FROZ-000237,890100528334,Frozen Foods,54,pack,397.36,658.24,2027-06-05,Aisle 08,frozen
Royal Toasted Sesame French Fries Crispy 50g,Deccan Milling,FROZ-000238,890100528335,Frozen Foods,159,bag,313.42,496.59,2026-08-30,Aisle 08,frozen
Golden Fruit Cake Slice 250ml,Desi Organics Dairy,BAKE-000239,890100528336,Bakery & Deli,40,pack,292.20,432.22,2026-08-17,Aisle 03,ambient
Valley Fresh Coconut Cream Butter Murukku 4-Pack,Green Earth Mills,SNAC-000240,890100528337,Snacks & Confectionery,23,packet,343.48,511.69,2027-01-17,Aisle 09,ambient
Spiced Whole Wheat Atta Bread Family Pack,Nature Harvest Provisions,BAKE-000241,890100528338,Bakery & Deli,233,box,90.92,141.30,2026-08-28,Aisle 04,ambient
Extra-Virgin Tulsi Honey Cream Cheese 1L,Green Earth Botanicals,DAIR-000242,890100528339,Dairy & Eggs,158,bottle,288.42,520.66,2026-09-05,Aisle 03,chilled
Gourmet Brownie Bites 1L,Deccan Kitchens,BAKE-000243,890100528340,Bakery & Deli,112,pcs,315.92,542.96,2026-09-03,Aisle 04,ambient
Cured Rose Infused Nimbu Paani Soda 24-Pack,Dabur Agro,BEVE-000244,890100528341,Beverages,52,can,26.23,41.42,2026-12-01,Aisle 05,ambient
Desi Sparkling Mineral Water 12-Pack,Satvik Farms,BEVE-000245,890100528342,Beverages,19,pack,256.35,453.33,2027-02-13,Aisle 05,chilled
Wildcrafted Gourmet Cookies Choco-Chip 250ml,Royal Indian Naturals,SNAC-000246,890100528343,Snacks & Confectionery,26,tub,201.92,298.35,2027-02-17,Aisle 10,ambient
Farm-Fresh Kachi Ghani Mustard Spicy Peanut Chikki 10-Pack,Tata Farms,SNAC-000247,890100528344,Snacks & Confectionery,100,packet,183.49,277.96,2027-03-02,Aisle 10,ambient
Artisan Pista Almond Fresh Rohu Fish 10-Pack,Green Earth Organics,MEAT-000248,890100528345,Meat & Seafood,96,pcs,846.69,1198.89,2026-08-31,Aisle 04,chilled
Grass-Fed Hash Browns 6pk 250ml,Ganga Dairy,FROZ-000249,890100528346,Frozen Foods,93,pack,381.95,511.92,2027-06-04,Aisle 08,frozen
Premium Golden Ginger Ayurvedic Bath Soap 2L,Nature Harvest Harvest,HOUS-000250,890100528347,Household & Personal Care,181,bottle,538.56,979.13,2029-03-07,Aisle 11,ambient
Free-Range Nagpur Orange Kulcha 4-Pack 8-Pack,Saffola Goods,BAKE-000251,890100528348,Bakery & Deli,74,pack,304.28,534.36,2026-09-10,Aisle 03,chilled
Valley Fresh Tulsi Honey Fabric Softener Floral 750g,Heritage Provisions,HOUS-000252,890100528349,Household & Personal Care,55,packet,346.95,471.23,2028-02-12,Aisle 11,ambient
Pure Roasted Salted Cashews 300g,Ganga Naturals,SNAC-000253,890100528350,Snacks & Confectionery,115,box,543.22,770.71,2027-02-20,Aisle 09,ambient
Handcrafted Matcha Green Tea Mustard Oil Kachi Ghani 330ml,Himalayan Harvest,PANT-000254,890100528351,Pantry & Dry Goods,154,bag,239.17,416.03,2027-06-04,Aisle 08,ambient
Desi Red Chilli & Garlic Pineapples 250ml,Green Earth Provisions,FRES-000255,890100528352,Fresh Produce,247,pack,26.03,46.14,2026-09-09,Aisle 01,ambient
Roasted Rose Infused Brownie Bites 8-Pack,Patanjali Goods,BAKE-000256,890100528353,Bakery & Deli,28,pack,184.77,336.45,2026-08-18,Aisle 04,chilled
Raw Ayurvedic Bath Soap 1L,Ganga Plantations,HOUS-000257,890100528354,Household & Personal Care,149,bottle,147.85,204.53,2027-04-11,Aisle 11,ambient
Rustic Pista Almond Jeera Masala Soda Snack Pack,Everest Foods,BEVE-000258,890100528355,Beverages,130,bag,51.57,88.55,2027-01-18,Aisle 05,chilled
Sun-Dried Extra Virgin Olive Oil 300g,Royal Indian Naturals,PANT-000259,890100528356,Pantry & Dry Goods,146,bottle,51.55,70.63,2027-12-03,Aisle 07,ambient
Country Style Makhana Crunch French Fries Crispy 6-Pack,FarmGold Foods,FROZ-000260,890100528357,Frozen Foods,195,tub,340.62,562.76,2027-08-02,Aisle 09,frozen
Pure Masala Chai Chicken Drumsticks 5L,SunBrite Harvest,MEAT-000261,890100528358,Meat & Seafood,146,pack,577.04,829.15,2026-08-31,Aisle 05,chilled
Authentic Kachi Ghani Mustard Cauliflower 750g,Nilgiri Milling,FRES-000262,890100528359,Fresh Produce,93,pcs,124.94,182.06,2026-09-13,Aisle 01,ambient
Desi Bath Tissue 6-Pack 300g,Saffola Naturals,HOUS-000263,890100528360,Household & Personal Care,43,packet,422.19,612.79,2028-03-28,Aisle 12,ambient
Free-Range Toasted Sesame Roasted Makhana Foxnuts 1kg,Everest Botanicals,SNAC-000264,890100528361,Snacks & Confectionery,74,bag,502.64,902.41,2027-01-05,Aisle 10,ambient
Pure Liquid Laundry Detergent 24-Pack,Deccan Agro,HOUS-000265,890100528362,Household & Personal Care,111,tube,329.10,584.33,2027-11-10,Aisle 11,ambient
Authentic Roasted Makhana Foxnuts 2kg,Pashmina Harvest,SNAC-000266,890100528363,Snacks & Confectionery,208,bar,99.03,131.10,2027-02-26,Aisle 10,ambient
Select Soan Papdi Box Value Pack,Everest Springs,SNAC-000267,890100528364,Snacks & Confectionery,16,box,446.41,731.47,2027-03-13,Aisle 10,ambient
Desi Masala Chai Himalayan Spring Water 8-Pack,Organic Tattva Naturals,BEVE-000268,890100528365,Beverages,70,bottle,336.44,528.92,2027-03-01,Aisle 06,ambient
Stone-Ground Mustard Oil Kachi Ghani 1L,Saffola Naturals,PANT-000269,890100528366,Pantry & Dry Goods,247,jar,668.96,1117.71,2027-08-10,Aisle 07,ambient
Plant-Based Toasted Sesame Ginger Kombucha 250ml,Vedic Fresh Mills,BEVE-000270,890100528367,Beverages,82,pack,217.03,358.51,2027-01-20,Aisle 06,ambient
Artisan Chicken Salami 200g,Pashmina Kitchens,BAKE-000271,890100528368,Bakery & Deli,89,pcs,265.62,348.36,2026-09-04,Aisle 03,chilled
Sweet Golden Ginger Jeera Masala Soda 400g,Desi Organics Co.,BEVE-000272,890100528369,Beverages,54,bag,196.12,309.67,2027-05-14,Aisle 06,ambient
Valley Fresh Biodegradable Garbage Bags 330ml,Bhoomi Springs,HOUS-000273,890100528370,Household & Personal Care,112,box,174.91,306.91,2027-11-06,Aisle 12,ambient
Stone-Ground Rose Infused Bottle Gourd (Lauki) 10-Pack,SunBrite Dairy,FRES-000274,890100528371,Fresh Produce,56,kg,68.29,96.48,2026-09-15,Aisle 01,ambient
Handcrafted Truffle Infused Sona Masoori Rice 500g,Tata Foods,PANT-000275,890100528372,Pantry & Dry Goods,61,packet,174.93,252.49,2027-11-22,Aisle 08,ambient
Signature Iced Lemon Tea 400g,Nilgiri Agro,BEVE-000276,890100528373,Beverages,55,bottle,72.00,102.77,2027-08-27,Aisle 06,ambient
Stone-Ground Masala Chai Ayurvedic Bath Soap 50g,Urban Roots Foods,HOUS-000277,890100528374,Household & Personal Care,228,bottle,191.17,331.06,2026-08-26,Aisle 12,ambient
Country Style Spicy Peanut Chikki 6-Pack,Pure Vedic Springs,SNAC-000278,890100528375,Snacks & Confectionery,242,packet,498.67,749.30,2027-04-15,Aisle 10,ambient
Gluten-Free Bottle Gourd (Lauki) 1.5L,Amul Plantations,FRES-000279,890100528376,Fresh Produce,54,kg,75.44,133.32,2026-09-17,Aisle 02,chilled
Select Pista Almond Herbal Hand Wash Neem 200g,Pure Vedic Co.,HOUS-000280,890100528377,Household & Personal Care,218,bottle,411.78,628.69,2027-10-14,Aisle 11,ambient
Rustic Caramelized Onion Double Toned Milk Family Pack,Himalayan Foods,DAIR-000281,890100528378,Dairy & Eggs,180,box,145.93,188.16,2026-08-27,Aisle 03,chilled
Sweet Ajwain & Jeera Herbal Hand Wash Neem 1L,Satvik Organics,HOUS-000282,890100528379,Household & Personal Care,150,tube,575.41,988.00,2027-11-22,Aisle 11,ambient
Organic Bamboo Toothbrush 2pk 50g,Dabur Foods,HOUS-000283,890100528380,Household & Personal Care,113,tube,344.76,463.21,2027-10-22,Aisle 11,ambient
Raw Truffle Infused Toor Dal Premium 6-Pack,Desi Organics Harvest,PANT-000284,890100528381,Pantry & Dry Goods,72,box,122.20,225.53,2027-09-09,Aisle 07,ambient
Valley Fresh Caramelized Onion Organic Rolled Oats 150ml,Vedic Fresh Harvest,PANT-000285,890100528382,Pantry & Dry Goods,38,bottle,93.08,151.35,2027-08-11,Aisle 06,ambient
Whole-Grain Smoked Paprika Dry Fruits Trail Mix Value Pack,Vedic Fresh Kitchens,SNAC-000286,890100528383,Snacks & Confectionery,205,bar,456.34,842.71,2027-03-06,Aisle 10,ambient
Royal Coconut Cream Granola Health Bars 300g,Patanjali Plantations,SNAC-000287,890100528384,Snacks & Confectionery,20,bar,534.16,891.76,2027-02-23,Aisle 10,ambient
Desi Masala Chai Guavas 12-Pack,Kaveri Kitchens,FRES-000288,890100528385,Fresh Produce,207,pcs,107.28,156.31,2026-09-02,Aisle 01,chilled
Low-Sodium Sweet Corn Kernels 8-Pack,Deccan Farms,FROZ-000289,890100528386,Frozen Foods,216,tub,255.17,350.01,2026-08-28,Aisle 09,frozen
Cured Pista Almond Goat Mince Premium 50g,Desi Organics Mills,MEAT-000290,890100528387,Meat & Seafood,204,kg,731.36,1003.18,2026-09-02,Aisle 04,chilled
Country Style Lemon Pepper Sourdough Loaf 250g,Kaveri Plantations,BAKE-000291,890100528388,Bakery & Deli,38,pcs,212.24,296.30,2026-09-09,Aisle 03,chilled
Gourmet Cold Pressed Orange Juice 500ml,Pure Vedic Botanicals,BEVE-000292,890100528389,Beverages,102,bag,410.85,623.17,2026-11-01,Aisle 05,chilled
Stone-Ground Matcha Green Tea Curd Tub (Dahi) 10-Pack,Ganga Organics,DAIR-000293,890100528390,Dairy & Eggs,187,packet,53.01,83.16,2026-09-09,Aisle 03,chilled
Sun-Dried Fresh Chicken Curry Cut 8-Pack,Patanjali Organics,MEAT-000294,890100528391,Meat & Seafood,182,pack,408.61,679.38,2026-08-29,Aisle 04,chilled
Handcrafted Kachi Ghani Mustard Biodegradable Garbage Bags 750g,FarmGold Milling,HOUS-000295,890100528392,Household & Personal Care,149,tube,223.52,385.00,2029-03-05,Aisle 12,ambient
Aged Pista Almond Portobello Mushrooms 8-Pack,Mother Dairy Naturals,FRES-000296,890100528393,Fresh Produce,238,kg,27.72,44.14,2026-09-05,Aisle 02,chilled
Roasted Kashmiri Saffron Alphonso Kulfi Tub 500g,Satvik Mills,FROZ-000297,890100528394,Frozen Foods,175,tub,89.26,139.42,2026-11-08,Aisle 08,frozen
Cold-Pressed Red Chilli & Garlic Fresh Mint (Pudina) 250ml,Vedic Fresh Plantations,FRES-000298,890100528395,Fresh Produce,194,pack,132.93,244.89,2026-09-04,Aisle 02,chilled
Sun-Dried Jeera Masala Soda 5L,Desi Organics Springs,BEVE-000299,890100528396,Beverages,64,bag,418.53,558.01,2026-10-26,Aisle 06,ambient
Premium Red Chilli & Garlic Flavored Yogurt 8-Pack,Kaveri Harvest,DAIR-000300,890100528397,Dairy & Eggs,24,pack,154.76,282.72,2026-09-12,Aisle 02,chilled
Sun-Dried Roasted Makhana Foxnuts 200ml,Tata Milling,SNAC-000301,890100528398,Snacks & Confectionery,154,packet,115.82,163.06,2026-11-23,Aisle 10,ambient
Crisp Buffalo Milk 300g,FarmGold Dairy,DAIR-000302,890100528399,Dairy & Eggs,26,tub,223.65,304.76,2026-09-15,Aisle 02,chilled
Sweet Mustard Oil Kachi Ghani 8-Pack,Deccan Mills,PANT-000303,890100528400,Pantry & Dry Goods,172,bottle,651.99,1025.83,2027-02-05,Aisle 07,ambient
Sweet Banana Chips Kerala Style 10kg,Kaveri Harvest,SNAC-000304,890100528401,Snacks & Confectionery,192,tub,303.12,528.02,2027-02-01,Aisle 09,ambient
Premium Vanilla Bean Roasted Makhana Foxnuts 6-Pack,Pure Vedic Foods,SNAC-000305,890100528402,Snacks & Confectionery,33,pack,367.85,658.27,2027-05-16,Aisle 09,ambient
Rustic Gulab Jamun Tin 10-Pack,Urban Roots Milling,SNAC-000306,890100528403,Snacks & Confectionery,91,box,196.55,323.81,2026-11-02,Aisle 10,ambient
Homestyle Caramelized Onion Soy Milk Protein 6-Pack,Urban Roots Foods,DAIR-000307,890100528404,Dairy & Eggs,149,tub,237.77,398.98,2026-09-17,Aisle 02,chilled
Desi Kesar Pista Rusk Toast 12-Pack,Nature Harvest Naturals,BAKE-000308,890100528405,Bakery & Deli,67,pcs,242.13,305.39,2026-08-29,Aisle 03,ambient
Golden California Almonds 2-Pack,Bhoomi Dairy,SNAC-000309,890100528406,Snacks & Confectionery,218,pack,223.95,403.25,2027-06-05,Aisle 09,ambient
Desi Pista Almond Liquid Laundry Detergent 24-Pack,Nilgiri Botanicals,HOUS-000310,890100528407,Household & Personal Care,229,box,393.42,566.28,2029-05-12,Aisle 11,ambient
Heritage Nagpur Orange Chana Dal Polished 5kg,Urban Roots Plantations,PANT-000311,890100528408,Pantry & Dry Goods,184,packet,377.92,485.47,2027-08-15,Aisle 08,ambient
Low-Sodium Pure Jaggery Powder (Gud) 300g,Mother Dairy Provisions,PANT-000312,890100528409,Pantry & Dry Goods,170,bag,638.50,1095.51,2028-04-25,Aisle 08,ambient
Pure Chaash / Buttermilk 1L,FarmGold Harvest,DAIR-000313,890100528410,Dairy & Eggs,145,bottle,77.44,119.89,2026-09-25,Aisle 03,chilled
Sweet Coconut Cream Lentils Red Masoor 100g,Pashmina Dairy,PANT-000314,890100528411,Pantry & Dry Goods,231,can,116.64,156.50,2028-02-20,Aisle 07,ambient
Organic Kashmiri Saffron Organic Rolled Oats 4-Pack,Vedic Fresh Co.,PANT-000315,890100528412,Pantry & Dry Goods,103,bottle,250.61,414.28,2027-08-20,Aisle 07,ambient
Golden Caramelized Onion Kaju Katli Sweet Box 12-Pack,Himalayan Mills,SNAC-000316,890100528413,Snacks & Confectionery,194,bag,389.32,498.54,2026-11-01,Aisle 09,ambient
Wildcrafted Poha Thick Flakes 10-Pack,Organic Tattva Milling,PANT-000317,890100528414,Pantry & Dry Goods,85,bag,285.23,406.74,2028-02-29,Aisle 07,ambient
Golden Red Chilli & Garlic Butter Croissants 50g,Royal Indian Naturals,BAKE-000318,890100528415,Bakery & Deli,234,box,109.18,198.36,2026-09-07,Aisle 03,ambient
Authentic Garlic & Herb Brioche Burger Buns 24-Pack,Nature Harvest Naturals,BAKE-000319,890100528416,Bakery & Deli,89,box,114.53,146.62,2026-09-05,Aisle 03,chilled
Whole-Grain Mustard Oil Kachi Ghani 1.5L,Vedic Fresh Milling,PANT-000320,890100528417,Pantry & Dry Goods,236,bottle,747.38,1131.81,2028-04-20,Aisle 08,ambient
Pure Mutton Curry Cut 2L,Heritage Co.,MEAT-000321,890100528418,Meat & Seafood,26,pcs,242.22,445.84,2026-08-30,Aisle 04,chilled
Roasted Vanilla Bean Flavored Yogurt 500g,Catch Provisions,DAIR-000322,890100528419,Dairy & Eggs,227,box,38.84,57.73,2026-09-17,Aisle 02,chilled
Raw Espresso Roast Ground Coffee 8-Pack,FarmGold Dairy,BEVE-000323,890100528420,Beverages,120,bag,202.86,297.35,2027-04-05,Aisle 05,ambient
Traditional Tulsi Honey Frozen Green Peas 50g,Organic Tattva Kitchens,FROZ-000324,890100528421,Frozen Foods,147,tub,394.66,583.60,2027-08-15,Aisle 08,frozen
Artisan Sea Salt Kaju Katli Sweet Box 500ml,Saffola Milling,SNAC-000325,890100528422,Snacks & Confectionery,102,bag,100.94,180.68,2026-10-23,Aisle 09,ambient
Extra-Virgin Tulsi Honey Multigrain Tortillas 5L,Everest Botanicals,BAKE-000326,890100528423,Bakery & Deli,48,pcs,227.47,349.16,2026-08-31,Aisle 03,chilled
Roasted Mint Lime Electrolyte Energy Drink 150ml,Deccan Mills,BEVE-000327,890100528424,Beverages,146,pack,407.52,594.85,2027-06-16,Aisle 06,chilled
Heritage Jalapeno Lime Kulcha 4-Pack 12-Pack,Dabur Provisions,BAKE-000328,890100528425,Bakery & Deli,113,box,173.98,248.59,2026-08-28,Aisle 04,ambient
Plant-Based Red Chilli & Garlic Paneer Paratha Frozen 150g,Bhoomi Botanicals,FROZ-000329,890100528426,Frozen Foods,41,packet,180.72,308.42,2027-05-16,Aisle 08,frozen
Sweet Cardamom Spiced Organic Rolled Oats 100g,Royal Indian Provisions,PANT-000330,890100528427,Pantry & Dry Goods,173,can,255.53,376.53,2026-08-19,Aisle 07,ambient
Low-Sodium Moong Dal Washed 6-Pack,Royal Indian Organics,PANT-000331,890100528428,Pantry & Dry Goods,206,packet,675.23,941.15,2027-08-01,Aisle 08,ambient
Pure Alphonso Mango Biodegradable Garbage Bags 750g,Kaveri Goods,HOUS-000332,890100528429,Household & Personal Care,161,bottle,546.64,770.38,2028-08-20,Aisle 11,ambient
Country Style Kitchen Paper Towels 4-Roll 200g,Nature Harvest Goods,HOUS-000333,890100528430,Household & Personal Care,227,bottle,409.13,726.62,2027-08-10,Aisle 12,ambient
Handcrafted Alphonso Mango Royal Basmati Rice 400g,Bhoomi Milling,PANT-000334,890100528431,Pantry & Dry Goods,18,bottle,374.17,624.67,2026-08-28,Aisle 07,ambient
Organic Gouda Block 10-Pack,SunBrite Plantations,DAIR-000335,890100528432,Dairy & Eggs,7,carton,232.24,303.65,2026-09-26,Aisle 03,chilled
Crisp Kesar Pista Mustard Oil Kachi Ghani 1.5L,Pashmina Provisions,PANT-000336,890100528433,Pantry & Dry Goods,158,packet,473.12,652.56,2028-06-03,Aisle 07,ambient
Cured Truffle Infused Atlantic Salmon Fillet 10kg,Nilgiri Foods,MEAT-000337,890100528434,Meat & Seafood,170,pcs,705.35,886.06,2026-08-29,Aisle 05,chilled
Traditional Tandoori Smoked Hash Browns 6pk Snack Pack,Patanjali Kitchens,FROZ-000338,890100528435,Frozen Foods,43,tub,338.55,443.46,2027-03-07,Aisle 08,frozen
Homestyle Truffle Infused Dishwash Gel Lemon 300g,Fortune Goods,HOUS-000339,890100528436,Household & Personal Care,69,pack,372.36,610.41,2027-09-11,Aisle 11,ambient
Smoked Kesar Pista Cinnamon Swirl Buns 100g,Himalayan Goods,BAKE-000340,890100528437,Bakery & Deli,156,pcs,109.04,166.45,2026-08-28,Aisle 04,ambient
Cold-Pressed Garlic Naan Frozen 4pk 10-Pack,Dabur Harvest,FROZ-000341,890100528438,Frozen Foods,107,bag,419.33,616.20,2026-11-29,Aisle 09,frozen
Crisp Truffle Infused Badam Milk Drink 200g,Catch Naturals,BEVE-000342,890100528439,Beverages,27,carton,315.85,513.46,2027-02-08,Aisle 05,chilled
Whole-Grain Chatpata Masala Sona Masoori Rice 330ml,Saffola Foods,PANT-000343,890100528440,Pantry & Dry Goods,22,packet,670.46,1141.56,2027-04-01,Aisle 08,ambient
Cured Chicken Keema Family Pack,Mother Dairy Milling,MEAT-000344,890100528441,Meat & Seafood,144,pack,431.19,686.41,2026-09-02,Aisle 05,chilled
Low-Sodium Pasture Eggs 1.5L,Ganga Milling,DAIR-000345,890100528442,Dairy & Eggs,155,bottle,302.15,518.35,2026-08-30,Aisle 03,chilled
Heritage Palak Leaves 1.5L,Organic Tattva Dairy,FRES-000346,890100528443,Fresh Produce,128,bag,140.27,223.71,2026-09-02,Aisle 02,chilled
Pure Veg Spring Rolls 350g,FarmGold Plantations,FROZ-000347,890100528444,Frozen Foods,47,tub,151.25,238.39,2027-04-04,Aisle 09,frozen
Golden Tulsi Honey Chamomile Herbal Tea 6-Pack,Kaveri Kitchens,BEVE-000348,890100528445,Beverages,144,box,438.68,637.31,2026-11-30,Aisle 05,ambient
Farm-Fresh Cinnamon Spice Mozzarella Shredded 500g,Dabur Milling,DAIR-000349,890100528446,Dairy & Eggs,245,tub,442.01,702.15,2026-09-12,Aisle 02,chilled
Authentic Cardamom Spiced Butter Murukku 200ml,Bhoomi Provisions,SNAC-000350,890100528447,Snacks & Confectionery,30,bag,155.70,279.20,2027-04-03,Aisle 09,ambient
Stone-Ground Chatpata Masala Roasted Salted Cashews 1L,Royal Indian Springs,SNAC-000351,890100528448,Snacks & Confectionery,103,bag,55.16,85.28,2027-01-30,Aisle 10,ambient
Aged Mustard Oil Kachi Ghani 200g,FarmGold Organics,PANT-000352,890100528449,Pantry & Dry Goods,13,bag,657.83,968.59,2028-07-13,Aisle 08,ambient
Zero-Sugar Jalapeno Lime French Fries Crispy 400g,Catch Springs,FROZ-000353,890100528450,Frozen Foods,35,pack,93.30,161.41,2027-01-06,Aisle 09,frozen
Select Masala Chai Gulab Jamun Tin 1L,Royal Indian Milling,SNAC-000354,890100528451,Snacks & Confectionery,207,tub,439.65,736.08,2027-02-04,Aisle 10,ambient
Valley Fresh Pure Jaggery Powder (Gud) 5L,Everest Plantations,PANT-000355,890100528452,Pantry & Dry Goods,87,jar,272.83,430.87,2027-05-31,Aisle 08,ambient
Aged Moong Dal Washed 500ml,Urban Roots Harvest,PANT-000356,890100528453,Pantry & Dry Goods,211,bag,536.43,954.94,2027-11-17,Aisle 06,ambient
Stone-Ground Almond Milk 100g,Catch Springs,DAIR-000357,890100528454,Dairy & Eggs,18,packet,266.77,393.41,2026-09-14,Aisle 03,chilled
Select Chicken Salami 5kg,Satvik Milling,BAKE-000358,890100528455,Bakery & Deli,217,box,116.49,166.92,2026-09-06,Aisle 04,ambient
Unpolished Kachi Ghani Mustard Fresh Methi 330ml,Pashmina Provisions,FRES-000359,890100528456,Fresh Produce,212,kg,15.42,24.50,2026-09-13,Aisle 02,chilled
Raw Lassi Mango Infused 750ml,Green Earth Kitchens,DAIR-000360,890100528457,Dairy & Eggs,216,packet,302.29,503.60,2026-09-14,Aisle 03,chilled
Artisan Kachi Ghani Mustard Cinnamon Swirl Buns 200ml,Bhoomi Kitchens,BAKE-000361,890100528458,Bakery & Deli,89,pack,262.10,483.64,2026-08-30,Aisle 03,chilled
Authentic Iced Lemon Tea 2kg,Ganga Agro,BEVE-000362,890100528459,Beverages,101,can,137.72,197.49,2027-05-02,Aisle 06,ambient
Handcrafted Coconut Cream Roma Tomatoes 2kg,Satvik Plantations,FRES-000363,890100528460,Fresh Produce,129,pack,95.38,151.99,2026-08-31,Aisle 02,chilled
Cured Ajwain & Jeera Gouda Block 250ml,Everest Springs,DAIR-000364,890100528461,Dairy & Eggs,231,tub,375.51,617.08,2026-09-03,Aisle 02,chilled
Pure Chicken Salami 400g,Himalayan Provisions,BAKE-000365,890100528462,Bakery & Deli,115,box,245.56,345.26,2026-08-22,Aisle 04,chilled
Grass-Fed Truffle Infused Boneless Chicken Breast 200ml,Pure Vedic Plantations,MEAT-000366,890100528463,Meat & Seafood,11,pack,618.25,1062.04,2026-08-30,Aisle 04,chilled
Natural Tulsi Honey Shampoo Anti-Dandruff Snack Pack,Tata Organics,HOUS-000367,890100528464,Household & Personal Care,49,packet,247.44,366.44,2027-03-09,Aisle 12,ambient
Pure Pomegranates 2kg,Pashmina Milling,FRES-000368,890100528465,Fresh Produce,73,pcs,66.72,94.13,2026-09-11,Aisle 01,chilled
Gluten-Free Sea Salt Organic Rolled Oats 150g,Urban Roots Organics,PANT-000369,890100528466,Pantry & Dry Goods,109,jar,747.53,1067.65,2027-12-08,Aisle 08,ambient
Country Style Surmai Steaks 2L,Heritage Naturals,MEAT-000370,890100528467,Meat & Seafood,212,pcs,633.36,926.05,2026-08-29,Aisle 04,chilled
Free-Range Gulab Jamun Tin 6-Pack,Kaveri Organics,SNAC-000371,890100528468,Snacks & Confectionery,214,bag,382.79,667.45,2027-06-05,Aisle 09,ambient
Farm-Fresh Masala Chai Brownie Bites Snack Pack,Ganga Dairy,BAKE-000372,890100528469,Bakery & Deli,176,pack,275.34,410.98,2026-08-19,Aisle 04,ambient
Sweet Mint Lime Chana Dal Polished 1kg,Heritage Goods,PANT-000373,890100528470,Pantry & Dry Goods,75,bottle,677.28,931.49,2028-08-11,Aisle 07,ambient
Grass-Fed Fresh Mosambi Juice 4-Pack,Everest Springs,BEVE-000374,890100528471,Beverages,77,box,327.70,472.29,2026-09-17,Aisle 05,chilled
Gourmet Dark Chocolate Aloo Tikki 8-Pack 200ml,Bhoomi Milling,FROZ-000375,890100528472,Frozen Foods,33,pack,138.92,255.14,2027-06-29,Aisle 09,frozen
Country Style Chatpata Masala Aloo Tikki 8-Pack 250g,Organic Tattva Foods,FROZ-000376,890100528473,Frozen Foods,249,bag,343.56,511.54,2026-11-18,Aisle 09,frozen
Plant-Based Poha Thick Flakes 5L,Himalayan Goods,PANT-000377,890100528474,Pantry & Dry Goods,79,bag,71.58,115.90,2027-07-27,Aisle 06,ambient
Rustic Pink Himalayan Salt 500ml,FarmGold Springs,PANT-000378,890100528475,Pantry & Dry Goods,211,can,333.93,431.97,2028-01-20,Aisle 08,ambient
Raw Dark Chocolate Tender Coconut Water 1L,FarmGold Provisions,BEVE-000379,890100528476,Beverages,22,box,303.07,539.00,2027-05-16,Aisle 06,ambient
Aged Kesar Pista Mosquito Vaporizer Refill 750g,Nilgiri Provisions,HOUS-000380,890100528477,Household & Personal Care,88,pack,185.23,263.46,2028-10-24,Aisle 11,ambient
Smoked Mosquito Vaporizer Refill 250ml,Vedic Fresh Mills,HOUS-000381,890100528478,Household & Personal Care,85,tube,364.06,512.70,2029-02-27,Aisle 11,ambient
Cold-Pressed Kaju Katli Sweet Box Snack Pack,Ganga Organics,SNAC-000382,890100528479,Snacks & Confectionery,126,tub,502.71,684.58,2027-01-02,Aisle 09,ambient
Handcrafted Cardamom Spiced Frozen Samosas 1kg,Saffola Botanicals,FROZ-000383,890100528480,Frozen Foods,220,box,100.16,180.73,2027-07-08,Aisle 09,frozen
Raw Coconut Cream Surface Floor Cleaner Rose 1.5L,Dabur Dairy,HOUS-000384,890100528481,Household & Personal Care,124,tube,343.74,456.78,2028-09-27,Aisle 12,ambient
Plant-Based Sweet Corn Kernels 750g,Organic Tattva Springs,FROZ-000385,890100528482,Frozen Foods,197,box,194.58,356.59,2027-06-14,Aisle 08,frozen
Roasted Multigrain Tortillas 350g,Urban Roots Provisions,BAKE-000386,890100528483,Bakery & Deli,124,pcs,155.85,284.11,2026-08-29,Aisle 04,ambient
Traditional Rose Infused Amla Juice Pure 150g,Nature Harvest Milling,BEVE-000387,890100528484,Beverages,151,pack,257.71,462.23,2027-03-28,Aisle 06,ambient
Royal Sea Salt Soy Milk Protein Family Pack,Tata Plantations,DAIR-000388,890100528485,Dairy & Eggs,82,packet,447.17,715.32,2026-08-28,Aisle 03,chilled
Valley Fresh Dark Chocolate Paneer Paratha Frozen Value Pack,Patanjali Farms,FROZ-000389,890100528486,Frozen Foods,213,pack,198.02,252.75,2027-05-14,Aisle 08,frozen
Desi Sweet Tamarind Organic Brown Sugar Value Pack,Tata Milling,PANT-000390,890100528487,Pantry & Dry Goods,20,jar,516.38,929.60,2027-07-24,Aisle 06,ambient
Golden Alphonso Mango Cashew Paste Curry Base 150g,Tata Botanicals,PANT-000391,890100528488,Pantry & Dry Goods,237,box,656.29,943.67,2027-07-13,Aisle 08,ambient
Select Toasted Sesame Shampoo Anti-Dandruff 200ml,Heritage Harvest,HOUS-000392,890100528489,Household & Personal Care,136,box,126.54,170.04,2028-04-19,Aisle 12,ambient
Extra-Virgin Garlic & Herb Butter Murukku 5kg,Kaveri Botanicals,SNAC-000393,890100528490,Snacks & Confectionery,179,bar,51.96,93.45,2027-04-29,Aisle 09,ambient
Unpolished Kachi Ghani Mustard Unsalted White Butter 330ml,Ganga Farms,DAIR-000394,890100528491,Dairy & Eggs,224,bottle,233.22,331.24,2026-08-29,Aisle 03,chilled
Grass-Fed Filter Coffee Beans 250g,Tata Milling,BEVE-000395,890100528492,Beverages,139,box,379.58,700.09,2027-02-26,Aisle 06,ambient
Royal Greek Yogurt 1kg,Royal Indian Kitchens,DAIR-000396,890100528493,Dairy & Eggs,180,tub,30.97,53.44,2026-09-19,Aisle 03,chilled
Unpolished Tulsi Honey Crab Meat Fresh 1.5L,Himalayan Mills,MEAT-000397,890100528494,Meat & Seafood,65,kg,785.32,1423.10,2026-08-29,Aisle 05,chilled
Stone-Ground Toor Dal Premium 1.5L,Nilgiri Harvest,PANT-000398,890100528495,Pantry & Dry Goods,97,bottle,177.26,254.25,2028-07-11,Aisle 08,ambient
Raw 70% Dark Chocolate Bar Family Pack,Deccan Dairy,SNAC-000399,890100528496,Snacks & Confectionery,182,packet,44.89,79.34,2026-10-26,Aisle 10,ambient
Cold-Pressed Caramelized Onion Tender Coconut Water 150ml,Patanjali Goods,BEVE-000400,890100528497,Beverages,31,pack,156.50,280.50,2027-02-26,Aisle 05,ambient
Wildcrafted Alphonso Mango Pav 6-Pack 750ml,Urban Roots Plantations,BAKE-000401,890100528498,Bakery & Deli,218,pcs,201.90,351.75,2026-08-31,Aisle 04,chilled
Free-Range Chicken Sausages 150g,Vedic Fresh Naturals,MEAT-000402,890100528499,Meat & Seafood,121,pack,166.00,241.41,2026-08-30,Aisle 05,chilled
Aged Garlic & Herb Fabric Softener Floral Snack Pack,Desi Organics Milling,HOUS-000403,890100528500,Household & Personal Care,6,box,526.49,771.01,2028-03-02,Aisle 11,ambient
Cured Dry Fruits Trail Mix 300g,Catch Foods,SNAC-000404,890100528501,Snacks & Confectionery,145,tub,375.63,663.63,2026-11-04,Aisle 10,ambient
Extra-Virgin Caramelized Onion Broccoli Crowns 1L,Royal Indian Provisions,FRES-000405,890100528502,Fresh Produce,196,pack,44.83,78.77,2026-08-31,Aisle 02,ambient
Cured Butter Croissants 10kg,Tata Harvest,BAKE-000406,890100528503,Bakery & Deli,130,box,155.69,234.95,2026-09-10,Aisle 03,chilled
Country Style Red Chilli & Garlic Chicken Frankfurters 5kg,Patanjali Harvest,BAKE-000407,890100528504,Bakery & Deli,154,box,251.31,339.52,2026-08-29,Aisle 04,ambient
Spiced Makhana Crunch Pomfret Whole 1kg,Catch Botanicals,MEAT-000408,890100528505,Meat & Seafood,102,kg,169.11,231.78,2026-08-29,Aisle 04,chilled
Zero-Sugar Nagpur Orange Amla Juice Pure 500g,Organic Tattva Agro,BEVE-000409,890100528506,Beverages,115,can,292.05,525.01,2026-09-10,Aisle 06,chilled
Homestyle Lemon Pepper Fresh Methi 50g,Desi Organics Agro,FRES-000410,890100528507,Fresh Produce,97,bag,156.49,232.08,2026-09-10,Aisle 01,chilled
Organic Organic Brown Sugar 250g,Green Earth Milling,PANT-000411,890100528508,Pantry & Dry Goods,48,bottle,666.69,1065.75,2027-05-26,Aisle 08,ambient
Gourmet Moong Dal Washed 10kg,Nilgiri Goods,PANT-000412,890100528509,Pantry & Dry Goods,196,bottle,431.30,581.98,2027-01-25,Aisle 06,ambient
Free-Range Chatpata Masala Cucumbers 1.5L,Kaveri Farms,FRES-000413,890100528510,Fresh Produce,63,pcs,132.58,209.70,2026-09-08,Aisle 02,ambient
Rustic Jalapeno Lime Roasted Makhana Foxnuts 750ml,Fortune Naturals,SNAC-000414,890100528511,Snacks & Confectionery,19,bar,45.43,58.27,2027-06-16,Aisle 10,ambient
Sun-Dried Toned Milk 2-Pack,Satvik Dairy,DAIR-000415,890100528512,Dairy & Eggs,8,box,198.79,272.57,2026-09-25,Aisle 03,chilled
Cured Mint Lime Moong Dal Namkeen 2-Pack,Vedic Fresh Agro,SNAC-000416,890100528513,Snacks & Confectionery,169,packet,420.70,609.18,2027-01-17,Aisle 09,ambient
Select Granola Health Bars 250ml,Tata Harvest,SNAC-000417,890100528514,Snacks & Confectionery,93,packet,169.99,305.36,2027-03-04,Aisle 10,ambient
Extra-Virgin French Fries Crispy 150ml,Kaveri Organics,FROZ-000418,890100528515,Frozen Foods,76,tub,227.93,368.05,2027-08-17,Aisle 09,frozen
Select Diet Mixture Namkeen 200g,Royal Indian Dairy,SNAC-000419,890100528516,Snacks & Confectionery,183,pack,43.01,59.74,2027-02-19,Aisle 09,ambient
Cold-Pressed Roasted Makhana Foxnuts 10-Pack,Kaveri Harvest,SNAC-000420,890100528517,Snacks & Confectionery,186,bar,473.43,817.36,2027-05-15,Aisle 09,ambient
Natural Pista Almond Carrots Family Pack,Pure Vedic Harvest,FRES-000421,890100528518,Fresh Produce,40,pcs,19.81,35.82,2026-09-14,Aisle 02,ambient
Aged Soan Papdi Box 150g,Fortune Kitchens,SNAC-000422,890100528519,Snacks & Confectionery,153,tub,519.51,706.95,2027-06-06,Aisle 10,ambient
Authentic Lemon Pepper Kulcha 4-Pack 500g,FarmGold Foods,BAKE-000423,890100528520,Bakery & Deli,15,pack,160.34,250.35,2026-09-05,Aisle 03,chilled
Handcrafted Veg Spring Rolls 500g,Desi Organics Provisions,FROZ-000424,890100528521,Frozen Foods,86,tub,405.29,639.50,2027-03-18,Aisle 08,frozen
Select Floor Disinfectant Pine 250g,SunBrite Kitchens,HOUS-000425,890100528522,Household & Personal Care,208,tube,221.57,336.58,2029-05-07,Aisle 11,ambient
Extra-Virgin Lentils Red Masoor 500ml,Amul Dairy,PANT-000426,890100528523,Pantry & Dry Goods,92,box,620.36,780.16,2028-07-02,Aisle 08,ambient
Wildcrafted Masala Chai Goat Mince Premium 200g,Ganga Dairy,MEAT-000427,890100528524,Meat & Seafood,164,kg,652.40,1074.28,2026-08-30,Aisle 04,chilled
Country Style Pomfret Whole 5L,Patanjali Goods,MEAT-000428,890100528525,Meat & Seafood,77,pcs,585.03,884.39,2026-09-02,Aisle 05,chilled
Golden Dark Chocolate Mishri Mawa 1kg,Nature Harvest Springs,DAIR-000429,890100528526,Dairy & Eggs,37,carton,268.27,428.56,2026-09-23,Aisle 02,chilled
Wildcrafted Tandoori Smoked Custard Apple (Sitaphal) 750g,Tata Milling,FRES-000430,890100528527,Fresh Produce,123,bag,149.23,194.70,2026-09-09,Aisle 02,chilled
Royal Cardamom Spiced Cow Milk 100g,Nilgiri Kitchens,DAIR-000431,890100528528,Dairy & Eggs,123,bottle,506.79,927.89,2026-09-19,Aisle 03,chilled
Farm-Fresh Vanilla Bean Crab Meat Fresh 150g,Pure Vedic Milling,MEAT-000432,890100528529,Meat & Seafood,220,kg,499.01,881.26,2026-09-02,Aisle 05,chilled
Royal Nagpur Orange Chicken Keema 750g,Amul Dairy,MEAT-000433,890100528530,Meat & Seafood,191,pcs,211.91,271.89,2026-09-02,Aisle 04,chilled
Organic Ayurvedic Bath Soap 5L,Green Earth Agro,HOUS-000434,890100528531,Household & Personal Care,210,box,506.36,823.22,2029-04-15,Aisle 12,ambient
Natural Tulsi Honey Greek Yogurt 500g,Desi Organics Botanicals,DAIR-000435,890100528532,Dairy & Eggs,236,carton,372.91,634.61,2026-09-26,Aisle 03,chilled
Farm-Fresh Chicken Drumsticks 2-Pack,Ganga Dairy,MEAT-000436,890100528533,Meat & Seafood,44,pack,679.96,1155.66,2026-08-30,Aisle 04,chilled
Smoked Caramelized Onion Rawa Sooji 250g,Nature Harvest Goods,PANT-000437,890100528534,Pantry & Dry Goods,101,can,247.78,336.18,2027-10-26,Aisle 07,ambient
Handcrafted Veg Spring Rolls 2kg,Pashmina Agro,FROZ-000438,890100528535,Frozen Foods,84,packet,392.17,663.46,2026-08-29,Aisle 08,frozen
Golden Frozen Paneer Cubes Family Pack,Kaveri Organics,FROZ-000439,890100528536,Frozen Foods,85,packet,319.53,423.04,2026-12-31,Aisle 08,frozen
Gluten-Free Coconut Cream Ayurvedic Bath Soap 1.5L,Organic Tattva Mills,HOUS-000440,890100528537,Household & Personal Care,155,packet,263.44,396.41,2027-03-20,Aisle 12,ambient
Royal Spicy Peanut Chikki 1kg,Dabur Foods,SNAC-000441,890100528538,Snacks & Confectionery,38,box,422.13,606.78,2027-04-13,Aisle 10,ambient
Gluten-Free Fabric Softener Floral 200g,SunBrite Farms,HOUS-000442,890100528539,Household & Personal Care,28,pack,500.67,794.02,2027-06-26,Aisle 11,ambient
Farm-Fresh Dark Chocolate Goat Mince Premium 5L,Tata Provisions,MEAT-000443,890100528540,Meat & Seafood,174,pcs,564.71,743.28,2026-08-30,Aisle 04,chilled
Plant-Based Coconut Cream Paneer Paratha Frozen Value Pack,Mother Dairy Organics,FROZ-000444,890100528541,Frozen Foods,231,pack,312.72,505.85,2026-11-10,Aisle 09,frozen
Homestyle Nagpur Orange Veg Burger Patties 100g,Nature Harvest Organics,FROZ-000445,890100528542,Frozen Foods,111,packet,259.40,445.29,2027-02-01,Aisle 08,frozen
Royal Pears 150g,Nature Harvest Harvest,FRES-000446,890100528543,Fresh Produce,208,bag,26.87,42.62,2026-08-28,Aisle 01,ambient
Unpolished Mint Lime Almond Milk 150ml,Nilgiri Harvest,DAIR-000447,890100528544,Dairy & Eggs,111,pack,368.25,494.98,2026-09-26,Aisle 02,chilled
Grass-Fed Sea Salt 70% Dark Chocolate Bar 2-Pack,Himalayan Botanicals,SNAC-000448,890100528545,Snacks & Confectionery,197,bag,45.34,70.84,2027-04-16,Aisle 09,ambient
Gluten-Free Cinnamon Spice Dishwash Gel Lemon 200ml,Everest Co.,HOUS-000449,890100528546,Household & Personal Care,197,packet,218.04,401.22,2028-01-25,Aisle 11,ambient
Premium Truffle Infused Roasted Makhana Foxnuts 500ml,Vedic Fresh Botanicals,SNAC-000450,890100528547,Snacks & Confectionery,212,pack,432.96,781.88,2026-10-12,Aisle 10,ambient
Smoked Dry Fruits Trail Mix 400g,Tata Co.,SNAC-000451,890100528548,Snacks & Confectionery,39,packet,331.23,452.36,2027-05-06,Aisle 09,ambient
Rustic Truffle Infused Chicken Sausages 200ml,Vedic Fresh Springs,MEAT-000452,890100528549,Meat & Seafood,249,kg,306.70,500.25,2026-09-03,Aisle 04,chilled
Golden Mint Lime Chicken Drumsticks 50g,Pure Vedic Organics,MEAT-000453,890100528550,Meat & Seafood,62,kg,277.35,440.29,2026-08-30,Aisle 04,chilled
Low-Sodium Baby Spinach 330ml,Fortune Co.,FRES-000454,890100528551,Fresh Produce,237,kg,141.36,215.44,2026-08-29,Aisle 02,ambient
Select Cinnamon Spice Veg Burger Patties Snack Pack,Deccan Springs,FROZ-000455,890100528552,Frozen Foods,15,tub,113.09,190.28,2026-08-18,Aisle 08,frozen
Wildcrafted Veg Burger Patties Snack Pack,Satvik Farms,FROZ-000456,890100528553,Frozen Foods,60,bag,181.23,243.94,2027-02-22,Aisle 08,frozen
Heritage Bagel Plain 4pk 250ml,Everest Naturals,BAKE-000457,890100528554,Bakery & Deli,66,pcs,104.13,135.28,2026-08-31,Aisle 03,ambient
Heritage Cardamom Spiced Sweet Corn Kernels 100g,Bhoomi Harvest,FROZ-000458,890100528555,Frozen Foods,152,packet,61.57,88.72,2027-04-30,Aisle 08,frozen
Whole-Grain Toasted Sesame Mustard Oil Kachi Ghani 500ml,Deccan Mills,PANT-000459,890100528556,Pantry & Dry Goods,198,can,681.90,879.62,2027-10-22,Aisle 06,ambient
Low-Sodium Sea Salt Chamomile Herbal Tea Snack Pack,Bhoomi Springs,BEVE-000460,890100528557,Beverages,180,box,330.45,456.35,2026-08-21,Aisle 06,ambient
Premium Fabric Softener Floral 2L,Pure Vedic Farms,HOUS-000461,890100528558,Household & Personal Care,201,box,111.73,170.70,2029-02-06,Aisle 12,ambient
Pure Nagpur Orange Clove & Mint Toothpaste 400g,Everest Milling,HOUS-000462,890100528559,Household & Personal Care,183,tube,408.50,515.22,2027-12-16,Aisle 11,ambient
Golden Rusk Toast 1kg,Royal Indian Springs,BAKE-000463,890100528560,Bakery & Deli,245,box,48.97,81.93,2026-08-28,Aisle 03,chilled
Plant-Based Smoked Chicken Slices 400g,Organic Tattva Agro,BAKE-000464,890100528561,Bakery & Deli,31,pack,178.10,280.52,2026-09-04,Aisle 03,ambient
Handcrafted Mutton Curry Cut 5kg,Urban Roots Farms,MEAT-000465,890100528562,Meat & Seafood,230,pack,543.25,874.19,2026-09-02,Aisle 05,chilled
Sweet Herbal Hand Wash Neem 750ml,Bhoomi Dairy,HOUS-000466,890100528563,Household & Personal Care,16,box,531.29,766.26,2028-12-23,Aisle 11,ambient
Stone-Ground Butter Croissants Snack Pack,FarmGold Farms,BAKE-000467,890100528564,Bakery & Deli,190,pcs,184.97,245.84,2026-08-30,Aisle 03,ambient
Unpolished Kesar Pista Green Peas Fresh 200ml,Everest Foods,FRES-000468,890100528565,Fresh Produce,198,kg,43.43,59.17,2026-09-16,Aisle 02,ambient
Stone-Ground Almond Milk 300g,Heritage Co.,DAIR-000469,890100528566,Dairy & Eggs,105,pack,182.10,325.72,2026-09-23,Aisle 02,chilled
Gourmet Ajwain & Jeera Floor Disinfectant Pine 1.5L,Everest Co.,HOUS-000470,890100528567,Household & Personal Care,233,tube,418.85,715.18,2026-08-27,Aisle 12,ambient
Valley Fresh Matcha Green Tea Espresso Roast Ground Coffee 330ml,FarmGold Foods,BEVE-000471,890100528568,Beverages,74,box,402.42,605.21,2027-07-01,Aisle 06,ambient
Natural Sea Salt Fruit Muffins 750g,Kaveri Kitchens,BAKE-000472,890100528569,Bakery & Deli,54,box,243.12,316.79,2026-08-28,Aisle 04,chilled
Free-Range Masala Potato Chips 500ml,Patanjali Harvest,SNAC-000473,890100528570,Snacks & Confectionery,40,box,59.98,91.28,2027-05-13,Aisle 09,ambient
Golden Kachi Ghani Mustard Fish Fingers Frozen Snack Pack,Deccan Foods,FROZ-000474,890100528571,Frozen Foods,127,tub,307.48,394.99,2027-05-21,Aisle 09,frozen
Free-Range Butter Croissants Family Pack,Dabur Springs,BAKE-000475,890100528572,Bakery & Deli,58,pack,107.25,137.33,2026-08-28,Aisle 03,ambient
Handcrafted Frozen Samosas 200g,Dabur Goods,FROZ-000476,890100528573,Frozen Foods,120,pack,121.59,196.57,2026-08-27,Aisle 09,frozen
Signature Pomfret Whole 6-Pack,Desi Organics Plantations,MEAT-000477,890100528574,Meat & Seafood,129,pcs,504.65,639.14,2026-09-01,Aisle 05,chilled
Golden Clove & Mint Toothpaste 2-Pack,Green Earth Naturals,HOUS-000478,890100528575,Household & Personal Care,51,pack,145.85,217.51,2028-01-16,Aisle 12,ambient
Spiced Cinnamon Swirl Buns 2L,Mother Dairy Milling,BAKE-000479,890100528576,Bakery & Deli,195,pack,215.22,275.09,2026-09-06,Aisle 03,chilled
Zero-Sugar Coconut Cream Garlic Focaccia 400g,Pashmina Dairy,BAKE-000480,890100528577,Bakery & Deli,139,pack,103.91,172.62,2026-08-30,Aisle 04,chilled
Cured Feta Cheese 200g,Mother Dairy Harvest,DAIR-000481,890100528578,Dairy & Eggs,174,tub,273.37,430.83,2026-09-10,Aisle 02,chilled
Whole-Grain Rose Infused Kaju Katli Sweet Box 1.5L,Ganga Co.,SNAC-000482,890100528579,Snacks & Confectionery,219,packet,90.77,147.16,2027-04-08,Aisle 09,ambient
Farm-Fresh Organic Green Tea 330ml,Amul Kitchens,BEVE-000483,890100528580,Beverages,135,carton,238.92,342.23,2026-08-27,Aisle 05,chilled
Free-Range Coconut Milk Canned 8-Pack,Deccan Goods,PANT-000484,890100528581,Pantry & Dry Goods,31,can,476.10,834.61,2027-03-31,Aisle 08,ambient
Whole-Grain Surface Floor Cleaner Rose 10kg,Fortune Plantations,HOUS-000485,890100528582,Household & Personal Care,186,tube,379.28,528.19,2026-08-21,Aisle 11,ambient
Whole-Grain Paneer Paratha Frozen 1kg,Dabur Provisions,FROZ-000486,890100528583,Frozen Foods,172,bag,405.00,524.07,2027-04-18,Aisle 09,frozen
Homestyle Kachi Ghani Mustard Edamame Pods 150g,Kaveri Dairy,FROZ-000487,890100528584,Frozen Foods,245,pack,73.89,136.20,2026-11-05,Aisle 09,frozen
Low-Sodium Kesar Pista Pav 6-Pack 1.5L,Nilgiri Co.,BAKE-000488,890100528585,Bakery & Deli,29,box,129.27,212.08,2026-08-30,Aisle 04,ambient
Handcrafted Vanilla Bean Multigrain Tortillas Snack Pack,Patanjali Organics,BAKE-000489,890100528586,Bakery & Deli,126,pcs,256.26,436.69,2026-09-04,Aisle 04,ambient
Sun-Dried Alphonso Mango Cinnamon Swirl Buns 10-Pack,Himalayan Botanicals,BAKE-000490,890100528587,Bakery & Deli,164,box,200.71,300.11,2026-09-07,Aisle 04,chilled
Heritage Toasted Sesame Catla Fish Steaks 300g,Royal Indian Organics,MEAT-000491,890100528588,Meat & Seafood,148,pack,352.77,638.76,2026-09-03,Aisle 05,chilled
Heritage Kashmiri Saffron Pure Jaggery Powder (Gud) 10-Pack,Nature Harvest Plantations,PANT-000492,890100528589,Pantry & Dry Goods,198,box,745.73,1124.37,2027-07-20,Aisle 08,ambient
Sun-Dried Golden Ginger Parmigiano-Reggiano 4-Pack,Organic Tattva Botanicals,DAIR-000493,890100528590,Dairy & Eggs,199,bottle,98.76,160.22,2026-09-13,Aisle 02,chilled
Grass-Fed Tulsi Honey Green Peas Fresh 1kg,Desi Organics Mills,FRES-000494,890100528591,Fresh Produce,178,bag,18.92,33.73,2026-08-28,Aisle 02,ambient
Desi Jalapeno Lime Coconut Milk Canned 50g,Green Earth Co.,PANT-000495,890100528592,Pantry & Dry Goods,64,box,493.94,785.81,2027-12-30,Aisle 06,ambient
Roasted Sweet Tamarind Organic Sharbati Atta 10-Pack,Kaveri Provisions,PANT-000496,890100528593,Pantry & Dry Goods,200,bag,505.92,744.14,2027-12-24,Aisle 06,ambient
Low-Sodium Chicken Frankfurters 2L,Ganga Mills,BAKE-000497,890100528594,Bakery & Deli,90,pcs,222.63,396.08,2026-08-31,Aisle 04,ambient
Cold-Pressed Curd Tub (Dahi) 500ml,Catch Organics,DAIR-000498,890100528595,Dairy & Eggs,215,box,241.60,395.55,2026-09-21,Aisle 02,chilled
Sun-Dried Tulsi Honey Smoked Chicken Slices 1.5L,FarmGold Botanicals,BAKE-000499,890100528596,Bakery & Deli,68,pcs,71.85,95.89,2026-09-02,Aisle 03,ambient
Crisp Clove & Mint Toothpaste 300g,Nature Harvest Goods,HOUS-000500,890100528597,Household & Personal Care,137,bottle,43.41,66.92,2029-04-28,Aisle 12,ambient
Spiced Cinnamon Spice Rawa Sooji 5L,Pure Vedic Farms,PANT-000501,890100528598,Pantry & Dry Goods,98,box,464.07,793.00,2028-02-02,Aisle 08,ambient
Premium Matcha Green Tea Frozen Green Peas 50g,Green Earth Goods,FROZ-000502,890100528599,Frozen Foods,136,pack,50.59,68.37,2027-01-03,Aisle 09,frozen
Natural Red Chilli & Garlic Squid Rings Cleaned 5L,Royal Indian Provisions,MEAT-000503,890100528600,Meat & Seafood,142,pcs,272.92,443.98,2026-09-01,Aisle 04,chilled
Golden Frozen Green Peas 6-Pack,Mother Dairy Farms,FROZ-000504,890100528601,Frozen Foods,121,tub,184.90,306.72,2026-08-28,Aisle 09,frozen
Natural Bath Tissue 6-Pack 5kg,Dabur Co.,HOUS-000505,890100528602,Household & Personal Care,99,bottle,219.89,364.06,2027-06-17,Aisle 11,ambient
Sweet Badam Milk Drink 2L,Nilgiri Milling,BEVE-000506,890100528603,Beverages,195,box,53.28,71.98,2027-03-28,Aisle 05,chilled
Premium Toasted Sesame Diet Mixture Namkeen 150ml,Mother Dairy Milling,SNAC-000507,890100528604,Snacks & Confectionery,234,pack,445.05,652.89,2026-12-18,Aisle 09,ambient
Premium Smoked Paprika Multigrain Tortillas 750g,SunBrite Milling,BAKE-000508,890100528605,Bakery & Deli,45,pcs,128.78,204.18,2026-08-30,Aisle 03,ambient
Extra-Virgin Heavy Cream 200ml,FarmGold Provisions,DAIR-000509,890100528606,Dairy & Eggs,230,bottle,426.35,678.74,2026-09-13,Aisle 03,chilled
Desi Wood-Fired Veggie Pizza Family Pack,Royal Indian Organics,FROZ-000510,890100528607,Frozen Foods,42,tub,101.20,184.82,2027-02-28,Aisle 08,frozen
Artisan Dishwash Gel Lemon 1kg,Deccan Agro,HOUS-000511,890100528608,Household & Personal Care,27,bottle,412.02,639.19,2028-04-24,Aisle 12,ambient
Desi Red Chilli & Garlic Atlantic Salmon Fillet 6-Pack,Ganga Milling,MEAT-000512,890100528609,Meat & Seafood,79,pack,640.23,877.61,2026-08-29,Aisle 04,chilled
Cold-Pressed Alphonso Kulfi Tub 150ml,Urban Roots Co.,FROZ-000513,890100528610,Frozen Foods,163,tub,264.65,487.05,2027-04-09,Aisle 08,frozen
Aged Chicken Keema 24-Pack,SunBrite Foods,MEAT-000514,890100528611,Meat & Seafood,52,pack,560.83,911.66,2026-08-29,Aisle 05,chilled
Heritage Truffle Infused Kulcha 4-Pack 1kg,SunBrite Springs,BAKE-000515,890100528612,Bakery & Deli,60,pcs,143.47,192.90,2026-09-04,Aisle 03,ambient
Whole-Grain Makhana Crunch Chicken Frankfurters 50g,Mother Dairy Milling,BAKE-000516,890100528613,Bakery & Deli,162,box,196.70,341.44,2026-09-01,Aisle 03,chilled
Unpolished Sweet Tamarind Greek Yogurt 150ml,Ganga Kitchens,DAIR-000517,890100528614,Dairy & Eggs,25,carton,181.63,272.10,2026-09-15,Aisle 03,chilled
Sun-Dried Golden Ginger California Almonds 150g,Patanjali Foods,SNAC-000518,890100528615,Snacks & Confectionery,241,bag,268.90,425.43,2027-01-12,Aisle 10,ambient
Handcrafted Bagel Plain 4pk 1L,Satvik Kitchens,BAKE-000519,890100528616,Bakery & Deli,175,pcs,138.21,184.02,2026-08-30,Aisle 04,ambient
Sweet Diet Mixture Namkeen 500ml,Deccan Botanicals,SNAC-000520,890100528617,Snacks & Confectionery,195,pack,40.04,55.15,2026-11-25,Aisle 10,ambient
Stone-Ground Tonic Water Premium 750ml,Himalayan Plantations,BEVE-000521,890100528618,Beverages,100,pack,326.40,411.78,2027-04-14,Aisle 05,chilled
Extra-Virgin Dark Chocolate Feta Cheese Family Pack,Everest Springs,DAIR-000522,890100528619,Dairy & Eggs,49,box,428.25,732.98,2026-09-16,Aisle 02,chilled
Cold-Pressed Buffalo Milk 500g,Desi Organics Dairy,DAIR-000523,890100528620,Dairy & Eggs,116,box,295.84,457.69,2026-08-31,Aisle 02,chilled
Wildcrafted Vanilla Bean Tonic Water Premium 1kg,Deccan Harvest,BEVE-000524,890100528621,Beverages,28,can,77.77,112.08,2026-08-29,Aisle 05,chilled
Golden Caramelized Onion Ciabatta Roll Value Pack,Deccan Kitchens,BAKE-000525,890100528622,Bakery & Deli,39,pcs,122.55,156.48,2026-09-06,Aisle 03,chilled
Natural Banana Chips Kerala Style 300g,Fortune Kitchens,SNAC-000526,890100528623,Snacks & Confectionery,111,pack,66.12,108.05,2027-02-28,Aisle 09,ambient
Sweet Tandoori Smoked Iced Lemon Tea 750g,Satvik Springs,BEVE-000527,890100528624,Beverages,118,box,180.86,255.51,2026-09-23,Aisle 06,ambient
Low-Sodium Pista Almond Sona Masoori Rice 200ml,Mother Dairy Agro,PANT-000528,890100528625,Pantry & Dry Goods,89,can,396.15,682.61,2027-02-09,Aisle 07,ambient
Low-Sodium Cheese Croissant 200ml,Green Earth Plantations,BAKE-000529,890100528626,Bakery & Deli,242,box,26.16,44.24,2026-08-18,Aisle 03,ambient
Gourmet Kabuli Chana Large 1L,Desi Organics Co.,PANT-000530,890100528627,Pantry & Dry Goods,175,packet,72.21,119.18,2026-08-30,Aisle 07,ambient
Organic Soan Papdi Box 24-Pack,Saffola Naturals,SNAC-000531,890100528628,Snacks & Confectionery,234,bag,132.95,188.77,2026-12-25,Aisle 09,ambient
Low-Sodium Liquid Laundry Detergent 8-Pack,Himalayan Harvest,HOUS-000532,890100528629,Household & Personal Care,208,packet,487.98,660.57,2029-01-05,Aisle 12,ambient
Authentic Toasted Sesame Goat Mince Premium 500g,Royal Indian Plantations,MEAT-000533,890100528630,Meat & Seafood,162,pcs,170.06,243.47,2026-08-30,Aisle 04,chilled
Desi Kachi Ghani Mustard Herbal Hand Wash Neem 10kg,Urban Roots Mills,HOUS-000534,890100528631,Household & Personal Care,150,bottle,491.81,716.30,2028-06-23,Aisle 12,ambient
Wildcrafted Vanilla Bean Cold Brew Coffee 6-Pack,Everest Farms,BEVE-000535,890100528632,Beverages,131,carton,251.77,420.39,2026-08-27,Aisle 05,chilled
Desi Kachi Ghani Mustard Kitchen Paper Towels 4-Roll 4-Pack,Heritage Botanicals,HOUS-000536,890100528633,Household & Personal Care,179,packet,32.94,46.17,2027-11-26,Aisle 11,ambient
Pure Bhujia Sev 1L,Green Earth Botanicals,SNAC-000537,890100528634,Snacks & Confectionery,240,packet,530.96,771.65,2027-05-19,Aisle 09,ambient
Country Style Fresh Mint (Pudina) 1L,Urban Roots Agro,FRES-000538,890100528635,Fresh Produce,144,bunch,149.64,206.36,2026-08-29,Aisle 01,ambient
Whole-Grain Jalapeno Lime Mutton Curry Cut 750g,Patanjali Plantations,MEAT-000539,890100528636,Meat & Seafood,178,pcs,149.40,203.30,2026-08-30,Aisle 04,chilled
Traditional Chicken Drumsticks 500ml,Mother Dairy Foods,MEAT-000540,890100528637,Meat & Seafood,59,pcs,401.19,527.04,2026-09-02,Aisle 05,chilled
Homestyle Banana Chips Kerala Style 8-Pack,Fortune Harvest,SNAC-000541,890100528638,Snacks & Confectionery,193,box,455.49,819.43,2027-03-17,Aisle 09,ambient
Valley Fresh Vanilla Bean Ginger Kombucha 6-Pack,Himalayan Milling,BEVE-000542,890100528639,Beverages,58,carton,238.15,396.04,2026-08-29,Aisle 05,ambient
Artisan Pista Almond Cow Milk 300g,Dabur Harvest,DAIR-000543,890100528640,Dairy & Eggs,163,packet,162.76,246.47,2026-09-11,Aisle 03,chilled
Wildcrafted Oat Milk 200g,Everest Dairy,DAIR-000544,890100528641,Dairy & Eggs,241,pack,40.24,63.03,2026-09-03,Aisle 02,chilled
Authentic Tandoori Smoked Tonic Water Premium 1.5L,Urban Roots Goods,BEVE-000545,890100528642,Beverages,51,bag,184.73,261.04,2027-02-14,Aisle 05,chilled
Homestyle Golden Ginger Mixed Berries Frozen 1L,Nature Harvest Co.,FROZ-000546,890100528643,Frozen Foods,171,box,336.95,525.27,2026-12-24,Aisle 08,frozen
Authentic Coconut Cream Malai Kulfi Bar 2kg,Pure Vedic Foods,FROZ-000547,890100528644,Frozen Foods,32,tub,298.81,383.35,2027-04-20,Aisle 09,frozen
Gluten-Free Sweet Tamarind Pav 6-Pack 250ml,Saffola Co.,BAKE-000548,890100528645,Bakery & Deli,196,pcs,151.63,208.03,2026-09-10,Aisle 04,ambient
Extra-Virgin Wood-Fired Veggie Pizza 250ml,Organic Tattva Farms,FROZ-000549,890100528646,Frozen Foods,119,packet,127.27,210.44,2026-08-23,Aisle 09,frozen
Rustic Jalapeno Lime Tonic Water Premium 300g,Deccan Co.,BEVE-000550,890100528647,Beverages,95,bag,354.70,612.29,2026-09-12,Aisle 06,chilled
Farm-Fresh Masala Chai Green Peas Fresh 4-Pack,Tata Organics,FRES-000551,890100528648,Fresh Produce,79,pack,121.35,155.10,2026-09-09,Aisle 02,ambient
Cold-Pressed Mint Lime Alphonso Kulfi Tub 6-Pack,Patanjali Plantations,FROZ-000552,890100528649,Frozen Foods,181,bag,213.65,346.49,2027-01-12,Aisle 09,frozen
Golden Red Chilli & Garlic Pomegranates 200ml,Urban Roots Harvest,FRES-000553,890100528650,Fresh Produce,66,pcs,127.83,207.06,2026-09-12,Aisle 02,chilled
Traditional Coconut Cream Oat Milk 100g,SunBrite Agro,DAIR-000554,890100528651,Dairy & Eggs,194,bottle,361.78,633.12,2026-09-21,Aisle 03,chilled
Stone-Ground Nagpur Orange Apples 200ml,Vedic Fresh Dairy,FRES-000555,890100528652,Fresh Produce,107,bag,154.10,215.84,2026-09-12,Aisle 02,ambient
Pure Sea Salt Salted Butter 500ml,Saffola Foods,DAIR-000556,890100528653,Dairy & Eggs,55,tub,505.89,662.92,2026-09-11,Aisle 02,chilled
Cold-Pressed Sweet Tamarind Coriander Leaves 10-Pack,Royal Indian Mills,FRES-000557,890100528654,Fresh Produce,201,bunch,66.64,121.84,2026-09-17,Aisle 02,chilled
Gluten-Free Feta Cheese 300g,Catch Organics,DAIR-000558,890100528655,Dairy & Eggs,82,tub,513.17,657.84,2026-09-19,Aisle 02,chilled
Extra-Virgin Gouda Block 50g,Saffola Foods,DAIR-000559,890100528656,Dairy & Eggs,85,packet,369.68,613.24,2026-09-11,Aisle 03,chilled
Valley Fresh Masala Chai Fresh Mint (Pudina) 1L,Himalayan Botanicals,FRES-000560,890100528657,Fresh Produce,122,kg,137.46,226.94,2026-09-01,Aisle 01,ambient
Aged Garlic & Herb Amla Juice Pure 250g,Ganga Organics,BEVE-000561,890100528658,Beverages,81,can,248.55,421.60,2027-04-14,Aisle 06,chilled
Unpolished Basa Fish Fillets Snack Pack,Deccan Farms,MEAT-000562,890100528659,Meat & Seafood,92,kg,860.39,1553.08,2026-08-16,Aisle 05,chilled
Zero-Sugar Golden Ginger Shampoo Anti-Dandruff Value Pack,Urban Roots Kitchens,HOUS-000563,890100528660,Household & Personal Care,16,packet,561.60,917.17,2028-09-18,Aisle 11,ambient
Rustic Kachi Ghani Mustard Pink Himalayan Salt 200g,Dabur Mills,PANT-000564,890100528661,Pantry & Dry Goods,32,bottle,283.38,428.76,2027-11-27,Aisle 07,ambient
Free-Range Guava Chilli Juice 12-Pack,Satvik Mills,BEVE-000565,890100528662,Beverages,14,carton,309.84,391.24,2027-08-08,Aisle 05,ambient
Authentic Atlantic Salmon Fillet Snack Pack,Desi Organics Dairy,MEAT-000566,890100528663,Meat & Seafood,124,pcs,691.52,941.59,2026-08-30,Aisle 05,chilled
Aged Matcha Green Tea Seedless Grapes 1.5L,Deccan Springs,FRES-000567,890100528664,Fresh Produce,72,pack,113.31,179.27,2026-09-11,Aisle 01,ambient
Raw Sweet Tamarind Carrots 2kg,Urban Roots Foods,FRES-000568,890100528665,Fresh Produce,101,bunch,108.84,196.59,2026-08-30,Aisle 01,chilled
Natural Golden Ginger Multigrain Tortillas Family Pack,Ganga Plantations,BAKE-000569,890100528666,Bakery & Deli,82,pcs,190.39,331.15,2026-08-31,Aisle 03,ambient
Extra-Virgin Clove & Mint Toothpaste 750ml,Nature Harvest Springs,HOUS-000570,890100528667,Household & Personal Care,192,tube,175.45,239.20,2027-07-01,Aisle 12,ambient
Traditional Masala Chai Organic Sharbati Atta 24-Pack,Saffola Foods,PANT-000571,890100528668,Pantry & Dry Goods,202,jar,107.49,194.47,2027-08-28,Aisle 07,ambient
Country Style Cashew Paste Curry Base 10-Pack,Mother Dairy Organics,PANT-000572,890100528669,Pantry & Dry Goods,153,can,245.89,426.38,2027-04-04,Aisle 06,ambient
Pure Masala Potato Chips 24-Pack,Deccan Springs,SNAC-000573,890100528670,Snacks & Confectionery,63,tub,497.54,911.39,2027-01-18,Aisle 09,ambient
Roasted Mozzarella Shredded 200g,Himalayan Farms,DAIR-000574,890100528671,Dairy & Eggs,159,pack,489.99,652.59,2026-09-23,Aisle 03,chilled
Desi Granola Health Bars 6-Pack,Kaveri Naturals,SNAC-000575,890100528672,Snacks & Confectionery,110,tub,69.20,101.31,2027-05-22,Aisle 09,ambient
Royal Sweet Tamarind Brownie Bites 300g,Green Earth Springs,BAKE-000576,890100528673,Bakery & Deli,82,pcs,103.80,150.05,2026-09-09,Aisle 04,ambient
Zero-Sugar Sea Salt Fresh Chicken Curry Cut 10kg,Urban Roots Harvest,MEAT-000577,890100528674,Meat & Seafood,149,pack,363.05,530.67,2026-09-01,Aisle 05,chilled
Extra-Virgin Coconut Cream Alphonso Kulfi Tub 150g,Amul Agro,FROZ-000578,890100528675,Frozen Foods,114,tub,56.06,96.46,2026-12-29,Aisle 09,frozen
Aged Chicken Salami 300g,Nilgiri Harvest,BAKE-000579,890100528676,Bakery & Deli,161,pack,126.48,187.70,2026-09-02,Aisle 03,ambient
Country Style Bagel Plain 4pk Family Pack,Heritage Organics,BAKE-000580,890100528677,Bakery & Deli,147,pack,33.92,47.70,2026-09-02,Aisle 04,chilled
Royal Jeera Masala Soda 2-Pack,Kaveri Provisions,BEVE-000581,890100528678,Beverages,45,carton,344.29,527.97,2027-08-26,Aisle 06,chilled
Farm-Fresh Alphonso Mango Cashew Paste Curry Base 200g,Himalayan Farms,PANT-000582,890100528679,Pantry & Dry Goods,107,bottle,192.26,280.42,2027-06-25,Aisle 06,ambient
Authentic Pita Bread 2L,Vedic Fresh Farms,BAKE-000583,890100528680,Bakery & Deli,81,pack,136.26,239.56,2026-08-30,Aisle 04,chilled
Desi Kashmiri Saffron Masala CTC Tea 2L,Mother Dairy Agro,BEVE-000584,890100528681,Beverages,247,bag,430.26,570.36,2027-06-29,Aisle 06,chilled
Farm-Fresh Dark Chocolate French Fries Crispy 250g,Green Earth Springs,FROZ-000585,890100528682,Frozen Foods,40,pack,129.87,173.48,2027-06-14,Aisle 08,frozen
Organic Ginger Root 1kg,Amul Plantations,FRES-000586,890100528683,Fresh Produce,125,kg,39.51,69.92,2026-09-02,Aisle 02,chilled
Traditional Matcha Green Tea Paneer Paratha Frozen 2kg,Mother Dairy Mills,FROZ-000587,890100528684,Frozen Foods,152,bag,280.23,409.73,2027-08-17,Aisle 09,frozen
Gourmet Kabuli Chana Large 750ml,Catch Harvest,PANT-000588,890100528685,Pantry & Dry Goods,191,packet,245.22,433.22,2028-04-26,Aisle 08,ambient
Plant-Based Heavy Cream 6-Pack,Tata Co.,DAIR-000589,890100528686,Dairy & Eggs,241,pack,422.33,750.57,2026-09-10,Aisle 03,chilled
Farm-Fresh Greek Yogurt 5L,Urban Roots Botanicals,DAIR-000590,890100528687,Dairy & Eggs,124,packet,389.92,514.70,2026-09-15,Aisle 02,chilled
Smoked Toasted Sesame Royal Basmati Rice 750ml,Green Earth Goods,PANT-000591,890100528688,Pantry & Dry Goods,174,packet,450.51,715.38,2027-10-23,Aisle 07,ambient
Free-Range Makhana Crunch Mishri Mawa 1.5L,Everest Dairy,DAIR-000592,890100528689,Dairy & Eggs,175,tub,170.32,296.60,2026-08-28,Aisle 03,chilled
Grass-Fed Chicken Drumsticks 300g,Green Earth Milling,MEAT-000593,890100528690,Meat & Seafood,74,pack,541.31,704.78,2026-09-03,Aisle 04,chilled
Heritage Cardamom Spiced Strawberries 12-Pack,Desi Organics Dairy,FRES-000594,890100528691,Fresh Produce,153,pack,93.47,134.53,2026-09-08,Aisle 02,chilled
Free-Range Caramelized Onion Cold-Pressed Groundnut Oil 350g,Desi Organics Kitchens,PANT-000595,890100528692,Pantry & Dry Goods,142,bottle,650.52,1117.53,2027-11-07,Aisle 08,ambient
Extra-Virgin Rose Infused Bagel Plain 4pk 330ml,SunBrite Provisions,BAKE-000596,890100528693,Bakery & Deli,184,pack,138.54,249.94,2026-08-30,Aisle 04,ambient
Golden Pomfret Whole 4-Pack,Green Earth Mills,MEAT-000597,890100528694,Meat & Seafood,206,pcs,903.90,1420.71,2026-08-29,Aisle 05,chilled
Zero-Sugar Squid Rings Cleaned 750g,Deccan Harvest,MEAT-000598,890100528695,Meat & Seafood,169,kg,851.36,1126.49,2026-09-02,Aisle 04,chilled
Unpolished Moong Dal Washed Value Pack,Pashmina Organics,PANT-000599,890100528696,Pantry & Dry Goods,235,can,608.58,1089.28,2027-11-01,Aisle 06,ambient
Unpolished Lemon Pepper Sourdough Loaf Snack Pack,Deccan Springs,BAKE-000600,890100528697,Bakery & Deli,170,box,109.97,144.02,2026-09-07,Aisle 03,chilled
Artisan Soan Papdi Box 500ml,Catch Milling,SNAC-000601,890100528698,Snacks & Confectionery,210,packet,328.99,495.65,2027-02-07,Aisle 09,ambient
Zero-Sugar Mutton Chops 1kg,Fortune Mills,MEAT-000602,890100528699,Meat & Seafood,243,pack,548.82,750.20,2026-08-28,Aisle 04,chilled
Free-Range Alphonso Mango Heavy Cream 200ml,Green Earth Milling,DAIR-000603,890100528700,Dairy & Eggs,207,box,126.21,182.64,2026-09-20,Aisle 03,chilled
Select Crab Meat Fresh Family Pack,Urban Roots Organics,MEAT-000604,890100528701,Meat & Seafood,201,pack,605.17,810.45,2026-08-30,Aisle 05,chilled
Cured Blueberries 5kg,Pashmina Organics,FRES-000605,890100528702,Fresh Produce,66,bunch,87.10,156.15,2026-08-29,Aisle 01,chilled
Farm-Fresh Pav 6-Pack 500ml,Amul Botanicals,BAKE-000606,890100528703,Bakery & Deli,36,box,289.43,481.99,2026-08-31,Aisle 03,chilled
Gourmet Mint Lime Feta Cheese 400g,Urban Roots Agro,DAIR-000607,890100528704,Dairy & Eggs,6,box,215.40,295.81,2026-09-09,Aisle 03,chilled
Organic Boneless Chicken Breast 12-Pack,SunBrite Springs,MEAT-000608,890100528705,Meat & Seafood,250,pack,487.60,648.23,2026-08-29,Aisle 04,chilled
Cured Tender Coconut Water 200g,Kaveri Kitchens,BEVE-000609,890100528706,Beverages,73,carton,441.99,789.15,2026-08-29,Aisle 06,ambient
Royal Biodegradable Garbage Bags 10-Pack,Kaveri Milling,HOUS-000610,890100528707,Household & Personal Care,221,bottle,440.87,609.94,2028-03-15,Aisle 12,ambient
Premium Kashmiri Saffron Kokum Sharbat 750ml,Heritage Mills,BEVE-000611,890100528708,Beverages,230,bottle,87.19,145.48,2027-08-22,Aisle 06,ambient
Spiced Chatpata Masala Tonic Water Premium 500ml,Ganga Naturals,BEVE-000612,890100528709,Beverages,57,can,167.38,279.75,2027-08-10,Aisle 06,chilled
Pure Cold-Pressed Groundnut Oil 2-Pack,Vedic Fresh Botanicals,PANT-000613,890100528710,Pantry & Dry Goods,129,bag,105.65,138.82,2028-01-08,Aisle 08,ambient
Authentic Cardamom Spiced Desi Cow Ghee 50g,Amul Foods,DAIR-000614,890100528711,Dairy & Eggs,95,tub,438.39,604.80,2026-09-09,Aisle 03,chilled
Sweet Cucumbers 24-Pack,Satvik Springs,FRES-000615,890100528712,Fresh Produce,119,bag,39.46,56.60,2026-08-30,Aisle 02,chilled
Heritage Garlic & Herb Garlic Bulbs 10-Pack,Royal Indian Farms,FRES-000616,890100528713,Fresh Produce,176,bag,20.83,29.66,2026-09-14,Aisle 01,chilled
Traditional Pista Almond Fish Fingers Frozen 300g,Tata Harvest,FROZ-000617,890100528714,Frozen Foods,29,box,381.52,617.75,2026-11-09,Aisle 08,frozen
Cured Masala Chai Alphonso Mangoes 2kg,Nilgiri Springs,FRES-000618,890100528715,Fresh Produce,109,kg,137.58,214.27,2026-08-31,Aisle 02,chilled
Low-Sodium Caramelized Onion Chicken Salami 200g,Amul Milling,BAKE-000619,890100528716,Bakery & Deli,219,pack,36.81,57.58,2026-09-09,Aisle 03,ambient
Natural Mint Lime Cow Milk 300g,FarmGold Milling,DAIR-000620,890100528717,Dairy & Eggs,236,packet,115.50,155.74,2026-09-10,Aisle 02,chilled
Extra-Virgin Greek Yogurt 5kg,Bhoomi Goods,DAIR-000621,890100528718,Dairy & Eggs,236,packet,106.52,133.74,2026-08-30,Aisle 02,chilled
Sweet Sea Salt Cold Brew Coffee 10kg,Urban Roots Co.,BEVE-000622,890100528719,Beverages,244,bottle,57.23,97.87,2027-03-01,Aisle 05,ambient
Raw Garlic & Herb Sweet Potatoes 5L,Desi Organics Co.,FRES-000623,890100528720,Fresh Produce,204,kg,21.65,37.69,2026-09-13,Aisle 02,chilled
Raw Sweet Tamarind Atlantic Salmon Fillet 8-Pack,Dabur Co.,MEAT-000624,890100528721,Meat & Seafood,192,pack,408.50,708.72,2026-08-31,Aisle 05,chilled
Extra-Virgin Kesar Pista Ginger Kombucha Value Pack,Dabur Springs,BEVE-000625,890100528722,Beverages,137,pack,448.47,663.60,2026-12-01,Aisle 06,chilled
Premium Jalapeno Lime Kabuli Chana Large Snack Pack,Green Earth Milling,PANT-000626,890100528723,Pantry & Dry Goods,241,can,448.10,569.88,2028-03-18,Aisle 06,ambient
Royal Caramelized Onion Penne Rigate Pasta 300g,SunBrite Plantations,PANT-000627,890100528724,Pantry & Dry Goods,66,bottle,673.67,876.46,2027-05-03,Aisle 06,ambient
Traditional Masala Chai Toor Dal Premium 200ml,Mother Dairy Harvest,PANT-000628,890100528725,Pantry & Dry Goods,81,bottle,707.02,1263.95,2028-05-13,Aisle 06,ambient
Wildcrafted Palak Leaves Snack Pack,Mother Dairy Botanicals,FRES-000629,890100528726,Fresh Produce,72,kg,107.64,194.06,2026-08-27,Aisle 02,chilled
Natural Gulab Jamun Tin 1kg,Green Earth Harvest,SNAC-000630,890100528727,Snacks & Confectionery,212,bag,506.49,829.61,2026-08-28,Aisle 09,ambient
Select Amla Juice Pure 2L,Fortune Agro,BEVE-000631,890100528728,Beverages,111,bottle,79.23,122.19,2027-04-15,Aisle 06,chilled
Low-Sodium Pure Jaggery Powder (Gud) 400g,Vedic Fresh Farms,PANT-000632,890100528729,Pantry & Dry Goods,89,bottle,382.32,503.12,2027-01-18,Aisle 08,ambient
Signature Garlic & Herb Sourdough Loaf 1.5L,Tata Farms,BAKE-000633,890100528730,Bakery & Deli,99,box,152.19,194.98,2026-09-04,Aisle 03,ambient
Country Style Iced Lemon Tea 50g,Desi Organics Co.,BEVE-000634,890100528731,Beverages,250,can,407.26,585.29,2027-07-05,Aisle 06,ambient
Signature Nagpur Orange Diet Mixture Namkeen 200g,Nilgiri Springs,SNAC-000635,890100528732,Snacks & Confectionery,55,pack,35.60,64.11,2026-10-19,Aisle 09,ambient
Wildcrafted Lemon Pepper Alphonso Mangoes 250ml,Amul Goods,FRES-000636,890100528733,Fresh Produce,5,bag,62.74,84.49,2026-09-06,Aisle 01,ambient
Signature Surface Floor Cleaner Rose 1kg,Everest Co.,HOUS-000637,890100528734,Household & Personal Care,125,packet,257.59,409.58,2027-09-18,Aisle 11,ambient
Homestyle Boneless Chicken Breast 5L,Catch Botanicals,MEAT-000638,890100528735,Meat & Seafood,230,pack,870.12,1336.23,2026-09-02,Aisle 05,chilled
Unpolished Lavash Crackers 1.5L,Organic Tattva Mills,BAKE-000639,890100528736,Bakery & Deli,162,pcs,282.90,484.22,2026-09-07,Aisle 03,chilled
Country Style Kashmiri Saffron Roma Tomatoes 330ml,Catch Kitchens,FRES-000640,890100528737,Fresh Produce,169,bunch,86.62,117.52,2026-09-04,Aisle 01,ambient
Handcrafted Electrolyte Energy Drink 10-Pack,Vedic Fresh Springs,BEVE-000641,890100528738,Beverages,198,bag,64.87,81.41,2026-10-28,Aisle 06,ambient
Sun-Dried Tandoori Smoked Clove & Mint Toothpaste 150ml,Nature Harvest Co.,HOUS-000642,890100528739,Household & Personal Care,48,bottle,64.60,104.93,2027-12-23,Aisle 11,ambient
Wildcrafted Paneer Paratha Frozen 750g,Desi Organics Springs,FROZ-000643,890100528740,Frozen Foods,132,pack,400.25,714.11,2026-12-31,Aisle 08,frozen
Signature Alphonso Mango Cauliflower 1L,Himalayan Dairy,FRES-000644,890100528741,Fresh Produce,212,pack,78.86,117.38,2026-09-08,Aisle 01,ambient
Sweet Red Chilli & Garlic Mutton Curry Cut 6-Pack,Vedic Fresh Botanicals,MEAT-000645,890100528742,Meat & Seafood,123,pcs,207.43,380.11,2026-09-01,Aisle 05,chilled
Grass-Fed Smoked Paprika Amla Juice Pure 50g,Heritage Plantations,BEVE-000646,890100528743,Beverages,137,pack,131.60,204.06,2026-08-28,Aisle 06,ambient
Sweet Kabuli Chana Large 2L,Pashmina Plantations,PANT-000647,890100528744,Pantry & Dry Goods,172,box,149.23,224.06,2027-03-12,Aisle 06,ambient
Country Style Coconut Cream Goat Mince Premium 750ml,Himalayan Farms,MEAT-000648,890100528745,Meat & Seafood,180,pcs,691.39,1106.68,2026-09-02,Aisle 04,chilled
Cured Tulsi Honey Espresso Roast Ground Coffee Snack Pack,Desi Organics Springs,BEVE-000649,890100528746,Beverages,106,can,184.61,244.39,2026-08-30,Aisle 06,chilled
Roasted Dark Chocolate Chicken Keema 5kg,Kaveri Harvest,MEAT-000650,890100528747,Meat & Seafood,188,pcs,683.43,972.50,2026-09-02,Aisle 05,chilled
Stone-Ground Organic Rolled Oats 250g,Satvik Provisions,PANT-000651,890100528748,Pantry & Dry Goods,10,jar,304.56,438.62,2027-09-09,Aisle 06,ambient
Natural Surmai Steaks 350g,Pure Vedic Agro,MEAT-000652,890100528749,Meat & Seafood,250,kg,224.91,367.50,2026-09-03,Aisle 04,chilled
Gourmet Organic Green Tea 200g,Catch Goods,BEVE-000653,890100528750,Beverages,100,carton,438.68,681.40,2027-03-31,Aisle 05,chilled
Grass-Fed Ricotta Fresh 150ml,Tata Co.,DAIR-000654,890100528751,Dairy & Eggs,70,tub,128.09,211.13,2026-09-11,Aisle 02,chilled
Homestyle Banana Chips Kerala Style 12-Pack,Everest Botanicals,SNAC-000655,890100528752,Snacks & Confectionery,133,bag,257.76,334.07,2027-03-25,Aisle 10,ambient
Extra-Virgin Makhana Crunch Apple Cider Vinegar Drink 750ml,SunBrite Botanicals,BEVE-000656,890100528753,Beverages,157,carton,69.77,107.36,2027-05-22,Aisle 05,ambient
Authentic Mosquito Vaporizer Refill 300g,Nature Harvest Dairy,HOUS-000657,890100528754,Household & Personal Care,159,tube,260.12,348.83,2028-03-03,Aisle 12,ambient
Golden Jalapeno Lime Hash Browns 6pk 150ml,Everest Dairy,FROZ-000658,890100528755,Frozen Foods,239,box,57.70,85.03,2026-11-03,Aisle 09,frozen
Heritage Makhana Crunch Fabric Softener Floral 150g,Saffola Harvest,HOUS-000659,890100528756,Household & Personal Care,199,box,240.41,402.73,2026-08-30,Aisle 11,ambient
Plant-Based Chatpata Masala Pure Jaggery Powder (Gud) 1.5L,Ganga Mills,PANT-000660,890100528757,Pantry & Dry Goods,23,bag,166.60,209.52,2027-10-12,Aisle 08,ambient
Low-Sodium Double Toned Milk 400g,Pure Vedic Organics,DAIR-000661,890100528758,Dairy & Eggs,57,pack,193.34,347.72,2026-09-25,Aisle 02,chilled
Select Sweet Tamarind Organic Brown Sugar 150ml,Ganga Springs,PANT-000662,890100528759,Pantry & Dry Goods,109,bag,147.44,205.46,2027-04-25,Aisle 06,ambient
Aged Mutton Curry Cut 5L,Amul Farms,MEAT-000663,890100528760,Meat & Seafood,197,kg,199.22,318.11,2026-08-27,Aisle 04,chilled
Royal Vanilla Bean Dishwash Gel Lemon 100g,Heritage Mills,HOUS-000664,890100528761,Household & Personal Care,215,pack,51.89,83.50,2027-03-22,Aisle 11,ambient
Heritage Caramelized Onion Chaash / Buttermilk 12-Pack,Catch Farms,DAIR-000665,890100528762,Dairy & Eggs,94,bottle,517.65,860.96,2026-09-08,Aisle 02,chilled
Artisan Jalapeno Lime Chaash / Buttermilk 250ml,Royal Indian Mills,DAIR-000666,890100528763,Dairy & Eggs,19,carton,125.94,180.03,2026-09-01,Aisle 03,chilled
Golden Diet Mixture Namkeen Value Pack,Fortune Farms,SNAC-000667,890100528764,Snacks & Confectionery,235,bag,480.11,783.39,2027-01-11,Aisle 10,ambient
Traditional Vanilla Bean Palak Leaves 100g,Fortune Farms,FRES-000668,890100528765,Fresh Produce,242,pcs,137.13,238.94,2026-09-02,Aisle 01,ambient
Authentic Alphonso Kulfi Tub 24-Pack,Kaveri Harvest,FROZ-000669,890100528766,Frozen Foods,233,packet,80.05,141.22,2026-08-28,Aisle 09,frozen
Cured Cinnamon Spice Chicken Drumsticks 150ml,Kaveri Co.,MEAT-000670,890100528767,Meat & Seafood,157,pack,168.97,312.00,2026-09-03,Aisle 05,chilled
Free-Range Kulcha 4-Pack 250g,Desi Organics Springs,BAKE-000671,890100528768,Bakery & Deli,112,box,127.01,162.21,2026-08-30,Aisle 04,chilled
Signature Truffle Infused Cow Milk 6-Pack,Saffola Co.,DAIR-000672,890100528769,Dairy & Eggs,215,carton,94.27,157.42,2026-09-25,Aisle 03,chilled
Rustic Caramelized Onion Rawa Sooji 1.5L,Heritage Co.,PANT-000673,890100528770,Pantry & Dry Goods,39,jar,543.61,931.49,2027-12-15,Aisle 08,ambient
Extra-Virgin Nagpur Orange Fresh Mosambi Juice 250g,Pashmina Goods,BEVE-000674,890100528771,Beverages,137,bottle,92.50,126.29,2027-05-29,Aisle 06,chilled
Free-Range Fresh Rohu Fish 750g,Pure Vedic Organics,MEAT-000675,890100528772,Meat & Seafood,233,kg,631.78,837.31,2026-09-01,Aisle 05,chilled
Authentic Kaju Katli Sweet Box 330ml,Patanjali Goods,SNAC-000676,890100528773,Snacks & Confectionery,91,bar,420.30,722.54,2027-05-08,Aisle 09,ambient
Spiced Toasted Sesame Fresh Mosambi Juice 150g,Ganga Organics,BEVE-000677,890100528774,Beverages,188,bag,117.29,163.60,2026-10-03,Aisle 06,chilled
Roasted Boneless Chicken Breast Value Pack,FarmGold Agro,MEAT-000678,890100528775,Meat & Seafood,247,kg,820.45,1142.86,2026-09-02,Aisle 05,chilled
Grass-Fed Ajwain & Jeera Mustard Oil Kachi Ghani 5L,Patanjali Agro,PANT-000679,890100528776,Pantry & Dry Goods,192,box,363.01,515.58,2027-12-01,Aisle 06,ambient
Homestyle Roasted Makhana Foxnuts 6-Pack,Tata Goods,SNAC-000680,890100528777,Snacks & Confectionery,43,pack,307.49,478.19,2027-03-24,Aisle 10,ambient
Smoked Mixed Berries Frozen 500ml,Everest Agro,FROZ-000681,890100528778,Frozen Foods,198,pack,318.33,513.95,2026-12-09,Aisle 08,frozen
Stone-Ground Tulsi Honey Ladyfinger (Bhindi) 5L,FarmGold Plantations,FRES-000682,890100528779,Fresh Produce,120,bunch,116.65,193.77,2026-09-15,Aisle 02,ambient
Cured Red Chilli & Garlic Rawa Sooji 5kg,Pure Vedic Mills,PANT-000683,890100528780,Pantry & Dry Goods,76,packet,720.70,968.64,2026-12-23,Aisle 07,ambient
Aged Sweet Tamarind Kitchen Paper Towels 4-Roll 8-Pack,Ganga Organics,HOUS-000684,890100528781,Household & Personal Care,21,tube,325.15,409.84,2029-02-28,Aisle 11,ambient
Cured Multigrain Tortillas 300g,Kaveri Provisions,BAKE-000685,890100528782,Bakery & Deli,242,pcs,299.37,532.09,2026-08-29,Aisle 03,chilled
Roasted Custard Apple (Sitaphal) 350g,Pashmina Co.,FRES-000686,890100528783,Fresh Produce,46,kg,56.54,98.30,2026-09-07,Aisle 01,ambient
Desi Rose Infused Fresh Rohu Fish 200ml,SunBrite Goods,MEAT-000687,890100528784,Meat & Seafood,43,kg,376.99,548.15,2026-09-03,Aisle 05,chilled
Zero-Sugar Toasted Sesame Oat Milk 750g,Pashmina Botanicals,DAIR-000688,890100528785,Dairy & Eggs,191,tub,472.65,643.53,2026-09-14,Aisle 03,chilled
Premium Smoked Paprika Kokum Sharbat Value Pack,Vedic Fresh Kitchens,BEVE-000689,890100528786,Beverages,234,bottle,181.29,241.17,2027-01-23,Aisle 05,chilled
Pure Cream Cheese 50g,Urban Roots Naturals,DAIR-000690,890100528787,Dairy & Eggs,63,box,447.52,736.84,2026-09-04,Aisle 02,chilled
Stone-Ground Mint Lime Surmai Steaks 1kg,Bhoomi Springs,MEAT-000691,890100528788,Meat & Seafood,201,pcs,389.01,578.20,2026-09-03,Aisle 04,chilled
Handcrafted Apples 5L,Mother Dairy Farms,FRES-000692,890100528789,Fresh Produce,73,pcs,97.35,161.69,2026-09-17,Aisle 02,chilled
Whole-Grain Cardamom Spiced Greek Yogurt 100g,Pashmina Botanicals,DAIR-000693,890100528790,Dairy & Eggs,99,carton,407.33,531.20,2026-09-24,Aisle 02,chilled
Cold-Pressed Chatpata Masala Double Toned Milk 12-Pack,Bhoomi Foods,DAIR-000694,890100528791,Dairy & Eggs,230,bottle,422.50,674.31,2026-09-19,Aisle 03,chilled
Valley Fresh Smoked Paprika Pasture Eggs 24-Pack,Nature Harvest Springs,DAIR-000695,890100528792,Dairy & Eggs,63,carton,221.16,394.49,2026-08-30,Aisle 03,chilled
Spiced Kachi Ghani Mustard Aloo Tikki 8-Pack 2kg,Vedic Fresh Goods,FROZ-000696,890100528793,Frozen Foods,172,packet,55.97,86.08,2027-02-09,Aisle 09,frozen
Whole-Grain Smoked Paprika Pears Family Pack,Bhoomi Naturals,FRES-000697,890100528794,Fresh Produce,58,pcs,21.80,37.42,2026-09-08,Aisle 01,chilled
Stone-Ground Tonic Water Premium 10kg,Royal Indian Kitchens,BEVE-000698,890100528795,Beverages,45,box,416.95,690.72,2027-08-15,Aisle 05,chilled
Low-Sodium Oranges Nagpur 6-Pack,Tata Harvest,FRES-000699,890100528796,Fresh Produce,51,pack,134.08,228.37,2026-09-05,Aisle 02,chilled
Zero-Sugar Coconut Cream Ginger Kombucha 2-Pack,Fortune Naturals,BEVE-000700,890100528797,Beverages,152,can,346.31,573.61,2026-11-07,Aisle 05,chilled
Low-Sodium Smoked Paprika Desi Cow Ghee 2-Pack,Heritage Foods,DAIR-000701,890100528798,Dairy & Eggs,17,packet,390.87,531.60,2026-09-16,Aisle 03,chilled
Cold-Pressed Gulab Jamun Tin 8-Pack,Ganga Dairy,SNAC-000702,890100528799,Snacks & Confectionery,77,packet,132.20,243.38,2026-08-30,Aisle 09,ambient
Golden Kesar Pista Sourdough Loaf 8-Pack,Vedic Fresh Farms,BAKE-000703,890100528800,Bakery & Deli,212,pcs,205.49,318.85,2026-09-09,Aisle 04,ambient
Wildcrafted Sweet Tamarind Feta Cheese 8-Pack,Tata Co.,DAIR-000704,890100528801,Dairy & Eggs,77,pack,112.27,187.94,2026-09-20,Aisle 03,chilled
Golden Mutton Chops 150g,Royal Indian Provisions,MEAT-000705,890100528802,Meat & Seafood,191,pack,202.41,350.27,2026-08-29,Aisle 05,chilled
Sun-Dried Dark Chocolate Bhujia Sev 1kg,Organic Tattva Springs,SNAC-000706,890100528803,Snacks & Confectionery,203,pack,173.14,317.43,2026-12-02,Aisle 09,ambient
Roasted Desi Cow Ghee 5L,Dabur Springs,DAIR-000707,890100528804,Dairy & Eggs,244,bottle,133.74,179.43,2026-09-14,Aisle 03,chilled
Crisp Mutton Chops Value Pack,Ganga Springs,MEAT-000708,890100528805,Meat & Seafood,217,pcs,299.34,394.87,2026-08-31,Aisle 05,chilled
Organic Pears 1.5L,FarmGold Harvest,FRES-000709,890100528806,Fresh Produce,30,bag,123.49,191.81,2026-09-02,Aisle 02,chilled
Sun-Dried Pav 6-Pack 200g,Himalayan Co.,BAKE-000710,890100528807,Bakery & Deli,59,pack,165.74,228.82,2026-09-07,Aisle 03,chilled
Whole-Grain Pomfret Whole 4-Pack,Patanjali Naturals,MEAT-000711,890100528808,Meat & Seafood,95,pcs,433.74,662.56,2026-09-01,Aisle 05,chilled
Low-Sodium Rusk Toast 5kg,Deccan Goods,BAKE-000712,890100528809,Bakery & Deli,187,pcs,32.71,52.70,2026-09-07,Aisle 04,ambient
Crisp Extra Virgin Olive Oil 200ml,Nature Harvest Agro,PANT-000713,890100528810,Pantry & Dry Goods,154,box,263.75,415.29,2026-08-24,Aisle 06,ambient
Heritage Sweet Tamarind Cheese Croissant 10-Pack,Saffola Mills,BAKE-000714,890100528811,Bakery & Deli,184,pack,202.79,351.76,2026-09-01,Aisle 04,ambient
Valley Fresh Surface Floor Cleaner Rose 1.5L,Pure Vedic Plantations,HOUS-000715,890100528812,Household & Personal Care,204,box,193.56,244.54,2029-01-31,Aisle 12,ambient
Spiced Red Chilli & Garlic Carrots 100g,Vedic Fresh Mills,FRES-000716,890100528813,Fresh Produce,207,pcs,157.09,242.22,2026-09-04,Aisle 02,chilled
Whole-Grain Matcha Green Tea Cow Milk 100g,Desi Organics Naturals,DAIR-000717,890100528814,Dairy & Eggs,221,packet,393.29,583.44,2026-09-25,Aisle 03,chilled
Raw Mishri Mawa 10-Pack,Urban Roots Kitchens,DAIR-000718,890100528815,Dairy & Eggs,57,tub,97.14,125.17,2026-09-15,Aisle 03,chilled
Sun-Dried Chatpata Masala Oat Milk 350g,Vedic Fresh Foods,DAIR-000719,890100528816,Dairy & Eggs,225,tub,113.62,178.27,2026-08-31,Aisle 03,chilled
Sun-Dried Caramelized Onion Roma Tomatoes 150ml,Everest Co.,FRES-000720,890100528817,Fresh Produce,176,pcs,147.85,214.53,2026-09-02,Aisle 01,chilled
Premium Parmigiano-Reggiano 1.5L,Nature Harvest Agro,DAIR-000721,890100528818,Dairy & Eggs,165,tub,51.93,76.15,2026-09-20,Aisle 03,chilled
Organic Red Chilli & Garlic Gulab Jamun Tin 6-Pack,Bhoomi Springs,SNAC-000722,890100528819,Snacks & Confectionery,30,bag,192.40,281.06,2027-03-21,Aisle 09,ambient
Valley Fresh Masala Chai Himalayan Spring Water 200ml,Ganga Botanicals,BEVE-000723,890100528820,Beverages,73,carton,42.02,57.38,2027-08-16,Aisle 05,chilled
Crisp Kachi Ghani Mustard Mutton Chops Family Pack,Green Earth Plantations,MEAT-000724,890100528821,Meat & Seafood,201,pack,440.92,573.69,2026-08-29,Aisle 05,chilled
Sun-Dried Makhana Crunch California Almonds 1.5L,Saffola Mills,SNAC-000725,890100528822,Snacks & Confectionery,60,packet,129.58,212.72,2026-12-25,Aisle 09,ambient
Premium Alphonso Mango Frozen Veg Momos 24-Pack,Pashmina Goods,FROZ-000726,890100528823,Frozen Foods,75,pack,179.98,324.43,2026-08-20,Aisle 09,frozen
Farm-Fresh Chatpata Masala Salted Butter 2kg,Organic Tattva Goods,DAIR-000727,890100528824,Dairy & Eggs,46,box,215.25,387.12,2026-09-02,Aisle 02,chilled
Extra-Virgin Mutton Chops Snack Pack,Organic Tattva Goods,MEAT-000728,890100528825,Meat & Seafood,168,pcs,946.35,1273.63,2026-08-30,Aisle 05,chilled
Roasted Kachi Ghani Mustard Mishri Mawa 330ml,Urban Roots Harvest,DAIR-000729,890100528826,Dairy & Eggs,238,tub,98.98,127.28,2026-08-27,Aisle 03,chilled
Grass-Fed Tulsi Honey Bagel Plain 4pk 150g,Catch Plantations,BAKE-000730,890100528827,Bakery & Deli,204,box,317.62,421.64,2026-09-03,Aisle 04,chilled
Roasted Alphonso Mango Bhujia Sev 1L,Pure Vedic Harvest,SNAC-000731,890100528828,Snacks & Confectionery,20,pack,110.17,139.29,2027-02-12,Aisle 10,ambient
Smoked Pista Almond Fruit Muffins 250g,Green Earth Harvest,BAKE-000732,890100528829,Bakery & Deli,84,pack,221.80,356.81,2026-08-28,Aisle 03,ambient
Whole-Grain Tulsi Honey Fruit Muffins 1kg,Saffola Kitchens,BAKE-000733,890100528830,Bakery & Deli,66,pcs,195.15,346.12,2026-09-07,Aisle 03,chilled
Artisan Cinnamon Spice Mishri Mawa 4-Pack,Patanjali Farms,DAIR-000734,890100528831,Dairy & Eggs,76,box,58.08,86.29,2026-08-26,Aisle 03,chilled
Extra-Virgin Pista Almond Brioche Burger Buns Value Pack,Pashmina Agro,BAKE-000735,890100528832,Bakery & Deli,82,box,69.61,104.30,2026-08-31,Aisle 03,ambient
Desi Kachi Ghani Mustard Chicken Keema 1.5L,Nature Harvest Naturals,MEAT-000736,890100528833,Meat & Seafood,153,pack,171.70,239.60,2026-09-03,Aisle 05,chilled
Cold-Pressed Kesar Pista Fish Fingers Frozen 24-Pack,Royal Indian Mills,FROZ-000737,890100528834,Frozen Foods,152,pack,336.61,606.50,2027-03-13,Aisle 08,frozen
Natural Alphonso Mango Guava Chilli Juice 350g,Ganga Botanicals,BEVE-000738,890100528835,Beverages,56,pack,79.72,127.29,2026-10-03,Aisle 05,ambient
Artisan Hash Browns 6pk 150g,Amul Goods,FROZ-000739,890100528836,Frozen Foods,143,bag,106.94,188.62,2027-08-16,Aisle 09,frozen
Artisan Red Chilli & Garlic Pomfret Whole Snack Pack,SunBrite Mills,MEAT-000740,890100528837,Meat & Seafood,132,pcs,202.73,292.15,2026-09-02,Aisle 05,chilled
Cured Veg Spring Rolls 50g,FarmGold Provisions,FROZ-000741,890100528838,Frozen Foods,137,tub,187.40,259.35,2027-06-23,Aisle 08,frozen
Desi Sourdough Loaf 200g,Saffola Organics,BAKE-000742,890100528839,Bakery & Deli,100,pack,95.37,121.47,2026-09-08,Aisle 04,ambient
Handcrafted Kachi Ghani Mustard Roasted Salted Cashews 2-Pack,Pashmina Mills,SNAC-000743,890100528840,Snacks & Confectionery,116,bag,232.09,296.33,2027-02-24,Aisle 09,ambient
Raw Makhana Crunch Penne Rigate Pasta 150g,Kaveri Naturals,PANT-000744,890100528841,Pantry & Dry Goods,109,jar,489.10,842.48,2027-03-03,Aisle 08,ambient
Grass-Fed Edamame Pods 200g,Saffola Dairy,FROZ-000745,890100528842,Frozen Foods,221,bag,240.14,335.92,2026-11-07,Aisle 09,frozen
Desi Mozzarella Shredded Family Pack,Green Earth Farms,DAIR-000746,890100528843,Dairy & Eggs,173,pack,175.42,298.96,2026-09-24,Aisle 02,chilled
Smoked Matcha Green Tea Cold Pressed Orange Juice 400g,Everest Organics,BEVE-000747,890100528844,Beverages,209,box,288.84,384.26,2027-07-06,Aisle 05,chilled
Whole-Grain Nagpur Orange Oranges Nagpur 10kg,Saffola Harvest,FRES-000748,890100528845,Fresh Produce,243,pack,154.44,204.47,2026-08-18,Aisle 01,ambient
Unpolished Kashmiri Saffron Fresh Chicken Curry Cut 200ml,Urban Roots Dairy,MEAT-000749,890100528846,Meat & Seafood,154,pcs,808.57,1440.12,2026-08-31,Aisle 05,chilled
Spiced Matcha Green Tea Crab Meat Fresh 1L,Desi Organics Botanicals,MEAT-000750,890100528847,Meat & Seafood,142,pcs,930.64,1193.45,2026-08-29,Aisle 04,chilled
Gluten-Free Smoked Paprika Alphonso Kulfi Tub 2kg,Organic Tattva Farms,FROZ-000751,890100528848,Frozen Foods,97,bag,265.51,466.67,2026-08-24,Aisle 08,frozen
Country Style Sweet Tamarind Fabric Softener Floral 2-Pack,Desi Organics Co.,HOUS-000752,890100528849,Household & Personal Care,67,tube,505.32,656.19,2027-08-27,Aisle 11,ambient
Grass-Fed Chatpata Masala Tender Coconut Water 200ml,Himalayan Dairy,BEVE-000753,890100528850,Beverages,171,can,416.35,707.87,2027-07-05,Aisle 05,ambient
Spiced Caramelized Onion Basa Fish Fillets 50g,Heritage Agro,MEAT-000754,890100528851,Meat & Seafood,4,pcs,219.61,344.74,2026-08-30,Aisle 05,chilled
Cured Buffalo Milk 250ml,Deccan Agro,DAIR-000755,890100528852,Dairy & Eggs,186,packet,142.02,219.44,2026-09-01,Aisle 03,chilled
Royal Dark Chocolate Diet Mixture Namkeen 24-Pack,SunBrite Agro,SNAC-000756,890100528853,Snacks & Confectionery,137,bag,224.78,403.34,2027-01-03,Aisle 09,ambient
Smoked Dark Chocolate Pink Himalayan Salt 500ml,Saffola Provisions,PANT-000757,890100528854,Pantry & Dry Goods,250,packet,579.14,951.74,2026-12-20,Aisle 08,ambient
Gourmet Gulab Jamun Tin 300g,Saffola Naturals,SNAC-000758,890100528855,Snacks & Confectionery,96,box,38.20,70.16,2026-08-23,Aisle 09,ambient
Gluten-Free Bananas 5L,Bhoomi Mills,FRES-000759,890100528856,Fresh Produce,19,bag,70.51,109.60,2026-09-09,Aisle 02,ambient
Plant-Based Masala Chai Tonic Water Premium 1L,Himalayan Naturals,BEVE-000760,890100528857,Beverages,136,can,222.86,408.94,2027-06-10,Aisle 05,ambient
Select Ayurvedic Bath Soap 50g,Nilgiri Co.,HOUS-000761,890100528858,Household & Personal Care,27,pack,552.82,846.16,2028-01-17,Aisle 11,ambient
Plant-Based Coconut Cream Masala Potato Chips 200g,Heritage Harvest,SNAC-000762,890100528859,Snacks & Confectionery,166,bar,338.92,512.07,2027-05-14,Aisle 10,ambient
Artisan Kesar Pista Amla Juice Pure 100g,Vedic Fresh Harvest,BEVE-000763,890100528860,Beverages,16,bottle,390.51,500.78,2027-01-15,Aisle 05,ambient
Authentic Smoked Chicken Slices 2kg,Deccan Agro,BAKE-000764,890100528861,Bakery & Deli,66,pcs,213.17,339.44,2026-09-05,Aisle 03,chilled
Stone-Ground Sweet Potatoes 50g,Urban Roots Agro,FRES-000765,890100528862,Fresh Produce,233,kg,145.25,230.40,2026-09-07,Aisle 02,ambient
Unpolished Tandoori Smoked Sourdough Loaf 200g,Nature Harvest Provisions,BAKE-000766,890100528863,Bakery & Deli,211,pcs,112.23,171.79,2026-09-03,Aisle 03,chilled
Pure Moong Dal Namkeen Family Pack,Catch Organics,SNAC-000767,890100528864,Snacks & Confectionery,102,packet,270.51,353.80,2027-06-22,Aisle 10,ambient
Raw Masala Chai Kabuli Chana Large 1L,Urban Roots Kitchens,PANT-000768,890100528865,Pantry & Dry Goods,189,bag,247.28,431.68,2026-08-27,Aisle 07,ambient
Cold-Pressed Matcha Green Tea Chaash / Buttermilk 10kg,Tata Dairy,DAIR-000769,890100528866,Dairy & Eggs,190,carton,98.45,161.99,2026-09-02,Aisle 02,chilled
Royal Fresh Chicken Curry Cut 350g,Patanjali Farms,MEAT-000770,890100528867,Meat & Seafood,207,pack,315.40,539.35,2026-09-02,Aisle 04,chilled
Natural Buffalo Milk 2kg,Nilgiri Dairy,DAIR-000771,890100528868,Dairy & Eggs,64,box,128.55,206.24,2026-09-04,Aisle 03,chilled
Wildcrafted Royal Basmati Rice 350g,Patanjali Provisions,PANT-000772,890100528869,Pantry & Dry Goods,92,jar,125.49,213.86,2027-08-18,Aisle 07,ambient
Organic Smoked Paprika Fruit Muffins 2-Pack,Everest Botanicals,BAKE-000773,890100528870,Bakery & Deli,183,pcs,128.20,177.91,2026-09-10,Aisle 04,chilled
Royal Cold-Pressed Groundnut Oil 750g,Nature Harvest Foods,PANT-000774,890100528871,Pantry & Dry Goods,163,bag,460.85,596.66,2028-05-21,Aisle 06,ambient
Traditional Cardamom Spiced Mutton Chops 4-Pack,Satvik Mills,MEAT-000775,890100528872,Meat & Seafood,34,kg,304.24,506.10,2026-08-30,Aisle 04,chilled
Zero-Sugar Ajwain & Jeera Fruit Muffins 4-Pack,Himalayan Botanicals,BAKE-000776,890100528873,Bakery & Deli,34,pack,260.45,391.83,2026-08-27,Aisle 03,chilled
Cured Cucumbers 350g,Catch Botanicals,FRES-000777,890100528874,Fresh Produce,149,bag,32.74,45.71,2026-09-02,Aisle 02,chilled
Grass-Fed Basa Fish Fillets 150ml,Dabur Harvest,MEAT-000778,890100528875,Meat & Seafood,203,pack,637.63,912.56,2026-08-18,Aisle 05,chilled
Plant-Based Alphonso Mango Extra Virgin Olive Oil 200ml,Fortune Dairy,PANT-000779,890100528876,Pantry & Dry Goods,244,bag,286.35,395.98,2026-08-30,Aisle 06,ambient
Royal Pista Almond Greek Yogurt 1kg,Desi Organics Kitchens,DAIR-000780,890100528877,Dairy & Eggs,36,packet,307.44,552.36,2026-08-30,Aisle 03,chilled
Signature Amla Juice Pure 24-Pack,Satvik Harvest,BEVE-000781,890100528878,Beverages,115,bag,117.74,176.52,2027-06-03,Aisle 06,ambient
Heritage Smoked Paprika Mutton Curry Cut 150ml,Deccan Milling,MEAT-000782,890100528879,Meat & Seafood,205,pack,773.21,1046.18,2026-08-29,Aisle 05,chilled
Heritage Smoked Paprika Veg Burger Patties 200g,FarmGold Co.,FROZ-000783,890100528880,Frozen Foods,188,packet,73.35,114.98,2026-08-30,Aisle 08,frozen
Royal Heavy Cream 5L,Heritage Naturals,DAIR-000784,890100528881,Dairy & Eggs,123,box,189.33,317.84,2026-09-26,Aisle 02,chilled
Signature Shampoo Anti-Dandruff 150ml,SunBrite Botanicals,HOUS-000785,890100528882,Household & Personal Care,168,bottle,337.92,443.46,2028-06-09,Aisle 12,ambient
Spiced Organic Green Tea 150ml,Tata Botanicals,BEVE-000786,890100528883,Beverages,172,bag,244.15,385.79,2027-06-12,Aisle 05,chilled
Golden Masala Chai Wood-Fired Veggie Pizza 12-Pack,FarmGold Agro,FROZ-000787,890100528884,Frozen Foods,132,packet,242.90,416.06,2027-01-29,Aisle 08,frozen
Grass-Fed Chana Dal Polished 10-Pack,Satvik Organics,PANT-000788,890100528885,Pantry & Dry Goods,123,jar,452.90,661.96,2026-08-21,Aisle 07,ambient
Rustic Oat Milk 5kg,Catch Provisions,DAIR-000789,890100528886,Dairy & Eggs,11,carton,313.40,502.12,2026-09-22,Aisle 03,chilled
Organic Chatpata Masala Herbal Hand Wash Neem 150g,Deccan Milling,HOUS-000790,890100528887,Household & Personal Care,238,bottle,563.10,789.88,2027-04-24,Aisle 12,ambient
Extra-Virgin Mint Lime Goat Mince Premium Snack Pack,SunBrite Goods,MEAT-000791,890100528888,Meat & Seafood,29,pcs,269.22,368.74,2026-09-01,Aisle 05,chilled
Roasted Tandoori Smoked Sourdough Loaf 10kg,Royal Indian Botanicals,BAKE-000792,890100528889,Bakery & Deli,54,pack,202.62,277.60,2026-09-03,Aisle 03,ambient
Handcrafted Chicken Sausages 1kg,Heritage Botanicals,MEAT-000793,890100528890,Meat & Seafood,99,pack,728.32,1313.01,2026-09-01,Aisle 04,chilled
Spiced Lemon Pepper Alphonso Kulfi Tub 150g,SunBrite Kitchens,FROZ-000794,890100528891,Frozen Foods,77,packet,122.81,182.61,2027-05-26,Aisle 08,frozen
Gourmet Tandoori Smoked Coconut Milk Canned 8-Pack,Himalayan Provisions,PANT-000795,890100528892,Pantry & Dry Goods,45,bag,111.94,165.91,2027-02-05,Aisle 07,ambient
Roasted Veg Spring Rolls 5kg,Pure Vedic Organics,FROZ-000796,890100528893,Frozen Foods,190,bag,258.24,475.29,2027-05-22,Aisle 08,frozen
Valley Fresh Frozen Green Peas 24-Pack,Pure Vedic Milling,FROZ-000797,890100528894,Frozen Foods,185,tub,227.81,334.43,2027-07-05,Aisle 09,frozen
Homestyle 70% Dark Chocolate Bar 10-Pack,Fortune Provisions,SNAC-000798,890100528895,Snacks & Confectionery,83,bar,177.63,228.63,2026-10-23,Aisle 10,ambient
Aged Chicken Drumsticks 330ml,FarmGold Farms,MEAT-000799,890100528896,Meat & Seafood,246,pack,415.11,677.04,2026-08-18,Aisle 05,chilled
Cold-Pressed Paneer Paratha Frozen 500g,Ganga Dairy,FROZ-000800,890100528897,Frozen Foods,247,pack,370.66,632.86,2027-01-25,Aisle 09,frozen
Pure Liquid Laundry Detergent 750ml,Pashmina Farms,HOUS-000801,890100528898,Household & Personal Care,168,pack,259.46,475.86,2028-06-19,Aisle 12,ambient
Whole-Grain Smoked Paprika Oat Milk 1L,Green Earth Farms,DAIR-000802,890100528899,Dairy & Eggs,162,carton,275.18,441.28,2026-08-28,Aisle 03,chilled
Golden Cinnamon Spice Toor Dal Premium 200g,SunBrite Mills,PANT-000803,890100528900,Pantry & Dry Goods,109,jar,54.35,83.31,2027-05-14,Aisle 07,ambient
Extra-Virgin Sweet Tamarind Squid Rings Cleaned 400g,Pure Vedic Farms,MEAT-000804,890100528901,Meat & Seafood,22,pack,579.51,886.87,2026-08-31,Aisle 04,chilled
Signature Sweet Tamarind Fresh Methi 150ml,Deccan Botanicals,FRES-000805,890100528902,Fresh Produce,93,bag,138.61,200.95,2026-09-02,Aisle 02,ambient
Homestyle Ginger Kombucha 4-Pack,SunBrite Dairy,BEVE-000806,890100528903,Beverages,219,pack,247.98,366.48,2026-11-29,Aisle 05,chilled
Traditional Kesar Pista Pure Jaggery Powder (Gud) 300g,Saffola Co.,PANT-000807,890100528904,Pantry & Dry Goods,248,can,135.43,236.72,2028-05-05,Aisle 08,ambient
Stone-Ground Butter Croissants Value Pack,Vedic Fresh Mills,BAKE-000808,890100528905,Bakery & Deli,168,box,266.12,471.78,2026-09-02,Aisle 04,chilled
Country Style Royal Basmati Rice 1kg,Royal Indian Mills,PANT-000809,890100528906,Pantry & Dry Goods,158,packet,330.38,588.33,2028-04-10,Aisle 06,ambient
Natural Coconut Cream Sona Masoori Rice 750ml,Tata Goods,PANT-000810,890100528907,Pantry & Dry Goods,199,bottle,355.85,474.26,2026-12-27,Aisle 08,ambient
Sun-Dried Smoked Paprika Ginger Root 4-Pack,Pure Vedic Plantations,FRES-000811,890100528908,Fresh Produce,7,pack,61.75,101.02,2026-09-12,Aisle 01,ambient
Stone-Ground Chatpata Masala Bath Tissue 6-Pack 2kg,Kaveri Mills,HOUS-000812,890100528909,Household & Personal Care,227,bottle,141.24,209.35,2028-02-24,Aisle 11,ambient
Cured Mint Lime Frozen Samosas 4-Pack,Kaveri Naturals,FROZ-000813,890100528910,Frozen Foods,56,bag,219.50,318.94,2027-02-17,Aisle 09,frozen
Extra-Virgin Catla Fish Steaks 12-Pack,Pashmina Co.,MEAT-000814,890100528911,Meat & Seafood,84,kg,645.01,1077.61,2026-08-30,Aisle 04,chilled
Smoked Stainless Steel Scrubber 3pk 2-Pack,Pashmina Goods,HOUS-000815,890100528912,Household & Personal Care,52,box,283.84,494.39,2027-12-31,Aisle 11,ambient
Whole-Grain Fresh Mosambi Juice 10kg,Pure Vedic Springs,BEVE-000816,890100528913,Beverages,44,bag,189.37,279.42,2026-09-15,Aisle 06,chilled
Select Tandoori Smoked Bagel Plain 4pk 200g,Pure Vedic Farms,BAKE-000817,890100528914,Bakery & Deli,110,box,168.73,275.93,2026-09-06,Aisle 03,ambient
Unpolished Makhana Crunch Portobello Mushrooms 8-Pack,Organic Tattva Goods,FRES-000818,890100528915,Fresh Produce,142,kg,51.86,69.65,2026-08-31,Aisle 02,ambient
Stone-Ground Truffle Infused Paneer Tikka Deli 750g,Urban Roots Farms,BAKE-000819,890100528916,Bakery & Deli,199,box,132.83,240.40,2026-08-30,Aisle 04,ambient
Crisp Poha Thick Flakes 2-Pack,Bhoomi Agro,PANT-000820,890100528917,Pantry & Dry Goods,36,packet,646.45,1068.21,2027-10-04,Aisle 08,ambient
Gluten-Free Filter Coffee Beans Snack Pack,Catch Agro,BEVE-000821,890100528918,Beverages,219,can,323.80,413.55,2027-03-01,Aisle 06,chilled
Pure Mutton Curry Cut 250g,Green Earth Naturals,MEAT-000822,890100528919,Meat & Seafood,6,pack,465.94,685.68,2026-09-01,Aisle 05,chilled
Roasted Roasted Salted Cashews 12-Pack,Dabur Provisions,SNAC-000823,890100528920,Snacks & Confectionery,211,bar,69.30,105.41,2027-06-04,Aisle 09,ambient
Wildcrafted Guava Chilli Juice 24-Pack,Bhoomi Foods,BEVE-000824,890100528921,Beverages,182,bottle,84.15,144.46,2027-03-30,Aisle 05,ambient
Pure Bagel Plain 4pk 150ml,FarmGold Co.,BAKE-000825,890100528922,Bakery & Deli,134,pcs,260.24,443.74,2026-09-03,Aisle 04,ambient
Gluten-Free Lemon Pepper Ricotta Fresh 5kg,Patanjali Organics,DAIR-000826,890100528923,Dairy & Eggs,150,packet,191.60,321.49,2026-09-24,Aisle 03,chilled
Roasted Bamboo Toothbrush 2pk 250ml,Vedic Fresh Springs,HOUS-000827,890100528924,Household & Personal Care,98,packet,184.59,317.99,2028-07-08,Aisle 12,ambient
Crisp Kesar Pista Chana Dal Polished 6-Pack,Ganga Naturals,PANT-000828,890100528925,Pantry & Dry Goods,44,jar,674.04,999.02,2027-08-12,Aisle 08,ambient
Desi 70% Dark Chocolate Bar 150g,Pure Vedic Mills,SNAC-000829,890100528926,Snacks & Confectionery,4,packet,74.46,120.26,2027-03-06,Aisle 09,ambient
Free-Range Kashmiri Saffron Garlic Naan Frozen 4pk Family Pack,Patanjali Mills,FROZ-000830,890100528927,Frozen Foods,130,pack,334.80,549.53,2026-08-19,Aisle 09,frozen
Sweet Garlic & Herb Fresh Rohu Fish Snack Pack,Heritage Plantations,MEAT-000831,890100528928,Meat & Seafood,107,pcs,574.64,1050.72,2026-09-03,Aisle 05,chilled
Low-Sodium Paneer Tikka Deli 200g,Himalayan Mills,BAKE-000832,890100528929,Bakery & Deli,9,box,262.35,397.66,2026-09-08,Aisle 04,chilled
Rustic Bamboo Toothbrush 2pk 250g,Nilgiri Kitchens,HOUS-000833,890100528930,Household & Personal Care,63,tube,347.85,447.88,2026-08-23,Aisle 12,ambient
Plant-Based Brioche Burger Buns 350g,Dabur Mills,BAKE-000834,890100528931,Bakery & Deli,12,pcs,196.52,252.03,2026-09-09,Aisle 04,ambient
Plant-Based Lassi Mango Infused 200g,Organic Tattva Harvest,DAIR-000835,890100528932,Dairy & Eggs,204,tub,478.15,609.26,2026-09-12,Aisle 02,chilled
Homestyle Chatpata Masala Chamomile Herbal Tea 500g,Tata Goods,BEVE-000836,890100528933,Beverages,241,bag,80.07,135.06,2027-06-18,Aisle 06,ambient
Cured Fresh Mosambi Juice 5kg,Catch Farms,BEVE-000837,890100528934,Beverages,89,bag,208.48,264.14,2026-10-09,Aisle 06,ambient
Rustic Masala Chai Ginger Kombucha Value Pack,Tata Dairy,BEVE-000838,890100528935,Beverages,187,bag,314.42,466.01,2026-10-05,Aisle 06,chilled
Roasted Crab Meat Fresh 1.5L,Pashmina Foods,MEAT-000839,890100528936,Meat & Seafood,122,pack,848.12,1287.63,2026-08-29,Aisle 05,chilled
Unpolished Almond Milk 300g,Pure Vedic Co.,DAIR-000840,890100528937,Dairy & Eggs,77,tub,32.46,52.24,2026-09-22,Aisle 02,chilled
Country Style Ciabatta Roll 6-Pack,FarmGold Milling,BAKE-000841,890100528938,Bakery & Deli,152,box,128.39,216.41,2026-09-03,Aisle 03,chilled
Wildcrafted Toasted Sesame Fresh Rohu Fish 4-Pack,Tata Goods,MEAT-000842,890100528939,Meat & Seafood,113,pcs,281.53,498.84,2026-09-01,Aisle 05,chilled
Stone-Ground Truffle Infused Cinnamon Swirl Buns 350g,Kaveri Plantations,BAKE-000843,890100528940,Bakery & Deli,110,pack,266.97,400.07,2026-09-07,Aisle 03,chilled
Natural Banana Chips Kerala Style 250ml,Amul Farms,SNAC-000844,890100528941,Snacks & Confectionery,28,tub,54.49,73.39,2027-04-23,Aisle 09,ambient
Grass-Fed Vanilla Bean Cashew Paste Curry Base Family Pack,Heritage Co.,PANT-000845,890100528942,Pantry & Dry Goods,98,box,125.18,167.88,2027-05-08,Aisle 06,ambient
Homestyle Catla Fish Steaks 1.5L,Nature Harvest Mills,MEAT-000846,890100528943,Meat & Seafood,30,pack,383.17,482.46,2026-08-31,Aisle 04,chilled
Artisan Coconut Cream Bell Peppers 5L,Catch Mills,FRES-000847,890100528944,Fresh Produce,169,pcs,76.79,135.94,2026-08-31,Aisle 01,chilled
Desi Fabric Softener Floral 8-Pack,Saffola Co.,HOUS-000848,890100528945,Household & Personal Care,132,pack,543.05,791.12,2027-04-19,Aisle 11,ambient
Country Style Bamboo Toothbrush 2pk 500ml,Vedic Fresh Provisions,HOUS-000849,890100528946,Household & Personal Care,107,box,589.98,876.72,2027-09-09,Aisle 11,ambient
Premium Alphonso Mango Coconut Milk Canned 5kg,Everest Springs,PANT-000850,890100528947,Pantry & Dry Goods,80,packet,211.92,343.80,2028-05-12,Aisle 07,ambient
Royal Cinnamon Swirl Buns 2L,Ganga Co.,BAKE-000851,890100528948,Bakery & Deli,7,box,30.44,43.70,2026-09-02,Aisle 03,chilled
Desi Gouda Block 150g,Nature Harvest Harvest,DAIR-000852,890100528949,Dairy & Eggs,213,packet,477.66,746.07,2026-09-08,Aisle 02,chilled
Roasted Chatpata Masala Fabric Softener Floral 5kg,Tata Harvest,HOUS-000853,890100528950,Household & Personal Care,228,tube,357.54,551.31,2028-03-11,Aisle 11,ambient
Authentic Ajwain & Jeera Kaju Katli Sweet Box Family Pack,Bhoomi Agro,SNAC-000854,890100528951,Snacks & Confectionery,206,bag,86.96,156.14,2027-01-03,Aisle 10,ambient
Traditional Nagpur Orange Roma Tomatoes 5kg,Urban Roots Organics,FRES-000855,890100528952,Fresh Produce,65,bunch,146.21,183.05,2026-09-17,Aisle 01,chilled
Spiced Buffalo Milk 10-Pack,Heritage Co.,DAIR-000856,890100528953,Dairy & Eggs,69,carton,477.47,882.98,2026-09-18,Aisle 02,chilled
Whole-Grain Ajwain & Jeera Bottle Gourd (Lauki) 8-Pack,Desi Organics Organics,FRES-000857,890100528954,Fresh Produce,106,bunch,62.23,112.70,2026-09-17,Aisle 02,chilled
Roasted Masala Chai Lavash Crackers 12-Pack,Deccan Springs,BAKE-000858,890100528955,Bakery & Deli,5,pcs,47.16,72.61,2026-08-21,Aisle 04,chilled
Gluten-Free Tulsi Honey Masala CTC Tea Family Pack,Everest Naturals,BEVE-000859,890100528956,Beverages,31,pack,229.66,350.39,2027-06-12,Aisle 06,ambient
Premium Vanilla Bean Organic Brown Sugar 200g,Organic Tattva Co.,PANT-000860,890100528957,Pantry & Dry Goods,155,box,632.04,1038.92,2027-01-01,Aisle 07,ambient
Unpolished Veg Burger Patties 200g,Satvik Kitchens,FROZ-000861,890100528958,Frozen Foods,32,box,53.05,86.03,2026-08-29,Aisle 08,frozen
Organic Pista Almond French Fries Crispy 50g,Dabur Dairy,FROZ-000862,890100528959,Frozen Foods,216,box,45.45,84.00,2027-08-07,Aisle 09,frozen
Country Style Matcha Green Tea Kitchen Paper Towels 4-Roll 50g,Patanjali Organics,HOUS-000863,890100528960,Household & Personal Care,81,box,507.99,644.62,2026-08-29,Aisle 12,ambient
Roasted Bhujia Sev 330ml,Vedic Fresh Botanicals,SNAC-000864,890100528961,Snacks & Confectionery,103,pack,351.35,464.26,2027-06-05,Aisle 09,ambient
Aged Cow Milk 4-Pack,Desi Organics Naturals,DAIR-000865,890100528962,Dairy & Eggs,60,tub,491.64,877.46,2026-09-07,Aisle 03,chilled
Wildcrafted Bananas 1kg,Vedic Fresh Organics,FRES-000866,890100528963,Fresh Produce,247,pack,87.20,147.01,2026-09-06,Aisle 01,ambient
Traditional Masala Chai Urad Dal Whole 300g,Himalayan Plantations,PANT-000867,890100528964,Pantry & Dry Goods,19,jar,188.77,306.61,2027-01-10,Aisle 06,ambient
Cold-Pressed Clove & Mint Toothpaste 6-Pack,Himalayan Harvest,HOUS-000868,890100528965,Household & Personal Care,127,packet,380.61,584.58,2029-01-04,Aisle 11,ambient
Cured Fresh Methi 330ml,Vedic Fresh Foods,FRES-000869,890100528966,Fresh Produce,206,kg,134.12,206.52,2026-09-07,Aisle 02,chilled
Handcrafted Cardamom Spiced Nimbu Paani Soda 24-Pack,Ganga Mills,BEVE-000870,890100528967,Beverages,55,carton,388.62,595.52,2027-03-30,Aisle 06,chilled
Roasted Penne Rigate Pasta 12-Pack,Catch Milling,PANT-000871,890100528968,Pantry & Dry Goods,28,bottle,33.70,56.70,2026-11-27,Aisle 06,ambient
Artisan Alphonso Mango Kaju Katli Sweet Box 150ml,Pure Vedic Provisions,SNAC-000872,890100528969,Snacks & Confectionery,93,packet,417.54,648.99,2026-08-30,Aisle 09,ambient
Cured Tandoori Smoked Veg Spring Rolls 10-Pack,Himalayan Organics,FROZ-000873,890100528970,Frozen Foods,132,packet,310.96,395.28,2027-05-18,Aisle 08,frozen
Cured Kesar Pista French Fries Crispy 200ml,Amul Plantations,FROZ-000874,890100528971,Frozen Foods,22,box,265.03,433.75,2026-08-26,Aisle 09,frozen
Gluten-Free Basa Fish Fillets 2-Pack,Vedic Fresh Botanicals,MEAT-000875,890100528972,Meat & Seafood,135,pcs,652.15,1101.91,2026-08-29,Aisle 05,chilled
Desi Garlic & Herb Garlic Naan Frozen 4pk 5kg,Royal Indian Co.,FROZ-000876,890100528973,Frozen Foods,164,bag,365.59,623.57,2026-12-11,Aisle 09,frozen
Premium Paneer Paratha Frozen 250g,FarmGold Co.,FROZ-000877,890100528974,Frozen Foods,243,tub,368.84,516.53,2027-04-17,Aisle 09,frozen
Desi Nagpur Orange Fresh Rohu Fish 1kg,SunBrite Foods,MEAT-000878,890100528975,Meat & Seafood,60,pack,535.29,774.29,2026-08-31,Aisle 05,chilled
Cured Golden Ginger Royal Basmati Rice 4-Pack,Satvik Harvest,PANT-000879,890100528976,Pantry & Dry Goods,89,box,536.20,762.59,2027-09-14,Aisle 07,ambient
Free-Range Toasted Sesame Surmai Steaks 5L,Vedic Fresh Mills,MEAT-000880,890100528977,Meat & Seafood,189,pack,949.32,1364.78,2026-08-29,Aisle 05,chilled
Whole-Grain Sea Salt Tiger Prawns Jumbo 250g,Tata Springs,MEAT-000881,890100528978,Meat & Seafood,160,pcs,254.23,454.02,2026-08-21,Aisle 04,chilled
Artisan Nagpur Orange Watermelon 4-Pack,Saffola Botanicals,FRES-000882,890100528979,Fresh Produce,169,pack,97.90,136.13,2026-09-17,Aisle 02,ambient
Royal Blueberries 100g,Satvik Kitchens,FRES-000883,890100528980,Fresh Produce,51,pack,158.44,220.90,2026-09-06,Aisle 02,ambient
Spiced Bamboo Toothbrush 2pk Snack Pack,Catch Foods,HOUS-000884,890100528981,Household & Personal Care,72,box,310.48,517.32,2028-08-25,Aisle 11,ambient
Unpolished Truffle Infused Garlic Naan Frozen 4pk 8-Pack,Organic Tattva Foods,FROZ-000885,890100528982,Frozen Foods,126,tub,221.86,384.06,2026-08-27,Aisle 08,frozen
Signature Kashmiri Saffron Cold-Pressed Groundnut Oil 2-Pack,Dabur Naturals,PANT-000886,890100528983,Pantry & Dry Goods,77,bottle,670.19,1099.85,2026-08-29,Aisle 07,ambient
Low-Sodium Mint Lime Nimbu Paani Soda 2kg,Fortune Foods,BEVE-000887,890100528984,Beverages,107,bottle,321.04,458.37,2027-02-23,Aisle 06,chilled
Cured Moong Dal Namkeen 250g,SunBrite Springs,SNAC-000888,890100528985,Snacks & Confectionery,94,pack,396.87,693.43,2027-05-16,Aisle 10,ambient
Sweet Crab Meat Fresh 250g,Bhoomi Foods,MEAT-000889,890100528986,Meat & Seafood,238,pack,290.23,412.24,2026-08-30,Aisle 05,chilled
Country Style Bagel Plain 4pk 6-Pack,Patanjali Naturals,BAKE-000890,890100528987,Bakery & Deli,225,pcs,203.76,283.08,2026-09-05,Aisle 03,chilled
Rustic Ajwain & Jeera Papayas 750g,Nature Harvest Botanicals,FRES-000891,890100528988,Fresh Produce,150,pack,21.89,31.30,2026-09-06,Aisle 02,chilled
Sun-Dried Golden Ginger Kaju Katli Sweet Box 12-Pack,FarmGold Harvest,SNAC-000892,890100528989,Snacks & Confectionery,246,box,252.89,457.90,2026-10-14,Aisle 10,ambient
Traditional Organic Rolled Oats 150g,SunBrite Mills,PANT-000893,890100528990,Pantry & Dry Goods,75,box,443.30,631.51,2027-09-07,Aisle 07,ambient
Homestyle Vanilla Bean Frozen Samosas 250ml,Saffola Botanicals,FROZ-000894,890100528991,Frozen Foods,48,tub,117.60,174.01,2027-07-26,Aisle 09,frozen
Spiced Kashmiri Saffron Chamomile Herbal Tea 400g,Desi Organics Foods,BEVE-000895,890100528992,Beverages,133,can,38.01,65.16,2027-02-03,Aisle 05,chilled
Cold-Pressed Nagpur Orange Veg Burger Patties 5L,Mother Dairy Farms,FROZ-000896,890100528993,Frozen Foods,220,packet,139.06,178.38,2026-12-05,Aisle 08,frozen
Rustic Shampoo Anti-Dandruff 1.5L,Royal Indian Provisions,HOUS-000897,890100528994,Household & Personal Care,92,tube,599.12,959.58,2028-12-04,Aisle 11,ambient
Crisp Roasted Makhana Foxnuts 500ml,Mother Dairy Agro,SNAC-000898,890100528995,Snacks & Confectionery,36,tub,299.53,478.40,2027-06-03,Aisle 10,ambient
Natural Tulsi Honey Rusk Toast 300g,Heritage Goods,BAKE-000899,890100528996,Bakery & Deli,9,pcs,246.81,398.94,2026-09-03,Aisle 03,chilled
Whole-Grain Sparkling Mineral Water 8-Pack,Green Earth Kitchens,BEVE-000900,890100528997,Beverages,192,box,210.92,283.97,2027-01-30,Aisle 06,chilled
Artisan Masala Chai Roasted Salted Cashews 8-Pack,Organic Tattva Mills,SNAC-000901,890100528998,Snacks & Confectionery,200,pack,262.42,382.66,2027-03-21,Aisle 10,ambient
Traditional Mint Lime Goat Mince Premium 750ml,Fortune Dairy,MEAT-000902,890100528999,Meat & Seafood,93,kg,348.64,622.55,2026-08-31,Aisle 04,chilled
Unpolished Mutton Curry Cut 4-Pack,Amul Goods,MEAT-000903,890100529000,Meat & Seafood,46,pack,367.91,508.07,2026-09-02,Aisle 04,chilled
Heritage Sea Salt Nimbu Paani Soda 10-Pack,Saffola Goods,BEVE-000904,890100529001,Beverages,89,bottle,68.15,98.30,2027-05-15,Aisle 06,chilled
Crisp Squid Rings Cleaned 300g,Ganga Farms,MEAT-000905,890100529002,Meat & Seafood,143,kg,266.58,422.46,2026-08-31,Aisle 05,chilled
Extra-Virgin Mosquito Vaporizer Refill 1.5L,Tata Foods,HOUS-000906,890100529003,Household & Personal Care,62,box,165.98,247.16,2027-11-16,Aisle 11,ambient
Cured Alphonso Mango Paneer Paratha Frozen Value Pack,Catch Foods,FROZ-000907,890100529004,Frozen Foods,150,pack,157.23,288.50,2027-02-01,Aisle 09,frozen
Sun-Dried Jalapeno Lime Cauliflower 1kg,Deccan Naturals,FRES-000908,890100529005,Fresh Produce,37,pack,64.44,90.11,2026-08-31,Aisle 02,chilled
Whole-Grain Oat Milk 350g,Kaveri Plantations,DAIR-000909,890100529006,Dairy & Eggs,16,carton,312.43,553.08,2026-09-03,Aisle 03,chilled
Whole-Grain Fish Fingers Frozen 500g,Vedic Fresh Kitchens,FROZ-000910,890100529007,Frozen Foods,79,bag,106.50,188.26,2027-02-12,Aisle 09,frozen
Cold-Pressed Sweet Tamarind Paneer Block 300g,Amul Kitchens,DAIR-000911,890100529008,Dairy & Eggs,87,pack,330.96,484.95,2026-09-15,Aisle 02,chilled
Raw Coconut Cream Filter Coffee Beans 5L,Desi Organics Organics,BEVE-000912,890100529009,Beverages,30,bag,388.19,713.23,2026-11-06,Aisle 05,ambient
Desi Ayurvedic Bath Soap 6-Pack,Nature Harvest Naturals,HOUS-000913,890100529010,Household & Personal Care,46,tube,288.30,492.62,2027-11-10,Aisle 12,ambient
Aged Alphonso Mango Jeera Masala Soda 150g,Ganga Goods,BEVE-000914,890100529011,Beverages,61,pack,319.34,473.44,2026-12-31,Aisle 05,ambient
Gourmet Dark Chocolate Bagel Plain 4pk 50g,Deccan Harvest,BAKE-000915,890100529012,Bakery & Deli,176,pcs,219.86,341.28,2026-08-31,Aisle 03,chilled
Plant-Based Goat Mince Premium 350g,Deccan Provisions,MEAT-000916,890100529013,Meat & Seafood,182,kg,742.72,1198.20,2026-09-01,Aisle 04,chilled
Whole-Grain Alphonso Mango Veg Spring Rolls 24-Pack,Satvik Kitchens,FROZ-000917,890100529014,Frozen Foods,210,bag,252.49,411.43,2027-06-10,Aisle 08,frozen
Natural Mint Lime Guava Chilli Juice 8-Pack,Mother Dairy Organics,BEVE-000918,890100529015,Beverages,148,bag,252.26,442.12,2027-06-30,Aisle 05,chilled
Plant-Based Ajwain & Jeera Fabric Softener Floral Family Pack,FarmGold Co.,HOUS-000919,890100529016,Household & Personal Care,227,packet,500.83,773.46,2028-08-24,Aisle 12,ambient
Unpolished Vanilla Bean Alphonso Mangoes 100g,Vedic Fresh Foods,FRES-000920,890100529017,Fresh Produce,105,pcs,18.41,29.17,2026-09-12,Aisle 01,chilled
Desi Rose Infused Toor Dal Premium 1L,Pure Vedic Mills,PANT-000921,890100529018,Pantry & Dry Goods,95,jar,746.42,1340.60,2028-03-29,Aisle 07,ambient
Cured Ricotta Fresh 200g,Royal Indian Mills,DAIR-000922,890100529019,Dairy & Eggs,34,carton,260.47,418.38,2026-09-13,Aisle 02,chilled
Whole-Grain Dishwash Gel Lemon 1.5L,Pure Vedic Organics,HOUS-000923,890100529020,Household & Personal Care,24,box,343.25,566.95,2027-09-29,Aisle 12,ambient
Gluten-Free Mutton Curry Cut 10kg,Green Earth Plantations,MEAT-000924,890100529021,Meat & Seafood,229,pack,561.09,957.95,2026-08-29,Aisle 04,chilled
Cured Hash Browns 6pk 750ml,Fortune Agro,FROZ-000925,890100529022,Frozen Foods,182,tub,78.14,102.62,2026-08-16,Aisle 09,frozen
Farm-Fresh Flavored Yogurt 500ml,Nature Harvest Naturals,DAIR-000926,890100529023,Dairy & Eggs,32,packet,127.02,232.63,2026-08-24,Aisle 02,chilled
Roasted Garlic & Herb Heavy Cream 1L,Deccan Springs,DAIR-000927,890100529024,Dairy & Eggs,25,box,419.33,716.09,2026-09-04,Aisle 02,chilled
Royal Alphonso Kulfi Tub 2kg,Amul Co.,FROZ-000928,890100529025,Frozen Foods,88,tub,72.76,122.23,2027-03-10,Aisle 09,frozen
Stone-Ground Biodegradable Garbage Bags 750g,Vedic Fresh Mills,HOUS-000929,890100529026,Household & Personal Care,19,box,267.72,458.53,2029-04-02,Aisle 11,ambient
Free-Range Coconut Cream Fruit Cake Slice 500g,Vedic Fresh Naturals,BAKE-000930,890100529027,Bakery & Deli,229,pack,215.52,278.04,2026-09-10,Aisle 03,ambient
Heritage Paneer Tikka Deli 100g,Ganga Farms,BAKE-000931,890100529028,Bakery & Deli,69,box,86.91,122.19,2026-09-09,Aisle 04,ambient
Organic Double Toned Milk 250ml,Urban Roots Dairy,DAIR-000932,890100529029,Dairy & Eggs,161,packet,69.62,93.25,2026-09-02,Aisle 03,chilled
Organic Squid Rings Cleaned Snack Pack,Everest Naturals,MEAT-000933,890100529030,Meat & Seafood,189,pack,883.40,1262.99,2026-09-02,Aisle 05,chilled
Aged Vanilla Bean Surmai Steaks 250g,Desi Organics Organics,MEAT-000934,890100529031,Meat & Seafood,79,kg,462.77,755.42,2026-09-03,Aisle 04,chilled
Handcrafted Smoked Paprika Surface Floor Cleaner Rose 250ml,Satvik Springs,HOUS-000935,890100529032,Household & Personal Care,141,box,486.47,771.00,2028-05-13,Aisle 11,ambient
Smoked Masala Chai Veg Burger Patties Family Pack,Dabur Naturals,FROZ-000936,890100529033,Frozen Foods,156,pack,64.69,117.74,2027-06-20,Aisle 08,frozen
Sun-Dried Masala Chai Badam Milk Drink 300g,Himalayan Foods,BEVE-000937,890100529034,Beverages,213,can,132.34,211.03,2026-08-28,Aisle 05,ambient
Spiced Goat Mince Premium 12-Pack,Himalayan Springs,MEAT-000938,890100529035,Meat & Seafood,209,kg,181.56,329.71,2026-09-03,Aisle 05,chilled
Farm-Fresh Alphonso Mango Frozen Paneer Cubes 250g,Green Earth Harvest,FROZ-000939,890100529036,Frozen Foods,45,bag,67.60,111.51,2027-05-04,Aisle 09,frozen
Signature Masala Chai Granola Health Bars 2kg,Saffola Plantations,SNAC-000940,890100529037,Snacks & Confectionery,146,pack,503.91,721.02,2027-03-27,Aisle 10,ambient
Handcrafted Sweet Tamarind Seedless Grapes 1L,Satvik Dairy,FRES-000941,890100529038,Fresh Produce,39,pcs,26.04,40.74,2026-09-16,Aisle 02,chilled
Golden Smoked Paprika Spicy Peanut Chikki 10-Pack,Pashmina Naturals,SNAC-000942,890100529039,Snacks & Confectionery,27,bag,153.45,230.71,2027-05-22,Aisle 10,ambient
Valley Fresh Greek Yogurt 500ml,Royal Indian Botanicals,DAIR-000943,890100529040,Dairy & Eggs,20,pack,376.21,661.96,2026-09-16,Aisle 03,chilled
Low-Sodium Mint Lime Cheese Croissant 500ml,Mother Dairy Plantations,BAKE-000944,890100529041,Bakery & Deli,50,pcs,200.27,272.93,2026-09-04,Aisle 04,chilled
Grass-Fed Bamboo Toothbrush 2pk 400g,Catch Harvest,HOUS-000945,890100529042,Household & Personal Care,158,pack,598.47,864.37,2028-10-09,Aisle 12,ambient
Sweet Tandoori Smoked Whole Wheat Atta Bread 750ml,Catch Kitchens,BAKE-000946,890100529043,Bakery & Deli,56,pack,127.68,231.38,2026-08-29,Aisle 04,chilled
Signature Floor Disinfectant Pine 6-Pack,Mother Dairy Milling,HOUS-000947,890100529044,Household & Personal Care,21,packet,563.68,863.11,2028-06-24,Aisle 12,ambient
Homestyle Parmigiano-Reggiano 50g,Mother Dairy Dairy,DAIR-000948,890100529045,Dairy & Eggs,33,tub,433.31,553.62,2026-08-22,Aisle 02,chilled
Organic Jalapeno Lime Stainless Steel Scrubber 3pk 330ml,Pure Vedic Naturals,HOUS-000949,890100529046,Household & Personal Care,57,pack,575.68,860.79,2027-11-18,Aisle 11,ambient
Crisp Fresh Rohu Fish 200g,Pashmina Foods,MEAT-000950,890100529047,Meat & Seafood,106,kg,717.89,1081.17,2026-09-03,Aisle 04,chilled
Signature Filter Coffee Beans 50g,Everest Botanicals,BEVE-000951,890100529048,Beverages,240,bottle,219.52,332.81,2026-11-16,Aisle 06,chilled
Gourmet Palak Leaves 200ml,Mother Dairy Goods,FRES-000952,890100529049,Fresh Produce,247,pcs,50.71,79.63,2026-09-14,Aisle 01,chilled
Gluten-Free Fish Fingers Frozen 4-Pack,Green Earth Milling,FROZ-000953,890100529050,Frozen Foods,235,packet,69.36,126.68,2027-01-30,Aisle 08,frozen
Handcrafted Caramelized Onion Mixed Berries Frozen 4-Pack,Nature Harvest Plantations,FROZ-000954,890100529051,Frozen Foods,225,packet,370.35,490.79,2026-12-27,Aisle 09,frozen
Grass-Fed Veg Burger Patties 250ml,Mother Dairy Plantations,FROZ-000955,890100529052,Frozen Foods,6,pack,379.72,549.83,2027-05-05,Aisle 08,frozen
Stone-Ground Golden Ginger Floor Disinfectant Pine 2L,Desi Organics Mills,HOUS-000956,890100529053,Household & Personal Care,199,packet,483.94,631.81,2028-02-14,Aisle 11,ambient
Pure Coconut Cream Frozen Samosas 2L,Bhoomi Goods,FROZ-000957,890100529054,Frozen Foods,146,bag,292.36,370.86,2026-08-28,Aisle 08,frozen
Extra-Virgin Smoked Paprika Electrolyte Energy Drink 10-Pack,Fortune Agro,BEVE-000958,890100529055,Beverages,84,can,44.03,72.10,2026-10-28,Aisle 05,chilled
Crisp Nagpur Orange Paneer Tikka Deli Family Pack,Vedic Fresh Co.,BAKE-000959,890100529056,Bakery & Deli,231,box,26.68,33.99,2026-09-01,Aisle 04,ambient
Plant-Based Lentils Red Masoor 1.5L,Dabur Goods,PANT-000960,890100529057,Pantry & Dry Goods,115,can,330.07,518.12,2027-05-08,Aisle 07,ambient
Unpolished Tulsi Honey Guavas 24-Pack,Deccan Milling,FRES-000961,890100529058,Fresh Produce,119,pack,96.25,151.29,2026-09-13,Aisle 02,ambient
Cold-Pressed Tandoori Smoked Masala Potato Chips Family Pack,Catch Foods,SNAC-000962,890100529059,Snacks & Confectionery,209,tub,257.87,476.12,2027-03-03,Aisle 09,ambient
Artisan Tulsi Honey Cold Pressed Orange Juice 2-Pack,Everest Farms,BEVE-000963,890100529060,Beverages,204,pack,281.31,477.72,2027-08-04,Aisle 06,ambient
Gluten-Free Garlic & Herb Unsalted White Butter 50g,Heritage Dairy,DAIR-000964,890100529061,Dairy & Eggs,230,pack,331.47,577.98,2026-09-13,Aisle 03,chilled
Smoked Pav 6-Pack Snack Pack,Patanjali Foods,BAKE-000965,890100529062,Bakery & Deli,222,pack,225.06,407.78,2026-08-29,Aisle 04,chilled
Aged Iced Lemon Tea 1kg,Heritage Plantations,BEVE-000966,890100529063,Beverages,154,box,313.56,565.65,2026-12-20,Aisle 06,chilled
Crisp Dark Chocolate Kaju Katli Sweet Box 6-Pack,Nature Harvest Kitchens,SNAC-000967,890100529064,Snacks & Confectionery,114,pack,49.68,69.62,2026-12-30,Aisle 09,ambient
Farm-Fresh Cauliflower 200ml,Fortune Naturals,FRES-000968,890100529065,Fresh Produce,118,bunch,140.98,227.50,2026-09-07,Aisle 02,chilled
Stone-Ground Boneless Chicken Breast Value Pack,Amul Harvest,MEAT-000969,890100529066,Meat & Seafood,125,pcs,606.64,855.16,2026-09-02,Aisle 04,chilled
Zero-Sugar Iced Lemon Tea 750g,Desi Organics Mills,BEVE-000970,890100529067,Beverages,49,can,32.35,54.02,2027-05-16,Aisle 06,chilled
Select Wood-Fired Veggie Pizza 4-Pack,Amul Foods,FROZ-000971,890100529068,Frozen Foods,10,box,303.04,484.72,2027-03-09,Aisle 09,frozen
Zero-Sugar Unsalted White Butter 150ml,Saffola Botanicals,DAIR-000972,890100529069,Dairy & Eggs,244,carton,466.43,770.27,2026-09-19,Aisle 02,chilled
Premium Wood-Fired Veggie Pizza 400g,Pashmina Co.,FROZ-000973,890100529070,Frozen Foods,136,pack,136.94,241.03,2027-05-01,Aisle 09,frozen
Country Style Whole Wheat Atta Bread 500ml,Green Earth Agro,BAKE-000974,890100529071,Bakery & Deli,142,pack,123.52,158.50,2026-09-02,Aisle 03,ambient
Spiced Rose Infused Mutton Chops 100g,Everest Co.,MEAT-000975,890100529072,Meat & Seafood,156,pack,453.14,725.74,2026-08-30,Aisle 04,chilled
Smoked Matcha Green Tea Basa Fish Fillets Value Pack,Royal Indian Milling,MEAT-000976,890100529073,Meat & Seafood,135,pack,344.93,512.60,2026-09-03,Aisle 04,chilled
Organic Jalapeno Lime 70% Dark Chocolate Bar 5kg,Desi Organics Agro,SNAC-000977,890100529074,Snacks & Confectionery,127,box,85.41,146.66,2027-03-21,Aisle 09,ambient
Authentic Ricotta Fresh 10kg,Heritage Farms,DAIR-000978,890100529075,Dairy & Eggs,52,bottle,72.52,91.59,2026-09-04,Aisle 02,chilled
Homestyle Surface Floor Cleaner Rose Family Pack,SunBrite Springs,HOUS-000979,890100529076,Household & Personal Care,199,box,467.31,719.71,2028-03-02,Aisle 12,ambient
Organic Organic Sharbati Atta 150g,Pure Vedic Harvest,PANT-000980,890100529077,Pantry & Dry Goods,157,bottle,722.85,909.48,2026-12-16,Aisle 06,ambient
Smoked Mint Lime Roasted Makhana Foxnuts 750g,Catch Foods,SNAC-000981,890100529078,Snacks & Confectionery,114,tub,194.27,337.13,2026-11-19,Aisle 10,ambient
Natural Surface Floor Cleaner Rose 750ml,Ganga Farms,HOUS-000982,890100529079,Household & Personal Care,159,bottle,62.30,103.83,2029-02-28,Aisle 11,ambient
Heritage Liquid Laundry Detergent 330ml,Catch Foods,HOUS-000983,890100529080,Household & Personal Care,101,pack,557.12,759.25,2026-08-27,Aisle 12,ambient
Plant-Based Chatpata Masala Green Peas Fresh 5kg,Nature Harvest Goods,FRES-000984,890100529081,Fresh Produce,187,kg,99.41,166.01,2026-08-29,Aisle 02,chilled
Artisan Frozen Paneer Cubes 350g,Ganga Dairy,FROZ-000985,890100529082,Frozen Foods,60,pack,297.36,500.09,2027-05-31,Aisle 09,frozen
Country Style Coconut Cream Mutton Curry Cut 250ml,Green Earth Goods,MEAT-000986,890100529083,Meat & Seafood,87,kg,221.54,366.75,2026-08-31,Aisle 05,chilled
Authentic Rusk Toast 12-Pack,Mother Dairy Farms,BAKE-000987,890100529084,Bakery & Deli,205,box,235.24,408.84,2026-09-02,Aisle 04,ambient
Wildcrafted Kachi Ghani Mustard Ciabatta Roll Family Pack,Tata Farms,BAKE-000988,890100529085,Bakery & Deli,104,pack,75.60,102.68,2026-08-21,Aisle 04,ambient
Signature Blueberries 1.5L,Nilgiri Foods,FRES-000989,890100529086,Fresh Produce,61,kg,140.05,213.55,2026-08-29,Aisle 01,chilled
Sun-Dried Cardamom Spiced Bath Tissue 6-Pack 250g,SunBrite Organics,HOUS-000990,890100529087,Household & Personal Care,80,bottle,496.93,836.59,2028-01-30,Aisle 11,ambient
Cured Vanilla Bean Curd Tub (Dahi) 500g,Kaveri Farms,DAIR-000991,890100529088,Dairy & Eggs,12,packet,256.12,345.09,2026-09-14,Aisle 03,chilled
Rustic Frozen Green Peas 1kg,Urban Roots Goods,FROZ-000992,890100529089,Frozen Foods,215,pack,144.01,259.36,2027-04-25,Aisle 09,frozen
Sweet French Fries Crispy 6-Pack,Organic Tattva Organics,FROZ-000993,890100529090,Frozen Foods,144,box,154.45,214.53,2027-05-18,Aisle 09,frozen
Crisp Ajwain & Jeera Organic Brown Sugar 500g,Mother Dairy Kitchens,PANT-000994,890100529091,Pantry & Dry Goods,207,bottle,643.88,864.03,2027-03-25,Aisle 06,ambient
Whole-Grain Cinnamon Spice Catla Fish Steaks 750g,Desi Organics Naturals,MEAT-000995,890100529092,Meat & Seafood,156,pack,642.74,990.52,2026-09-01,Aisle 04,chilled
Select Toasted Sesame Organic Sharbati Atta 6-Pack,FarmGold Harvest,PANT-000996,890100529093,Pantry & Dry Goods,26,box,609.71,831.23,2026-08-28,Aisle 08,ambient
Cold-Pressed Liquid Laundry Detergent 1L,Bhoomi Springs,HOUS-000997,890100529094,Household & Personal Care,177,tube,66.58,112.51,2029-02-21,Aisle 12,ambient
Crisp Makhana Crunch Fabric Softener Floral 150g,Dabur Dairy,HOUS-000998,890100529095,Household & Personal Care,199,packet,117.76,170.03,2029-04-04,Aisle 11,ambient
Sun-Dried Truffle Infused Cauliflower Snack Pack,Nilgiri Mills,FRES-000999,890100529096,Fresh Produce,144,kg,123.91,159.20,2026-09-04,Aisle 02,chilled
Valley Fresh Golden Ginger Paneer Tikka Deli 330ml,Deccan Dairy,BAKE-001000,890100529097,Bakery & Deli,141,box,193.38,326.18,2026-09-01,Aisle 03,chilled
Cured Makhana Crunch Bath Tissue 6-Pack 500g,Satvik Foods,HOUS-001001,890100529098,Household & Personal Care,218,box,85.00,149.32,2028-07-11,Aisle 12,ambient
Authentic Pista Almond Boneless Chicken Breast 100g,Kaveri Farms,MEAT-001002,890100529099,Meat & Seafood,128,kg,508.04,712.88,2026-09-01,Aisle 04,chilled
Country Style Cold-Pressed Groundnut Oil 2kg,Everest Kitchens,PANT-001003,890100529100,Pantry & Dry Goods,161,box,30.57,54.04,2027-09-24,Aisle 07,ambient
Traditional Masala CTC Tea 100g,Fortune Organics,BEVE-001004,890100529101,Beverages,88,carton,45.52,76.87,2026-09-25,Aisle 06,ambient
Farm-Fresh Masala Chai Greek Yogurt 750g,Catch Milling,DAIR-001005,890100529102,Dairy & Eggs,245,packet,467.52,851.88,2026-09-23,Aisle 02,chilled
Low-Sodium Chicken Keema 150ml,Pure Vedic Botanicals,MEAT-001006,890100529103,Meat & Seafood,178,pcs,361.99,609.92,2026-08-29,Aisle 05,chilled
Golden Vanilla Bean Banana Chips Kerala Style Value Pack,Urban Roots Kitchens,SNAC-001007,890100529104,Snacks & Confectionery,48,bag,60.49,76.86,2027-02-12,Aisle 10,ambient
Natural Lavash Crackers 750g,Deccan Dairy,BAKE-001008,890100529105,Bakery & Deli,116,pack,299.92,448.00,2026-09-01,Aisle 03,ambient
Sun-Dried Tandoori Smoked Gulab Jamun Tin 100g,Satvik Mills,SNAC-001009,890100529106,Snacks & Confectionery,44,box,230.61,384.63,2026-12-20,Aisle 10,ambient
Whole-Grain Golden Ginger Heavy Cream Value Pack,Catch Farms,DAIR-001010,890100529107,Dairy & Eggs,160,packet,355.72,638.17,2026-09-25,Aisle 02,chilled
Whole-Grain Garlic & Herb Ayurvedic Bath Soap 200g,Dabur Goods,HOUS-001011,890100529108,Household & Personal Care,60,tube,94.87,129.97,2028-02-11,Aisle 11,ambient
Gluten-Free Stainless Steel Scrubber 3pk 24-Pack,Fortune Organics,HOUS-001012,890100529109,Household & Personal Care,58,tube,185.60,258.90,2028-05-03,Aisle 12,ambient
Organic Parmigiano-Reggiano 200g,Saffola Foods,DAIR-001013,890100529110,Dairy & Eggs,180,carton,413.80,605.74,2026-09-15,Aisle 02,chilled
Roasted Jalapeno Lime Guavas 100g,Tata Naturals,FRES-001014,890100529111,Fresh Produce,146,pack,118.78,171.84,2026-09-05,Aisle 02,ambient
Whole-Grain Kashmiri Saffron Organic Rolled Oats 150ml,Fortune Goods,PANT-001015,890100529112,Pantry & Dry Goods,162,bottle,67.21,88.05,2027-10-12,Aisle 07,ambient
Rustic Matcha Green Tea Masala CTC Tea 2L,Fortune Milling,BEVE-001016,890100529113,Beverages,190,bag,105.40,186.58,2027-07-27,Aisle 05,chilled
Sweet Roasted Makhana Foxnuts 2-Pack,Vedic Fresh Milling,SNAC-001017,890100529114,Snacks & Confectionery,245,bag,118.25,205.47,2026-12-15,Aisle 09,ambient
Authentic Cauliflower 330ml,Kaveri Springs,FRES-001018,890100529115,Fresh Produce,87,kg,136.32,193.03,2026-09-01,Aisle 02,ambient
Whole-Grain Espresso Roast Ground Coffee 1L,Nature Harvest Goods,BEVE-001019,890100529116,Beverages,221,bag,179.78,241.01,2027-05-02,Aisle 05,ambient
Wildcrafted Nagpur Orange Cheese Croissant Family Pack,Heritage Springs,BAKE-001020,890100529117,Bakery & Deli,69,box,281.05,386.57,2026-09-05,Aisle 04,ambient
Pure Raw Wildflower Honey 10kg,Desi Organics Harvest,PANT-001021,890100529118,Pantry & Dry Goods,218,bottle,383.37,550.33,2026-08-26,Aisle 08,ambient
Country Style Golden Ginger Chamomile Herbal Tea 200ml,SunBrite Kitchens,BEVE-001022,890100529119,Beverages,48,pack,369.95,476.98,2026-12-31,Aisle 06,ambient
Extra-Virgin Garlic & Herb Mutton Chops 10kg,Satvik Harvest,MEAT-001023,890100529120,Meat & Seafood,230,kg,164.43,257.51,2026-09-01,Aisle 05,chilled
Stone-Ground Frozen Paneer Cubes 2-Pack,Pashmina Dairy,FROZ-001024,890100529121,Frozen Foods,148,box,407.61,513.72,2027-03-02,Aisle 09,frozen
Country Style Palak Leaves 5kg,Himalayan Farms,FRES-001025,890100529122,Fresh Produce,5,bag,150.71,218.33,2026-09-07,Aisle 02,chilled
Pure Paneer Tikka Deli 12-Pack,Patanjali Harvest,BAKE-001026,890100529123,Bakery & Deli,238,pack,252.87,421.68,2026-08-31,Aisle 04,chilled
Spiced Masala CTC Tea 1L,Nature Harvest Farms,BEVE-001027,890100529124,Beverages,123,can,35.82,55.16,2027-02-16,Aisle 06,ambient
Spiced 70% Dark Chocolate Bar 5kg,Everest Agro,SNAC-001028,890100529125,Snacks & Confectionery,207,tub,428.13,640.54,2027-02-06,Aisle 10,ambient
Crisp Sweet Tamarind Lassi Mango Infused 100g,Organic Tattva Agro,DAIR-001029,890100529126,Dairy & Eggs,242,carton,303.82,450.36,2026-09-17,Aisle 03,chilled
Grass-Fed Ajwain & Jeera Portobello Mushrooms 200g,FarmGold Milling,FRES-001030,890100529127,Fresh Produce,54,bag,86.76,117.92,2026-09-13,Aisle 02,ambient
Natural Masala Chai Jeera Masala Soda 1.5L,Mother Dairy Foods,BEVE-001031,890100529128,Beverages,146,bottle,215.63,386.91,2027-08-18,Aisle 06,chilled
Rustic Alphonso Kulfi Tub 200g,Desi Organics Dairy,FROZ-001032,890100529129,Frozen Foods,186,packet,323.33,510.87,2027-04-19,Aisle 09,frozen
Handcrafted Dishwash Gel Lemon 200g,Royal Indian Farms,HOUS-001033,890100529130,Household & Personal Care,142,box,217.87,325.30,2028-09-11,Aisle 12,ambient
Roasted Mint Lime Coconut Milk Canned 400g,Tata Kitchens,PANT-001034,890100529131,Pantry & Dry Goods,33,can,631.06,1002.42,2028-01-21,Aisle 07,ambient
Grass-Fed Multigrain Tortillas Value Pack,Vedic Fresh Botanicals,BAKE-001035,890100529132,Bakery & Deli,236,pack,147.06,248.75,2026-09-01,Aisle 03,ambient
Desi Bamboo Toothbrush 2pk 250g,Catch Organics,HOUS-001036,890100529133,Household & Personal Care,162,bottle,36.61,58.62,2028-11-28,Aisle 11,ambient
Homestyle Surmai Steaks 50g,Heritage Provisions,MEAT-001037,890100529134,Meat & Seafood,230,kg,182.17,335.10,2026-09-02,Aisle 04,chilled
Smoked Ajwain & Jeera Mustard Oil Kachi Ghani 500ml,Mother Dairy Springs,PANT-001038,890100529135,Pantry & Dry Goods,144,box,275.53,412.18,2027-02-13,Aisle 06,ambient
Cured Lassi Mango Infused 4-Pack,Patanjali Farms,DAIR-001039,890100529136,Dairy & Eggs,35,packet,324.55,429.42,2026-09-07,Aisle 02,chilled
Pure Kachi Ghani Mustard Alphonso Kulfi Tub Snack Pack,Saffola Goods,FROZ-001040,890100529137,Frozen Foods,164,pack,239.48,338.70,2027-07-30,Aisle 09,frozen
Gourmet Ajwain & Jeera Granola Health Bars 2kg,Fortune Agro,SNAC-001041,890100529138,Snacks & Confectionery,246,tub,31.13,54.64,2027-06-09,Aisle 09,ambient
Handcrafted Floor Disinfectant Pine 330ml,Bhoomi Dairy,HOUS-001042,890100529139,Household & Personal Care,152,box,469.21,626.22,2029-05-03,Aisle 11,ambient
Rustic Filter Coffee Beans 300g,Everest Farms,BEVE-001043,890100529140,Beverages,209,can,420.53,716.84,2027-05-12,Aisle 05,ambient
Artisan Sweet Tamarind Herbal Hand Wash Neem 300g,Nature Harvest Agro,HOUS-001044,890100529141,Household & Personal Care,39,bottle,181.13,315.51,2028-01-22,Aisle 11,ambient
Farm-Fresh Pav 6-Pack 5L,Ganga Agro,BAKE-001045,890100529142,Bakery & Deli,123,pack,187.63,236.55,2026-09-02,Aisle 03,ambient
Zero-Sugar Jalapeno Lime Chicken Drumsticks 1kg,Deccan Milling,MEAT-001046,890100529143,Meat & Seafood,185,pack,802.32,1220.71,2026-09-01,Aisle 04,chilled
Raw Alphonso Mango Rawa Sooji 100g,Saffola Organics,PANT-001047,890100529144,Pantry & Dry Goods,208,packet,49.68,78.59,2027-12-18,Aisle 08,ambient
Royal Mosquito Vaporizer Refill 1kg,Tata Agro,HOUS-001048,890100529145,Household & Personal Care,85,packet,337.81,545.37,2028-03-23,Aisle 11,ambient
Sun-Dried Kokum Sharbat 5kg,Ganga Provisions,BEVE-001049,890100529146,Beverages,211,bag,383.47,594.11,2027-01-06,Aisle 06,chilled
Desi Electrolyte Energy Drink 10kg,Fortune Dairy,BEVE-001050,890100529147,Beverages,203,bag,234.03,404.92,2026-11-02,Aisle 05,ambient
Extra-Virgin Tandoori Smoked Sona Masoori Rice Snack Pack,Ganga Co.,PANT-001051,890100529148,Pantry & Dry Goods,187,jar,428.63,614.41,2027-09-23,Aisle 06,ambient
Valley Fresh Masala Chai Sweet Corn Kernels 4-Pack,Deccan Botanicals,FROZ-001052,890100529149,Frozen Foods,250,bag,406.81,566.45,2027-06-06,Aisle 08,frozen
Smoked Ayurvedic Bath Soap Value Pack,Deccan Farms,HOUS-001053,890100529150,Household & Personal Care,186,tube,215.68,346.31,2028-05-08,Aisle 11,ambient
Extra-Virgin Paneer Tikka Deli 24-Pack,SunBrite Harvest,BAKE-001054,890100529151,Bakery & Deli,157,box,237.38,402.32,2026-09-05,Aisle 04,ambient
Zero-Sugar Jalapeno Lime Aloo Tikki 8-Pack 150g,Mother Dairy Milling,FROZ-001055,890100529152,Frozen Foods,227,tub,356.80,542.74,2027-06-30,Aisle 09,frozen
Grass-Fed Ayurvedic Bath Soap 8-Pack,Pashmina Agro,HOUS-001056,890100529153,Household & Personal Care,181,tube,587.93,755.71,2027-02-27,Aisle 11,ambient
Valley Fresh Edamame Pods 1kg,Nature Harvest Kitchens,FROZ-001057,890100529154,Frozen Foods,204,box,82.10,126.11,2027-01-11,Aisle 08,frozen
Farm-Fresh Vanilla Bean Fresh Mint (Pudina) 5L,Catch Plantations,FRES-001058,890100529155,Fresh Produce,216,pcs,56.06,79.61,2026-09-13,Aisle 01,ambient
Natural Dark Chocolate Liquid Laundry Detergent 5L,Himalayan Mills,HOUS-001059,890100529156,Household & Personal Care,97,packet,442.85,708.20,2027-06-20,Aisle 12,ambient
Low-Sodium Penne Rigate Pasta 4-Pack,Nilgiri Farms,PANT-001060,890100529157,Pantry & Dry Goods,186,can,640.39,1131.61,2028-05-17,Aisle 06,ambient
Handcrafted Kachi Ghani Mustard Fresh Rohu Fish 200ml,Pashmina Farms,MEAT-001061,890100529158,Meat & Seafood,47,kg,323.90,555.93,2026-09-03,Aisle 04,chilled
Whole-Grain Truffle Infused Guava Chilli Juice 330ml,Bhoomi Harvest,BEVE-001062,890100529159,Beverages,97,bottle,176.16,288.35,2027-05-03,Aisle 06,ambient
Plant-Based Lemon Pepper Himalayan Spring Water Family Pack,FarmGold Kitchens,BEVE-001063,890100529160,Beverages,150,bag,32.06,51.12,2026-12-07,Aisle 05,ambient
Raw Kachi Ghani Mustard Kokum Sharbat 750g,FarmGold Provisions,BEVE-001064,890100529161,Beverages,18,carton,232.95,337.46,2027-04-23,Aisle 05,chilled
Sweet Extra Virgin Olive Oil 1L,Green Earth Milling,PANT-001065,890100529162,Pantry & Dry Goods,219,can,225.69,297.83,2027-06-08,Aisle 07,ambient
Zero-Sugar Lassi Mango Infused 250ml,Patanjali Milling,DAIR-001066,890100529163,Dairy & Eggs,213,carton,469.01,710.93,2026-09-15,Aisle 03,chilled
Sun-Dried Mint Lime Lemons 10-Pack,Heritage Dairy,FRES-001067,890100529164,Fresh Produce,140,pack,59.01,93.41,2026-08-30,Aisle 02,ambient
Spiced Cauliflower 5L,Royal Indian Goods,FRES-001068,890100529165,Fresh Produce,211,bunch,56.12,81.06,2026-09-07,Aisle 01,ambient
Authentic Mutton Chops 10-Pack,Patanjali Agro,MEAT-001069,890100529166,Meat & Seafood,36,kg,604.49,880.58,2026-09-01,Aisle 05,chilled
Plant-Based Kitchen Paper Towels 4-Roll 350g,Kaveri Botanicals,HOUS-001070,890100529167,Household & Personal Care,121,tube,382.68,559.97,2028-06-14,Aisle 12,ambient
Free-Range Smoked Paprika Flavored Yogurt 400g,Organic Tattva Farms,DAIR-001071,890100529168,Dairy & Eggs,74,bottle,97.83,146.51,2026-08-30,Aisle 03,chilled
Stone-Ground Makhana Crunch Fruit Muffins Family Pack,Saffola Goods,BAKE-001072,890100529169,Bakery & Deli,166,pcs,138.03,222.46,2026-09-02,Aisle 04,chilled
Farm-Fresh Jalapeno Lime Pink Himalayan Salt 330ml,Amul Co.,PANT-001073,890100529170,Pantry & Dry Goods,226,box,612.90,1072.41,2027-11-05,Aisle 08,ambient
Cold-Pressed Sourdough Loaf 200ml,Nature Harvest Springs,BAKE-001074,890100529171,Bakery & Deli,42,pcs,163.88,206.59,2026-08-30,Aisle 03,ambient
Cold-Pressed Brownie Bites 2L,Royal Indian Co.,BAKE-001075,890100529172,Bakery & Deli,67,box,296.99,413.88,2026-08-29,Aisle 04,chilled
Wildcrafted Organic Sharbati Atta 2kg,Saffola Naturals,PANT-001076,890100529173,Pantry & Dry Goods,59,box,300.92,380.38,2027-05-12,Aisle 06,ambient
Select 70% Dark Chocolate Bar 250g,Deccan Agro,SNAC-001077,890100529174,Snacks & Confectionery,58,packet,332.83,605.97,2026-08-27,Aisle 09,ambient
Country Style 70% Dark Chocolate Bar 750g,FarmGold Goods,SNAC-001078,890100529175,Snacks & Confectionery,134,box,378.62,616.11,2026-11-10,Aisle 09,ambient
Organic Toasted Sesame Mutton Curry Cut 5kg,Patanjali Organics,MEAT-001079,890100529176,Meat & Seafood,155,kg,776.95,1295.52,2026-09-01,Aisle 05,chilled
Farm-Fresh Mutton Chops 150g,Heritage Springs,MEAT-001080,890100529177,Meat & Seafood,152,kg,486.99,884.14,2026-08-29,Aisle 04,chilled
Organic Heavy Cream 8-Pack,Nilgiri Milling,DAIR-001081,890100529178,Dairy & Eggs,57,box,136.25,235.89,2026-08-30,Aisle 03,chilled
Zero-Sugar Filter Coffee Beans 5L,Amul Milling,BEVE-001082,890100529179,Beverages,9,can,169.54,295.35,2027-03-25,Aisle 06,ambient
Wildcrafted Cinnamon Spice Organic Green Tea 24-Pack,Pure Vedic Plantations,BEVE-001083,890100529180,Beverages,169,carton,119.12,161.96,2026-11-16,Aisle 06,chilled
Smoked Masala Chai Bamboo Toothbrush 2pk 8-Pack,Fortune Farms,HOUS-001084,890100529181,Household & Personal Care,113,packet,42.18,60.51,2028-12-22,Aisle 11,ambient
Premium Kabuli Chana Large 750ml,FarmGold Goods,PANT-001085,890100529182,Pantry & Dry Goods,196,jar,63.68,97.65,2028-06-24,Aisle 06,ambient
Stone-Ground Sweet Corn Kernels 5L,Satvik Plantations,FROZ-001086,890100529183,Frozen Foods,10,tub,70.03,128.66,2026-08-28,Aisle 09,frozen
Raw Sea Salt Mosquito Vaporizer Refill 750ml,FarmGold Kitchens,HOUS-001087,890100529184,Household & Personal Care,139,box,457.70,667.12,2029-02-11,Aisle 12,ambient
Whole-Grain Malai Kulfi Bar 2-Pack,Mother Dairy Provisions,FROZ-001088,890100529185,Frozen Foods,181,box,321.67,494.26,2026-08-29,Aisle 09,frozen
Crisp Dark Chocolate Biodegradable Garbage Bags 2kg,Green Earth Botanicals,HOUS-001089,890100529186,Household & Personal Care,190,pack,536.16,785.20,2028-01-08,Aisle 12,ambient
Traditional Kokum Sharbat 6-Pack,Organic Tattva Goods,BEVE-001090,890100529187,Beverages,4,can,322.18,534.44,2027-08-25,Aisle 05,ambient
Heritage Dishwash Gel Lemon 250g,Himalayan Foods,HOUS-001091,890100529188,Household & Personal Care,181,pack,565.25,760.65,2028-04-11,Aisle 12,ambient
Royal Mint Lime Bagel Plain 4pk Value Pack,Royal Indian Botanicals,BAKE-001092,890100529189,Bakery & Deli,235,pcs,311.68,498.59,2026-08-28,Aisle 04,ambient
Stone-Ground Frozen Green Peas 24-Pack,Catch Goods,FROZ-001093,890100529190,Frozen Foods,44,packet,337.51,596.28,2027-02-15,Aisle 09,frozen
Desi Cinnamon Spice Goat Mince Premium 1L,Amul Goods,MEAT-001094,890100529191,Meat & Seafood,96,pcs,706.08,1246.58,2026-09-03,Aisle 04,chilled
Rustic Toasted Sesame Gulab Jamun Tin 5L,Mother Dairy Organics,SNAC-001095,890100529192,Snacks & Confectionery,79,pack,66.89,85.80,2026-08-30,Aisle 09,ambient
Golden Fabric Softener Floral 750ml,Desi Organics Botanicals,HOUS-001096,890100529193,Household & Personal Care,42,pack,303.40,477.11,2028-08-14,Aisle 11,ambient
Whole-Grain Penne Rigate Pasta 350g,Nilgiri Mills,PANT-001097,890100529194,Pantry & Dry Goods,224,bag,345.33,568.37,2028-07-23,Aisle 07,ambient
Zero-Sugar Veg Burger Patties 10kg,Organic Tattva Botanicals,FROZ-001098,890100529195,Frozen Foods,48,packet,327.92,451.81,2027-06-08,Aisle 08,frozen
Select Smoked Paprika Oranges Nagpur 330ml,Satvik Mills,FRES-001099,890100529196,Fresh Produce,201,bunch,48.93,86.22,2026-08-31,Aisle 02,chilled
Royal Alphonso Mango Veg Burger Patties 2kg,Patanjali Dairy,FROZ-001100,890100529197,Frozen Foods,141,packet,308.77,468.48,2027-03-05,Aisle 08,frozen
Cold-Pressed Ayurvedic Bath Soap Family Pack,Nilgiri Dairy,HOUS-001101,890100529198,Household & Personal Care,242,tube,80.35,127.35,2029-04-15,Aisle 11,ambient
Sweet Poha Thick Flakes 1L,Urban Roots Dairy,PANT-001102,890100529199,Pantry & Dry Goods,202,can,725.98,919.10,2026-08-27,Aisle 07,ambient
Low-Sodium Jalapeno Lime Stainless Steel Scrubber 3pk 250ml,SunBrite Milling,HOUS-001103,890100529200,Household & Personal Care,126,packet,297.50,509.82,2027-08-30,Aisle 11,ambient
Aged Masala Chai Pita Bread 200g,Patanjali Mills,BAKE-001104,890100529201,Bakery & Deli,20,box,239.15,317.30,2026-09-05,Aisle 04,ambient
Desi Chaash / Buttermilk 6-Pack,Pure Vedic Plantations,DAIR-001105,890100529202,Dairy & Eggs,7,box,204.28,262.02,2026-09-11,Aisle 03,chilled
Pure Garlic & Herb Atlantic Salmon Fillet 500g,Saffola Farms,MEAT-001106,890100529203,Meat & Seafood,169,kg,158.11,265.72,2026-08-31,Aisle 04,chilled
Roasted Chamomile Herbal Tea 200ml,SunBrite Plantations,BEVE-001107,890100529204,Beverages,46,bag,410.82,746.82,2027-05-30,Aisle 06,chilled
Whole-Grain Blueberries Family Pack,Mother Dairy Dairy,FRES-001108,890100529205,Fresh Produce,104,pcs,52.09,90.23,2026-09-08,Aisle 01,ambient
Gluten-Free Lemon Pepper Papayas 1kg,Desi Organics Co.,FRES-001109,890100529206,Fresh Produce,110,kg,83.31,133.80,2026-09-02,Aisle 01,ambient
Signature Sweet Tamarind Boneless Chicken Breast 2kg,Royal Indian Harvest,MEAT-001110,890100529207,Meat & Seafood,212,kg,577.24,982.38,2026-08-28,Aisle 05,chilled
Low-Sodium Lemon Pepper Sweet Potatoes 400g,Green Earth Naturals,FRES-001111,890100529208,Fresh Produce,80,bunch,58.02,94.04,2026-09-03,Aisle 01,ambient
Spiced Surmai Steaks Value Pack,Catch Agro,MEAT-001112,890100529209,Meat & Seafood,123,pcs,896.11,1151.07,2026-08-31,Aisle 04,chilled
Raw Mixed Berries Frozen 1.5L,Catch Organics,FROZ-001113,890100529210,Frozen Foods,18,bag,151.64,245.58,2027-06-14,Aisle 08,frozen
Cold-Pressed Nagpur Orange Frozen Green Peas 10kg,Mother Dairy Harvest,FROZ-001114,890100529211,Frozen Foods,228,tub,133.20,200.12,2026-08-17,Aisle 09,frozen
Rustic Sweet Tamarind Cold Brew Coffee 10kg,Vedic Fresh Provisions,BEVE-001115,890100529212,Beverages,200,bag,174.12,239.40,2027-02-05,Aisle 06,ambient
Wildcrafted Red Chilli & Garlic Roasted Makhana Foxnuts 4-Pack,Royal Indian Milling,SNAC-001116,890100529213,Snacks & Confectionery,174,bag,115.22,199.85,2026-08-29,Aisle 10,ambient
Valley Fresh Bhujia Sev 2kg,Bhoomi Mills,SNAC-001117,890100529214,Snacks & Confectionery,163,bar,103.44,153.32,2027-02-18,Aisle 09,ambient
Premium Kashmiri Saffron Stainless Steel Scrubber 3pk 2L,Green Earth Mills,HOUS-001118,890100529215,Household & Personal Care,133,pack,313.53,548.60,2027-08-19,Aisle 11,ambient
Low-Sodium Ajwain & Jeera Fish Fingers Frozen 1.5L,Deccan Botanicals,FROZ-001119,890100529216,Frozen Foods,96,packet,275.94,497.92,2027-02-13,Aisle 09,frozen
Heritage Watermelon 500g,Nilgiri Naturals,FRES-001120,890100529217,Fresh Produce,27,bunch,142.78,232.02,2026-09-02,Aisle 02,ambient
Crisp Sona Masoori Rice 100g,Urban Roots Organics,PANT-001121,890100529218,Pantry & Dry Goods,121,bottle,518.47,936.01,2027-10-20,Aisle 07,ambient
Low-Sodium Ajwain & Jeera Sweet Potatoes 1.5L,Satvik Harvest,FRES-001122,890100529219,Fresh Produce,22,kg,33.75,54.05,2026-09-15,Aisle 01,chilled
Sweet Alphonso Mango Roasted Salted Cashews 4-Pack,Satvik Dairy,SNAC-001123,890100529220,Snacks & Confectionery,71,box,70.69,123.80,2026-08-27,Aisle 09,ambient
Plant-Based Jalapeno Lime Seedless Grapes 12-Pack,Dabur Provisions,FRES-001124,890100529221,Fresh Produce,250,pack,116.08,171.76,2026-09-11,Aisle 01,chilled
Stone-Ground Masala Potato Chips 10-Pack,Tata Springs,SNAC-001125,890100529222,Snacks & Confectionery,227,pack,393.38,535.10,2027-02-20,Aisle 10,ambient
Cold-Pressed Filter Coffee Beans 250g,Heritage Kitchens,BEVE-001126,890100529223,Beverages,139,bag,160.83,279.23,2027-01-02,Aisle 06,chilled
Plant-Based Floor Disinfectant Pine 24-Pack,Patanjali Co.,HOUS-001127,890100529224,Household & Personal Care,246,bottle,568.05,759.87,2028-05-26,Aisle 12,ambient
Roasted Mint Lime Mutton Curry Cut 400g,Organic Tattva Goods,MEAT-001128,890100529225,Meat & Seafood,161,pcs,850.05,1292.78,2026-08-31,Aisle 04,chilled
Traditional Golden Ginger Shampoo Anti-Dandruff 250ml,Mother Dairy Milling,HOUS-001129,890100529226,Household & Personal Care,230,pack,312.94,528.27,2029-03-25,Aisle 11,ambient
Plant-Based Masala Chai Cold Brew Coffee 5L,Heritage Foods,BEVE-001130,890100529227,Beverages,75,bag,369.93,539.37,2027-01-14,Aisle 06,ambient
Gluten-Free Floor Disinfectant Pine Family Pack,Kaveri Provisions,HOUS-001131,890100529228,Household & Personal Care,75,tube,219.60,379.58,2028-06-23,Aisle 12,ambient
Handcrafted Matcha Green Tea Badam Milk Drink 330ml,Tata Kitchens,BEVE-001132,890100529229,Beverages,61,bag,315.71,552.26,2026-08-29,Aisle 06,chilled
Whole-Grain Butter Croissants 10kg,Amul Springs,BAKE-001133,890100529230,Bakery & Deli,197,pack,319.76,577.58,2026-09-10,Aisle 03,chilled
Plant-Based Truffle Infused Brioche Burger Buns 350g,Green Earth Springs,BAKE-001134,890100529231,Bakery & Deli,111,pack,239.33,322.66,2026-09-08,Aisle 04,chilled
Plant-Based Chatpata Masala Buffalo Milk 100g,Patanjali Agro,DAIR-001135,890100529232,Dairy & Eggs,191,carton,300.94,528.48,2026-09-15,Aisle 02,chilled
Handcrafted Garlic Naan Frozen 4pk 10-Pack,Fortune Harvest,FROZ-001136,890100529233,Frozen Foods,127,packet,352.87,569.74,2027-05-22,Aisle 09,frozen
Premium Buffalo Milk 330ml,Patanjali Mills,DAIR-001137,890100529234,Dairy & Eggs,140,pack,218.66,306.25,2026-08-30,Aisle 02,chilled
Natural Mosquito Vaporizer Refill 200g,Urban Roots Goods,HOUS-001138,890100529235,Household & Personal Care,76,packet,92.17,123.47,2028-10-19,Aisle 12,ambient
Select Truffle Infused Cashew Paste Curry Base 5kg,Ganga Foods,PANT-001139,890100529236,Pantry & Dry Goods,154,packet,530.46,684.80,2027-11-19,Aisle 08,ambient
Desi Makhana Crunch Surface Floor Cleaner Rose 750ml,FarmGold Milling,HOUS-001140,890100529237,Household & Personal Care,164,tube,304.40,434.76,2029-02-27,Aisle 11,ambient
Royal Almond Milk 100g,Urban Roots Foods,DAIR-001141,890100529238,Dairy & Eggs,77,pack,351.19,552.50,2026-08-30,Aisle 03,chilled
Premium Nagpur Orange Aloo Tikki 8-Pack 500g,Organic Tattva Plantations,FROZ-001142,890100529239,Frozen Foods,149,box,163.85,224.26,2027-05-17,Aisle 09,frozen
Authentic Rose Infused Roma Tomatoes 2kg,Ganga Naturals,FRES-001143,890100529240,Fresh Produce,103,pack,15.55,21.65,2026-09-11,Aisle 02,ambient
Low-Sodium Frozen Samosas 300g,Nature Harvest Harvest,FROZ-001144,890100529241,Frozen Foods,109,box,236.09,332.84,2026-12-26,Aisle 09,frozen
Gluten-Free Wood-Fired Veggie Pizza 500ml,Himalayan Milling,FROZ-001145,890100529242,Frozen Foods,83,bag,48.34,68.84,2027-07-03,Aisle 08,frozen
Cold-Pressed Garlic & Herb Mutton Chops 150ml,Nilgiri Plantations,MEAT-001146,890100529243,Meat & Seafood,29,kg,686.53,1158.38,2026-08-31,Aisle 04,chilled
Stone-Ground Bamboo Toothbrush 2pk 350g,Vedic Fresh Farms,HOUS-001147,890100529244,Household & Personal Care,57,bottle,300.03,448.17,2027-03-23,Aisle 12,ambient
Gluten-Free Fruit Muffins 2kg,Deccan Goods,BAKE-001148,890100529245,Bakery & Deli,37,box,302.12,384.89,2026-08-23,Aisle 04,ambient
Handcrafted Catla Fish Steaks 24-Pack,Catch Farms,MEAT-001149,890100529246,Meat & Seafood,146,kg,513.31,662.94,2026-08-29,Aisle 04,chilled
Heritage Chicken Sausages 24-Pack,SunBrite Botanicals,MEAT-001150,890100529247,Meat & Seafood,16,pcs,221.09,302.46,2026-09-03,Aisle 04,chilled
Valley Fresh Cardamom Spiced Edamame Pods Snack Pack,Tata Provisions,FROZ-001151,890100529248,Frozen Foods,194,tub,126.69,181.43,2027-07-05,Aisle 09,frozen
Pure Mozzarella Shredded 500g,Royal Indian Mills,DAIR-001152,890100529249,Dairy & Eggs,8,packet,177.16,294.16,2026-08-27,Aisle 02,chilled
Spiced Red Onions 330ml,Vedic Fresh Mills,FRES-001153,890100529250,Fresh Produce,179,pcs,144.93,203.59,2026-09-07,Aisle 01,ambient
Homestyle Roasted Makhana Foxnuts 10-Pack,Green Earth Agro,SNAC-001154,890100529251,Snacks & Confectionery,50,packet,60.35,111.15,2026-12-25,Aisle 10,ambient
Authentic Veg Burger Patties 8-Pack,Desi Organics Springs,FROZ-001155,890100529252,Frozen Foods,17,bag,219.84,299.84,2027-07-30,Aisle 08,frozen
Signature Kachi Ghani Mustard Boneless Chicken Breast 150g,Royal Indian Provisions,MEAT-001156,890100529253,Meat & Seafood,14,pcs,679.11,1025.84,2026-09-01,Aisle 05,chilled
Signature Bath Tissue 6-Pack 12-Pack,FarmGold Plantations,HOUS-001157,890100529254,Household & Personal Care,58,tube,412.00,625.55,2028-10-24,Aisle 11,ambient
Extra-Virgin Caramelized Onion Organic Sharbati Atta 400g,Everest Botanicals,PANT-001158,890100529255,Pantry & Dry Goods,9,box,588.40,1032.58,2027-05-20,Aisle 07,ambient
Stone-Ground Kashmiri Saffron Strawberries 10-Pack,Ganga Springs,FRES-001159,890100529256,Fresh Produce,29,pcs,63.93,81.79,2026-08-31,Aisle 02,ambient
Smoked Brioche Burger Buns 5L,Kaveri Harvest,BAKE-001160,890100529257,Bakery & Deli,193,pack,201.42,281.82,2026-09-09,Aisle 04,chilled
Smoked Toor Dal Premium 200ml,SunBrite Botanicals,PANT-001161,890100529258,Pantry & Dry Goods,95,bag,238.25,422.06,2027-04-23,Aisle 08,ambient
Roasted Roasted Salted Cashews 250ml,Fortune Botanicals,SNAC-001162,890100529259,Snacks & Confectionery,99,bag,461.97,595.75,2027-04-20,Aisle 10,ambient
Free-Range Toned Milk 750g,Pashmina Botanicals,DAIR-001163,890100529260,Dairy & Eggs,183,box,283.68,384.90,2026-09-04,Aisle 02,chilled
Homestyle Mustard Oil Kachi Ghani Family Pack,Vedic Fresh Foods,PANT-001164,890100529261,Pantry & Dry Goods,184,packet,414.97,651.73,2027-01-14,Aisle 06,ambient
Artisan Kachi Ghani Mustard Lemons 250ml,Saffola Milling,FRES-001165,890100529262,Fresh Produce,129,pcs,74.59,106.49,2026-08-31,Aisle 02,ambient
Wildcrafted Chicken Salami 2-Pack,Deccan Provisions,BAKE-001166,890100529263,Bakery & Deli,207,pack,294.17,385.37,2026-08-30,Aisle 03,chilled
Cold-Pressed Makhana Crunch Cashew Paste Curry Base 250g,Pashmina Farms,PANT-001167,890100529264,Pantry & Dry Goods,135,packet,620.49,1103.28,2027-05-01,Aisle 08,ambient
Farm-Fresh Caramelized Onion Malai Kulfi Bar 12-Pack,Tata Springs,FROZ-001168,890100529265,Frozen Foods,227,packet,177.60,269.80,2027-04-16,Aisle 09,frozen
Smoked Cardamom Spiced California Almonds 1kg,Pure Vedic Plantations,SNAC-001169,890100529266,Snacks & Confectionery,187,bag,127.28,189.22,2026-08-28,Aisle 10,ambient
Whole-Grain Sea Salt Butter Croissants Value Pack,Everest Harvest,BAKE-001170,890100529267,Bakery & Deli,190,pack,55.60,71.90,2026-09-01,Aisle 03,ambient
Handcrafted Herbal Hand Wash Neem 8-Pack,Bhoomi Agro,HOUS-001171,890100529268,Household & Personal Care,197,tube,280.07,438.82,2027-11-28,Aisle 12,ambient
Cured Sweet Tamarind Bananas 12-Pack,Tata Goods,FRES-001172,890100529269,Fresh Produce,17,bag,106.87,150.42,2026-09-15,Aisle 01,ambient
Crisp Sweet Tamarind Tonic Water Premium 4-Pack,Kaveri Springs,BEVE-001173,890100529270,Beverages,215,box,21.46,35.58,2027-03-25,Aisle 05,ambient
Plant-Based Toor Dal Premium 150g,SunBrite Foods,PANT-001174,890100529271,Pantry & Dry Goods,138,bottle,747.73,1083.31,2027-05-22,Aisle 08,ambient
Premium Surface Floor Cleaner Rose 1L,Himalayan Organics,HOUS-001175,890100529272,Household & Personal Care,49,packet,350.36,634.52,2026-08-29,Aisle 11,ambient
Raw Pav 6-Pack Value Pack,Everest Agro,BAKE-001176,890100529273,Bakery & Deli,29,pcs,237.90,331.68,2026-09-09,Aisle 03,chilled
Sweet Guava Chilli Juice 2-Pack,Tata Springs,BEVE-001177,890100529274,Beverages,216,can,368.01,513.02,2026-11-29,Aisle 06,ambient
Authentic Nagpur Orange Strawberries 750g,Everest Milling,FRES-001178,890100529275,Fresh Produce,55,pcs,158.46,212.74,2026-09-03,Aisle 01,ambient
Whole-Grain Veg Spring Rolls 150ml,Pure Vedic Farms,FROZ-001179,890100529276,Frozen Foods,183,tub,396.95,607.85,2027-06-07,Aisle 09,frozen
Heritage Sourdough Loaf 150g,Tata Plantations,BAKE-001180,890100529277,Bakery & Deli,84,box,131.15,224.92,2026-09-06,Aisle 03,chilled
Whole-Grain Coconut Cream Papayas 4-Pack,Mother Dairy Harvest,FRES-001181,890100529278,Fresh Produce,92,kg,35.00,60.55,2026-08-30,Aisle 01,chilled
Artisan Nagpur Orange Sona Masoori Rice 1kg,FarmGold Goods,PANT-001182,890100529279,Pantry & Dry Goods,4,box,443.71,755.32,2028-03-08,Aisle 07,ambient
Signature Alphonso Mango Electrolyte Energy Drink Snack Pack,Urban Roots Farms,BEVE-001183,890100529280,Beverages,155,bottle,292.41,530.17,2026-09-30,Aisle 05,ambient
Handcrafted Chicken Keema 8-Pack,Saffola Botanicals,MEAT-001184,890100529281,Meat & Seafood,88,pack,282.17,372.58,2026-09-03,Aisle 04,chilled
Low-Sodium Lemon Pepper Crab Meat Fresh 750g,Amul Harvest,MEAT-001185,890100529282,Meat & Seafood,166,kg,183.94,316.24,2026-08-31,Aisle 04,chilled
Stone-Ground Feta Cheese 500ml,Nilgiri Co.,DAIR-001186,890100529283,Dairy & Eggs,220,carton,345.29,469.56,2026-09-08,Aisle 02,chilled
Spiced Cardamom Spiced Chicken Drumsticks 4-Pack,Fortune Goods,MEAT-001187,890100529284,Meat & Seafood,130,pcs,643.11,1057.66,2026-08-29,Aisle 04,chilled
Valley Fresh Matcha Green Tea Chicken Salami 1L,Tata Organics,BAKE-001188,890100529285,Bakery & Deli,46,pack,91.85,120.85,2026-08-27,Aisle 03,chilled
Aged Paneer Paratha Frozen 1.5L,Fortune Provisions,FROZ-001189,890100529286,Frozen Foods,127,bag,238.16,305.82,2027-05-03,Aisle 09,frozen
Gourmet Rose Infused Mozzarella Shredded 2-Pack,Satvik Foods,DAIR-001190,890100529287,Dairy & Eggs,227,tub,117.17,181.62,2026-08-30,Aisle 03,chilled
Premium Masala Potato Chips Snack Pack,Vedic Fresh Springs,SNAC-001191,890100529288,Snacks & Confectionery,91,pack,357.53,559.03,2027-06-12,Aisle 09,ambient
Authentic Vanilla Bean Ladyfinger (Bhindi) 200ml,Deccan Mills,FRES-001192,890100529289,Fresh Produce,64,pcs,66.32,90.12,2026-09-07,Aisle 01,ambient
Artisan Sona Masoori Rice 1L,Deccan Milling,PANT-001193,890100529290,Pantry & Dry Goods,192,packet,640.44,924.70,2027-03-09,Aisle 08,ambient
Unpolished Caramelized Onion Paneer Tikka Deli 12-Pack,Dabur Harvest,BAKE-001194,890100529291,Bakery & Deli,186,box,203.17,324.98,2026-09-07,Aisle 04,ambient
Smoked Nagpur Orange Tonic Water Premium 750g,Ganga Springs,BEVE-001195,890100529292,Beverages,124,can,259.80,353.69,2026-11-08,Aisle 05,chilled
Free-Range Ajwain & Jeera Rusk Toast 12-Pack,Himalayan Botanicals,BAKE-001196,890100529293,Bakery & Deli,43,pack,63.53,103.96,2026-09-09,Aisle 03,ambient
Organic Masala CTC Tea 330ml,Heritage Milling,BEVE-001197,890100529294,Beverages,247,box,399.39,719.90,2026-11-20,Aisle 05,ambient
Farm-Fresh Badam Milk Drink 12-Pack,Saffola Agro,BEVE-001198,890100529295,Beverages,180,box,359.34,650.22,2026-09-13,Aisle 05,chilled
Farm-Fresh Aloo Tikki 8-Pack 2L,Satvik Plantations,FROZ-001199,890100529296,Frozen Foods,46,bag,117.06,193.21,2026-11-25,Aisle 09,frozen
Handcrafted Cinnamon Spice Soan Papdi Box 10-Pack,Vedic Fresh Plantations,SNAC-001200,890100529297,Snacks & Confectionery,202,box,360.87,484.93,2027-06-02,Aisle 10,ambient
Handcrafted Alphonso Mangoes 100g,Amul Harvest,FRES-001201,890100529298,Fresh Produce,167,bunch,33.16,53.68,2026-09-03,Aisle 02,ambient
Pure Chatpata Masala Papayas 2kg,Patanjali Foods,FRES-001202,890100529299,Fresh Produce,199,pack,24.02,37.95,2026-08-29,Aisle 01,chilled
Cured Kachi Ghani Mustard California Almonds 5kg,Dabur Springs,SNAC-001203,890100529300,Snacks & Confectionery,224,bar,449.63,615.51,2027-05-12,Aisle 09,ambient
Rustic Cheese Croissant 500ml,Royal Indian Mills,BAKE-001204,890100529301,Bakery & Deli,80,pcs,180.42,266.92,2026-08-28,Aisle 04,ambient
Cold-Pressed Buffalo Milk 1.5L,Desi Organics Agro,DAIR-001205,890100529302,Dairy & Eggs,158,box,505.90,635.59,2026-09-15,Aisle 03,chilled
Traditional Roasted Makhana Foxnuts 750g,Pure Vedic Mills,SNAC-001206,890100529303,Snacks & Confectionery,210,packet,428.69,686.02,2027-03-24,Aisle 10,ambient
Crisp Kashmiri Saffron Sona Masoori Rice 4-Pack,Ganga Springs,PANT-001207,890100529304,Pantry & Dry Goods,172,bottle,415.22,614.91,2027-03-23,Aisle 06,ambient
Valley Fresh Mint Lime Bell Peppers 50g,Urban Roots Harvest,FRES-001208,890100529305,Fresh Produce,23,pack,116.23,203.40,2026-09-14,Aisle 02,ambient
Smoked Kesar Pista Fresh Chicken Curry Cut 10kg,Catch Harvest,MEAT-001209,890100529306,Meat & Seafood,7,pcs,566.02,957.83,2026-08-29,Aisle 04,chilled
Signature Caramelized Onion Portobello Mushrooms 2kg,Heritage Botanicals,FRES-001210,890100529307,Fresh Produce,227,pcs,45.78,59.31,2026-08-27,Aisle 02,ambient
Heritage Seedless Grapes 500ml,Pure Vedic Plantations,FRES-001211,890100529308,Fresh Produce,161,kg,140.76,182.64,2026-09-03,Aisle 01,chilled
Natural Jalapeno Lime Pasture Eggs 350g,Pashmina Mills,DAIR-001212,890100529309,Dairy & Eggs,153,pack,64.80,105.55,2026-09-26,Aisle 02,chilled
Rustic Banana Chips Kerala Style 750g,Satvik Dairy,SNAC-001213,890100529310,Snacks & Confectionery,232,tub,207.80,307.16,2026-08-29,Aisle 10,ambient
Pure Jalapeno Lime Malai Kulfi Bar 1.5L,FarmGold Goods,FROZ-001214,890100529311,Frozen Foods,204,pack,53.39,74.24,2026-12-20,Aisle 09,frozen
Unpolished Chicken Salami 2kg,Fortune Plantations,BAKE-001215,890100529312,Bakery & Deli,214,pcs,236.10,360.25,2026-09-04,Aisle 03,ambient
Country Style Masala Chai Cashew Paste Curry Base 10-Pack,Royal Indian Mills,PANT-001216,890100529313,Pantry & Dry Goods,141,bag,357.57,620.41,2027-09-26,Aisle 06,ambient
Handcrafted Red Chilli & Garlic Banana Chips Kerala Style Snack Pack,Saffola Mills,SNAC-001217,890100529314,Snacks & Confectionery,244,box,337.03,564.04,2027-03-17,Aisle 09,ambient
Farm-Fresh Poha Thick Flakes 200ml,Royal Indian Kitchens,PANT-001218,890100529315,Pantry & Dry Goods,169,bag,377.42,647.42,2027-02-07,Aisle 07,ambient
Unpolished Surface Floor Cleaner Rose 2kg,Bhoomi Springs,HOUS-001219,890100529316,Household & Personal Care,118,tube,411.30,741.63,2027-03-27,Aisle 11,ambient
Authentic Ayurvedic Bath Soap 250ml,Catch Provisions,HOUS-001220,890100529317,Household & Personal Care,103,pack,137.61,239.78,2029-02-27,Aisle 11,ambient
Heritage Matcha Green Tea Papayas 8-Pack,Pure Vedic Springs,FRES-001221,890100529318,Fresh Produce,196,bag,103.35,130.73,2026-09-17,Aisle 01,ambient
Zero-Sugar Gouda Block Value Pack,Desi Organics Naturals,DAIR-001222,890100529319,Dairy & Eggs,130,tub,217.85,288.86,2026-09-03,Aisle 03,chilled
Premium Chatpata Masala Frozen Veg Momos 1L,Royal Indian Plantations,FROZ-001223,890100529320,Frozen Foods,128,tub,386.28,683.37,2026-12-15,Aisle 09,frozen
Select Veg Spring Rolls 750g,Nilgiri Foods,FROZ-001224,890100529321,Frozen Foods,103,packet,305.47,561.13,2026-12-06,Aisle 09,frozen
Valley Fresh Makhana Crunch California Almonds 1L,Himalayan Agro,SNAC-001225,890100529322,Snacks & Confectionery,122,bag,77.95,137.75,2026-11-03,Aisle 10,ambient
Sweet Toasted Sesame Frozen Veg Momos 10-Pack,Tata Milling,FROZ-001226,890100529323,Frozen Foods,158,packet,141.16,249.28,2027-05-11,Aisle 08,frozen
Extra-Virgin Papayas 5kg,Dabur Goods,FRES-001227,890100529324,Fresh Produce,43,bunch,155.85,206.01,2026-09-08,Aisle 02,chilled
Signature Mint Lime Bottle Gourd (Lauki) 200g,Tata Milling,FRES-001228,890100529325,Fresh Produce,165,bag,131.67,203.45,2026-09-17,Aisle 01,ambient
Cured Veg Spring Rolls 12-Pack,Satvik Kitchens,FROZ-001229,890100529326,Frozen Foods,137,pack,304.89,525.09,2027-05-24,Aisle 08,frozen
Pure Masala Chai Brownie Bites 8-Pack,Green Earth Mills,BAKE-001230,890100529327,Bakery & Deli,197,pack,230.28,391.04,2026-08-27,Aisle 03,ambient
Sun-Dried Sweet Tamarind Crab Meat Fresh 50g,Catch Harvest,MEAT-001231,890100529328,Meat & Seafood,8,kg,455.57,802.52,2026-09-01,Aisle 04,chilled
Gourmet Sea Salt Rusk Toast 250ml,Heritage Plantations,BAKE-001232,890100529329,Bakery & Deli,5,pcs,80.52,129.65,2026-09-05,Aisle 03,chilled
Homestyle Jalapeno Lime Crab Meat Fresh 24-Pack,FarmGold Organics,MEAT-001233,890100529330,Meat & Seafood,101,pack,598.94,1010.55,2026-09-01,Aisle 04,chilled
Homestyle Soan Papdi Box 5kg,Nilgiri Botanicals,SNAC-001234,890100529331,Snacks & Confectionery,245,tub,18.48,29.04,2027-06-19,Aisle 09,ambient
Gourmet Banana Chips Kerala Style 150ml,Bhoomi Mills,SNAC-001235,890100529332,Snacks & Confectionery,109,bag,491.29,896.16,2026-08-28,Aisle 09,ambient
Gluten-Free Lemon Pepper Pomfret Whole 150ml,FarmGold Milling,MEAT-001236,890100529333,Meat & Seafood,235,pcs,276.81,347.65,2026-09-02,Aisle 05,chilled
Gluten-Free Mishri Mawa 330ml,Ganga Dairy,DAIR-001237,890100529334,Dairy & Eggs,72,box,232.62,368.09,2026-09-09,Aisle 02,chilled
Royal Kabuli Chana Large 1.5L,Nilgiri Farms,PANT-001238,890100529335,Pantry & Dry Goods,186,packet,248.45,371.92,2028-01-22,Aisle 06,ambient
Raw Makhana Crunch Shampoo Anti-Dandruff 200ml,Urban Roots Botanicals,HOUS-001239,890100529336,Household & Personal Care,74,bottle,581.92,1028.53,2028-11-16,Aisle 12,ambient
Pure Toasted Sesame Garlic Naan Frozen 4pk 350g,Saffola Co.,FROZ-001240,890100529337,Frozen Foods,204,box,408.71,631.46,2026-10-31,Aisle 08,frozen
Plant-Based Cardamom Spiced French Fries Crispy 8-Pack,FarmGold Co.,FROZ-001241,890100529338,Frozen Foods,156,tub,340.38,608.06,2026-08-27,Aisle 09,frozen
Grass-Fed Paneer Block 300g,Ganga Organics,DAIR-001242,890100529339,Dairy & Eggs,36,bottle,216.13,275.50,2026-08-15,Aisle 02,chilled
Zero-Sugar Apple Cider Vinegar Drink 100g,Desi Organics Springs,BEVE-001243,890100529340,Beverages,224,carton,192.05,319.13,2026-10-23,Aisle 05,ambient
Rustic Makhana Crunch Fruit Cake Slice 250g,Kaveri Foods,BAKE-001244,890100529341,Bakery & Deli,178,pack,308.00,520.75,2026-09-06,Aisle 03,chilled
Authentic Squid Rings Cleaned 300g,Satvik Organics,MEAT-001245,890100529342,Meat & Seafood,126,pack,491.81,835.95,2026-09-03,Aisle 04,chilled
Heritage Chaash / Buttermilk 500g,Nilgiri Foods,DAIR-001246,890100529343,Dairy & Eggs,144,packet,189.62,286.49,2026-09-12,Aisle 03,chilled
Traditional Tandoori Smoked Fabric Softener Floral 50g,Nature Harvest Plantations,HOUS-001247,890100529344,Household & Personal Care,81,pack,349.60,512.09,2028-11-05,Aisle 12,ambient
Sun-Dried Kachi Ghani Mustard Biodegradable Garbage Bags 300g,Saffola Plantations,HOUS-001248,890100529345,Household & Personal Care,23,tube,233.11,317.36,2028-06-19,Aisle 12,ambient
Sweet Sea Salt Mosquito Vaporizer Refill 5kg,Green Earth Farms,HOUS-001249,890100529346,Household & Personal Care,44,packet,342.45,428.44,2026-08-22,Aisle 12,ambient
Country Style Moong Dal Namkeen 200ml,Royal Indian Goods,SNAC-001250,890100529347,Snacks & Confectionery,11,tub,361.57,456.08,2027-01-18,Aisle 10,ambient
Handcrafted Ayurvedic Bath Soap 6-Pack,Nature Harvest Organics,HOUS-001251,890100529348,Household & Personal Care,212,pack,147.42,271.97,2027-03-17,Aisle 11,ambient
Heritage Sweet Potatoes 12-Pack,Desi Organics Foods,FRES-001252,890100529349,Fresh Produce,116,pack,25.29,40.94,2026-08-31,Aisle 02,chilled
Smoked Hash Browns 6pk 330ml,Mother Dairy Botanicals,FROZ-001253,890100529350,Frozen Foods,185,tub,154.87,236.92,2027-06-27,Aisle 08,frozen
Heritage Makhana Crunch Kitchen Paper Towels 4-Roll 1.5L,Pashmina Milling,HOUS-001254,890100529351,Household & Personal Care,48,box,508.26,680.23,2027-09-20,Aisle 12,ambient
Select Green Peas Fresh 1kg,Satvik Springs,FRES-001255,890100529352,Fresh Produce,20,kg,122.12,183.42,2026-09-01,Aisle 02,ambient
Homestyle Sweet Tamarind Pasture Eggs 330ml,Patanjali Goods,DAIR-001256,890100529353,Dairy & Eggs,161,box,247.70,328.99,2026-09-24,Aisle 03,chilled
Gourmet Bagel Plain 4pk 4-Pack,Catch Harvest,BAKE-001257,890100529354,Bakery & Deli,203,pcs,94.18,130.35,2026-08-31,Aisle 04,ambient
Sweet Fresh Chicken Curry Cut 100g,FarmGold Plantations,MEAT-001258,890100529355,Meat & Seafood,150,kg,828.40,1357.15,2026-08-31,Aisle 05,chilled
Royal Bagel Plain 4pk 24-Pack,Everest Dairy,BAKE-001259,890100529356,Bakery & Deli,127,pcs,85.98,155.34,2026-08-30,Aisle 04,chilled
Country Style Smoked Paprika Sourdough Loaf 400g,Saffola Milling,BAKE-001260,890100529357,Bakery & Deli,116,box,76.24,109.07,2026-09-07,Aisle 03,ambient
Extra-Virgin Pears 250ml,Vedic Fresh Mills,FRES-001261,890100529358,Fresh Produce,126,pack,68.25,97.56,2026-09-03,Aisle 01,ambient
Sweet Dark Chocolate Smoked Chicken Slices 200ml,Nilgiri Harvest,BAKE-001262,890100529359,Bakery & Deli,59,pcs,200.21,337.94,2026-08-28,Aisle 03,ambient
Gourmet Tulsi Honey Pure Jaggery Powder (Gud) 10kg,Deccan Harvest,PANT-001263,890100529360,Pantry & Dry Goods,228,packet,603.55,1032.82,2028-04-23,Aisle 06,ambient
Gluten-Free Caramelized Onion Ayurvedic Bath Soap 500ml,Satvik Dairy,HOUS-001264,890100529361,Household & Personal Care,227,pack,50.67,87.59,2029-02-24,Aisle 11,ambient
Crisp Truffle Infused Kitchen Paper Towels 4-Roll 10kg,Bhoomi Naturals,HOUS-001265,890100529362,Household & Personal Care,101,packet,519.65,762.29,2029-04-01,Aisle 11,ambient
Crisp Goat Mince Premium 500g,Bhoomi Dairy,MEAT-001266,890100529363,Meat & Seafood,60,pack,754.55,1083.76,2026-08-30,Aisle 05,chilled
Extra-Virgin Kesar Pista Baby Spinach 50g,Royal Indian Plantations,FRES-001267,890100529364,Fresh Produce,101,kg,116.61,170.46,2026-09-02,Aisle 02,chilled
Select Stainless Steel Scrubber 3pk 250g,Royal Indian Naturals,HOUS-001268,890100529365,Household & Personal Care,113,bottle,349.34,619.05,2029-02-17,Aisle 11,ambient
Artisan Guava Chilli Juice 1L,Organic Tattva Agro,BEVE-001269,890100529366,Beverages,33,pack,272.22,373.97,2026-10-27,Aisle 06,ambient
Zero-Sugar Coriander Leaves 150g,SunBrite Harvest,FRES-001270,890100529367,Fresh Produce,60,pcs,140.90,183.76,2026-09-01,Aisle 02,ambient
Low-Sodium Tulsi Honey Sweet Corn Kernels 200ml,Nilgiri Mills,FROZ-001271,890100529368,Frozen Foods,81,packet,107.20,161.39,2027-04-16,Aisle 09,frozen
Handcrafted Mutton Curry Cut 10kg,Himalayan Provisions,MEAT-001272,890100529369,Meat & Seafood,242,pack,332.42,458.99,2026-08-31,Aisle 04,chilled
Natural Masala Chai Veg Spring Rolls 200g,Amul Agro,FROZ-001273,890100529370,Frozen Foods,20,tub,395.34,494.89,2027-08-10,Aisle 08,frozen
Whole-Grain Jalapeno Lime Veg Spring Rolls Family Pack,Organic Tattva Co.,FROZ-001274,890100529371,Frozen Foods,121,pack,243.67,325.50,2026-12-12,Aisle 09,frozen
Cold-Pressed Nagpur Orange Frozen Veg Momos 4-Pack,Nilgiri Milling,FROZ-001275,890100529372,Frozen Foods,78,pack,97.17,152.03,2026-12-18,Aisle 08,frozen
Traditional Frozen Green Peas 330ml,Pure Vedic Harvest,FROZ-001276,890100529373,Frozen Foods,136,packet,241.54,434.09,2027-05-14,Aisle 09,frozen
Spiced Biodegradable Garbage Bags 2-Pack,Urban Roots Agro,HOUS-001277,890100529374,Household & Personal Care,102,packet,372.34,481.70,2028-10-10,Aisle 11,ambient
Crisp Golden Ginger Fresh Mint (Pudina) Family Pack,Pure Vedic Kitchens,FRES-001278,890100529375,Fresh Produce,61,bunch,39.66,52.76,2026-09-17,Aisle 02,chilled
Premium Rose Infused Roasted Salted Cashews 2-Pack,Tata Milling,SNAC-001279,890100529376,Snacks & Confectionery,32,bar,217.60,346.42,2027-04-03,Aisle 09,ambient
Cured Moong Dal Namkeen 8-Pack,Catch Organics,SNAC-001280,890100529377,Snacks & Confectionery,185,box,19.14,29.32,2027-05-03,Aisle 09,ambient
Extra-Virgin Red Chilli & Garlic Cow Milk 1kg,Organic Tattva Co.,DAIR-001281,890100529378,Dairy & Eggs,243,pack,207.78,275.06,2026-09-26,Aisle 03,chilled
Unpolished Bananas 5kg,Amul Agro,FRES-001282,890100529379,Fresh Produce,140,kg,106.96,166.82,2026-09-05,Aisle 02,ambient
Select Kaju Katli Sweet Box 750ml,Royal Indian Farms,SNAC-001283,890100529380,Snacks & Confectionery,193,packet,479.10,644.75,2027-01-12,Aisle 09,ambient
Golden Golden Ginger Sparkling Mineral Water 250g,Bhoomi Naturals,BEVE-001284,890100529381,Beverages,41,pack,430.85,742.66,2027-03-14,Aisle 06,ambient
Artisan Pomegranates 10kg,Organic Tattva Farms,FRES-001285,890100529382,Fresh Produce,32,bunch,148.20,264.39,2026-09-07,Aisle 02,ambient
Valley Fresh Rose Infused Bath Tissue 6-Pack 150g,Pashmina Provisions,HOUS-001286,890100529383,Household & Personal Care,177,bottle,364.95,606.98,2028-06-25,Aisle 11,ambient
Wildcrafted Sweet Tamarind Alphonso Mangoes 500ml,Organic Tattva Provisions,FRES-001287,890100529384,Fresh Produce,21,kg,83.05,121.46,2026-09-17,Aisle 01,chilled
Roasted Vanilla Bean Blueberries 750ml,Catch Co.,FRES-001288,890100529385,Fresh Produce,99,pack,108.63,166.75,2026-08-18,Aisle 02,ambient
Gourmet Jalapeno Lime Kokum Sharbat 400g,Satvik Springs,BEVE-001289,890100529386,Beverages,167,bottle,219.56,398.75,2026-08-26,Aisle 06,ambient
Whole-Grain Chatpata Masala Masala Potato Chips 6-Pack,Amul Goods,SNAC-001290,890100529387,Snacks & Confectionery,71,bar,157.36,255.99,2027-03-19,Aisle 09,ambient
Zero-Sugar Frozen Samosas 400g,Bhoomi Plantations,FROZ-001291,890100529388,Frozen Foods,140,box,186.38,341.63,2027-08-04,Aisle 09,frozen
Whole-Grain Smoked Paprika Apples 200ml,Urban Roots Agro,FRES-001292,890100529389,Fresh Produce,111,bunch,78.46,124.63,2026-09-08,Aisle 01,chilled
Roasted Kesar Pista Bell Peppers 330ml,Vedic Fresh Springs,FRES-001293,890100529390,Fresh Produce,175,pack,64.85,102.03,2026-08-31,Aisle 02,ambient
Signature Vanilla Bean Himalayan Spring Water 750ml,Nilgiri Provisions,BEVE-001294,890100529391,Beverages,196,box,103.80,176.87,2026-10-10,Aisle 06,chilled
Plant-Based Chatpata Masala Greek Yogurt 10-Pack,Patanjali Goods,DAIR-001295,890100529392,Dairy & Eggs,186,box,514.26,820.33,2026-09-18,Aisle 03,chilled
Sweet Veg Spring Rolls 1L,Nature Harvest Plantations,FROZ-001296,890100529393,Frozen Foods,68,tub,86.75,149.15,2027-04-10,Aisle 09,frozen
Gluten-Free Pista Almond Clove & Mint Toothpaste 1L,Everest Harvest,HOUS-001297,890100529394,Household & Personal Care,100,box,367.35,594.50,2027-04-03,Aisle 11,ambient
Valley Fresh Bamboo Toothbrush 2pk 500ml,Desi Organics Organics,HOUS-001298,890100529395,Household & Personal Care,53,bottle,210.37,313.44,2027-10-22,Aisle 11,ambient
Traditional Rose Infused Avocados 750g,FarmGold Co.,FRES-001299,890100529396,Fresh Produce,151,bag,130.31,235.60,2026-09-02,Aisle 02,ambient
Rustic Jeera Masala Soda 500g,Fortune Springs,BEVE-001300,890100529397,Beverages,228,bottle,59.25,89.50,2027-06-19,Aisle 06,ambient
Country Style Kaju Katli Sweet Box 150ml,Amul Naturals,SNAC-001301,890100529398,Snacks & Confectionery,217,bar,307.35,561.70,2027-05-29,Aisle 10,ambient
Natural Mint Lime Paneer Paratha Frozen 330ml,Green Earth Milling,FROZ-001302,890100529399,Frozen Foods,113,bag,138.42,217.06,2027-06-17,Aisle 08,frozen
Handcrafted Tulsi Honey Salted Butter 24-Pack,Amul Mills,DAIR-001303,890100529400,Dairy & Eggs,14,tub,469.08,677.53,2026-09-21,Aisle 03,chilled
Rustic Matcha Green Tea Chicken Keema Family Pack,Ganga Organics,MEAT-001304,890100529401,Meat & Seafood,39,kg,680.13,1252.34,2026-08-29,Aisle 05,chilled
Cured French Fries Crispy 6-Pack,Bhoomi Farms,FROZ-001305,890100529402,Frozen Foods,62,bag,203.07,372.33,2027-04-09,Aisle 09,frozen
Plant-Based Sea Salt Chicken Salami 4-Pack,Everest Milling,BAKE-001306,890100529403,Bakery & Deli,187,box,136.21,176.70,2026-09-07,Aisle 04,ambient
Royal Cardamom Spiced Salted Butter 350g,Patanjali Co.,DAIR-001307,890100529404,Dairy & Eggs,59,pack,356.97,525.39,2026-08-18,Aisle 02,chilled
Valley Fresh Brioche Burger Buns 200g,Urban Roots Goods,BAKE-001308,890100529405,Bakery & Deli,248,box,93.25,160.65,2026-08-29,Aisle 03,ambient
Country Style Coconut Cream Paneer Paratha Frozen 350g,Nilgiri Springs,FROZ-001309,890100529406,Frozen Foods,30,pack,188.50,288.13,2026-11-17,Aisle 09,frozen
Roasted Toasted Sesame French Fries Crispy 400g,Nature Harvest Milling,FROZ-001310,890100529407,Frozen Foods,163,packet,108.98,189.47,2026-11-11,Aisle 09,frozen
Premium Ginger Kombucha 10kg,Ganga Harvest,BEVE-001311,890100529408,Beverages,132,pack,238.47,437.30,2026-10-01,Aisle 06,chilled
Sun-Dried Kabuli Chana Large 24-Pack,Urban Roots Plantations,PANT-001312,890100529409,Pantry & Dry Goods,157,jar,548.91,692.38,2028-03-23,Aisle 06,ambient
Farm-Fresh Chamomile Herbal Tea 750g,SunBrite Farms,BEVE-001313,890100529410,Beverages,225,bag,195.60,324.53,2026-08-30,Aisle 06,ambient
Heritage Red Chilli & Garlic Red Onions 10kg,Fortune Goods,FRES-001314,890100529411,Fresh Produce,250,bunch,50.23,74.63,2026-08-29,Aisle 02,ambient
Signature Alphonso Kulfi Tub 5kg,Royal Indian Organics,FROZ-001315,890100529412,Frozen Foods,197,pack,231.00,373.69,2026-11-06,Aisle 08,frozen
Crisp Masala Potato Chips 400g,Ganga Milling,SNAC-001316,890100529413,Snacks & Confectionery,229,bar,274.01,472.79,2026-12-28,Aisle 10,ambient
Organic Smoked Paprika California Almonds 5L,Nature Harvest Springs,SNAC-001317,890100529414,Snacks & Confectionery,220,box,130.27,226.98,2027-01-02,Aisle 10,ambient
Farm-Fresh Red Chilli & Garlic Mozzarella Shredded 1kg,Deccan Dairy,DAIR-001318,890100529415,Dairy & Eggs,80,pack,48.22,72.85,2026-08-24,Aisle 02,chilled
Low-Sodium Rose Infused Cheese Croissant 2L,Pure Vedic Plantations,BAKE-001319,890100529416,Bakery & Deli,52,pcs,226.64,302.15,2026-09-09,Aisle 03,chilled
Select Pomfret Whole 200g,SunBrite Organics,MEAT-001320,890100529417,Meat & Seafood,112,pack,910.06,1518.61,2026-09-03,Aisle 04,chilled
Roasted Espresso Roast Ground Coffee 8-Pack,Pure Vedic Kitchens,BEVE-001321,890100529418,Beverages,4,bag,354.67,580.25,2027-07-19,Aisle 06,ambient
Whole-Grain Alphonso Mango Alphonso Kulfi Tub 300g,Satvik Botanicals,FROZ-001322,890100529419,Frozen Foods,245,tub,301.74,464.91,2027-02-27,Aisle 09,frozen
Unpolished Chatpata Masala Guavas 1L,Everest Organics,FRES-001323,890100529420,Fresh Produce,103,kg,32.89,55.22,2026-08-31,Aisle 02,chilled
Sweet Lemons 350g,Mother Dairy Harvest,FRES-001324,890100529421,Fresh Produce,102,bunch,99.22,146.56,2026-08-31,Aisle 01,ambient
Authentic Frozen Veg Momos 330ml,Desi Organics Milling,FROZ-001325,890100529422,Frozen Foods,97,box,248.59,316.05,2026-12-01,Aisle 08,frozen
Country Style Coconut Cream Hash Browns 6pk 350g,Vedic Fresh Farms,FROZ-001326,890100529423,Frozen Foods,195,box,276.11,440.69,2027-05-23,Aisle 09,frozen
Heritage Chatpata Masala Cheese Croissant 150g,Satvik Dairy,BAKE-001327,890100529424,Bakery & Deli,180,pcs,314.64,424.35,2026-08-30,Aisle 03,chilled
Heritage Toned Milk 4-Pack,Royal Indian Goods,DAIR-001328,890100529425,Dairy & Eggs,121,bottle,95.61,154.33,2026-09-18,Aisle 03,chilled
Stone-Ground Cow Milk 750ml,Patanjali Farms,DAIR-001329,890100529426,Dairy & Eggs,153,carton,367.26,460.97,2026-09-05,Aisle 03,chilled
Cold-Pressed Sourdough Loaf 10kg,Dabur Naturals,BAKE-001330,890100529427,Bakery & Deli,20,pack,94.17,146.22,2026-09-08,Aisle 03,ambient
Cold-Pressed Chatpata Masala Poha Thick Flakes 750ml,Nilgiri Farms,PANT-001331,890100529428,Pantry & Dry Goods,36,jar,318.64,404.25,2028-01-15,Aisle 08,ambient
Authentic Nagpur Orange Broccoli Crowns 6-Pack,FarmGold Plantations,FRES-001332,890100529429,Fresh Produce,219,kg,115.45,189.64,2026-09-11,Aisle 01,ambient
Artisan Masala Potato Chips 500g,Bhoomi Foods,SNAC-001333,890100529430,Snacks & Confectionery,15,bag,270.52,417.04,2027-01-25,Aisle 09,ambient
Organic Cinnamon Spice Roma Tomatoes 200g,Saffola Mills,FRES-001334,890100529431,Fresh Produce,21,kg,41.92,55.40,2026-09-10,Aisle 01,chilled
Gluten-Free Rose Infused Liquid Laundry Detergent 400g,Organic Tattva Milling,HOUS-001335,890100529432,Household & Personal Care,152,box,232.19,332.89,2027-09-03,Aisle 11,ambient
Artisan Mint Lime Masala Potato Chips 250g,Nature Harvest Co.,SNAC-001336,890100529433,Snacks & Confectionery,20,pack,540.97,878.68,2026-10-24,Aisle 09,ambient
Rustic Pista Almond Gulab Jamun Tin 250g,Vedic Fresh Harvest,SNAC-001337,890100529434,Snacks & Confectionery,70,pack,408.36,649.52,2027-01-13,Aisle 10,ambient
Unpolished Soy Milk Protein 300g,Himalayan Organics,DAIR-001338,890100529435,Dairy & Eggs,138,tub,230.14,311.17,2026-09-11,Aisle 03,chilled
Homestyle Custard Apple (Sitaphal) 750ml,Himalayan Organics,FRES-001339,890100529436,Fresh Produce,27,bag,119.38,190.57,2026-09-01,Aisle 01,chilled
Organic Paneer Block 300g,Urban Roots Agro,DAIR-001340,890100529437,Dairy & Eggs,232,packet,384.20,606.00,2026-09-04,Aisle 02,chilled
Gourmet Soy Milk Protein Family Pack,Royal Indian Co.,DAIR-001341,890100529438,Dairy & Eggs,154,pack,481.33,619.71,2026-09-03,Aisle 02,chilled
Spiced Ayurvedic Bath Soap 1.5L,Fortune Farms,HOUS-001342,890100529439,Household & Personal Care,63,tube,298.63,551.70,2027-06-09,Aisle 11,ambient
Cold-Pressed Sea Salt Edamame Pods 5L,Pure Vedic Organics,FROZ-001343,890100529440,Frozen Foods,131,packet,234.71,319.36,2027-06-25,Aisle 09,frozen
Heritage Kachi Ghani Mustard Veg Burger Patties 200ml,Royal Indian Organics,FROZ-001344,890100529441,Frozen Foods,129,box,281.68,492.55,2027-05-22,Aisle 08,frozen
Gourmet Banana Chips Kerala Style 150ml,Pashmina Agro,SNAC-001345,890100529442,Snacks & Confectionery,108,tub,178.96,249.67,2026-08-29,Aisle 09,ambient
Farm-Fresh Alphonso Kulfi Tub 750g,Catch Plantations,FROZ-001346,890100529443,Frozen Foods,181,box,147.53,195.73,2026-08-30,Aisle 09,frozen
Gourmet Vanilla Bean Gourmet Cookies Choco-Chip 350g,Dabur Provisions,SNAC-001347,890100529444,Snacks & Confectionery,13,packet,515.79,925.66,2026-08-19,Aisle 10,ambient
Unpolished Basa Fish Fillets 2-Pack,Green Earth Botanicals,MEAT-001348,890100529445,Meat & Seafood,139,kg,547.73,806.31,2026-08-29,Aisle 05,chilled
Spiced Desi Cow Ghee 10kg,Royal Indian Mills,DAIR-001349,890100529446,Dairy & Eggs,88,packet,196.01,265.05,2026-09-24,Aisle 03,chilled
Stone-Ground Malai Kulfi Bar 24-Pack,Saffola Plantations,FROZ-001350,890100529447,Frozen Foods,23,tub,262.58,483.01,2027-04-02,Aisle 08,frozen
Golden Nagpur Orange Buffalo Milk 500g,Urban Roots Goods,DAIR-001351,890100529448,Dairy & Eggs,106,bottle,37.18,52.31,2026-09-15,Aisle 03,chilled
Plant-Based Salted Butter 400g,Desi Organics Botanicals,DAIR-001352,890100529449,Dairy & Eggs,167,bottle,121.37,160.03,2026-08-28,Aisle 02,chilled
Smoked Makhana Crunch French Fries Crispy 750ml,Amul Dairy,FROZ-001353,890100529450,Frozen Foods,47,packet,173.93,308.68,2027-02-17,Aisle 09,frozen
Cold-Pressed Coconut Cream Alphonso Kulfi Tub 2L,Green Earth Organics,FROZ-001354,890100529451,Frozen Foods,70,packet,379.00,668.60,2026-11-21,Aisle 09,frozen
Artisan Carrots 8-Pack,Himalayan Mills,FRES-001355,890100529452,Fresh Produce,211,bag,66.35,113.17,2026-09-16,Aisle 02,ambient
Pure Vanilla Bean Atlantic Salmon Fillet 500g,Fortune Plantations,MEAT-001356,890100529453,Meat & Seafood,218,pack,511.59,824.63,2026-08-25,Aisle 04,chilled
Roasted Toasted Sesame Lassi Mango Infused 4-Pack,Tata Goods,DAIR-001357,890100529454,Dairy & Eggs,172,box,329.23,441.24,2026-09-16,Aisle 02,chilled
Country Style Electrolyte Energy Drink 1kg,Catch Kitchens,BEVE-001358,890100529455,Beverages,217,bag,102.92,155.76,2027-03-10,Aisle 05,chilled
Aged Pista Almond Spicy Peanut Chikki 24-Pack,Bhoomi Naturals,SNAC-001359,890100529456,Snacks & Confectionery,97,bag,344.50,515.95,2027-05-05,Aisle 10,ambient
Plant-Based Kashmiri Saffron Boneless Chicken Breast 12-Pack,Fortune Springs,MEAT-001360,890100529457,Meat & Seafood,52,kg,413.96,682.68,2026-08-30,Aisle 04,chilled
Traditional Truffle Infused Granola Health Bars Family Pack,Kaveri Botanicals,SNAC-001361,890100529458,Snacks & Confectionery,145,tub,498.85,782.98,2026-12-15,Aisle 09,ambient
Farm-Fresh Smoked Paprika 70% Dark Chocolate Bar 750ml,Organic Tattva Dairy,SNAC-001362,890100529459,Snacks & Confectionery,166,tub,210.33,273.53,2026-12-18,Aisle 09,ambient
Low-Sodium Coconut Cream Mutton Chops 24-Pack,Pashmina Provisions,MEAT-001363,890100529460,Meat & Seafood,224,kg,849.36,1254.00,2026-08-28,Aisle 04,chilled
Free-Range Dark Chocolate Buffalo Milk 350g,Desi Organics Goods,DAIR-001364,890100529461,Dairy & Eggs,109,pack,364.40,573.50,2026-08-31,Aisle 02,chilled
Extra-Virgin Organic Green Tea 4-Pack,Urban Roots Mills,BEVE-001365,890100529462,Beverages,52,can,282.42,377.74,2026-08-29,Aisle 06,chilled
Select Seedless Grapes 500ml,Tata Plantations,FRES-001366,890100529463,Fresh Produce,173,pcs,130.90,186.27,2026-08-30,Aisle 01,ambient
Farm-Fresh Frozen Samosas 2kg,Vedic Fresh Naturals,FROZ-001367,890100529464,Frozen Foods,226,tub,361.88,484.98,2026-08-27,Aisle 08,frozen
Plant-Based Brownie Bites 8-Pack,Deccan Foods,BAKE-001368,890100529465,Bakery & Deli,55,box,232.03,401.99,2026-09-08,Aisle 04,chilled
Pure Pomfret Whole 10-Pack,Pure Vedic Foods,MEAT-001369,890100529466,Meat & Seafood,236,kg,147.35,245.47,2026-09-01,Aisle 04,chilled
Desi Garlic & Herb Mustard Oil Kachi Ghani 200ml,Mother Dairy Harvest,PANT-001370,890100529467,Pantry & Dry Goods,123,jar,724.85,1087.83,2028-03-31,Aisle 07,ambient
Extra-Virgin Mint Lime Paneer Block 10-Pack,Fortune Foods,DAIR-001371,890100529468,Dairy & Eggs,246,tub,65.17,89.26,2026-09-13,Aisle 03,chilled
Pure Mustard Oil Kachi Ghani 1kg,FarmGold Goods,PANT-001372,890100529469,Pantry & Dry Goods,29,bottle,638.53,893.94,2027-01-09,Aisle 06,ambient
Sweet Lemon Pepper Roasted Salted Cashews 1.5L,Patanjali Farms,SNAC-001373,890100529470,Snacks & Confectionery,7,tub,95.94,146.24,2027-03-28,Aisle 10,ambient
Premium Ajwain & Jeera Sourdough Loaf Snack Pack,SunBrite Farms,BAKE-001374,890100529471,Bakery & Deli,138,box,86.10,142.53,2026-08-30,Aisle 04,chilled
Rustic Yukon Gold Potatoes 5L,Amul Foods,FRES-001375,890100529472,Fresh Produce,66,kg,112.77,151.59,2026-09-01,Aisle 02,ambient
Extra-Virgin Mutton Chops 1kg,Everest Provisions,MEAT-001376,890100529473,Meat & Seafood,143,pcs,828.78,1266.62,2026-08-29,Aisle 04,chilled
Zero-Sugar Mutton Curry Cut 2L,Nature Harvest Harvest,MEAT-001377,890100529474,Meat & Seafood,120,pack,284.36,456.28,2026-09-02,Aisle 04,chilled
Authentic Frozen Veg Momos 12-Pack,FarmGold Organics,FROZ-001378,890100529475,Frozen Foods,174,bag,380.08,538.26,2026-11-01,Aisle 09,frozen
Spiced Salted Butter 8-Pack,Vedic Fresh Foods,DAIR-001379,890100529476,Dairy & Eggs,89,tub,461.30,764.84,2026-09-10,Aisle 03,chilled
Sweet Kachi Ghani Mustard Fresh Chicken Curry Cut 200g,Kaveri Agro,MEAT-001380,890100529477,Meat & Seafood,239,pack,442.70,745.11,2026-08-31,Aisle 04,chilled
Royal Stainless Steel Scrubber 3pk 10kg,Green Earth Foods,HOUS-001381,890100529478,Household & Personal Care,14,tube,231.44,373.89,2028-07-07,Aisle 12,ambient
Raw Garlic & Herb Sourdough Loaf 100g,Ganga Plantations,BAKE-001382,890100529479,Bakery & Deli,65,pcs,202.13,256.76,2026-09-08,Aisle 03,ambient
Stone-Ground Mint Lime Watermelon 150ml,Nature Harvest Milling,FRES-001383,890100529480,Fresh Produce,238,kg,69.49,124.63,2026-09-11,Aisle 02,chilled
Royal Caramelized Onion Pita Bread 5L,Vedic Fresh Botanicals,BAKE-001384,890100529481,Bakery & Deli,102,pcs,290.40,466.14,2026-08-29,Aisle 03,chilled
Low-Sodium Vanilla Bean Pineapples Family Pack,Everest Goods,FRES-001385,890100529482,Fresh Produce,79,bunch,70.00,114.66,2026-09-07,Aisle 01,ambient
Free-Range Masala Chai Clove & Mint Toothpaste 750g,Catch Harvest,HOUS-001386,890100529483,Household & Personal Care,30,packet,247.45,429.48,2028-10-26,Aisle 12,ambient
Stone-Ground Kachi Ghani Mustard Tender Coconut Water 6-Pack,Amul Milling,BEVE-001387,890100529484,Beverages,223,bottle,375.42,550.52,2026-10-15,Aisle 05,ambient
Premium Buffalo Milk 750g,Green Earth Plantations,DAIR-001388,890100529485,Dairy & Eggs,249,bottle,488.67,628.41,2026-09-09,Aisle 02,chilled
Low-Sodium Tandoori Smoked Diet Mixture Namkeen Family Pack,FarmGold Dairy,SNAC-001389,890100529486,Snacks & Confectionery,145,pack,95.38,120.83,2027-04-23,Aisle 09,ambient
Plant-Based Nagpur Orange Toor Dal Premium 350g,Patanjali Co.,PANT-001390,890100529487,Pantry & Dry Goods,75,bottle,342.35,476.22,2027-10-20,Aisle 08,ambient
Signature Chicken Salami 200g,Pure Vedic Plantations,BAKE-001391,890100529488,Bakery & Deli,19,pcs,119.88,152.01,2026-09-09,Aisle 04,ambient
Artisan Coconut Cream Royal Basmati Rice 300g,Deccan Botanicals,PANT-001392,890100529489,Pantry & Dry Goods,7,bag,460.84,609.99,2027-04-12,Aisle 08,ambient
Royal Truffle Infused Organic Brown Sugar 24-Pack,Heritage Plantations,PANT-001393,890100529490,Pantry & Dry Goods,228,packet,604.65,1082.25,2027-02-22,Aisle 07,ambient
Free-Range Paneer Paratha Frozen 200g,Deccan Plantations,FROZ-001394,890100529491,Frozen Foods,11,bag,382.68,700.42,2027-03-20,Aisle 09,frozen
Organic Fresh Rohu Fish 5L,Vedic Fresh Agro,MEAT-001395,890100529492,Meat & Seafood,152,pcs,416.60,637.88,2026-08-31,Aisle 04,chilled
Stone-Ground Basa Fish Fillets Snack Pack,Dabur Farms,MEAT-001396,890100529493,Meat & Seafood,242,pack,610.91,925.99,2026-08-31,Aisle 05,chilled
Gourmet Electrolyte Energy Drink 750ml,Mother Dairy Naturals,BEVE-001397,890100529494,Beverages,196,can,389.75,708.98,2026-08-28,Aisle 05,ambient
Sun-Dried Masala Chai Baby Spinach 300g,Pure Vedic Goods,FRES-001398,890100529495,Fresh Produce,247,kg,141.28,212.12,2026-09-11,Aisle 02,ambient
Low-Sodium Bhujia Sev 5kg,Nature Harvest Dairy,SNAC-001399,890100529496,Snacks & Confectionery,142,tub,49.21,69.79,2026-12-19,Aisle 10,ambient
Aged Butter Croissants 1L,Mother Dairy Springs,BAKE-001400,890100529497,Bakery & Deli,43,pcs,113.47,182.34,2026-09-06,Aisle 03,chilled
Organic Rose Infused Chicken Keema 50g,Amul Farms,MEAT-001401,890100529498,Meat & Seafood,48,kg,346.25,464.84,2026-09-03,Aisle 05,chilled
Crisp Iced Lemon Tea 200g,Green Earth Goods,BEVE-001402,890100529499,Beverages,161,bag,34.17,51.69,2026-10-12,Aisle 05,ambient
Natural Mint Lime Strawberries 150g,Catch Co.,FRES-001403,890100529500,Fresh Produce,90,bag,26.37,44.07,2026-09-16,Aisle 01,chilled
Pure Paneer Tikka Deli 250g,Nature Harvest Harvest,BAKE-001404,890100529501,Bakery & Deli,4,pcs,197.36,318.86,2026-09-02,Aisle 03,chilled
Aged Ciabatta Roll 5kg,SunBrite Plantations,BAKE-001405,890100529502,Bakery & Deli,189,pack,252.98,371.79,2026-09-06,Aisle 03,chilled
Natural Fresh Rohu Fish 150ml,Green Earth Botanicals,MEAT-001406,890100529503,Meat & Seafood,60,kg,471.88,719.10,2026-08-27,Aisle 05,chilled
Smoked Lemon Pepper Heavy Cream Snack Pack,Ganga Dairy,DAIR-001407,890100529504,Dairy & Eggs,43,packet,55.63,99.88,2026-09-05,Aisle 03,chilled
Raw Chicken Frankfurters 750g,Green Earth Botanicals,BAKE-001408,890100529505,Bakery & Deli,122,pcs,235.60,414.93,2026-09-06,Aisle 03,chilled
Country Style Papayas 750ml,Nature Harvest Springs,FRES-001409,890100529506,Fresh Produce,249,pack,132.60,176.12,2026-09-12,Aisle 01,ambient
Organic Tonic Water Premium 750g,Dabur Dairy,BEVE-001410,890100529507,Beverages,152,box,431.42,650.84,2026-08-29,Aisle 05,ambient
Grass-Fed Mozzarella Shredded Snack Pack,Patanjali Co.,DAIR-001411,890100529508,Dairy & Eggs,25,tub,499.80,848.18,2026-09-04,Aisle 02,chilled
Premium Mint Lime Filter Coffee Beans 750ml,Nilgiri Provisions,BEVE-001412,890100529509,Beverages,99,bag,198.32,280.42,2027-02-15,Aisle 05,ambient
Valley Fresh Roasted Salted Cashews Family Pack,Pure Vedic Kitchens,SNAC-001413,890100529510,Snacks & Confectionery,249,pack,41.76,77.08,2027-03-23,Aisle 10,ambient
Smoked Kachi Ghani Mustard Pita Bread 12-Pack,Vedic Fresh Agro,BAKE-001414,890100529511,Bakery & Deli,44,pack,113.79,204.77,2026-08-30,Aisle 04,ambient
Heritage Dark Chocolate Ayurvedic Bath Soap 500g,Ganga Mills,HOUS-001415,890100529512,Household & Personal Care,17,packet,221.87,357.11,2028-06-06,Aisle 11,ambient
Smoked Mint Lime Masala CTC Tea 4-Pack,Deccan Farms,BEVE-001416,890100529513,Beverages,163,can,119.85,202.78,2027-01-03,Aisle 05,chilled
Premium Cold Pressed Orange Juice 10kg,Deccan Naturals,BEVE-001417,890100529514,Beverages,17,can,427.86,552.34,2027-04-12,Aisle 05,ambient
Wildcrafted Stainless Steel Scrubber 3pk 6-Pack,Amul Agro,HOUS-001418,890100529515,Household & Personal Care,228,pack,107.72,183.45,2028-05-13,Aisle 12,ambient
Authentic Mutton Chops 2L,Dabur Harvest,MEAT-001419,890100529516,Meat & Seafood,238,pack,737.28,1137.91,2026-09-02,Aisle 05,chilled
Signature Paneer Paratha Frozen 100g,Heritage Botanicals,FROZ-001420,890100529517,Frozen Foods,119,pack,415.15,566.40,2026-08-22,Aisle 09,frozen
Royal Kachi Ghani Mustard Spicy Peanut Chikki 150g,Amul Foods,SNAC-001421,890100529518,Snacks & Confectionery,112,tub,163.88,282.65,2027-02-10,Aisle 10,ambient
Extra-Virgin Brioche Burger Buns 5kg,Organic Tattva Provisions,BAKE-001422,890100529519,Bakery & Deli,160,pack,305.69,549.29,2026-09-09,Aisle 03,chilled
Low-Sodium Sea Salt Lavash Crackers Snack Pack,Nature Harvest Kitchens,BAKE-001423,890100529520,Bakery & Deli,66,pcs,177.19,312.98,2026-08-28,Aisle 04,ambient
Royal Tulsi Honey Rusk Toast 1kg,Vedic Fresh Provisions,BAKE-001424,890100529521,Bakery & Deli,146,pack,214.91,348.95,2026-09-08,Aisle 03,ambient
Signature Espresso Roast Ground Coffee 330ml,Urban Roots Foods,BEVE-001425,890100529522,Beverages,232,bottle,426.69,663.75,2027-01-08,Aisle 06,ambient
Stone-Ground Lemon Pepper Gourmet Cookies Choco-Chip 8-Pack,Heritage Dairy,SNAC-001426,890100529523,Snacks & Confectionery,43,bag,283.02,449.88,2026-12-30,Aisle 10,ambient
Royal Urad Dal Whole 5kg,Heritage Co.,PANT-001427,890100529524,Pantry & Dry Goods,32,bag,460.12,597.79,2028-07-13,Aisle 08,ambient
Select Matcha Green Tea Frozen Samosas 250ml,Nature Harvest Springs,FROZ-001428,890100529525,Frozen Foods,250,tub,94.62,146.85,2026-08-27,Aisle 08,frozen
Gluten-Free Dark Chocolate Coconut Milk Canned 1.5L,Pashmina Harvest,PANT-001429,890100529526,Pantry & Dry Goods,126,packet,201.27,329.68,2027-05-04,Aisle 07,ambient
Sun-Dried Apple Cider Vinegar Drink 750g,Deccan Kitchens,BEVE-001430,890100529527,Beverages,227,can,217.54,345.82,2026-11-03,Aisle 05,ambient
Crisp Mosquito Vaporizer Refill 12-Pack,Royal Indian Harvest,HOUS-001431,890100529528,Household & Personal Care,98,bottle,525.47,845.00,2028-05-30,Aisle 12,ambient
Zero-Sugar Makhana Crunch Organic Sharbati Atta 150ml,Ganga Dairy,PANT-001432,890100529529,Pantry & Dry Goods,50,jar,245.55,383.40,2026-08-22,Aisle 08,ambient
Roasted Clove & Mint Toothpaste 750ml,Dabur Botanicals,HOUS-001433,890100529530,Household & Personal Care,48,box,78.01,133.21,2028-11-19,Aisle 12,ambient
Roasted Truffle Infused Penne Rigate Pasta 750ml,Nilgiri Milling,PANT-001434,890100529531,Pantry & Dry Goods,40,packet,576.10,918.69,2027-10-23,Aisle 06,ambient
Raw Sweet Tamarind Organic Brown Sugar 10-Pack,Nilgiri Kitchens,PANT-001435,890100529532,Pantry & Dry Goods,52,bag,245.76,331.44,2027-10-19,Aisle 07,ambient
Golden Pomfret Whole 250ml,Bhoomi Dairy,MEAT-001436,890100529533,Meat & Seafood,224,kg,854.32,1112.78,2026-09-02,Aisle 04,chilled
Artisan Frozen Veg Momos 330ml,Nature Harvest Dairy,FROZ-001437,890100529534,Frozen Foods,61,tub,107.24,163.06,2027-03-15,Aisle 09,frozen
Plant-Based Organic Green Tea 24-Pack,Dabur Organics,BEVE-001438,890100529535,Beverages,85,carton,33.77,48.78,2027-03-31,Aisle 05,ambient
Authentic Cinnamon Spice Pink Himalayan Salt 10kg,Pashmina Agro,PANT-001439,890100529536,Pantry & Dry Goods,168,can,534.75,983.87,2027-10-15,Aisle 06,ambient
Smoked Wood-Fired Veggie Pizza 1kg,Deccan Agro,FROZ-001440,890100529537,Frozen Foods,152,packet,143.00,223.26,2027-03-26,Aisle 08,frozen
Royal Red Chilli & Garlic Cucumbers 750g,Saffola Goods,FRES-001441,890100529538,Fresh Produce,143,bunch,64.73,97.45,2026-08-29,Aisle 02,chilled
Valley Fresh Kesar Pista Rawa Sooji 500ml,Urban Roots Goods,PANT-001442,890100529539,Pantry & Dry Goods,54,can,625.56,940.76,2027-05-03,Aisle 06,ambient
Handcrafted Mutton Curry Cut 2L,Everest Goods,MEAT-001443,890100529540,Meat & Seafood,147,pcs,327.07,555.88,2026-08-31,Aisle 04,chilled
Stone-Ground Truffle Infused Stainless Steel Scrubber 3pk 200g,Fortune Mills,HOUS-001444,890100529541,Household & Personal Care,106,bottle,333.97,601.12,2027-03-30,Aisle 11,ambient
Pure Chana Dal Polished 150g,Dabur Naturals,PANT-001445,890100529542,Pantry & Dry Goods,190,jar,519.68,938.97,2028-06-19,Aisle 06,ambient
Stone-Ground Truffle Infused Frozen Samosas 5L,Catch Provisions,FROZ-001446,890100529543,Frozen Foods,140,pack,263.22,338.68,2027-07-23,Aisle 08,frozen
Sun-Dried Cream Cheese 12-Pack,Nilgiri Kitchens,DAIR-001447,890100529544,Dairy & Eggs,113,bottle,374.86,684.15,2026-09-04,Aisle 03,chilled
Whole-Grain Fabric Softener Floral Snack Pack,Nature Harvest Goods,HOUS-001448,890100529545,Household & Personal Care,156,packet,590.68,1006.24,2027-07-13,Aisle 12,ambient
Stone-Ground Lemon Pepper Cold Brew Coffee 24-Pack,Everest Co.,BEVE-001449,890100529546,Beverages,154,carton,441.76,718.23,2026-08-26,Aisle 06,ambient
Traditional Makhana Crunch Catla Fish Steaks 250ml,Satvik Provisions,MEAT-001450,890100529547,Meat & Seafood,114,kg,754.75,1310.69,2026-09-03,Aisle 04,chilled
Roasted Chicken Sausages 5L,Urban Roots Naturals,MEAT-001451,890100529548,Meat & Seafood,111,kg,395.78,546.49,2026-08-31,Aisle 04,chilled
Valley Fresh Liquid Laundry Detergent Snack Pack,Vedic Fresh Harvest,HOUS-001452,890100529549,Household & Personal Care,191,box,252.36,434.08,2026-08-29,Aisle 11,ambient
Royal Cinnamon Spice Guavas 1L,Tata Organics,FRES-001453,890100529550,Fresh Produce,204,kg,49.25,89.42,2026-09-04,Aisle 02,chilled
Royal Lassi Mango Infused 500g,Everest Plantations,DAIR-001454,890100529551,Dairy & Eggs,189,bottle,316.93,546.51,2026-08-28,Aisle 03,chilled
Heritage Alphonso Kulfi Tub Family Pack,Amul Springs,FROZ-001455,890100529552,Frozen Foods,98,pack,276.31,430.00,2027-07-12,Aisle 09,frozen
Stone-Ground Butter Croissants 10kg,Tata Provisions,BAKE-001456,890100529553,Bakery & Deli,9,pack,259.65,379.31,2026-09-10,Aisle 04,ambient
Raw California Almonds 12-Pack,Catch Organics,SNAC-001457,890100529554,Snacks & Confectionery,171,bar,275.96,373.43,2027-02-06,Aisle 09,ambient
Plant-Based Soan Papdi Box 2kg,Mother Dairy Dairy,SNAC-001458,890100529555,Snacks & Confectionery,230,box,282.49,387.27,2027-05-06,Aisle 10,ambient
Signature Surface Floor Cleaner Rose 400g,Nilgiri Co.,HOUS-001459,890100529556,Household & Personal Care,34,bottle,441.92,696.28,2027-12-15,Aisle 11,ambient
Valley Fresh Coconut Cream Pineapples 350g,Fortune Mills,FRES-001460,890100529557,Fresh Produce,178,kg,53.69,71.96,2026-08-28,Aisle 01,chilled
Gluten-Free Custard Apple (Sitaphal) 150g,Amul Organics,FRES-001461,890100529558,Fresh Produce,96,bag,79.66,114.34,2026-09-08,Aisle 01,ambient
Farm-Fresh Clove & Mint Toothpaste 2kg,Ganga Organics,HOUS-001462,890100529559,Household & Personal Care,121,pack,257.80,380.07,2028-03-27,Aisle 12,ambient
Plant-Based Bagel Plain 4pk 400g,Kaveri Farms,BAKE-001463,890100529560,Bakery & Deli,168,pcs,231.61,365.89,2026-08-29,Aisle 04,ambient
Traditional Golden Ginger Ricotta Fresh 2-Pack,Desi Organics Provisions,DAIR-001464,890100529561,Dairy & Eggs,79,box,91.31,127.40,2026-09-21,Aisle 02,chilled
Valley Fresh Toasted Sesame Bell Peppers 1kg,Mother Dairy Harvest,FRES-001465,890100529562,Fresh Produce,172,kg,85.36,148.11,2026-09-15,Aisle 01,ambient
Smoked Jalapeno Lime Tonic Water Premium 750ml,Saffola Foods,BEVE-001466,890100529563,Beverages,69,can,158.41,249.59,2027-07-04,Aisle 05,chilled
Spiced Wood-Fired Veggie Pizza 100g,Heritage Springs,FROZ-001467,890100529564,Frozen Foods,197,bag,360.69,522.19,2027-01-02,Aisle 08,frozen
Valley Fresh Toasted Sesame Sourdough Loaf 4-Pack,Satvik Foods,BAKE-001468,890100529565,Bakery & Deli,237,box,78.93,106.16,2026-09-06,Aisle 03,chilled
Royal Caramelized Onion Butter Croissants 250g,Vedic Fresh Goods,BAKE-001469,890100529566,Bakery & Deli,226,box,33.11,48.47,2026-09-10,Aisle 04,chilled
Select Dark Chocolate Pita Bread 8-Pack,Catch Dairy,BAKE-001470,890100529567,Bakery & Deli,150,pcs,214.18,365.76,2026-09-09,Aisle 03,ambient
Golden Crab Meat Fresh 400g,Nilgiri Plantations,MEAT-001471,890100529568,Meat & Seafood,173,pack,203.72,266.99,2026-09-02,Aisle 04,chilled
Premium Herbal Hand Wash Neem 330ml,Mother Dairy Milling,HOUS-001472,890100529569,Household & Personal Care,195,packet,583.57,767.63,2027-03-12,Aisle 12,ambient
Organic Fruit Muffins 100g,Dabur Goods,BAKE-001473,890100529570,Bakery & Deli,189,box,265.91,396.71,2026-08-31,Aisle 03,ambient
Roasted Chicken Salami 10-Pack,Himalayan Agro,BAKE-001474,890100529571,Bakery & Deli,165,pack,169.99,263.08,2026-08-30,Aisle 04,chilled
Roasted Kesar Pista Frozen Paneer Cubes 200ml,Nature Harvest Agro,FROZ-001475,890100529572,Frozen Foods,166,bag,327.83,485.28,2026-11-03,Aisle 09,frozen
Authentic Cinnamon Spice Ricotta Fresh 6-Pack,Patanjali Agro,DAIR-001476,890100529573,Dairy & Eggs,67,tub,126.59,223.15,2026-09-01,Aisle 03,chilled
Zero-Sugar Cinnamon Spice Brownie Bites 250g,Dabur Mills,BAKE-001477,890100529574,Bakery & Deli,158,pack,258.92,340.42,2026-08-29,Aisle 04,chilled
Golden Apple Cider Vinegar Drink 50g,Urban Roots Goods,BEVE-001478,890100529575,Beverages,40,can,168.95,222.06,2027-02-26,Aisle 05,chilled
Premium Bamboo Toothbrush 2pk 500g,Pashmina Harvest,HOUS-001479,890100529576,Household & Personal Care,123,packet,346.82,611.83,2026-08-29,Aisle 11,ambient
Desi 70% Dark Chocolate Bar 10-Pack,Vedic Fresh Organics,SNAC-001480,890100529577,Snacks & Confectionery,103,packet,313.08,406.99,2026-08-15,Aisle 09,ambient
Natural Lemon Pepper Penne Rigate Pasta 750g,Urban Roots Botanicals,PANT-001481,890100529578,Pantry & Dry Goods,124,jar,470.96,672.80,2027-03-28,Aisle 07,ambient
Artisan Matcha Green Tea Apple Cider Vinegar Drink 1L,Nilgiri Kitchens,BEVE-001482,890100529579,Beverages,229,can,104.34,136.63,2026-09-18,Aisle 06,ambient
Cold-Pressed Coconut Cream Alphonso Kulfi Tub 10kg,Amul Mills,FROZ-001483,890100529580,Frozen Foods,75,packet,407.61,672.18,2027-01-01,Aisle 09,frozen
Select Tandoori Smoked Guava Chilli Juice 330ml,Mother Dairy Co.,BEVE-001484,890100529581,Beverages,225,can,148.26,240.32,2026-11-21,Aisle 05,ambient
Grass-Fed Pista Almond Royal Basmati Rice 350g,Dabur Foods,PANT-001485,890100529582,Pantry & Dry Goods,170,can,698.05,1169.59,2027-05-08,Aisle 06,ambient
Artisan Floor Disinfectant Pine 50g,Saffola Kitchens,HOUS-001486,890100529583,Household & Personal Care,138,box,207.74,378.94,2028-08-08,Aisle 12,ambient
Free-Range Bhujia Sev 100g,Patanjali Springs,SNAC-001487,890100529584,Snacks & Confectionery,215,tub,511.51,829.41,2027-04-03,Aisle 09,ambient
Rustic Caramelized Onion Kitchen Paper Towels 4-Roll 300g,Dabur Organics,HOUS-001488,890100529585,Household & Personal Care,94,packet,472.57,692.51,2028-12-27,Aisle 11,ambient
Authentic Vanilla Bean Wood-Fired Veggie Pizza Snack Pack,Fortune Goods,FROZ-001489,890100529586,Frozen Foods,247,tub,229.82,410.28,2026-08-27,Aisle 08,frozen
Handcrafted Buffalo Milk 5L,Tata Botanicals,DAIR-001490,890100529587,Dairy & Eggs,172,box,212.75,323.79,2026-09-26,Aisle 02,chilled
Heritage Pure Jaggery Powder (Gud) 1kg,Catch Farms,PANT-001491,890100529588,Pantry & Dry Goods,121,bag,633.39,801.64,2026-12-17,Aisle 08,ambient
Aged Clove & Mint Toothpaste 150ml,Royal Indian Botanicals,HOUS-001492,890100529589,Household & Personal Care,126,packet,374.54,678.02,2027-06-02,Aisle 11,ambient
Country Style Organic Brown Sugar 100g,Amul Botanicals,PANT-001493,890100529590,Pantry & Dry Goods,73,bottle,680.64,1077.16,2028-03-02,Aisle 07,ambient
Traditional Garlic Focaccia 12-Pack,Organic Tattva Goods,BAKE-001494,890100529591,Bakery & Deli,23,box,58.77,95.85,2026-09-04,Aisle 04,ambient
Spiced Tandoori Smoked Veg Burger Patties 5kg,Bhoomi Harvest,FROZ-001495,890100529592,Frozen Foods,148,bag,129.88,174.07,2026-11-27,Aisle 09,frozen
Cold-Pressed Mosquito Vaporizer Refill 5L,Heritage Plantations,HOUS-001496,890100529593,Household & Personal Care,58,packet,190.84,271.10,2028-11-08,Aisle 11,ambient
Zero-Sugar Dark Chocolate Garlic Bulbs 12-Pack,Green Earth Harvest,FRES-001497,890100529594,Fresh Produce,191,bunch,101.47,151.99,2026-09-14,Aisle 02,ambient
Crisp Nagpur Orange Penne Rigate Pasta 6-Pack,SunBrite Foods,PANT-001498,890100529595,Pantry & Dry Goods,189,box,302.82,411.75,2027-04-03,Aisle 06,ambient
Stone-Ground Golden Ginger Fish Fingers Frozen 250ml,Deccan Botanicals,FROZ-001499,890100529596,Frozen Foods,216,packet,152.98,274.68,2027-08-24,Aisle 08,frozen
Wildcrafted Rose Infused Lassi Mango Infused 12-Pack,Dabur Springs,DAIR-001500,890100529597,Dairy & Eggs,66,tub,275.27,443.62,2026-08-31,Aisle 03,chilled
Handcrafted Alphonso Kulfi Tub 100g,Royal Indian Mills,FROZ-001501,890100529598,Frozen Foods,249,tub,365.55,556.64,2027-02-03,Aisle 08,frozen
Natural Sweet Tamarind Flavored Yogurt 150g,Desi Organics Kitchens,DAIR-001502,890100529599,Dairy & Eggs,198,box,361.48,465.11,2026-09-12,Aisle 03,chilled
Country Style Cream Cheese Family Pack,Pure Vedic Naturals,DAIR-001503,890100529600,Dairy & Eggs,214,tub,163.42,261.33,2026-09-19,Aisle 02,chilled
Crisp Masala Chai Brownie Bites 1.5L,Tata Springs,BAKE-001504,890100529601,Bakery & Deli,45,box,107.86,180.55,2026-09-07,Aisle 04,ambient
Raw Tulsi Honey Butter Croissants 200ml,Amul Goods,BAKE-001505,890100529602,Bakery & Deli,242,pcs,194.44,345.33,2026-09-07,Aisle 04,ambient
Low-Sodium Dark Chocolate Mishri Mawa 300g,Everest Co.,DAIR-001506,890100529603,Dairy & Eggs,110,bottle,298.30,397.46,2026-08-27,Aisle 03,chilled
Gluten-Free Kaju Katli Sweet Box 250g,Amul Harvest,SNAC-001507,890100529604,Snacks & Confectionery,81,pack,424.44,670.64,2027-01-23,Aisle 09,ambient
Sun-Dried Kaju Katli Sweet Box 750g,Kaveri Provisions,SNAC-001508,890100529605,Snacks & Confectionery,56,tub,32.91,47.36,2026-08-30,Aisle 09,ambient
Desi Alphonso Mango Frozen Paneer Cubes 8-Pack,Mother Dairy Harvest,FROZ-001509,890100529606,Frozen Foods,59,pack,87.06,117.75,2027-08-11,Aisle 09,frozen
Desi Alphonso Mango Iced Lemon Tea 5L,Amul Kitchens,BEVE-001510,890100529607,Beverages,73,bag,175.63,255.03,2027-04-16,Aisle 05,ambient
Country Style Toasted Sesame Pears 50g,Ganga Springs,FRES-001511,890100529608,Fresh Produce,89,pack,53.21,76.42,2026-09-16,Aisle 01,ambient
Premium Cinnamon Spice Chicken Sausages 250g,Vedic Fresh Farms,MEAT-001512,890100529609,Meat & Seafood,61,kg,236.30,334.83,2026-09-01,Aisle 04,chilled
Zero-Sugar Feta Cheese Value Pack,Heritage Farms,DAIR-001513,890100529610,Dairy & Eggs,40,bottle,41.14,62.51,2026-08-30,Aisle 02,chilled
Sun-Dried Coconut Cream Floor Disinfectant Pine 5kg,Everest Naturals,HOUS-001514,890100529611,Household & Personal Care,193,tube,137.24,210.01,2028-06-28,Aisle 12,ambient
Authentic Sea Salt Urad Dal Whole 400g,Deccan Milling,PANT-001515,890100529612,Pantry & Dry Goods,100,packet,284.69,381.63,2027-10-13,Aisle 06,ambient
Golden Coconut Cream Sweet Potatoes 1.5L,SunBrite Kitchens,FRES-001516,890100529613,Fresh Produce,94,bunch,63.64,90.40,2026-08-28,Aisle 01,chilled
Extra-Virgin Pista Almond Basa Fish Fillets 5kg,Patanjali Mills,MEAT-001517,890100529614,Meat & Seafood,40,kg,875.82,1223.14,2026-08-16,Aisle 04,chilled
Spiced Pomfret Whole 330ml,Saffola Botanicals,MEAT-001518,890100529615,Meat & Seafood,47,pack,728.52,925.93,2026-08-31,Aisle 04,chilled
Handcrafted Guavas Value Pack,Saffola Milling,FRES-001519,890100529616,Fresh Produce,163,pcs,123.18,193.56,2026-09-06,Aisle 01,ambient
Plant-Based Red Chilli & Garlic Poha Thick Flakes 10kg,Kaveri Agro,PANT-001520,890100529617,Pantry & Dry Goods,241,bottle,300.52,402.43,2028-07-31,Aisle 06,ambient
Organic Brownie Bites 6-Pack,Patanjali Co.,BAKE-001521,890100529618,Bakery & Deli,49,box,188.17,292.35,2026-09-10,Aisle 03,ambient
Zero-Sugar Dry Fruits Trail Mix 10kg,Nature Harvest Co.,SNAC-001522,890100529619,Snacks & Confectionery,84,bar,373.41,595.82,2027-02-22,Aisle 09,ambient
Desi Sweet Tamarind Bagel Plain 4pk 8-Pack,Himalayan Botanicals,BAKE-001523,890100529620,Bakery & Deli,157,box,136.79,227.59,2026-09-05,Aisle 04,chilled
Sun-Dried Ayurvedic Bath Soap 2kg,Organic Tattva Organics,HOUS-001524,890100529621,Household & Personal Care,232,bottle,77.26,132.50,2027-09-29,Aisle 11,ambient
Homestyle Kachi Ghani Mustard Rawa Sooji 150g,Himalayan Springs,PANT-001525,890100529622,Pantry & Dry Goods,53,box,596.47,1074.93,2028-08-10,Aisle 08,ambient
Crisp Floor Disinfectant Pine 4-Pack,Patanjali Agro,HOUS-001526,890100529623,Household & Personal Care,214,box,322.22,499.18,2028-09-01,Aisle 12,ambient
Signature Organic Brown Sugar 5L,Organic Tattva Mills,PANT-001527,890100529624,Pantry & Dry Goods,155,can,431.29,579.35,2028-07-25,Aisle 06,ambient
Cold-Pressed Vanilla Bean Ciabatta Roll 10kg,SunBrite Plantations,BAKE-001528,890100529625,Bakery & Deli,75,box,254.08,422.14,2026-09-09,Aisle 03,chilled
Wildcrafted Paneer Tikka Deli 750ml,Ganga Botanicals,BAKE-001529,890100529626,Bakery & Deli,183,box,241.27,355.22,2026-09-10,Aisle 03,chilled
Wildcrafted Pure Jaggery Powder (Gud) 1kg,Dabur Plantations,PANT-001530,890100529627,Pantry & Dry Goods,100,jar,274.48,363.54,2026-08-24,Aisle 07,ambient
Homestyle Dark Chocolate Poha Thick Flakes Snack Pack,Everest Harvest,PANT-001531,890100529628,Pantry & Dry Goods,143,packet,258.70,356.19,2027-11-22,Aisle 08,ambient
Pure Sea Salt Goat Mince Premium 2L,Nilgiri Mills,MEAT-001532,890100529629,Meat & Seafood,44,kg,422.18,576.21,2026-09-02,Aisle 04,chilled
Artisan Mint Lime Kitchen Paper Towels 4-Roll 350g,Patanjali Plantations,HOUS-001533,890100529630,Household & Personal Care,244,box,511.30,800.68,2028-04-23,Aisle 12,ambient
Low-Sodium Pista Almond Ladyfinger (Bhindi) 8-Pack,Urban Roots Goods,FRES-001534,890100529631,Fresh Produce,115,bag,104.29,185.67,2026-09-15,Aisle 01,ambient
Low-Sodium Truffle Infused Fabric Softener Floral 8-Pack,Deccan Kitchens,HOUS-001535,890100529632,Household & Personal Care,22,pack,146.04,182.67,2026-08-30,Aisle 11,ambient
Handcrafted Kaju Katli Sweet Box 250g,Tata Provisions,SNAC-001536,890100529633,Snacks & Confectionery,178,bar,279.41,375.34,2026-10-21,Aisle 09,ambient
Wildcrafted Ayurvedic Bath Soap 2L,SunBrite Mills,HOUS-001537,890100529634,Household & Personal Care,235,tube,65.40,101.87,2027-04-21,Aisle 12,ambient
Signature Jeera Masala Soda 150ml,Ganga Milling,BEVE-001538,890100529635,Beverages,115,pack,178.59,297.03,2026-08-30,Aisle 05,chilled
Low-Sodium Kaju Katli Sweet Box Value Pack,Green Earth Foods,SNAC-001539,890100529636,Snacks & Confectionery,174,packet,23.11,42.01,2027-04-22,Aisle 10,ambient
Spiced Jalapeno Lime Pineapples 1.5L,Vedic Fresh Dairy,FRES-001540,890100529637,Fresh Produce,137,bag,159.30,293.11,2026-08-27,Aisle 01,chilled
Spiced Pomfret Whole 10kg,Deccan Dairy,MEAT-001541,890100529638,Meat & Seafood,9,pack,815.07,1179.78,2026-08-31,Aisle 05,chilled
Natural Cardamom Spiced Royal Basmati Rice 100g,Tata Springs,PANT-001542,890100529639,Pantry & Dry Goods,172,jar,88.92,155.09,2027-05-13,Aisle 07,ambient
Zero-Sugar Smoked Paprika Himalayan Spring Water 1L,Nature Harvest Provisions,BEVE-001543,890100529640,Beverages,36,carton,88.61,127.08,2027-03-15,Aisle 06,chilled
Sweet Iced Lemon Tea 8-Pack,Deccan Dairy,BEVE-001544,890100529641,Beverages,147,pack,440.52,561.45,2027-05-08,Aisle 05,chilled
Rustic Dry Fruits Trail Mix 200g,Saffola Organics,SNAC-001545,890100529642,Snacks & Confectionery,205,bar,335.17,428.83,2027-02-23,Aisle 09,ambient
Unpolished Tiger Prawns Jumbo 100g,Mother Dairy Foods,MEAT-001546,890100529643,Meat & Seafood,130,pack,831.12,1347.07,2026-09-03,Aisle 04,chilled
Homestyle Nagpur Orange Avocados 10kg,Bhoomi Agro,FRES-001547,890100529644,Fresh Produce,226,pcs,79.51,109.80,2026-09-15,Aisle 02,chilled
Sweet Kachi Ghani Mustard Chicken Sausages 12-Pack,Deccan Milling,MEAT-001548,890100529645,Meat & Seafood,139,kg,847.01,1441.90,2026-09-02,Aisle 05,chilled
Valley Fresh Chatpata Masala Organic Sharbati Atta 24-Pack,Green Earth Botanicals,PANT-001549,890100529646,Pantry & Dry Goods,111,box,108.80,160.61,2027-04-12,Aisle 07,ambient
Grass-Fed Sweet Tamarind Gourmet Cookies Choco-Chip 350g,Nature Harvest Mills,SNAC-001550,890100529647,Snacks & Confectionery,33,box,545.21,916.65,2026-11-28,Aisle 09,ambient
Cold-Pressed Sweet Corn Kernels 5L,Heritage Naturals,FROZ-001551,890100529648,Frozen Foods,62,tub,276.49,447.75,2027-04-29,Aisle 08,frozen
Raw Strawberries 750g,Royal Indian Organics,FRES-001552,890100529649,Fresh Produce,117,bag,40.18,62.35,2026-09-02,Aisle 01,ambient
Smoked Veg Burger Patties 250g,Heritage Farms,FROZ-001553,890100529650,Frozen Foods,73,packet,155.48,212.30,2027-02-09,Aisle 09,frozen
Cured Roasted Makhana Foxnuts 330ml,Catch Harvest,SNAC-001554,890100529651,Snacks & Confectionery,63,box,398.06,645.57,2027-03-25,Aisle 10,ambient
Valley Fresh Kesar Pista Spicy Peanut Chikki 1.5L,Kaveri Goods,SNAC-001555,890100529652,Snacks & Confectionery,44,bag,317.07,551.23,2027-02-01,Aisle 10,ambient
Cold-Pressed Amla Juice Pure 350g,Deccan Dairy,BEVE-001556,890100529653,Beverages,240,carton,118.08,157.42,2026-11-30,Aisle 05,ambient
Rustic Vanilla Bean Greek Yogurt 300g,Royal Indian Provisions,DAIR-001557,890100529654,Dairy & Eggs,191,tub,433.07,746.08,2026-08-28,Aisle 02,chilled
Premium Coconut Cream Shampoo Anti-Dandruff 50g,Desi Organics Goods,HOUS-001558,890100529655,Household & Personal Care,99,bottle,542.47,993.35,2029-03-05,Aisle 11,ambient
Handcrafted Tandoori Smoked Unsalted White Butter 500ml,Nilgiri Mills,DAIR-001559,890100529656,Dairy & Eggs,37,bottle,35.24,48.81,2026-09-25,Aisle 02,chilled
Cured Iced Lemon Tea 300g,Dabur Naturals,BEVE-001560,890100529657,Beverages,211,pack,398.35,600.44,2026-08-27,Aisle 06,chilled
Heritage Alphonso Mango Moong Dal Namkeen 1L,Fortune Naturals,SNAC-001561,890100529658,Snacks & Confectionery,233,packet,96.56,138.52,2026-12-06,Aisle 10,ambient
Crisp Sweet Potatoes 250g,Urban Roots Mills,FRES-001562,890100529659,Fresh Produce,126,bunch,51.52,93.71,2026-08-31,Aisle 02,ambient
Smoked Sweet Tamarind Stainless Steel Scrubber 3pk 150g,Saffola Goods,HOUS-001563,890100529660,Household & Personal Care,52,bottle,524.88,867.45,2028-08-07,Aisle 12,ambient
Signature Rose Infused Fresh Chicken Curry Cut Value Pack,Heritage Springs,MEAT-001564,890100529661,Meat & Seafood,234,pcs,520.63,764.46,2026-08-30,Aisle 05,chilled
Select Caramelized Onion Gouda Block 500g,Amul Plantations,DAIR-001565,890100529662,Dairy & Eggs,213,carton,175.55,257.24,2026-08-30,Aisle 03,chilled
Artisan Electrolyte Energy Drink 1L,Heritage Foods,BEVE-001566,890100529663,Beverages,25,box,380.43,535.13,2027-07-22,Aisle 05,ambient
Traditional Moong Dal Washed 24-Pack,Catch Organics,PANT-001567,890100529664,Pantry & Dry Goods,105,packet,321.41,575.55,2028-01-01,Aisle 07,ambient
Raw Oat Milk 150g,SunBrite Milling,DAIR-001568,890100529665,Dairy & Eggs,86,packet,176.28,268.72,2026-09-21,Aisle 02,chilled
Crisp Bamboo Toothbrush 2pk 50g,Nilgiri Kitchens,HOUS-001569,890100529666,Household & Personal Care,190,tube,470.06,842.43,2029-04-13,Aisle 12,ambient
Low-Sodium Pav 6-Pack 10-Pack,Himalayan Provisions,BAKE-001570,890100529667,Bakery & Deli,20,pcs,196.47,275.98,2026-08-29,Aisle 03,ambient
Grass-Fed Organic Brown Sugar Snack Pack,Amul Organics,PANT-001571,890100529668,Pantry & Dry Goods,81,jar,590.29,969.41,2028-03-15,Aisle 08,ambient
Cured Ajwain & Jeera Butter Croissants 2L,Desi Organics Co.,BAKE-001572,890100529669,Bakery & Deli,194,pcs,176.25,310.29,2026-09-04,Aisle 04,ambient
Heritage Hash Browns 6pk 1L,Pashmina Harvest,FROZ-001573,890100529670,Frozen Foods,11,tub,208.59,298.28,2026-11-03,Aisle 08,frozen
Zero-Sugar Electrolyte Energy Drink 250g,Everest Milling,BEVE-001574,890100529671,Beverages,133,carton,226.73,329.60,2026-11-30,Aisle 06,ambient
Organic Kashmiri Saffron Pears 250ml,Everest Co.,FRES-001575,890100529672,Fresh Produce,111,pack,24.44,39.03,2026-09-16,Aisle 01,ambient
Stone-Ground California Almonds 2L,Green Earth Foods,SNAC-001576,890100529673,Snacks & Confectionery,160,bag,140.55,187.65,2026-12-04,Aisle 10,ambient
Whole-Grain Pineapples 400g,Mother Dairy Plantations,FRES-001577,890100529674,Fresh Produce,242,pack,37.53,55.13,2026-09-03,Aisle 02,chilled
Zero-Sugar Rose Infused Roasted Makhana Foxnuts 1.5L,Vedic Fresh Goods,SNAC-001578,890100529675,Snacks & Confectionery,198,box,406.47,575.05,2027-03-13,Aisle 10,ambient
Aged Brownie Bites 12-Pack,Everest Foods,BAKE-001579,890100529676,Bakery & Deli,225,pcs,46.86,59.50,2026-09-09,Aisle 03,chilled
Plant-Based Tulsi Honey Chana Dal Polished 8-Pack,Deccan Organics,PANT-001580,890100529677,Pantry & Dry Goods,209,jar,531.78,757.08,2028-05-04,Aisle 07,ambient
Homestyle Stainless Steel Scrubber 3pk Family Pack,Green Earth Goods,HOUS-001581,890100529678,Household & Personal Care,91,tube,66.44,92.62,2028-10-31,Aisle 12,ambient
Heritage Tandoori Smoked Pomegranates 500g,Ganga Foods,FRES-001582,890100529679,Fresh Produce,223,pcs,26.29,42.10,2026-09-11,Aisle 02,ambient
Premium Cardamom Spiced Toor Dal Premium 24-Pack,Pure Vedic Naturals,PANT-001583,890100529680,Pantry & Dry Goods,220,bag,471.76,753.59,2027-07-12,Aisle 07,ambient
Grass-Fed Double Toned Milk 1.5L,Bhoomi Milling,DAIR-001584,890100529681,Dairy & Eggs,122,box,452.43,665.02,2026-08-30,Aisle 03,chilled
Grass-Fed Kachi Ghani Mustard Chicken Keema 4-Pack,Saffola Agro,MEAT-001585,890100529682,Meat & Seafood,133,pack,820.43,1511.36,2026-08-31,Aisle 05,chilled
Smoked Bhujia Sev 750g,Heritage Kitchens,SNAC-001586,890100529683,Snacks & Confectionery,228,box,366.14,653.68,2026-12-14,Aisle 09,ambient
Pure Kesar Pista Surmai Steaks 5L,Organic Tattva Provisions,MEAT-001587,890100529684,Meat & Seafood,62,kg,433.77,712.22,2026-09-01,Aisle 04,chilled
Farm-Fresh Moong Dal Washed 24-Pack,Himalayan Milling,PANT-001588,890100529685,Pantry & Dry Goods,56,jar,515.32,875.92,2027-03-29,Aisle 06,ambient
Premium Kashmiri Saffron Gouda Block 24-Pack,Tata Organics,DAIR-001589,890100529686,Dairy & Eggs,87,carton,311.68,564.63,2026-09-07,Aisle 02,chilled
Wildcrafted Cinnamon Spice Sparkling Mineral Water 6-Pack,Green Earth Provisions,BEVE-001590,890100529687,Beverages,192,bottle,226.75,305.00,2026-10-24,Aisle 06,chilled
Cold-Pressed Iced Lemon Tea 8-Pack,Satvik Mills,BEVE-001591,890100529688,Beverages,46,carton,77.38,115.74,2027-04-09,Aisle 05,chilled
Artisan Truffle Infused Alphonso Kulfi Tub Snack Pack,Tata Mills,FROZ-001592,890100529689,Frozen Foods,60,packet,335.56,575.58,2027-07-15,Aisle 08,frozen
Roasted Cardamom Spiced Kokum Sharbat Value Pack,Patanjali Naturals,BEVE-001593,890100529690,Beverages,89,carton,263.62,448.15,2027-02-04,Aisle 05,chilled
Zero-Sugar Kesar Pista Organic Sharbati Atta Family Pack,Everest Springs,PANT-001594,890100529691,Pantry & Dry Goods,129,box,133.91,234.75,2027-10-31,Aisle 07,ambient
Grass-Fed Pista Almond Bath Tissue 6-Pack 4-Pack,Heritage Agro,HOUS-001595,890100529692,Household & Personal Care,168,packet,310.21,474.52,2028-07-19,Aisle 11,ambient
Wildcrafted Nagpur Orange Royal Basmati Rice 200g,Himalayan Milling,PANT-001596,890100529693,Pantry & Dry Goods,57,jar,265.48,454.73,2026-12-30,Aisle 06,ambient
Country Style Sea Salt Electrolyte Energy Drink 1L,Deccan Harvest,BEVE-001597,890100529694,Beverages,201,box,102.50,148.02,2026-11-04,Aisle 05,chilled
Cured Caramelized Onion Organic Green Tea 2L,Himalayan Dairy,BEVE-001598,890100529695,Beverages,145,can,251.48,419.99,2027-02-06,Aisle 06,chilled
Low-Sodium Tandoori Smoked Cheese Croissant 1.5L,Urban Roots Plantations,BAKE-001599,890100529696,Bakery & Deli,179,box,284.78,448.21,2026-08-31,Aisle 04,ambient
Aged Chicken Frankfurters 12-Pack,Deccan Milling,BAKE-001600,890100529697,Bakery & Deli,36,pack,299.23,553.55,2026-08-31,Aisle 04,chilled
Heritage Toasted Sesame Veg Burger Patties 6-Pack,Himalayan Agro,FROZ-001601,890100529698,Frozen Foods,11,bag,178.95,253.18,2027-06-23,Aisle 09,frozen
Select Sparkling Mineral Water 300g,Nilgiri Farms,BEVE-001602,890100529699,Beverages,207,box,153.93,247.16,2027-03-15,Aisle 06,chilled
Spiced Garlic & Herb Coconut Milk Canned Family Pack,Saffola Harvest,PANT-001603,890100529700,Pantry & Dry Goods,174,bottle,443.60,729.55,2027-06-27,Aisle 08,ambient
Raw Garlic Bulbs 2L,Everest Springs,FRES-001604,890100529701,Fresh Produce,130,bag,75.97,102.50,2026-08-29,Aisle 02,chilled
Signature Frozen Paneer Cubes 250ml,Urban Roots Plantations,FROZ-001605,890100529702,Frozen Foods,79,bag,417.52,676.56,2026-12-25,Aisle 08,frozen
Smoked Fabric Softener Floral 500ml,Royal Indian Dairy,HOUS-001606,890100529703,Household & Personal Care,145,box,54.03,91.85,2029-01-10,Aisle 12,ambient
Golden Lemons 300g,SunBrite Botanicals,FRES-001607,890100529704,Fresh Produce,69,kg,42.87,77.44,2026-08-30,Aisle 02,ambient
Spiced Garlic & Herb Crab Meat Fresh 2kg,Deccan Goods,MEAT-001608,890100529705,Meat & Seafood,47,pcs,618.39,1046.28,2026-09-02,Aisle 05,chilled
Authentic Cinnamon Spice Ginger Kombucha 1L,Ganga Naturals,BEVE-001609,890100529706,Beverages,173,bottle,304.56,468.08,2027-02-15,Aisle 05,ambient
Roasted Tulsi Honey Hash Browns 6pk 150g,Ganga Botanicals,FROZ-001610,890100529707,Frozen Foods,128,tub,302.79,422.90,2026-08-25,Aisle 09,frozen
Golden Smoked Chicken Slices 330ml,Organic Tattva Goods,BAKE-001611,890100529708,Bakery & Deli,156,pack,103.12,130.72,2026-09-08,Aisle 04,chilled
Sun-Dried Mint Lime Granola Health Bars 150g,Tata Organics,SNAC-001612,890100529709,Snacks & Confectionery,30,packet,191.57,290.98,2027-06-07,Aisle 10,ambient
Grass-Fed Herbal Hand Wash Neem 100g,Amul Mills,HOUS-001613,890100529710,Household & Personal Care,35,box,175.44,296.34,2028-05-06,Aisle 12,ambient
Royal Dry Fruits Trail Mix 500ml,Everest Agro,SNAC-001614,890100529711,Snacks & Confectionery,231,packet,268.37,407.07,2027-01-21,Aisle 09,ambient
Unpolished Catla Fish Steaks 5L,Fortune Kitchens,MEAT-001615,890100529712,Meat & Seafood,147,pcs,450.46,592.96,2026-09-02,Aisle 05,chilled
Homestyle Coconut Cream Bitter Gourd (Karela) 5kg,Heritage Co.,FRES-001616,890100529713,Fresh Produce,95,bunch,74.45,101.20,2026-09-15,Aisle 02,ambient
Aged Tulsi Honey Herbal Hand Wash Neem 1kg,Desi Organics Foods,HOUS-001617,890100529714,Household & Personal Care,149,pack,326.64,530.58,2026-08-30,Aisle 12,ambient
Stone-Ground Ajwain & Jeera Pomfret Whole 200ml,Ganga Dairy,MEAT-001618,890100529715,Meat & Seafood,99,kg,628.86,954.49,2026-08-31,Aisle 04,chilled
Sweet Toasted Sesame Moong Dal Washed 750g,Satvik Springs,PANT-001619,890100529716,Pantry & Dry Goods,61,bag,315.43,478.57,2028-08-06,Aisle 06,ambient
Select Jalapeno Lime Chaash / Buttermilk Snack Pack,Amul Agro,DAIR-001620,890100529717,Dairy & Eggs,237,bottle,194.12,261.58,2026-09-22,Aisle 02,chilled
Free-Range Lemon Pepper Dry Fruits Trail Mix 750ml,Desi Organics Dairy,SNAC-001621,890100529718,Snacks & Confectionery,37,bar,359.84,606.96,2026-12-22,Aisle 10,ambient
Royal Moong Dal Namkeen 8-Pack,Nilgiri Mills,SNAC-001622,890100529719,Snacks & Confectionery,144,bag,407.07,670.85,2027-04-01,Aisle 10,ambient
Raw Kashmiri Saffron Butter Croissants 5kg,Dabur Organics,BAKE-001623,890100529720,Bakery & Deli,234,box,186.56,321.59,2026-09-04,Aisle 04,chilled
Desi Apples 1kg,Bhoomi Springs,FRES-001624,890100529721,Fresh Produce,245,bag,54.61,95.01,2026-08-29,Aisle 01,chilled
Cold-Pressed Tulsi Honey Coconut Milk Canned 12-Pack,Himalayan Organics,PANT-001625,890100529722,Pantry & Dry Goods,215,packet,702.73,1210.32,2027-01-31,Aisle 08,ambient
Organic Rose Infused Pomfret Whole 6-Pack,Dabur Agro,MEAT-001626,890100529723,Meat & Seafood,175,kg,725.39,1334.43,2026-09-03,Aisle 04,chilled
Select Toasted Sesame Cold-Pressed Groundnut Oil Snack Pack,Saffola Foods,PANT-001627,890100529724,Pantry & Dry Goods,113,can,139.97,226.19,2027-02-25,Aisle 07,ambient
Roasted Kashmiri Saffron California Almonds 1.5L,Himalayan Botanicals,SNAC-001628,890100529725,Snacks & Confectionery,167,box,412.43,568.63,2026-12-18,Aisle 10,ambient
Heritage Alphonso Mango Soan Papdi Box 6-Pack,Amul Foods,SNAC-001629,890100529726,Snacks & Confectionery,197,box,139.29,214.62,2027-01-27,Aisle 10,ambient
Grass-Fed Badam Milk Drink 200g,Everest Botanicals,BEVE-001630,890100529727,Beverages,88,can,97.48,140.62,2027-08-03,Aisle 06,ambient
Grass-Fed Paneer Block 1L,Pure Vedic Harvest,DAIR-001631,890100529728,Dairy & Eggs,230,carton,345.01,625.08,2026-09-17,Aisle 02,chilled
Premium Kachi Ghani Mustard Greek Yogurt 500g,Himalayan Agro,DAIR-001632,890100529729,Dairy & Eggs,103,box,234.58,410.68,2026-09-26,Aisle 03,chilled
Authentic Cardamom Spiced Moong Dal Namkeen 5kg,Nature Harvest Foods,SNAC-001633,890100529730,Snacks & Confectionery,151,bar,125.70,188.64,2027-06-18,Aisle 10,ambient
Natural Frozen Paneer Cubes 8-Pack,Green Earth Harvest,FROZ-001634,890100529731,Frozen Foods,72,tub,116.99,150.25,2027-07-25,Aisle 09,frozen
Farm-Fresh Squid Rings Cleaned 2-Pack,Dabur Goods,MEAT-001635,890100529732,Meat & Seafood,217,pcs,795.46,1137.30,2026-08-31,Aisle 05,chilled
Unpolished Matcha Green Tea Cold-Pressed Groundnut Oil 750g,Himalayan Botanicals,PANT-001636,890100529733,Pantry & Dry Goods,52,bag,252.60,330.37,2026-12-16,Aisle 06,ambient
Farm-Fresh Ajwain & Jeera Banana Chips Kerala Style 150g,Satvik Foods,SNAC-001637,890100529734,Snacks & Confectionery,77,box,192.78,276.19,2027-02-06,Aisle 10,ambient
Extra-Virgin Brownie Bites 2kg,Tata Kitchens,BAKE-001638,890100529735,Bakery & Deli,32,pack,76.45,133.02,2026-09-03,Aisle 04,ambient
Gourmet Tulsi Honey Wood-Fired Veggie Pizza 4-Pack,Ganga Springs,FROZ-001639,890100529736,Frozen Foods,149,pack,227.12,356.91,2026-08-30,Aisle 08,frozen
Gourmet Kashmiri Saffron Mutton Chops 4-Pack,Organic Tattva Agro,MEAT-001640,890100529737,Meat & Seafood,4,pack,656.27,1117.23,2026-09-02,Aisle 04,chilled
Grass-Fed Matcha Green Tea Brioche Burger Buns 250g,Nilgiri Provisions,BAKE-001641,890100529738,Bakery & Deli,5,pcs,26.23,47.84,2026-09-10,Aisle 04,ambient
Golden Frozen Samosas 10-Pack,Fortune Goods,FROZ-001642,890100529739,Frozen Foods,67,tub,406.21,596.93,2027-06-29,Aisle 08,frozen
Handcrafted Lemon Pepper Buffalo Milk 400g,Organic Tattva Naturals,DAIR-001643,890100529740,Dairy & Eggs,218,packet,162.89,228.79,2026-09-15,Aisle 03,chilled
Low-Sodium Fresh Mint (Pudina) 200g,Mother Dairy Plantations,FRES-001644,890100529741,Fresh Produce,71,pcs,73.02,118.08,2026-09-07,Aisle 01,ambient
Crisp Masala Chai Floor Disinfectant Pine Value Pack,Satvik Botanicals,HOUS-001645,890100529742,Household & Personal Care,51,bottle,186.16,302.77,2028-01-27,Aisle 12,ambient
Cured Kesar Pista Guava Chilli Juice 6-Pack,Nature Harvest Kitchens,BEVE-001646,890100529743,Beverages,93,bottle,394.62,496.51,2026-08-29,Aisle 06,ambient
Extra-Virgin Garlic & Herb Amla Juice Pure 50g,Kaveri Milling,BEVE-001647,890100529744,Beverages,218,bag,71.74,112.90,2027-06-06,Aisle 06,chilled
Country Style Kitchen Paper Towels 4-Roll 1L,Nilgiri Plantations,HOUS-001648,890100529745,Household & Personal Care,103,box,188.64,298.64,2026-08-30,Aisle 11,ambient
Handcrafted Granola Health Bars 5L,Catch Co.,SNAC-001649,890100529746,Snacks & Confectionery,91,pack,521.70,921.26,2027-05-12,Aisle 10,ambient
Crisp Alphonso Mango Rawa Sooji 750g,SunBrite Mills,PANT-001650,890100529747,Pantry & Dry Goods,68,box,175.08,234.02,2026-12-29,Aisle 06,ambient
Stone-Ground Ciabatta Roll 10-Pack,Pashmina Plantations,BAKE-001651,890100529748,Bakery & Deli,44,pcs,203.54,312.63,2026-08-29,Aisle 03,ambient
Spiced Tandoori Smoked Mustard Oil Kachi Ghani 5L,Heritage Dairy,PANT-001652,890100529749,Pantry & Dry Goods,26,jar,434.65,641.91,2026-08-30,Aisle 07,ambient
Wildcrafted Rusk Toast 330ml,Pashmina Goods,BAKE-001653,890100529750,Bakery & Deli,51,pcs,43.14,78.04,2026-08-21,Aisle 04,chilled
Gourmet Masala Chai Lentils Red Masoor 500g,Saffola Botanicals,PANT-001654,890100529751,Pantry & Dry Goods,139,box,236.42,386.97,2028-02-07,Aisle 07,ambient
Free-Range Masala Chai Tender Coconut Water 300g,Desi Organics Organics,BEVE-001655,890100529752,Beverages,42,bag,375.41,565.66,2026-12-09,Aisle 06,chilled
Traditional Rose Infused Himalayan Spring Water 250ml,SunBrite Kitchens,BEVE-001656,890100529753,Beverages,83,carton,62.40,78.73,2026-12-25,Aisle 05,chilled
Valley Fresh Kitchen Paper Towels 4-Roll 500g,Deccan Foods,HOUS-001657,890100529754,Household & Personal Care,243,bottle,415.30,709.81,2028-04-10,Aisle 11,ambient
Royal Aloo Tikki 8-Pack 300g,Desi Organics Foods,FROZ-001658,890100529755,Frozen Foods,103,pack,353.09,449.00,2026-12-30,Aisle 09,frozen
Crisp Sweet Tamarind Bagel Plain 4pk 330ml,Satvik Foods,BAKE-001659,890100529756,Bakery & Deli,56,pcs,85.84,110.93,2026-08-24,Aisle 03,ambient
Natural Mustard Oil Kachi Ghani 10-Pack,Amul Organics,PANT-001660,890100529757,Pantry & Dry Goods,174,bottle,176.80,261.11,2028-02-24,Aisle 06,ambient
Whole-Grain Custard Apple (Sitaphal) 250ml,Patanjali Harvest,FRES-001661,890100529758,Fresh Produce,171,bunch,140.93,212.34,2026-09-11,Aisle 01,ambient
Handcrafted Lemon Pepper Cow Milk 50g,FarmGold Harvest,DAIR-001662,890100529759,Dairy & Eggs,79,carton,500.51,649.41,2026-09-13,Aisle 02,chilled
Farm-Fresh Bottle Gourd (Lauki) 250ml,Deccan Springs,FRES-001663,890100529760,Fresh Produce,115,pack,112.31,188.54,2026-09-06,Aisle 01,ambient
Grass-Fed Caramelized Onion Filter Coffee Beans 8-Pack,Fortune Goods,BEVE-001664,890100529761,Beverages,52,carton,247.84,352.28,2027-07-28,Aisle 05,chilled
Low-Sodium Tulsi Honey Frozen Paneer Cubes 400g,Pure Vedic Botanicals,FROZ-001665,890100529762,Frozen Foods,214,pack,318.26,404.87,2026-12-28,Aisle 08,frozen
Heritage Cream Cheese 2kg,Ganga Farms,DAIR-001666,890100529763,Dairy & Eggs,217,carton,110.89,156.25,2026-09-17,Aisle 03,chilled
Farm-Fresh Sweet Tamarind Boneless Chicken Breast 750g,Saffola Co.,MEAT-001667,890100529764,Meat & Seafood,95,pcs,896.03,1581.16,2026-09-01,Aisle 05,chilled
Premium Pure Jaggery Powder (Gud) 250g,Royal Indian Co.,PANT-001668,890100529765,Pantry & Dry Goods,203,can,418.68,701.24,2027-08-17,Aisle 06,ambient
Raw Fresh Mint (Pudina) 24-Pack,Organic Tattva Goods,FRES-001669,890100529766,Fresh Produce,161,pcs,38.91,53.45,2026-09-08,Aisle 02,ambient
Select Caramelized Onion Sweet Potatoes 400g,Catch Plantations,FRES-001670,890100529767,Fresh Produce,118,bag,29.40,46.53,2026-09-14,Aisle 01,chilled
Extra-Virgin Toor Dal Premium 5kg,FarmGold Harvest,PANT-001671,890100529768,Pantry & Dry Goods,116,bag,82.69,150.03,2027-04-02,Aisle 06,ambient
Whole-Grain Flavored Yogurt 150g,Ganga Botanicals,DAIR-001672,890100529769,Dairy & Eggs,209,tub,405.54,519.14,2026-09-02,Aisle 03,chilled
Rustic Dishwash Gel Lemon 1kg,Deccan Farms,HOUS-001673,890100529770,Household & Personal Care,233,packet,540.97,685.30,2028-12-16,Aisle 12,ambient
Smoked Red Chilli & Garlic Iced Lemon Tea Snack Pack,Organic Tattva Foods,BEVE-001674,890100529771,Beverages,139,can,195.92,309.69,2027-07-12,Aisle 05,ambient
Homestyle Baby Spinach Value Pack,Pashmina Farms,FRES-001675,890100529772,Fresh Produce,73,bunch,70.76,122.88,2026-08-29,Aisle 01,ambient
Country Style Jalapeno Lime Lentils Red Masoor 5kg,Fortune Harvest,PANT-001676,890100529773,Pantry & Dry Goods,23,jar,97.14,164.43,2026-08-28,Aisle 08,ambient
Artisan Crab Meat Fresh Snack Pack,Tata Kitchens,MEAT-001677,890100529774,Meat & Seafood,12,kg,933.67,1180.66,2026-08-29,Aisle 04,chilled
Natural Kesar Pista Frozen Paneer Cubes 500g,Urban Roots Plantations,FROZ-001678,890100529775,Frozen Foods,219,packet,354.13,504.44,2026-11-30,Aisle 09,frozen
Golden Moong Dal Washed 400g,Green Earth Kitchens,PANT-001679,890100529776,Pantry & Dry Goods,157,packet,647.09,1070.79,2027-01-22,Aisle 06,ambient
Crisp Lemon Pepper Guava Chilli Juice 4-Pack,Royal Indian Botanicals,BEVE-001680,890100529777,Beverages,41,bottle,119.68,214.98,2026-12-20,Aisle 05,chilled
Gluten-Free Rose Infused Pita Bread 350g,Pashmina Botanicals,BAKE-001681,890100529778,Bakery & Deli,25,pack,187.23,263.26,2026-08-31,Aisle 04,ambient
Cold-Pressed Fresh Mosambi Juice 750ml,Organic Tattva Springs,BEVE-001682,890100529779,Beverages,45,pack,71.82,96.72,2027-04-19,Aisle 05,ambient
Farm-Fresh Chicken Frankfurters 330ml,Himalayan Agro,BAKE-001683,890100529780,Bakery & Deli,21,pcs,303.29,499.65,2026-08-29,Aisle 04,chilled
Cured Masala Chai Ciabatta Roll 400g,Tata Dairy,BAKE-001684,890100529781,Bakery & Deli,17,pcs,149.36,190.23,2026-09-03,Aisle 03,ambient
Desi Golden Ginger Filter Coffee Beans 2L,Vedic Fresh Co.,BEVE-001685,890100529782,Beverages,58,bottle,263.73,350.06,2027-02-06,Aisle 05,ambient
Sweet Truffle Infused Red Onions 10kg,Green Earth Dairy,FRES-001686,890100529783,Fresh Produce,181,kg,18.18,30.36,2026-09-15,Aisle 02,ambient
Sun-Dried Edamame Pods 500ml,Himalayan Plantations,FROZ-001687,890100529784,Frozen Foods,246,packet,106.27,196.39,2027-03-24,Aisle 09,frozen
Signature Chicken Salami 330ml,FarmGold Foods,BAKE-001688,890100529785,Bakery & Deli,94,pack,125.81,161.63,2026-08-29,Aisle 04,ambient
Sun-Dried Kashmiri Saffron Cold Pressed Orange Juice 2L,Nilgiri Farms,BEVE-001689,890100529786,Beverages,59,bag,174.50,281.52,2026-11-10,Aisle 06,ambient
Free-Range Kulcha 4-Pack 150g,Nilgiri Dairy,BAKE-001690,890100529787,Bakery & Deli,250,box,79.20,137.00,2026-08-30,Aisle 04,ambient
Stone-Ground Badam Milk Drink 50g,Urban Roots Springs,BEVE-001691,890100529788,Beverages,17,bottle,222.85,394.29,2026-08-15,Aisle 06,chilled
Organic Kaju Katli Sweet Box 150ml,Amul Goods,SNAC-001692,890100529789,Snacks & Confectionery,169,box,74.45,101.80,2027-02-27,Aisle 09,ambient
Farm-Fresh Blueberries 750ml,Fortune Kitchens,FRES-001693,890100529790,Fresh Produce,150,pack,71.23,128.86,2026-09-16,Aisle 02,ambient
Raw Basa Fish Fillets 350g,Nature Harvest Plantations,MEAT-001694,890100529791,Meat & Seafood,31,pack,635.53,1111.14,2026-09-01,Aisle 05,chilled
Sun-Dried Shampoo Anti-Dandruff 1.5L,Catch Goods,HOUS-001695,890100529792,Household & Personal Care,49,pack,520.59,667.71,2028-08-31,Aisle 12,ambient
Desi Cinnamon Spice Hash Browns 6pk Value Pack,Green Earth Harvest,FROZ-001696,890100529793,Frozen Foods,187,tub,279.94,438.98,2026-08-30,Aisle 08,frozen
Spiced Sweet Tamarind Bagel Plain 4pk 200g,Pure Vedic Plantations,BAKE-001697,890100529794,Bakery & Deli,59,pcs,68.21,124.27,2026-08-28,Aisle 04,ambient
Handcrafted Nagpur Orange Raw Wildflower Honey 4-Pack,Satvik Provisions,PANT-001698,890100529795,Pantry & Dry Goods,136,bag,604.73,1112.15,2026-11-27,Aisle 06,ambient
Royal Sea Salt Roasted Salted Cashews 100g,Royal Indian Harvest,SNAC-001699,890100529796,Snacks & Confectionery,161,bag,85.81,118.46,2027-04-13,Aisle 10,ambient
Sweet Lavash Crackers 5kg,Organic Tattva Mills,BAKE-001700,890100529797,Bakery & Deli,36,pack,303.33,473.22,2026-08-18,Aisle 03,ambient
Pure Matcha Green Tea Urad Dal Whole 300g,Green Earth Provisions,PANT-001701,890100529798,Pantry & Dry Goods,94,bottle,555.87,908.68,2028-08-16,Aisle 06,ambient
Heritage Kachi Ghani Mustard Floor Disinfectant Pine 10kg,Patanjali Kitchens,HOUS-001702,890100529799,Household & Personal Care,214,pack,53.58,96.18,2028-08-11,Aisle 12,ambient
Valley Fresh Sea Salt Granola Health Bars 5L,Tata Organics,SNAC-001703,890100529800,Snacks & Confectionery,188,box,104.69,176.98,2027-05-28,Aisle 09,ambient
Pure Golden Ginger Organic Brown Sugar 150g,Bhoomi Co.,PANT-001704,890100529801,Pantry & Dry Goods,4,box,192.78,265.19,2026-08-20,Aisle 07,ambient
Crisp Jalapeno Lime Cashew Paste Curry Base 250g,FarmGold Springs,PANT-001705,890100529802,Pantry & Dry Goods,240,bag,114.33,192.87,2028-03-06,Aisle 06,ambient
Traditional Sea Salt Papayas Snack Pack,Fortune Kitchens,FRES-001706,890100529803,Fresh Produce,11,bunch,151.17,241.36,2026-09-15,Aisle 01,chilled
Gourmet Mutton Chops 330ml,Bhoomi Organics,MEAT-001707,890100529804,Meat & Seafood,78,pcs,534.23,889.31,2026-09-02,Aisle 04,chilled
Natural Masala Chai Moong Dal Namkeen 1L,Organic Tattva Springs,SNAC-001708,890100529805,Snacks & Confectionery,243,packet,352.42,544.79,2027-01-10,Aisle 09,ambient
Cured Dry Fruits Trail Mix 300g,Tata Harvest,SNAC-001709,890100529806,Snacks & Confectionery,95,bag,101.13,171.40,2027-04-17,Aisle 09,ambient
Signature Paneer Paratha Frozen 300g,Amul Dairy,FROZ-001710,890100529807,Frozen Foods,163,tub,367.96,614.44,2027-03-12,Aisle 08,frozen
Golden Kashmiri Saffron Extra Virgin Olive Oil 750g,Nilgiri Dairy,PANT-001711,890100529808,Pantry & Dry Goods,37,packet,394.53,540.22,2028-04-14,Aisle 07,ambient
Premium Kesar Pista Malai Kulfi Bar 1L,Nilgiri Naturals,FROZ-001712,890100529809,Frozen Foods,219,tub,61.51,103.47,2027-02-25,Aisle 08,frozen
Pure Makhana Crunch Mishri Mawa 750ml,Green Earth Goods,DAIR-001713,890100529810,Dairy & Eggs,190,box,488.01,853.53,2026-08-30,Aisle 03,chilled
Organic Kesar Pista Smoked Chicken Slices 100g,Mother Dairy Milling,BAKE-001714,890100529811,Bakery & Deli,155,pack,96.85,127.54,2026-09-09,Aisle 03,chilled
Stone-Ground Fresh Chicken Curry Cut 1L,Tata Dairy,MEAT-001715,890100529812,Meat & Seafood,107,pcs,502.65,649.05,2026-08-29,Aisle 05,chilled
Golden Bhujia Sev 200g,Urban Roots Agro,SNAC-001716,890100529813,Snacks & Confectionery,158,box,326.16,480.21,2026-10-11,Aisle 10,ambient
Zero-Sugar Kashmiri Saffron 70% Dark Chocolate Bar 500ml,Mother Dairy Co.,SNAC-001717,890100529814,Snacks & Confectionery,229,bar,235.93,305.05,2026-08-27,Aisle 09,ambient
Select Masala Chai Gulab Jamun Tin 10kg,Dabur Botanicals,SNAC-001718,890100529815,Snacks & Confectionery,199,tub,196.37,334.79,2026-08-20,Aisle 10,ambient
Country Style Herbal Hand Wash Neem 6-Pack,Pashmina Plantations,HOUS-001719,890100529816,Household & Personal Care,211,box,85.78,156.83,2028-08-09,Aisle 11,ambient
Plant-Based Pomfret Whole Snack Pack,Heritage Mills,MEAT-001720,890100529817,Meat & Seafood,231,kg,827.97,1312.69,2026-09-03,Aisle 05,chilled
Spiced Pista Almond Pears 200ml,Tata Milling,FRES-001721,890100529818,Fresh Produce,172,pack,61.91,110.59,2026-08-30,Aisle 01,chilled
Valley Fresh Lemon Pepper Fish Fingers Frozen 1L,Dabur Kitchens,FROZ-001722,890100529819,Frozen Foods,230,box,255.43,370.84,2026-11-02,Aisle 08,frozen
Free-Range Cashew Paste Curry Base 10-Pack,Kaveri Plantations,PANT-001723,890100529820,Pantry & Dry Goods,138,can,76.18,113.26,2026-08-29,Aisle 08,ambient
Farm-Fresh Tender Coconut Water 8-Pack,Saffola Goods,BEVE-001724,890100529821,Beverages,40,bag,177.37,232.67,2027-06-02,Aisle 05,chilled
Rustic Sweet Tamarind Cold Pressed Orange Juice 8-Pack,Everest Goods,BEVE-001725,890100529822,Beverages,229,bag,386.73,714.49,2026-09-11,Aisle 06,ambient
Natural Kashmiri Saffron Double Toned Milk 400g,FarmGold Kitchens,DAIR-001726,890100529823,Dairy & Eggs,85,box,194.82,297.44,2026-09-24,Aisle 03,chilled
Aged Squid Rings Cleaned 1L,Kaveri Co.,MEAT-001727,890100529824,Meat & Seafood,32,pack,273.95,492.60,2026-08-30,Aisle 04,chilled
Organic Lentils Red Masoor 1.5L,Satvik Provisions,PANT-001728,890100529825,Pantry & Dry Goods,36,jar,402.29,673.98,2026-08-15,Aisle 07,ambient
Rustic Red Chilli & Garlic Bath Tissue 6-Pack 10kg,Fortune Milling,HOUS-001729,890100529826,Household & Personal Care,226,packet,416.20,678.75,2029-04-28,Aisle 12,ambient
Country Style Sparkling Mineral Water 750ml,Organic Tattva Farms,BEVE-001730,890100529827,Beverages,129,carton,224.90,288.29,2027-04-05,Aisle 06,ambient
Cold-Pressed Sweet Tamarind Almond Milk 200ml,Ganga Foods,DAIR-001731,890100529828,Dairy & Eggs,4,carton,288.41,518.14,2026-09-13,Aisle 03,chilled
Farm-Fresh Mixed Berries Frozen 750ml,Mother Dairy Botanicals,FROZ-001732,890100529829,Frozen Foods,226,box,334.83,515.71,2026-10-30,Aisle 08,frozen
Free-Range Smoked Paprika Fresh Chicken Curry Cut 350g,Green Earth Milling,MEAT-001733,890100529830,Meat & Seafood,79,kg,775.08,1206.92,2026-08-30,Aisle 05,chilled
Raw Truffle Infused Bananas Value Pack,Desi Organics Provisions,FRES-001734,890100529831,Fresh Produce,15,kg,136.94,191.16,2026-08-30,Aisle 01,chilled
Aged Tiger Prawns Jumbo 2kg,Kaveri Kitchens,MEAT-001735,890100529832,Meat & Seafood,180,kg,655.13,940.24,2026-08-26,Aisle 05,chilled
Cold-Pressed Golden Ginger Guavas 500g,Everest Springs,FRES-001736,890100529833,Fresh Produce,241,pack,104.41,189.70,2026-08-26,Aisle 01,chilled
Plant-Based Ajwain & Jeera Custard Apple (Sitaphal) 350g,Ganga Provisions,FRES-001737,890100529834,Fresh Produce,179,kg,92.33,150.31,2026-08-30,Aisle 01,chilled
Sweet Toasted Sesame Tiger Prawns Jumbo 5kg,Urban Roots Mills,MEAT-001738,890100529835,Meat & Seafood,50,pcs,569.38,856.74,2026-09-02,Aisle 05,chilled
Royal Sweet Tamarind Sweet Corn Kernels 400g,Himalayan Kitchens,FROZ-001739,890100529836,Frozen Foods,79,box,343.19,553.10,2027-06-14,Aisle 09,frozen
Select Rose Infused Moong Dal Washed 150ml,SunBrite Botanicals,PANT-001740,890100529837,Pantry & Dry Goods,89,box,118.00,169.61,2026-08-26,Aisle 07,ambient
Cured Red Chilli & Garlic Electrolyte Energy Drink 750ml,Nilgiri Organics,BEVE-001741,890100529838,Beverages,46,carton,55.95,88.51,2027-02-04,Aisle 06,ambient
Whole-Grain Sea Salt Surmai Steaks 4-Pack,Deccan Dairy,MEAT-001742,890100529839,Meat & Seafood,204,pack,583.56,1037.79,2026-08-30,Aisle 04,chilled
Crisp Ciabatta Roll 750ml,Vedic Fresh Agro,BAKE-001743,890100529840,Bakery & Deli,177,pack,262.55,421.59,2026-09-10,Aisle 03,chilled
Natural Clove & Mint Toothpaste 1L,Mother Dairy Mills,HOUS-001744,890100529841,Household & Personal Care,8,packet,438.41,732.60,2026-08-22,Aisle 12,ambient
Grass-Fed Kesar Pista Alphonso Kulfi Tub 5kg,Ganga Dairy,FROZ-001745,890100529842,Frozen Foods,230,tub,154.70,194.42,2027-05-10,Aisle 08,frozen
Authentic Garlic & Herb Espresso Roast Ground Coffee 750g,Himalayan Farms,BEVE-001746,890100529843,Beverages,93,bottle,345.92,444.22,2027-06-11,Aisle 06,chilled
Desi Vanilla Bean Banana Chips Kerala Style 50g,Pashmina Co.,SNAC-001747,890100529844,Snacks & Confectionery,60,packet,431.31,766.53,2027-04-27,Aisle 10,ambient
Aged Cardamom Spiced Mosquito Vaporizer Refill 1L,Fortune Plantations,HOUS-001748,890100529845,Household & Personal Care,182,box,416.47,632.21,2028-08-10,Aisle 12,ambient
Farm-Fresh Desi Cow Ghee 24-Pack,Catch Harvest,DAIR-001749,890100529846,Dairy & Eggs,105,pack,402.24,526.07,2026-09-26,Aisle 02,chilled
Whole-Grain Lemon Pepper Blueberries 12-Pack,Fortune Provisions,FRES-001750,890100529847,Fresh Produce,103,pack,76.61,127.70,2026-08-31,Aisle 01,chilled
Desi Kesar Pista Rusk Toast 12-Pack,Pure Vedic Goods,BAKE-001751,890100529848,Bakery & Deli,201,pcs,225.71,289.60,2026-09-03,Aisle 04,ambient
Aged Tiger Prawns Jumbo 8-Pack,Vedic Fresh Naturals,MEAT-001752,890100529849,Meat & Seafood,155,pack,775.53,1039.20,2026-08-29,Aisle 05,chilled
Desi Cardamom Spiced Chicken Salami Value Pack,Organic Tattva Mills,BAKE-001753,890100529850,Bakery & Deli,93,box,238.94,338.89,2026-09-05,Aisle 04,chilled
Free-Range Tandoori Smoked Cauliflower 10kg,Saffola Foods,FRES-001754,890100529851,Fresh Produce,96,pack,126.74,218.06,2026-09-06,Aisle 02,ambient
Desi Sweet Tamarind Frozen Samosas 400g,Vedic Fresh Plantations,FROZ-001755,890100529852,Frozen Foods,224,pack,185.70,307.76,2027-08-12,Aisle 08,frozen
Royal Lentils Red Masoor 300g,Saffola Foods,PANT-001756,890100529853,Pantry & Dry Goods,226,jar,131.64,201.48,2027-10-07,Aisle 08,ambient
Select Tiger Prawns Jumbo 200g,Patanjali Harvest,MEAT-001757,890100529854,Meat & Seafood,24,kg,223.97,338.29,2026-09-03,Aisle 04,chilled
Country Style Ciabatta Roll 250ml,Fortune Harvest,BAKE-001758,890100529855,Bakery & Deli,130,box,89.88,154.41,2026-09-05,Aisle 04,ambient
Handcrafted Jalapeno Lime Bhujia Sev 200g,Pure Vedic Organics,SNAC-001759,890100529856,Snacks & Confectionery,243,bar,241.72,335.87,2027-02-01,Aisle 10,ambient
Extra-Virgin Chatpata Masala Oranges Nagpur 300g,Organic Tattva Provisions,FRES-001760,890100529857,Fresh Produce,122,kg,97.17,149.68,2026-09-02,Aisle 02,ambient
Gourmet Sweet Tamarind Espresso Roast Ground Coffee 500g,Deccan Foods,BEVE-001761,890100529858,Beverages,21,bag,349.49,645.05,2027-04-27,Aisle 06,ambient
Aged Vanilla Bean Organic Rolled Oats 150g,Ganga Farms,PANT-001762,890100529859,Pantry & Dry Goods,4,jar,265.35,375.24,2026-12-20,Aisle 07,ambient
Rustic Frozen Green Peas 250ml,Amul Botanicals,FROZ-001763,890100529860,Frozen Foods,241,pack,380.55,629.97,2027-05-02,Aisle 09,frozen
Gourmet Bell Peppers 750g,Royal Indian Foods,FRES-001764,890100529861,Fresh Produce,115,bag,23.62,38.11,2026-09-15,Aisle 01,chilled
Crisp Coconut Cream Paneer Paratha Frozen 1kg,SunBrite Botanicals,FROZ-001765,890100529862,Frozen Foods,12,packet,96.05,143.58,2027-08-25,Aisle 08,frozen
Zero-Sugar Frozen Paneer Cubes 6-Pack,Amul Mills,FROZ-001766,890100529863,Frozen Foods,184,box,170.22,288.92,2027-01-24,Aisle 09,frozen
Authentic Cauliflower Snack Pack,Desi Organics Naturals,FRES-001767,890100529864,Fresh Produce,108,pack,18.17,30.96,2026-09-06,Aisle 01,chilled
Artisan Garlic & Herb Curd Tub (Dahi) 400g,SunBrite Goods,DAIR-001768,890100529865,Dairy & Eggs,124,box,315.06,573.20,2026-08-30,Aisle 03,chilled
Desi Sparkling Mineral Water Value Pack,Green Earth Provisions,BEVE-001769,890100529866,Beverages,154,pack,209.94,292.80,2027-05-07,Aisle 05,chilled
Artisan Veg Burger Patties 12-Pack,Amul Agro,FROZ-001770,890100529867,Frozen Foods,10,bag,216.27,351.34,2027-01-08,Aisle 08,frozen
Sun-Dried Tiger Prawns Jumbo 1.5L,Deccan Botanicals,MEAT-001771,890100529868,Meat & Seafood,6,pcs,174.70,237.37,2026-08-29,Aisle 05,chilled
Raw Cinnamon Spice Basa Fish Fillets 500g,Royal Indian Springs,MEAT-001772,890100529869,Meat & Seafood,181,kg,519.76,796.24,2026-08-26,Aisle 05,chilled
Organic Chaash / Buttermilk 400g,Dabur Farms,DAIR-001773,890100529870,Dairy & Eggs,68,packet,39.80,57.20,2026-09-09,Aisle 03,chilled
Country Style Badam Milk Drink 150g,Patanjali Co.,BEVE-001774,890100529871,Beverages,216,can,57.92,101.31,2027-04-05,Aisle 05,ambient
Sun-Dried Lemon Pepper Organic Rolled Oats 1.5L,Himalayan Mills,PANT-001775,890100529872,Pantry & Dry Goods,65,can,695.23,1165.27,2027-04-19,Aisle 06,ambient
Gourmet Rose Infused Kitchen Paper Towels 4-Roll 5kg,Green Earth Goods,HOUS-001776,890100529873,Household & Personal Care,193,pack,461.67,655.99,2027-03-02,Aisle 11,ambient
Free-Range Tandoori Smoked Alphonso Kulfi Tub 300g,Patanjali Dairy,FROZ-001777,890100529874,Frozen Foods,43,pack,100.34,167.72,2027-07-27,Aisle 09,frozen
Cured Fruit Muffins 2-Pack,Desi Organics Milling,BAKE-001778,890100529875,Bakery & Deli,26,pcs,159.10,272.66,2026-09-10,Aisle 03,ambient
Sweet Alphonso Mango Alphonso Kulfi Tub 1.5L,Tata Dairy,FROZ-001779,890100529876,Frozen Foods,32,box,229.69,421.49,2026-12-06,Aisle 09,frozen
Artisan Chicken Salami 10kg,Pashmina Goods,BAKE-001780,890100529877,Bakery & Deli,190,pack,262.18,484.99,2026-08-29,Aisle 04,ambient
Whole-Grain Gourmet Cookies Choco-Chip 250g,Saffola Plantations,SNAC-001781,890100529878,Snacks & Confectionery,243,bag,277.64,491.08,2027-02-01,Aisle 10,ambient
Golden Fabric Softener Floral 1kg,Catch Organics,HOUS-001782,890100529879,Household & Personal Care,196,pack,167.96,265.67,2029-01-15,Aisle 11,ambient
Rustic Rose Infused Gulab Jamun Tin 1kg,FarmGold Farms,SNAC-001783,890100529880,Snacks & Confectionery,161,packet,58.94,91.86,2026-12-07,Aisle 10,ambient
Valley Fresh Tonic Water Premium 10-Pack,Heritage Organics,BEVE-001784,890100529881,Beverages,159,can,214.69,361.02,2027-03-04,Aisle 05,chilled
Free-Range Cinnamon Spice Kaju Katli Sweet Box Family Pack,Patanjali Co.,SNAC-001785,890100529882,Snacks & Confectionery,43,box,349.88,643.50,2027-01-11,Aisle 09,ambient
Grass-Fed Toasted Sesame Frozen Samosas Family Pack,Kaveri Harvest,FROZ-001786,890100529883,Frozen Foods,60,tub,279.81,497.33,2027-03-19,Aisle 09,frozen
Signature Ginger Kombucha 5L,Patanjali Dairy,BEVE-001787,890100529884,Beverages,158,can,30.23,39.74,2027-02-14,Aisle 06,ambient
Cold-Pressed Ajwain & Jeera Cold-Pressed Groundnut Oil 500g,Tata Springs,PANT-001788,890100529885,Pantry & Dry Goods,221,box,516.10,677.21,2027-02-18,Aisle 06,ambient
Authentic Floor Disinfectant Pine 6-Pack,Deccan Co.,HOUS-001789,890100529886,Household & Personal Care,65,packet,287.21,496.29,2028-06-07,Aisle 11,ambient
Smoked Bamboo Toothbrush 2pk Family Pack,Heritage Milling,HOUS-001790,890100529887,Household & Personal Care,107,pack,363.90,643.66,2028-11-07,Aisle 12,ambient
Natural Whole Wheat Atta Bread 500g,Nilgiri Botanicals,BAKE-001791,890100529888,Bakery & Deli,150,pcs,48.28,70.21,2026-09-07,Aisle 03,ambient
Pure Stainless Steel Scrubber 3pk 5kg,Royal Indian Provisions,HOUS-001792,890100529889,Household & Personal Care,167,bottle,65.46,91.01,2027-06-26,Aisle 12,ambient
Traditional Matcha Green Tea Smoked Chicken Slices 4-Pack,Bhoomi Goods,BAKE-001793,890100529890,Bakery & Deli,146,box,34.22,59.24,2026-09-05,Aisle 04,chilled
Cured Surface Floor Cleaner Rose 100g,Nilgiri Goods,HOUS-001794,890100529891,Household & Personal Care,222,packet,326.27,410.36,2026-08-29,Aisle 11,ambient
Golden Red Chilli & Garlic Squid Rings Cleaned 2kg,Himalayan Provisions,MEAT-001795,890100529892,Meat & Seafood,211,kg,657.24,926.52,2026-08-31,Aisle 04,chilled
Cured Tulsi Honey Kitchen Paper Towels 4-Roll Family Pack,SunBrite Goods,HOUS-001796,890100529893,Household & Personal Care,61,packet,68.89,97.06,2028-05-07,Aisle 11,ambient
Extra-Virgin Smoked Paprika Guava Chilli Juice 400g,Ganga Dairy,BEVE-001797,890100529894,Beverages,28,can,83.24,131.79,2027-06-03,Aisle 05,chilled
Gourmet Royal Basmati Rice Family Pack,Saffola Mills,PANT-001798,890100529895,Pantry & Dry Goods,241,can,46.84,77.87,2028-06-14,Aisle 08,ambient
Gluten-Free Desi Cow Ghee 24-Pack,FarmGold Plantations,DAIR-001799,890100529896,Dairy & Eggs,122,pack,359.12,531.70,2026-08-30,Aisle 02,chilled
Signature Sweet Corn Kernels Snack Pack,Amul Farms,FROZ-001800,890100529897,Frozen Foods,158,box,58.89,104.45,2027-04-16,Aisle 08,frozen
Pure Kashmiri Saffron Bath Tissue 6-Pack 5L,Ganga Dairy,HOUS-001801,890100529898,Household & Personal Care,66,pack,291.33,497.62,2027-06-04,Aisle 12,ambient
Homestyle Mosquito Vaporizer Refill 250ml,Royal Indian Plantations,HOUS-001802,890100529899,Household & Personal Care,143,box,420.73,651.88,2028-07-17,Aisle 12,ambient
Traditional Masala Chai Herbal Hand Wash Neem 24-Pack,Kaveri Provisions,HOUS-001803,890100529900,Household & Personal Care,146,box,153.81,217.23,2028-05-17,Aisle 12,ambient
Spiced Matcha Green Tea Fabric Softener Floral 500ml,Urban Roots Plantations,HOUS-001804,890100529901,Household & Personal Care,134,bottle,352.16,458.27,2029-01-29,Aisle 12,ambient
Smoked Vanilla Bean Cold Brew Coffee 6-Pack,Tata Springs,BEVE-001805,890100529902,Beverages,32,bottle,216.66,319.91,2026-09-17,Aisle 06,chilled
Handcrafted Kashmiri Saffron Ciabatta Roll 12-Pack,Vedic Fresh Agro,BAKE-001806,890100529903,Bakery & Deli,64,pcs,280.22,504.76,2026-08-28,Aisle 03,chilled
Gluten-Free Cinnamon Swirl Buns 400g,Everest Foods,BAKE-001807,890100529904,Bakery & Deli,162,box,145.22,224.50,2026-09-01,Aisle 04,chilled
Gluten-Free Rose Infused Mosquito Vaporizer Refill 250g,SunBrite Naturals,HOUS-001808,890100529905,Household & Personal Care,104,box,316.11,494.28,2029-05-20,Aisle 11,ambient
Farm-Fresh Red Chilli & Garlic Gourmet Cookies Choco-Chip 1L,FarmGold Kitchens,SNAC-001809,890100529906,Snacks & Confectionery,72,pack,38.15,54.26,2027-01-20,Aisle 09,ambient
Country Style Strawberries 400g,Desi Organics Foods,FRES-001810,890100529907,Fresh Produce,109,kg,147.66,246.49,2026-09-05,Aisle 01,ambient
Gourmet Vanilla Bean Pink Himalayan Salt 5L,Dabur Milling,PANT-001811,890100529908,Pantry & Dry Goods,138,packet,583.80,802.98,2027-04-01,Aisle 08,ambient
Wildcrafted Mint Lime Chicken Sausages 50g,Nature Harvest Plantations,MEAT-001812,890100529909,Meat & Seafood,210,pack,397.99,526.24,2026-08-28,Aisle 04,chilled
Whole-Grain Cow Milk 10kg,Royal Indian Dairy,DAIR-001813,890100529910,Dairy & Eggs,36,packet,206.33,356.61,2026-09-21,Aisle 03,chilled
Low-Sodium Cream Cheese 1L,Saffola Provisions,DAIR-001814,890100529911,Dairy & Eggs,21,tub,245.34,358.89,2026-09-02,Aisle 03,chilled
Natural Herbal Hand Wash Neem 10-Pack,Ganga Milling,HOUS-001815,890100529912,Household & Personal Care,144,packet,210.47,368.05,2028-10-13,Aisle 12,ambient
Select Tulsi Honey Raw Wildflower Honey 50g,Satvik Mills,PANT-001816,890100529913,Pantry & Dry Goods,166,packet,435.69,773.92,2026-08-30,Aisle 06,ambient
Golden Bagel Plain 4pk 150ml,Deccan Harvest,BAKE-001817,890100529914,Bakery & Deli,30,pcs,203.52,337.77,2026-09-03,Aisle 03,ambient
Gourmet Buffalo Milk 100g,Mother Dairy Foods,DAIR-001818,890100529915,Dairy & Eggs,152,tub,341.17,534.67,2026-09-17,Aisle 03,chilled
Select Alphonso Mango Lassi Mango Infused 250ml,Tata Provisions,DAIR-001819,890100529916,Dairy & Eggs,169,box,68.76,86.00,2026-09-23,Aisle 02,chilled
Desi Organic Brown Sugar 150g,Amul Farms,PANT-001820,890100529917,Pantry & Dry Goods,91,box,91.91,160.83,2028-07-29,Aisle 06,ambient
Sweet Dark Chocolate Jeera Masala Soda Snack Pack,Nilgiri Co.,BEVE-001821,890100529918,Beverages,171,box,346.77,539.32,2027-04-29,Aisle 05,chilled
Crisp Lavash Crackers 100g,Saffola Springs,BAKE-001822,890100529919,Bakery & Deli,197,pcs,130.50,196.98,2026-08-28,Aisle 03,chilled
Unpolished Dishwash Gel Lemon 200g,Fortune Harvest,HOUS-001823,890100529920,Household & Personal Care,158,box,35.84,54.69,2028-02-03,Aisle 12,ambient
Aged Matcha Green Tea Tiger Prawns Jumbo 10kg,Desi Organics Dairy,MEAT-001824,890100529921,Meat & Seafood,137,kg,698.36,1042.91,2026-08-29,Aisle 05,chilled
Cold-Pressed Sweet Tamarind Veg Burger Patties 6-Pack,Tata Foods,FROZ-001825,890100529922,Frozen Foods,223,tub,256.85,325.21,2027-04-06,Aisle 09,frozen
Smoked Caramelized Onion Ladyfinger (Bhindi) Value Pack,Catch Foods,FRES-001826,890100529923,Fresh Produce,159,pack,95.14,129.43,2026-09-13,Aisle 02,ambient
Traditional Yukon Gold Potatoes 4-Pack,Royal Indian Milling,FRES-001827,890100529924,Fresh Produce,159,bag,157.09,240.87,2026-08-29,Aisle 02,chilled
Desi Caramelized Onion Ginger Kombucha 500g,Pashmina Agro,BEVE-001828,890100529925,Beverages,56,bottle,157.27,272.59,2027-04-22,Aisle 05,chilled
Plant-Based Banana Chips Kerala Style 100g,Dabur Kitchens,SNAC-001829,890100529926,Snacks & Confectionery,177,box,456.03,813.32,2027-02-03,Aisle 09,ambient
Gluten-Free Makhana Crunch Ginger Root 2L,Royal Indian Botanicals,FRES-001830,890100529927,Fresh Produce,127,kg,154.13,280.90,2026-09-04,Aisle 01,ambient
Farm-Fresh Mint Lime Bath Tissue 6-Pack 50g,Amul Dairy,HOUS-001831,890100529928,Household & Personal Care,168,tube,80.90,111.96,2028-07-10,Aisle 12,ambient
Valley Fresh French Fries Crispy 500ml,Royal Indian Organics,FROZ-001832,890100529929,Frozen Foods,67,box,243.97,393.94,2027-02-08,Aisle 09,frozen
Stone-Ground Sweet Tamarind Parmigiano-Reggiano Family Pack,Deccan Plantations,DAIR-001833,890100529930,Dairy & Eggs,76,bottle,70.64,96.01,2026-08-17,Aisle 03,chilled
Rustic Green Chillies 2kg,SunBrite Dairy,FRES-001834,890100529931,Fresh Produce,130,pack,43.26,60.84,2026-09-02,Aisle 01,chilled
Golden Pista Almond Bagel Plain 4pk 200ml,Amul Provisions,BAKE-001835,890100529932,Bakery & Deli,163,pack,318.08,482.29,2026-09-06,Aisle 04,ambient
Grass-Fed Sweet Corn Kernels 100g,Organic Tattva Organics,FROZ-001836,890100529933,Frozen Foods,234,pack,364.70,616.83,2027-01-16,Aisle 09,frozen
Extra-Virgin Lemon Pepper Fabric Softener Floral 100g,Everest Springs,HOUS-001837,890100529934,Household & Personal Care,66,packet,513.48,852.24,2028-10-12,Aisle 11,ambient
Smoked Kitchen Paper Towels 4-Roll 1kg,Mother Dairy Springs,HOUS-001838,890100529935,Household & Personal Care,66,packet,227.22,387.90,2028-09-06,Aisle 12,ambient
Gourmet Cinnamon Spice Atlantic Salmon Fillet 150ml,Nilgiri Goods,MEAT-001839,890100529936,Meat & Seafood,230,pack,735.40,1212.82,2026-09-02,Aisle 05,chilled
Free-Range Herbal Hand Wash Neem 5kg,Urban Roots Botanicals,HOUS-001840,890100529937,Household & Personal Care,50,packet,107.70,166.61,2028-11-06,Aisle 11,ambient
Premium Rusk Toast 200ml,Satvik Dairy,BAKE-001841,890100529938,Bakery & Deli,107,pack,55.05,98.19,2026-08-18,Aisle 04,chilled
Wildcrafted Royal Basmati Rice 50g,Nilgiri Provisions,PANT-001842,890100529939,Pantry & Dry Goods,233,jar,518.03,754.92,2027-02-28,Aisle 06,ambient
Traditional Garlic & Herb Cold Pressed Orange Juice 8-Pack,Pure Vedic Organics,BEVE-001843,890100529940,Beverages,61,bottle,104.37,142.59,2027-06-05,Aisle 05,chilled
Authentic Kitchen Paper Towels 4-Roll 12-Pack,Satvik Kitchens,HOUS-001844,890100529941,Household & Personal Care,223,box,125.48,220.71,2027-12-22,Aisle 12,ambient
Free-Range Pista Almond Fresh Rohu Fish 1kg,Patanjali Farms,MEAT-001845,890100529942,Meat & Seafood,47,pcs,221.57,372.52,2026-08-31,Aisle 04,chilled
Natural Toor Dal Premium 2kg,Nilgiri Naturals,PANT-001846,890100529943,Pantry & Dry Goods,136,packet,574.02,870.54,2028-05-01,Aisle 06,ambient
Sun-Dried Toasted Sesame Garlic Bulbs 2-Pack,Green Earth Agro,FRES-001847,890100529944,Fresh Produce,14,bunch,66.54,123.04,2026-09-01,Aisle 01,chilled
Low-Sodium Chatpata Masala Stainless Steel Scrubber 3pk 5kg,Everest Organics,HOUS-001848,890100529945,Household & Personal Care,246,box,175.95,237.09,2027-12-14,Aisle 12,ambient
Free-Range Pasture Eggs 50g,Royal Indian Dairy,DAIR-001849,890100529946,Dairy & Eggs,238,tub,214.00,376.37,2026-09-12,Aisle 02,chilled
Cured Sea Salt Pav 6-Pack 750g,Ganga Harvest,BAKE-001850,890100529947,Bakery & Deli,131,pcs,188.06,330.91,2026-08-31,Aisle 03,chilled
Premium Butter Croissants 6-Pack,Heritage Co.,BAKE-001851,890100529948,Bakery & Deli,5,box,276.40,434.51,2026-09-02,Aisle 03,chilled
Royal Strawberries 12-Pack,Nature Harvest Springs,FRES-001852,890100529949,Fresh Produce,95,bag,64.31,104.56,2026-08-29,Aisle 02,chilled
Sun-Dried Cardamom Spiced California Almonds 200g,SunBrite Co.,SNAC-001853,890100529950,Snacks & Confectionery,19,packet,416.86,670.26,2027-03-02,Aisle 09,ambient
Smoked Matcha Green Tea Fabric Softener Floral 8-Pack,Bhoomi Foods,HOUS-001854,890100529951,Household & Personal Care,35,box,172.52,238.80,2027-04-07,Aisle 12,ambient
Roasted Mustard Oil Kachi Ghani 2kg,Ganga Co.,PANT-001855,890100529952,Pantry & Dry Goods,123,can,232.97,398.49,2027-03-16,Aisle 06,ambient
Sun-Dried Makhana Crunch Bamboo Toothbrush 2pk 150g,Ganga Milling,HOUS-001856,890100529953,Household & Personal Care,81,pack,543.67,798.95,2027-04-13,Aisle 12,ambient
Select Chatpata Masala Paneer Tikka Deli 8-Pack,Royal Indian Farms,BAKE-001857,890100529954,Bakery & Deli,82,pcs,115.63,164.63,2026-08-29,Aisle 03,chilled
Natural Shampoo Anti-Dandruff 500g,Royal Indian Co.,HOUS-001858,890100529955,Household & Personal Care,150,pack,387.01,702.22,2028-04-20,Aisle 11,ambient
Whole-Grain Gourmet Cookies Choco-Chip 300g,Satvik Kitchens,SNAC-001859,890100529956,Snacks & Confectionery,118,box,515.69,950.58,2027-02-05,Aisle 09,ambient
Natural Kaju Katli Sweet Box 8-Pack,Tata Agro,SNAC-001860,890100529957,Snacks & Confectionery,192,box,532.84,673.55,2027-03-11,Aisle 10,ambient
Zero-Sugar Rose Infused Ciabatta Roll 400g,FarmGold Organics,BAKE-001861,890100529958,Bakery & Deli,130,pack,86.45,150.71,2026-09-01,Aisle 03,ambient
Royal Cashew Paste Curry Base 5kg,Pashmina Springs,PANT-001862,890100529959,Pantry & Dry Goods,236,can,160.59,289.47,2027-02-26,Aisle 07,ambient
Farm-Fresh Pista Almond Coriander Leaves 10-Pack,Catch Harvest,FRES-001863,890100529960,Fresh Produce,152,bunch,125.83,168.66,2026-08-31,Aisle 01,chilled
Country Style Cream Cheese 1kg,Vedic Fresh Naturals,DAIR-001864,890100529961,Dairy & Eggs,193,packet,376.51,656.08,2026-09-11,Aisle 02,chilled
Gourmet Toasted Sesame California Almonds 6-Pack,Green Earth Co.,SNAC-001865,890100529962,Snacks & Confectionery,216,pack,238.38,437.95,2027-05-07,Aisle 10,ambient
Plant-Based Mint Lime Frozen Paneer Cubes 6-Pack,Amul Farms,FROZ-001866,890100529963,Frozen Foods,72,packet,54.65,94.73,2027-03-28,Aisle 09,frozen
Gourmet Sweet Tamarind Basa Fish Fillets 10-Pack,Green Earth Mills,MEAT-001867,890100529964,Meat & Seafood,193,kg,526.81,942.59,2026-08-31,Aisle 04,chilled
Gluten-Free Nagpur Orange Veg Burger Patties 750g,Green Earth Springs,FROZ-001868,890100529965,Frozen Foods,141,packet,210.56,359.63,2027-03-25,Aisle 08,frozen
Farm-Fresh Frozen Veg Momos 200ml,Dabur Agro,FROZ-001869,890100529966,Frozen Foods,115,tub,245.71,326.77,2026-08-29,Aisle 08,frozen
Smoked Mint Lime Paneer Paratha Frozen 6-Pack,Everest Springs,FROZ-001870,890100529967,Frozen Foods,47,packet,64.89,117.17,2027-07-25,Aisle 09,frozen
Stone-Ground Cardamom Spiced Ciabatta Roll 200ml,Pure Vedic Springs,BAKE-001871,890100529968,Bakery & Deli,211,pack,128.42,209.95,2026-08-28,Aisle 03,ambient
Farm-Fresh Rose Infused Aloo Tikki 8-Pack 200g,Nilgiri Mills,FROZ-001872,890100529969,Frozen Foods,76,bag,396.64,552.97,2027-04-25,Aisle 08,frozen
Signature Masala CTC Tea 24-Pack,Dabur Harvest,BEVE-001873,890100529970,Beverages,6,pack,323.53,492.36,2027-06-10,Aisle 06,ambient
Stone-Ground Tandoori Smoked Lentils Red Masoor 200ml,Pure Vedic Dairy,PANT-001874,890100529971,Pantry & Dry Goods,104,box,36.50,48.33,2026-08-29,Aisle 07,ambient
Artisan Biodegradable Garbage Bags 300g,Royal Indian Farms,HOUS-001875,890100529972,Household & Personal Care,107,packet,234.36,389.62,2027-11-22,Aisle 11,ambient
Smoked Mint Lime Baby Spinach 2-Pack,Pure Vedic Organics,FRES-001876,890100529973,Fresh Produce,38,kg,159.17,281.89,2026-09-05,Aisle 01,chilled
Cured Cardamom Spiced Chicken Keema 2kg,Dabur Naturals,MEAT-001877,890100529974,Meat & Seafood,195,pack,215.38,388.23,2026-09-02,Aisle 05,chilled
Natural Sona Masoori Rice 150g,Patanjali Springs,PANT-001878,890100529975,Pantry & Dry Goods,98,bottle,192.95,268.07,2028-02-21,Aisle 07,ambient
Heritage Coconut Cream Crab Meat Fresh 330ml,Catch Farms,MEAT-001879,890100529976,Meat & Seafood,59,pcs,375.37,517.32,2026-08-29,Aisle 04,chilled
Aged Chicken Sausages 500g,SunBrite Harvest,MEAT-001880,890100529977,Meat & Seafood,198,pcs,457.85,797.39,2026-09-02,Aisle 04,chilled
Rustic Garlic & Herb Lentils Red Masoor 350g,Vedic Fresh Naturals,PANT-001881,890100529978,Pantry & Dry Goods,82,jar,231.17,291.63,2027-08-29,Aisle 08,ambient
Premium Kashmiri Saffron Granola Health Bars 2-Pack,Satvik Harvest,SNAC-001882,890100529979,Snacks & Confectionery,199,box,95.74,147.17,2027-01-19,Aisle 10,ambient
Artisan Truffle Infused Organic Rolled Oats 250ml,Deccan Provisions,PANT-001883,890100529980,Pantry & Dry Goods,128,packet,137.74,190.03,2027-04-07,Aisle 07,ambient
Desi Rose Infused Organic Rolled Oats 12-Pack,Vedic Fresh Springs,PANT-001884,890100529981,Pantry & Dry Goods,70,bottle,536.18,816.19,2027-12-25,Aisle 08,ambient
Stone-Ground Pineapples Value Pack,Patanjali Farms,FRES-001885,890100529982,Fresh Produce,193,kg,22.76,31.19,2026-08-30,Aisle 02,chilled
Plant-Based Desi Cow Ghee 2-Pack,Himalayan Milling,DAIR-001886,890100529983,Dairy & Eggs,219,packet,389.19,604.13,2026-09-05,Aisle 03,chilled
Extra-Virgin Fresh Rohu Fish Value Pack,Himalayan Co.,MEAT-001887,890100529984,Meat & Seafood,143,kg,250.18,419.35,2026-09-03,Aisle 05,chilled
Roasted Garlic & Herb Sweet Corn Kernels 24-Pack,Royal Indian Provisions,FROZ-001888,890100529985,Frozen Foods,29,packet,358.02,534.51,2027-07-06,Aisle 09,frozen
Rustic Fruit Cake Slice Value Pack,Green Earth Kitchens,BAKE-001889,890100529986,Bakery & Deli,229,pack,157.95,256.92,2026-08-29,Aisle 04,ambient
Authentic Dark Chocolate Edamame Pods 5L,Amul Mills,FROZ-001890,890100529987,Frozen Foods,33,packet,140.97,241.32,2027-02-10,Aisle 08,frozen
Organic Desi Cow Ghee 24-Pack,Nature Harvest Plantations,DAIR-001891,890100529988,Dairy & Eggs,168,carton,270.64,385.55,2026-09-10,Aisle 03,chilled
Natural Chatpata Masala Cold Brew Coffee 5kg,Nilgiri Milling,BEVE-001892,890100529989,Beverages,81,bag,202.60,302.53,2026-08-27,Aisle 06,chilled
Organic Lavash Crackers 5kg,Royal Indian Goods,BAKE-001893,890100529990,Bakery & Deli,78,pcs,239.81,364.43,2026-09-07,Aisle 03,chilled
Unpolished Oat Milk 100g,Pure Vedic Organics,DAIR-001894,890100529991,Dairy & Eggs,105,packet,126.42,191.48,2026-08-27,Aisle 03,chilled
Signature Organic Green Tea 500g,Satvik Milling,BEVE-001895,890100529992,Beverages,192,can,275.62,384.02,2027-06-02,Aisle 06,ambient
Whole-Grain Matcha Green Tea Mishri Mawa 150g,Amul Naturals,DAIR-001896,890100529993,Dairy & Eggs,167,box,262.46,397.36,2026-09-03,Aisle 02,chilled
Smoked Fruit Muffins 500g,FarmGold Naturals,BAKE-001897,890100529994,Bakery & Deli,249,pack,224.52,333.91,2026-08-28,Aisle 03,chilled
Wildcrafted Tulsi Honey Moong Dal Washed 10-Pack,Mother Dairy Goods,PANT-001898,890100529995,Pantry & Dry Goods,28,jar,53.53,76.21,2026-12-01,Aisle 07,ambient
Free-Range Mint Lime Paneer Block 1.5L,Dabur Harvest,DAIR-001899,890100529996,Dairy & Eggs,176,packet,323.94,503.99,2026-09-04,Aisle 02,chilled
Homestyle Cinnamon Swirl Buns 330ml,Fortune Plantations,BAKE-001900,890100529997,Bakery & Deli,208,pcs,139.07,211.83,2026-09-07,Aisle 03,ambient
Heritage Rose Infused Soan Papdi Box 750ml,Heritage Co.,SNAC-001901,890100529998,Snacks & Confectionery,43,pack,489.72,660.84,2027-03-29,Aisle 09,ambient
Authentic Kachi Ghani Mustard Malai Kulfi Bar 250ml,Everest Milling,FROZ-001902,890100529999,Frozen Foods,197,pack,94.02,124.32,2026-10-30,Aisle 09,frozen
Handcrafted Sea Salt Malai Kulfi Bar 200g,Tata Agro,FROZ-001903,890100530000,Frozen Foods,75,tub,333.39,426.94,2026-11-03,Aisle 09,frozen
Extra-Virgin Lemon Pepper Gulab Jamun Tin 2L,Pure Vedic Mills,SNAC-001904,890100530001,Snacks & Confectionery,247,bag,228.10,295.08,2026-11-29,Aisle 09,ambient
Raw Sea Salt Fruit Muffins 330ml,Heritage Co.,BAKE-001905,890100530002,Bakery & Deli,108,box,166.76,230.95,2026-08-28,Aisle 04,chilled
Sweet Floor Disinfectant Pine 5L,Royal Indian Mills,HOUS-001906,890100530003,Household & Personal Care,240,box,35.04,49.00,2028-04-29,Aisle 12,ambient
Free-Range Toasted Sesame Paneer Tikka Deli 2kg,Deccan Springs,BAKE-001907,890100530004,Bakery & Deli,199,pack,235.81,361.64,2026-08-28,Aisle 04,chilled
Grass-Fed Chicken Keema 400g,Royal Indian Harvest,MEAT-001908,890100530005,Meat & Seafood,152,pcs,687.29,885.86,2026-09-01,Aisle 04,chilled
Crisp Garlic & Herb Wood-Fired Veggie Pizza Family Pack,Pashmina Dairy,FROZ-001909,890100530006,Frozen Foods,247,box,210.77,284.66,2026-11-24,Aisle 09,frozen
Raw Kesar Pista Masala CTC Tea Value Pack,Pashmina Organics,BEVE-001910,890100530007,Beverages,192,carton,372.60,525.55,2027-08-10,Aisle 05,ambient
Natural Vanilla Bean Filter Coffee Beans 200ml,Nature Harvest Provisions,BEVE-001911,890100530008,Beverages,193,bottle,200.65,332.59,2026-12-28,Aisle 05,chilled
Low-Sodium Chicken Frankfurters 500ml,Green Earth Springs,BAKE-001912,890100530009,Bakery & Deli,109,pack,50.46,75.80,2026-09-04,Aisle 04,chilled
Whole-Grain Rawa Sooji 5L,Patanjali Kitchens,PANT-001913,890100530010,Pantry & Dry Goods,244,packet,135.04,169.48,2028-01-02,Aisle 07,ambient
Natural Paneer Paratha Frozen 2-Pack,Pashmina Co.,FROZ-001914,890100530011,Frozen Foods,159,packet,219.19,401.24,2027-07-06,Aisle 08,frozen
Royal Red Chilli & Garlic Chamomile Herbal Tea 12-Pack,Deccan Organics,BEVE-001915,890100530012,Beverages,54,box,320.13,509.04,2027-07-27,Aisle 05,ambient
Zero-Sugar Matcha Green Tea Cold Brew Coffee 200ml,Urban Roots Dairy,BEVE-001916,890100530013,Beverages,123,bag,159.77,264.27,2026-11-02,Aisle 05,ambient
Signature Catla Fish Steaks 10-Pack,Nature Harvest Foods,MEAT-001917,890100530014,Meat & Seafood,250,kg,623.19,1101.75,2026-08-30,Aisle 05,chilled
Handcrafted Lemon Pepper Guava Chilli Juice 250g,Heritage Co.,BEVE-001918,890100530015,Beverages,61,box,390.90,707.03,2026-08-28,Aisle 05,chilled
Country Style Cream Cheese 1.5L,Amul Foods,DAIR-001919,890100530016,Dairy & Eggs,52,bottle,132.21,214.58,2026-09-06,Aisle 03,chilled
Roasted Matcha Green Tea Bath Tissue 6-Pack 100g,Organic Tattva Co.,HOUS-001920,890100530017,Household & Personal Care,225,pack,206.11,361.40,2028-07-28,Aisle 11,ambient
Raw Jalapeno Lime Cream Cheese 2L,Satvik Botanicals,DAIR-001921,890100530018,Dairy & Eggs,177,tub,434.99,665.38,2026-09-16,Aisle 03,chilled
Premium Paneer Tikka Deli 10kg,Organic Tattva Goods,BAKE-001922,890100530019,Bakery & Deli,228,pcs,138.83,229.02,2026-09-05,Aisle 03,chilled
Zero-Sugar Kitchen Paper Towels 4-Roll 150g,Mother Dairy Naturals,HOUS-001923,890100530020,Household & Personal Care,180,bottle,251.28,404.15,2026-08-17,Aisle 11,ambient
Select Mosquito Vaporizer Refill 10kg,Everest Foods,HOUS-001924,890100530021,Household & Personal Care,37,bottle,315.16,396.12,2028-10-13,Aisle 12,ambient
Premium Mosquito Vaporizer Refill 5kg,SunBrite Organics,HOUS-001925,890100530022,Household & Personal Care,30,box,295.33,514.63,2028-12-26,Aisle 11,ambient
Natural Greek Yogurt 350g,Green Earth Plantations,DAIR-001926,890100530023,Dairy & Eggs,75,pack,508.76,860.46,2026-08-31,Aisle 02,chilled
Farm-Fresh Tandoori Smoked Smoked Chicken Slices 10kg,Satvik Dairy,BAKE-001927,890100530024,Bakery & Deli,214,pcs,232.04,396.64,2026-08-24,Aisle 03,ambient
Zero-Sugar Ginger Kombucha 1L,Dabur Springs,BEVE-001928,890100530025,Beverages,176,can,183.87,270.67,2027-08-20,Aisle 06,ambient
Select Clove & Mint Toothpaste 750g,Urban Roots Springs,HOUS-001929,890100530026,Household & Personal Care,99,packet,160.85,253.86,2028-03-07,Aisle 11,ambient
Premium Garlic & Herb Lassi Mango Infused 2-Pack,Himalayan Springs,DAIR-001930,890100530027,Dairy & Eggs,51,pack,272.56,438.70,2026-09-20,Aisle 02,chilled
Select Kachi Ghani Mustard Kaju Katli Sweet Box 1L,Amul Milling,SNAC-001931,890100530028,Snacks & Confectionery,108,tub,137.31,241.70,2027-03-05,Aisle 10,ambient
Cold-Pressed Bagel Plain 4pk 6-Pack,Kaveri Springs,BAKE-001932,890100530029,Bakery & Deli,15,pcs,277.24,469.91,2026-08-29,Aisle 03,chilled
Pure Guava Chilli Juice 1.5L,Nilgiri Harvest,BEVE-001933,890100530030,Beverages,235,pack,114.09,177.77,2026-10-04,Aisle 06,ambient
Spiced Caramelized Onion Royal Basmati Rice 6-Pack,Nature Harvest Milling,PANT-001934,890100530031,Pantry & Dry Goods,148,bag,95.87,122.23,2027-04-28,Aisle 07,ambient
Whole-Grain Kesar Pista Soan Papdi Box 10kg,Organic Tattva Naturals,SNAC-001935,890100530032,Snacks & Confectionery,13,tub,313.06,564.93,2027-05-26,Aisle 10,ambient
Free-Range Matcha Green Tea Clove & Mint Toothpaste 750g,Everest Foods,HOUS-001936,890100530033,Household & Personal Care,239,box,261.32,460.56,2028-12-23,Aisle 11,ambient
Unpolished Ajwain & Jeera Surface Floor Cleaner Rose 10-Pack,SunBrite Goods,HOUS-001937,890100530034,Household & Personal Care,71,packet,455.73,803.45,2028-03-08,Aisle 11,ambient
Traditional Shampoo Anti-Dandruff 10kg,Green Earth Foods,HOUS-001938,890100530035,Household & Personal Care,119,packet,316.55,559.50,2027-04-29,Aisle 11,ambient
Signature Toasted Sesame Soy Milk Protein 100g,Everest Springs,DAIR-001939,890100530036,Dairy & Eggs,13,tub,413.21,529.28,2026-08-30,Aisle 02,chilled
Select Almond Milk 250ml,Patanjali Farms,DAIR-001940,890100530037,Dairy & Eggs,124,carton,503.71,710.49,2026-08-29,Aisle 03,chilled
Valley Fresh Pure Jaggery Powder (Gud) 750g,Everest Goods,PANT-001941,890100530038,Pantry & Dry Goods,91,packet,125.33,171.14,2027-01-26,Aisle 07,ambient
Organic Caramelized Onion Basa Fish Fillets 50g,Royal Indian Plantations,MEAT-001942,890100530039,Meat & Seafood,20,pcs,949.63,1743.75,2026-09-03,Aisle 05,chilled
Stone-Ground Ajwain & Jeera Unsalted White Butter 200ml,Kaveri Agro,DAIR-001943,890100530040,Dairy & Eggs,42,packet,92.34,142.53,2026-09-05,Aisle 02,chilled
Cured Masala Chai Watermelon Family Pack,Organic Tattva Plantations,FRES-001944,890100530041,Fresh Produce,182,pcs,123.93,160.58,2026-09-17,Aisle 02,chilled
Gourmet Ajwain & Jeera Cucumbers 200g,Nature Harvest Springs,FRES-001945,890100530042,Fresh Produce,212,pcs,150.23,200.51,2026-09-13,Aisle 01,ambient
Sweet Pista Almond Amla Juice Pure 2L,SunBrite Organics,BEVE-001946,890100530043,Beverages,246,can,73.25,97.36,2026-12-17,Aisle 05,ambient
Roasted Masala Chai Cold Pressed Orange Juice 750ml,Desi Organics Harvest,BEVE-001947,890100530044,Beverages,51,bag,65.28,83.00,2026-08-20,Aisle 05,ambient
Whole-Grain Alphonso Mango Hash Browns 6pk 500g,Dabur Foods,FROZ-001948,890100530045,Frozen Foods,213,tub,81.07,128.16,2027-06-06,Aisle 09,frozen
Whole-Grain Mint Lime Royal Basmati Rice 6-Pack,Amul Provisions,PANT-001949,890100530046,Pantry & Dry Goods,65,bag,205.84,263.68,2027-11-28,Aisle 08,ambient
Valley Fresh Salted Butter 2-Pack,Patanjali Milling,DAIR-001950,890100530047,Dairy & Eggs,213,bottle,478.64,660.73,2026-09-13,Aisle 03,chilled
Stone-Ground Toasted Sesame Fresh Rohu Fish 5L,Heritage Mills,MEAT-001951,890100530048,Meat & Seafood,72,kg,651.79,1198.75,2026-08-31,Aisle 05,chilled
Heritage Tandoori Smoked Roasted Salted Cashews 150g,Organic Tattva Agro,SNAC-001952,890100530049,Snacks & Confectionery,50,pack,100.35,156.42,2026-08-30,Aisle 10,ambient
Wildcrafted Portobello Mushrooms 250ml,Pure Vedic Naturals,FRES-001953,890100530050,Fresh Produce,160,bunch,79.87,104.95,2026-09-03,Aisle 01,chilled
Sun-Dried Brownie Bites 500g,Patanjali Kitchens,BAKE-001954,890100530051,Bakery & Deli,32,pack,88.71,135.99,2026-09-04,Aisle 04,ambient
Handcrafted Garlic & Herb Butter Croissants 750ml,Desi Organics Dairy,BAKE-001955,890100530052,Bakery & Deli,223,box,53.03,76.83,2026-08-31,Aisle 03,ambient
Whole-Grain Tulsi Honey Salted Butter 200g,Bhoomi Provisions,DAIR-001956,890100530053,Dairy & Eggs,50,packet,263.58,439.49,2026-08-28,Aisle 02,chilled
Unpolished Smoked Paprika Chicken Keema 12-Pack,Everest Agro,MEAT-001957,890100530054,Meat & Seafood,94,pcs,739.61,1085.45,2026-08-30,Aisle 04,chilled
Desi Floor Disinfectant Pine 150g,Bhoomi Co.,HOUS-001958,890100530055,Household & Personal Care,197,tube,544.29,980.15,2029-02-24,Aisle 12,ambient
Golden Kashmiri Saffron Organic Rolled Oats 100g,Pashmina Plantations,PANT-001959,890100530056,Pantry & Dry Goods,196,box,576.98,981.56,2027-03-14,Aisle 07,ambient
Low-Sodium Unsalted White Butter Family Pack,FarmGold Kitchens,DAIR-001960,890100530057,Dairy & Eggs,215,packet,52.27,68.54,2026-08-29,Aisle 03,chilled
Free-Range Banana Chips Kerala Style 1.5L,Pure Vedic Provisions,SNAC-001961,890100530058,Snacks & Confectionery,162,tub,515.26,721.16,2027-06-10,Aisle 10,ambient
Free-Range Penne Rigate Pasta 6-Pack,Pure Vedic Dairy,PANT-001962,890100530059,Pantry & Dry Goods,106,bag,338.21,458.12,2027-03-29,Aisle 08,ambient
Sweet Kaju Katli Sweet Box 6-Pack,Nilgiri Goods,SNAC-001963,890100530060,Snacks & Confectionery,114,tub,342.05,576.05,2026-12-19,Aisle 10,ambient
Cold-Pressed Caramelized Onion Ciabatta Roll 2kg,Himalayan Organics,BAKE-001964,890100530061,Bakery & Deli,190,pcs,247.01,429.22,2026-09-05,Aisle 04,ambient
Crisp Floor Disinfectant Pine 6-Pack,SunBrite Dairy,HOUS-001965,890100530062,Household & Personal Care,246,packet,344.75,539.43,2028-10-13,Aisle 11,ambient
Aged Cucumbers 750g,Urban Roots Botanicals,FRES-001966,890100530063,Fresh Produce,222,bunch,133.52,190.03,2026-09-09,Aisle 01,ambient
Wildcrafted Tulsi Honey Sparkling Mineral Water 200ml,Tata Agro,BEVE-001967,890100530064,Beverages,89,bottle,199.53,251.26,2027-08-01,Aisle 06,ambient
Sun-Dried Makhana Crunch Fresh Rohu Fish Snack Pack,Everest Agro,MEAT-001968,890100530065,Meat & Seafood,188,pack,212.93,361.13,2026-08-30,Aisle 05,chilled
Aged Broccoli Crowns 10-Pack,Kaveri Mills,FRES-001969,890100530066,Fresh Produce,189,kg,109.15,189.31,2026-08-27,Aisle 02,ambient
Whole-Grain Chatpata Masala Buffalo Milk 2-Pack,FarmGold Naturals,DAIR-001970,890100530067,Dairy & Eggs,125,box,478.55,738.76,2026-09-08,Aisle 03,chilled
Cold-Pressed Cauliflower 2kg,Everest Naturals,FRES-001971,890100530068,Fresh Produce,244,bag,73.72,133.06,2026-09-07,Aisle 01,chilled
Zero-Sugar Roasted Makhana Foxnuts Family Pack,Heritage Mills,SNAC-001972,890100530069,Snacks & Confectionery,125,bar,161.53,204.31,2026-10-16,Aisle 10,ambient
Smoked Malai Kulfi Bar 200ml,Desi Organics Farms,FROZ-001973,890100530070,Frozen Foods,55,packet,251.70,457.51,2027-04-29,Aisle 08,frozen
Gourmet Smoked Chicken Slices 5L,Saffola Agro,BAKE-001974,890100530071,Bakery & Deli,84,pcs,203.33,254.92,2026-09-09,Aisle 04,chilled
Sun-Dried Ricotta Fresh 330ml,Heritage Organics,DAIR-001975,890100530072,Dairy & Eggs,42,box,412.96,616.44,2026-09-02,Aisle 02,chilled
Gluten-Free Ajwain & Jeera Surmai Steaks Family Pack,Amul Kitchens,MEAT-001976,890100530073,Meat & Seafood,121,pack,755.34,1387.43,2026-08-21,Aisle 05,chilled
Signature Pista Almond Iced Lemon Tea 4-Pack,Nature Harvest Botanicals,BEVE-001977,890100530074,Beverages,228,pack,228.76,396.31,2026-12-22,Aisle 05,chilled
Sun-Dried Chatpata Masala Greek Yogurt 5L,Catch Agro,DAIR-001978,890100530075,Dairy & Eggs,228,packet,108.56,160.56,2026-09-25,Aisle 02,chilled
Spiced Cardamom Spiced Kitchen Paper Towels 4-Roll 500g,Nilgiri Milling,HOUS-001979,890100530076,Household & Personal Care,55,box,539.38,737.42,2027-02-26,Aisle 11,ambient
Gourmet Red Chilli & Garlic Cold Brew Coffee 5L,Royal Indian Harvest,BEVE-001980,890100530077,Beverages,23,box,439.63,802.10,2026-11-26,Aisle 05,ambient
Cold-Pressed Cardamom Spiced Butter Murukku 200ml,Fortune Farms,SNAC-001981,890100530078,Snacks & Confectionery,63,packet,408.68,691.48,2027-05-02,Aisle 10,ambient
Gluten-Free Smoked Paprika Brownie Bites 500ml,Mother Dairy Kitchens,BAKE-001982,890100530079,Bakery & Deli,67,box,212.40,298.54,2026-09-01,Aisle 03,ambient
Raw Alphonso Mango Guavas 1.5L,Dabur Harvest,FRES-001983,890100530080,Fresh Produce,17,kg,117.72,177.50,2026-08-30,Aisle 01,chilled
Premium Kokum Sharbat 150g,Tata Goods,BEVE-001984,890100530081,Beverages,35,pack,412.30,597.48,2027-08-10,Aisle 05,ambient
Valley Fresh Sea Salt California Almonds 150g,Everest Foods,SNAC-001985,890100530082,Snacks & Confectionery,171,bag,95.61,172.73,2027-04-04,Aisle 10,ambient
Extra-Virgin Fresh Chicken Curry Cut 300g,Heritage Botanicals,MEAT-001986,890100530083,Meat & Seafood,184,kg,934.43,1521.85,2026-08-30,Aisle 05,chilled
Select Ajwain & Jeera Mustard Oil Kachi Ghani 4-Pack,Desi Organics Plantations,PANT-001987,890100530084,Pantry & Dry Goods,148,packet,169.89,220.04,2027-10-24,Aisle 08,ambient
Grass-Fed Smoked Paprika Almond Milk 330ml,Green Earth Foods,DAIR-001988,890100530085,Dairy & Eggs,176,bottle,189.19,256.84,2026-09-20,Aisle 03,chilled
Handcrafted Alphonso Mangoes 10kg,Mother Dairy Foods,FRES-001989,890100530086,Fresh Produce,148,kg,41.55,66.02,2026-09-14,Aisle 01,ambient
Roasted Garlic & Herb Bitter Gourd (Karela) 500ml,Satvik Goods,FRES-001990,890100530087,Fresh Produce,27,bag,40.44,56.53,2026-09-12,Aisle 01,chilled
Signature Golden Ginger Herbal Hand Wash Neem 300g,Amul Provisions,HOUS-001991,890100530088,Household & Personal Care,20,pack,304.26,449.61,2028-09-10,Aisle 12,ambient
Royal Golden Ginger Organic Brown Sugar 5kg,Desi Organics Naturals,PANT-001992,890100530089,Pantry & Dry Goods,139,can,487.50,899.85,2027-08-07,Aisle 06,ambient
Farm-Fresh Mint Lime Apple Cider Vinegar Drink 500g,Himalayan Goods,BEVE-001993,890100530090,Beverages,52,can,282.72,409.43,2027-03-15,Aisle 05,chilled
Raw Makhana Crunch Mustard Oil Kachi Ghani Snack Pack,Mother Dairy Milling,PANT-001994,890100530091,Pantry & Dry Goods,219,box,65.31,91.77,2028-07-29,Aisle 08,ambient
Roasted Jalapeno Lime Rusk Toast 5kg,Pashmina Agro,BAKE-001995,890100530092,Bakery & Deli,180,pcs,66.18,92.41,2026-09-06,Aisle 04,chilled
Desi Coconut Cream Clove & Mint Toothpaste 300g,Ganga Botanicals,HOUS-001996,890100530093,Household & Personal Care,118,box,559.38,748.90,2028-07-31,Aisle 11,ambient
Extra-Virgin Ajwain & Jeera Mishri Mawa 250ml,Nature Harvest Foods,DAIR-001997,890100530094,Dairy & Eggs,130,pack,291.40,514.85,2026-09-24,Aisle 02,chilled
Cured Tiger Prawns Jumbo 250g,Everest Provisions,MEAT-001998,890100530095,Meat & Seafood,136,pack,722.94,989.47,2026-08-30,Aisle 05,chilled
Low-Sodium Caramelized Onion Mixed Berries Frozen 10kg,Fortune Plantations,FROZ-001999,890100530096,Frozen Foods,197,bag,77.93,134.43,2027-05-04,Aisle 08,frozen
Roasted Chaash / Buttermilk 50g,Saffola Naturals,DAIR-002000,890100530097,Dairy & Eggs,98,bottle,450.16,638.65,2026-09-15,Aisle 03,chilled
Signature Tulsi Honey Chamomile Herbal Tea 2-Pack,Organic Tattva Milling,BEVE-002001,890100530098,Beverages,26,bag,440.43,741.82,2027-05-26,Aisle 05,ambient
Smoked Rose Infused Urad Dal Whole 250ml,Bhoomi Botanicals,PANT-002002,890100530099,Pantry & Dry Goods,176,bottle,538.07,991.55,2028-04-29,Aisle 08,ambient
Whole-Grain Salted Butter 2-Pack,Pure Vedic Harvest,DAIR-002003,890100530100,Dairy & Eggs,144,bottle,240.57,439.30,2026-09-03,Aisle 03,chilled
Grass-Fed Fresh Mosambi Juice 250g,Catch Agro,BEVE-002004,890100530101,Beverages,63,pack,135.25,223.71,2027-06-07,Aisle 06,chilled
Premium Veg Spring Rolls 350g,FarmGold Kitchens,FROZ-002005,890100530102,Frozen Foods,124,pack,68.37,103.80,2027-07-30,Aisle 09,frozen
Country Style Mint Lime Kaju Katli Sweet Box 2L,Vedic Fresh Agro,SNAC-002006,890100530103,Snacks & Confectionery,225,bar,472.07,676.77,2026-11-17,Aisle 10,ambient
Free-Range Cucumbers 1L,Himalayan Dairy,FRES-002007,890100530104,Fresh Produce,192,bunch,30.75,51.56,2026-09-02,Aisle 02,chilled
Stone-Ground Jalapeno Lime Mutton Curry Cut 750g,Nilgiri Botanicals,MEAT-002008,890100530105,Meat & Seafood,21,pack,876.13,1270.48,2026-08-29,Aisle 05,chilled
Stone-Ground Garlic & Herb Bagel Plain 4pk 250g,FarmGold Naturals,BAKE-002009,890100530106,Bakery & Deli,73,pcs,107.13,172.01,2026-09-02,Aisle 04,chilled
Sun-Dried Urad Dal Whole 200ml,Amul Farms,PANT-002010,890100530107,Pantry & Dry Goods,222,packet,477.97,880.97,2027-05-25,Aisle 07,ambient
Traditional Brioche Burger Buns 50g,Tata Co.,BAKE-002011,890100530108,Bakery & Deli,77,pack,252.77,431.76,2026-09-02,Aisle 04,chilled
Wildcrafted Chicken Keema 1L,Bhoomi Agro,MEAT-002012,890100530109,Meat & Seafood,70,pcs,204.67,296.83,2026-09-02,Aisle 05,chilled
Traditional Kashmiri Saffron Pomfret Whole 50g,Amul Co.,MEAT-002013,890100530110,Meat & Seafood,160,kg,606.92,1076.01,2026-08-29,Aisle 04,chilled
Farm-Fresh Coconut Cream Pure Jaggery Powder (Gud) 2L,Everest Goods,PANT-002014,890100530111,Pantry & Dry Goods,242,packet,82.00,125.77,2028-02-10,Aisle 08,ambient
Signature Alphonso Mango Ricotta Fresh 400g,Urban Roots Foods,DAIR-002015,890100530112,Dairy & Eggs,28,box,36.12,49.73,2026-09-20,Aisle 02,chilled
Desi Red Chilli & Garlic Granola Health Bars 2L,Green Earth Dairy,SNAC-002016,890100530113,Snacks & Confectionery,245,bar,313.20,459.98,2027-02-15,Aisle 09,ambient
Rustic Clove & Mint Toothpaste 12-Pack,Green Earth Provisions,HOUS-002017,890100530114,Household & Personal Care,191,tube,442.82,718.72,2027-09-23,Aisle 12,ambient
Homestyle Almond Milk 4-Pack,Patanjali Kitchens,DAIR-002018,890100530115,Dairy & Eggs,187,tub,90.83,164.73,2026-08-30,Aisle 02,chilled
Smoked Veg Spring Rolls 350g,FarmGold Mills,FROZ-002019,890100530116,Frozen Foods,149,packet,339.03,557.50,2026-12-26,Aisle 09,frozen
Aged Cinnamon Spice Moong Dal Washed 500g,Bhoomi Kitchens,PANT-002020,890100530117,Pantry & Dry Goods,194,can,244.08,325.19,2026-08-28,Aisle 06,ambient
Rustic Chatpata Masala Pomfret Whole 400g,Ganga Goods,MEAT-002021,890100530118,Meat & Seafood,31,pack,236.08,340.37,2026-09-02,Aisle 04,chilled
Grass-Fed Masala Chai Bottle Gourd (Lauki) 500ml,Desi Organics Botanicals,FRES-002022,890100530119,Fresh Produce,182,bunch,128.12,190.08,2026-09-01,Aisle 01,chilled
Farm-Fresh Toasted Sesame Heavy Cream 4-Pack,Nilgiri Co.,DAIR-002023,890100530120,Dairy & Eggs,20,carton,137.61,184.17,2026-09-16,Aisle 02,chilled
Wildcrafted Cheese Croissant 10-Pack,Everest Milling,BAKE-002024,890100530121,Bakery & Deli,53,box,175.20,315.54,2026-08-28,Aisle 03,ambient
Stone-Ground Bath Tissue 6-Pack 100g,Catch Kitchens,HOUS-002025,890100530122,Household & Personal Care,9,packet,398.24,578.97,2028-04-14,Aisle 12,ambient
Aged Double Toned Milk 100g,Heritage Kitchens,DAIR-002026,890100530123,Dairy & Eggs,88,box,395.03,672.66,2026-09-06,Aisle 03,chilled
Cold-Pressed Edamame Pods 50g,Deccan Goods,FROZ-002027,890100530124,Frozen Foods,196,box,91.02,137.14,2027-04-11,Aisle 08,frozen
Premium Ginger Root 500ml,Fortune Foods,FRES-002028,890100530125,Fresh Produce,105,kg,33.39,43.21,2026-09-15,Aisle 01,ambient
Roasted Chicken Sausages 500g,Vedic Fresh Co.,MEAT-002029,890100530126,Meat & Seafood,182,pcs,645.65,810.37,2026-08-30,Aisle 04,chilled
Gourmet Spicy Peanut Chikki 150ml,Satvik Goods,SNAC-002030,890100530127,Snacks & Confectionery,7,tub,192.70,353.86,2027-06-11,Aisle 10,ambient
Smoked Flavored Yogurt 1L,Bhoomi Farms,DAIR-002031,890100530128,Dairy & Eggs,236,packet,87.05,114.22,2026-09-04,Aisle 03,chilled
Plant-Based Kesar Pista Bottle Gourd (Lauki) 500ml,Heritage Foods,FRES-002032,890100530129,Fresh Produce,189,kg,142.82,230.57,2026-08-31,Aisle 02,ambient
Signature Cold Pressed Orange Juice 150g,Green Earth Dairy,BEVE-002033,890100530130,Beverages,141,pack,110.82,190.34,2026-08-30,Aisle 05,chilled
Premium Alphonso Mango Lemons 12-Pack,Desi Organics Kitchens,FRES-002034,890100530131,Fresh Produce,47,pcs,144.36,229.57,2026-09-04,Aisle 01,chilled
Signature Cinnamon Spice Kaju Katli Sweet Box 12-Pack,Royal Indian Agro,SNAC-002035,890100530132,Snacks & Confectionery,194,bag,395.89,587.83,2027-06-07,Aisle 09,ambient
Plant-Based Masala Chai Pure Jaggery Powder (Gud) 750g,Tata Plantations,PANT-002036,890100530133,Pantry & Dry Goods,57,bag,470.87,852.78,2028-02-27,Aisle 08,ambient
Select Watermelon 500g,Pure Vedic Goods,FRES-002037,890100530134,Fresh Produce,24,bunch,48.90,67.07,2026-09-11,Aisle 01,chilled
Sun-Dried Rose Infused Granola Health Bars 2kg,Tata Goods,SNAC-002038,890100530135,Snacks & Confectionery,40,bag,233.38,422.56,2027-02-16,Aisle 09,ambient
Premium Truffle Infused 70% Dark Chocolate Bar 500ml,Deccan Naturals,SNAC-002039,890100530136,Snacks & Confectionery,188,tub,50.13,72.22,2026-08-16,Aisle 09,ambient
Gluten-Free Smoked Paprika Roasted Makhana Foxnuts Value Pack,Dabur Provisions,SNAC-002040,890100530137,Snacks & Confectionery,13,bar,110.57,162.37,2027-02-07,Aisle 09,ambient
Handcrafted Red Onions 500g,Himalayan Springs,FRES-002041,890100530138,Fresh Produce,116,bunch,109.82,153.17,2026-09-04,Aisle 02,ambient
Gluten-Free Sweet Corn Kernels 100g,Desi Organics Farms,FROZ-002042,890100530139,Frozen Foods,185,pack,161.35,276.71,2027-08-22,Aisle 09,frozen
Premium Vanilla Bean Extra Virgin Olive Oil 4-Pack,SunBrite Provisions,PANT-002043,890100530140,Pantry & Dry Goods,127,jar,384.68,486.85,2028-06-15,Aisle 07,ambient
Crisp Toasted Sesame Jeera Masala Soda 250ml,Himalayan Kitchens,BEVE-002044,890100530141,Beverages,23,carton,297.66,516.57,2027-04-20,Aisle 05,ambient
Raw Tonic Water Premium 2kg,Himalayan Milling,BEVE-002045,890100530142,Beverages,125,box,201.63,305.05,2027-05-06,Aisle 06,chilled
Sun-Dried Chana Dal Polished 750ml,Mother Dairy Agro,PANT-002046,890100530143,Pantry & Dry Goods,6,jar,170.73,253.94,2028-04-15,Aisle 08,ambient
Low-Sodium Custard Apple (Sitaphal) Snack Pack,Organic Tattva Co.,FRES-002047,890100530144,Fresh Produce,155,kg,69.83,124.43,2026-08-31,Aisle 02,ambient
Signature Kachi Ghani Mustard California Almonds 400g,Mother Dairy Provisions,SNAC-002048,890100530145,Snacks & Confectionery,105,bag,278.31,383.87,2026-08-29,Aisle 09,ambient
Traditional Red Chilli & Garlic Roasted Salted Cashews 200ml,Ganga Farms,SNAC-002049,890100530146,Snacks & Confectionery,146,tub,542.70,827.14,2027-04-02,Aisle 10,ambient
Cold-Pressed Red Onions 8-Pack,Royal Indian Goods,FRES-002050,890100530147,Fresh Produce,28,pcs,46.86,59.90,2026-08-30,Aisle 01,chilled
Heritage Chicken Salami 500ml,Organic Tattva Kitchens,BAKE-002051,890100530148,Bakery & Deli,206,pcs,76.06,122.36,2026-09-05,Aisle 03,ambient
Spiced Chatpata Masala Fresh Chicken Curry Cut 250ml,Amul Harvest,MEAT-002052,890100530149,Meat & Seafood,250,kg,781.52,1312.61,2026-08-31,Aisle 05,chilled
Traditional Golden Ginger Lentils Red Masoor 2L,FarmGold Milling,PANT-002053,890100530150,Pantry & Dry Goods,124,jar,532.34,951.11,2027-08-25,Aisle 08,ambient
Extra-Virgin Dark Chocolate Biodegradable Garbage Bags 500ml,Pashmina Botanicals,HOUS-002054,890100530151,Household & Personal Care,26,box,474.50,824.47,2027-02-26,Aisle 11,ambient
Wildcrafted Iced Lemon Tea 100g,Kaveri Springs,BEVE-002055,890100530152,Beverages,233,bag,356.63,547.43,2027-08-18,Aisle 05,chilled
Raw Chatpata Masala Kitchen Paper Towels 4-Roll 200g,Pure Vedic Botanicals,HOUS-002056,890100530153,Household & Personal Care,18,bottle,541.53,879.99,2027-08-16,Aisle 11,ambient
Golden Lemon Pepper California Almonds 330ml,Amul Foods,SNAC-002057,890100530154,Snacks & Confectionery,64,packet,305.29,507.69,2026-11-10,Aisle 10,ambient
Signature Caramelized Onion Cream Cheese 500g,Patanjali Mills,DAIR-002058,890100530155,Dairy & Eggs,22,pack,416.98,646.50,2026-08-30,Aisle 02,chilled
Cold-Pressed Tiger Prawns Jumbo 2-Pack,Urban Roots Milling,MEAT-002059,890100530156,Meat & Seafood,173,pcs,552.96,896.04,2026-09-02,Aisle 04,chilled
Grass-Fed Vanilla Bean Fabric Softener Floral 1.5L,Mother Dairy Organics,HOUS-002060,890100530157,Household & Personal Care,8,tube,554.89,768.25,2028-02-25,Aisle 11,ambient
Sweet Nagpur Orange Basa Fish Fillets Value Pack,Royal Indian Organics,MEAT-002061,890100530158,Meat & Seafood,140,pcs,612.50,1125.58,2026-08-30,Aisle 04,chilled
Sun-Dried Organic Green Tea 330ml,Mother Dairy Harvest,BEVE-002062,890100530159,Beverages,168,can,270.74,431.28,2026-09-28,Aisle 05,chilled
Homestyle 70% Dark Chocolate Bar 750g,Tata Kitchens,SNAC-002063,890100530160,Snacks & Confectionery,219,bar,427.21,645.27,2027-04-15,Aisle 09,ambient
Desi Matcha Green Tea Espresso Roast Ground Coffee 250ml,SunBrite Goods,BEVE-002064,890100530161,Beverages,157,carton,55.68,83.58,2027-06-14,Aisle 06,chilled
Gluten-Free Paneer Paratha Frozen 10kg,Bhoomi Botanicals,FROZ-002065,890100530162,Frozen Foods,72,tub,176.80,250.75,2027-07-09,Aisle 09,frozen
Pure Chatpata Masala Floor Disinfectant Pine 2kg,Satvik Milling,HOUS-002066,890100530163,Household & Personal Care,87,box,208.85,276.61,2028-02-28,Aisle 12,ambient
Cured Cheese Croissant 10kg,Pure Vedic Foods,BAKE-002067,890100530164,Bakery & Deli,103,box,74.21,120.99,2026-08-29,Aisle 04,ambient
Grass-Fed Espresso Roast Ground Coffee Value Pack,Pashmina Plantations,BEVE-002068,890100530165,Beverages,238,box,336.29,490.09,2026-09-26,Aisle 06,ambient
Signature Hash Browns 6pk 2kg,Kaveri Milling,FROZ-002069,890100530166,Frozen Foods,32,box,326.79,537.63,2027-04-21,Aisle 08,frozen
Gourmet Moong Dal Washed 5kg,Desi Organics Plantations,PANT-002070,890100530167,Pantry & Dry Goods,96,bottle,453.87,653.10,2026-08-26,Aisle 06,ambient
Handcrafted Smoked Paprika Bhujia Sev Snack Pack,Fortune Mills,SNAC-002071,890100530168,Snacks & Confectionery,117,tub,29.72,49.37,2027-05-13,Aisle 10,ambient
Handcrafted Mint Lime Papayas 1.5L,Kaveri Plantations,FRES-002072,890100530169,Fresh Produce,25,pcs,45.96,70.56,2026-09-05,Aisle 01,ambient
Cured Cinnamon Spice French Fries Crispy 8-Pack,FarmGold Kitchens,FROZ-002073,890100530170,Frozen Foods,193,tub,387.72,587.72,2026-12-18,Aisle 09,frozen
Organic Jalapeno Lime Jeera Masala Soda 330ml,Satvik Co.,BEVE-002074,890100530171,Beverages,77,bottle,36.81,65.33,2027-04-18,Aisle 05,ambient
Extra-Virgin Ajwain & Jeera Mosquito Vaporizer Refill 300g,Everest Naturals,HOUS-002075,890100530172,Household & Personal Care,194,pack,123.23,181.52,2028-11-22,Aisle 12,ambient
Valley Fresh California Almonds 330ml,Tata Milling,SNAC-002076,890100530173,Snacks & Confectionery,90,box,142.35,199.65,2027-01-14,Aisle 09,ambient
Pure Truffle Infused California Almonds 150g,Ganga Organics,SNAC-002077,890100530174,Snacks & Confectionery,118,packet,356.95,645.13,2026-08-27,Aisle 10,ambient
Farm-Fresh Gourmet Cookies Choco-Chip 150g,Everest Foods,SNAC-002078,890100530175,Snacks & Confectionery,134,bag,197.72,327.20,2026-08-18,Aisle 10,ambient
Handcrafted Kachi Ghani Mustard Himalayan Spring Water 500ml,Vedic Fresh Dairy,BEVE-002079,890100530176,Beverages,198,can,163.08,299.25,2027-02-26,Aisle 06,ambient
Golden Sea Salt Salted Butter 300g,Organic Tattva Provisions,DAIR-002080,890100530177,Dairy & Eggs,167,pack,91.03,122.81,2026-09-19,Aisle 03,chilled
Raw Cardamom Spiced Frozen Veg Momos 750g,Pure Vedic Naturals,FROZ-002081,890100530178,Frozen Foods,138,tub,334.76,476.98,2026-08-22,Aisle 09,frozen
Farm-Fresh Ajwain & Jeera Guava Chilli Juice 10kg,Kaveri Kitchens,BEVE-002082,890100530179,Beverages,80,pack,338.88,427.33,2026-11-05,Aisle 06,ambient
Roasted Pure Jaggery Powder (Gud) 1.5L,Catch Dairy,PANT-002083,890100530180,Pantry & Dry Goods,88,jar,429.33,778.24,2028-06-19,Aisle 06,ambient
Wildcrafted Masala Chai Oranges Nagpur 12-Pack,Pure Vedic Plantations,FRES-002084,890100530181,Fresh Produce,27,pack,61.69,89.80,2026-09-16,Aisle 02,ambient
Aged Oat Milk 150g,Tata Goods,DAIR-002085,890100530182,Dairy & Eggs,59,box,402.00,706.87,2026-09-14,Aisle 02,chilled
Cured Cardamom Spiced Ayurvedic Bath Soap 200ml,Mother Dairy Springs,HOUS-002086,890100530183,Household & Personal Care,24,tube,122.94,157.10,2027-03-31,Aisle 12,ambient
Free-Range Roasted Makhana Foxnuts 330ml,Pure Vedic Naturals,SNAC-002087,890100530184,Snacks & Confectionery,203,box,120.85,155.74,2027-05-21,Aisle 10,ambient
Signature Frozen Samosas 24-Pack,Dabur Milling,FROZ-002088,890100530185,Frozen Foods,80,tub,107.79,178.86,2026-08-27,Aisle 09,frozen
Unpolished Cinnamon Spice Organic Green Tea 1.5L,Pashmina Springs,BEVE-002089,890100530186,Beverages,243,bag,134.13,218.81,2027-08-07,Aisle 05,chilled
Cured Dark Chocolate Green Chillies 2-Pack,Nilgiri Dairy,FRES-002090,890100530187,Fresh Produce,44,bag,74.17,103.19,2026-08-27,Aisle 01,chilled
Whole-Grain Catla Fish Steaks 2-Pack,Nature Harvest Goods,MEAT-002091,890100530188,Meat & Seafood,128,pcs,599.94,1011.01,2026-08-30,Aisle 05,chilled
Sweet Jalapeno Lime Penne Rigate Pasta 5L,Fortune Naturals,PANT-002092,890100530189,Pantry & Dry Goods,127,bag,433.58,687.19,2027-11-29,Aisle 07,ambient
Smoked Vanilla Bean Chicken Sausages 350g,Nilgiri Organics,MEAT-002093,890100530190,Meat & Seafood,172,pack,915.42,1221.74,2026-09-03,Aisle 05,chilled
Spiced Vanilla Bean Cold Brew Coffee 24-Pack,Amul Harvest,BEVE-002094,890100530191,Beverages,139,carton,92.57,127.80,2027-07-04,Aisle 06,ambient
Handcrafted Cinnamon Spice Garlic Naan Frozen 4pk 150g,Organic Tattva Co.,FROZ-002095,890100530192,Frozen Foods,153,bag,370.27,664.94,2027-03-03,Aisle 09,frozen
Handcrafted Cold Brew Coffee 150ml,Fortune Kitchens,BEVE-002096,890100530193,Beverages,11,box,222.55,351.23,2026-10-12,Aisle 06,chilled
Heritage Kokum Sharbat 1.5L,Desi Organics Naturals,BEVE-002097,890100530194,Beverages,130,box,168.47,287.06,2026-09-24,Aisle 06,chilled
Natural Garlic Naan Frozen 4pk 12-Pack,Tata Plantations,FROZ-002098,890100530195,Frozen Foods,37,box,265.45,485.81,2026-11-19,Aisle 09,frozen
Country Style Watermelon 12-Pack,Pure Vedic Plantations,FRES-002099,890100530196,Fresh Produce,109,kg,132.98,224.07,2026-09-13,Aisle 02,ambient
Extra-Virgin Masala Potato Chips 5kg,Mother Dairy Kitchens,SNAC-002100,890100530197,Snacks & Confectionery,187,bar,247.25,335.68,2027-05-07,Aisle 09,ambient
Organic Mozzarella Shredded 5L,Urban Roots Co.,DAIR-002101,890100530198,Dairy & Eggs,73,bottle,463.21,598.40,2026-09-19,Aisle 02,chilled
Gluten-Free Lemon Pepper Pure Jaggery Powder (Gud) 200g,Pure Vedic Agro,PANT-002102,890100530199,Pantry & Dry Goods,68,bottle,81.20,139.63,2028-06-01,Aisle 08,ambient
Gourmet Mishri Mawa 150g,Dabur Botanicals,DAIR-002103,890100530200,Dairy & Eggs,146,carton,461.61,759.21,2026-09-04,Aisle 03,chilled
Roasted Sea Salt Diet Mixture Namkeen 150g,Fortune Plantations,SNAC-002104,890100530201,Snacks & Confectionery,149,bag,398.99,703.26,2026-11-30,Aisle 09,ambient
Country Style Double Toned Milk 250g,Patanjali Farms,DAIR-002105,890100530202,Dairy & Eggs,38,tub,452.77,773.13,2026-09-03,Aisle 02,chilled
Desi Kachi Ghani Mustard Pita Bread 200g,Bhoomi Kitchens,BAKE-002106,890100530203,Bakery & Deli,114,pcs,67.20,111.07,2026-09-02,Aisle 03,chilled
Unpolished Frozen Green Peas 300g,Saffola Milling,FROZ-002107,890100530204,Frozen Foods,97,tub,257.60,417.72,2027-08-13,Aisle 08,frozen
Farm-Fresh Chatpata Masala Tiger Prawns Jumbo 200ml,Bhoomi Agro,MEAT-002108,890100530205,Meat & Seafood,68,pcs,265.74,453.43,2026-08-29,Aisle 04,chilled
Homestyle Coconut Cream Lentils Red Masoor 5kg,Organic Tattva Goods,PANT-002109,890100530206,Pantry & Dry Goods,19,box,136.34,238.61,2028-04-28,Aisle 06,ambient
Cold-Pressed Frozen Veg Momos 8-Pack,Mother Dairy Provisions,FROZ-002110,890100530207,Frozen Foods,62,tub,406.90,603.21,2027-07-11,Aisle 09,frozen
Natural Makhana Crunch Surface Floor Cleaner Rose 8-Pack,Patanjali Organics,HOUS-002111,890100530208,Household & Personal Care,102,box,384.29,684.66,2027-06-09,Aisle 11,ambient
Gourmet Matcha Green Tea Kaju Katli Sweet Box 2kg,Urban Roots Goods,SNAC-002112,890100530209,Snacks & Confectionery,215,bag,216.90,386.40,2027-05-05,Aisle 10,ambient
Cold-Pressed Flavored Yogurt 10kg,Everest Naturals,DAIR-002113,890100530210,Dairy & Eggs,208,bottle,168.65,230.20,2026-09-25,Aisle 02,chilled
Unpolished Toasted Sesame Red Onions 24-Pack,Green Earth Naturals,FRES-002114,890100530211,Fresh Produce,182,pack,146.70,247.27,2026-09-07,Aisle 01,chilled
Natural Tonic Water Premium 1.5L,Organic Tattva Farms,BEVE-002115,890100530212,Beverages,98,can,364.85,523.73,2027-04-19,Aisle 05,chilled
Gluten-Free Lemon Pepper Bhujia Sev 50g,Everest Dairy,SNAC-002116,890100530213,Snacks & Confectionery,207,box,35.49,64.08,2027-04-25,Aisle 09,ambient
Low-Sodium Kesar Pista Buffalo Milk 400g,Nature Harvest Organics,DAIR-002117,890100530214,Dairy & Eggs,159,bottle,507.58,933.68,2026-09-06,Aisle 03,chilled
Low-Sodium Kitchen Paper Towels 4-Roll 150ml,Dabur Naturals,HOUS-002118,890100530215,Household & Personal Care,54,pack,374.07,543.88,2028-03-29,Aisle 12,ambient
Cold-Pressed Coconut Cream Strawberries 2kg,Green Earth Plantations,FRES-002119,890100530216,Fresh Produce,192,pack,94.87,132.66,2026-09-05,Aisle 02,chilled
Zero-Sugar Cauliflower 50g,Fortune Kitchens,FRES-002120,890100530217,Fresh Produce,134,bunch,126.37,160.59,2026-09-13,Aisle 01,ambient
Stone-Ground Ayurvedic Bath Soap 400g,Green Earth Kitchens,HOUS-002121,890100530218,Household & Personal Care,40,packet,221.01,407.97,2028-11-23,Aisle 12,ambient
Organic Toned Milk 6-Pack,Amul Farms,DAIR-002122,890100530219,Dairy & Eggs,68,pack,190.29,317.66,2026-08-28,Aisle 02,chilled
Handcrafted Lemon Pepper Raw Wildflower Honey Family Pack,Nilgiri Goods,PANT-002123,890100530220,Pantry & Dry Goods,161,bottle,513.91,912.58,2027-07-16,Aisle 06,ambient
Wildcrafted Mint Lime Pure Jaggery Powder (Gud) 2-Pack,Vedic Fresh Foods,PANT-002124,890100530221,Pantry & Dry Goods,184,bottle,721.65,1305.50,2027-05-18,Aisle 06,ambient
Extra-Virgin Liquid Laundry Detergent 200g,Pashmina Naturals,HOUS-002125,890100530222,Household & Personal Care,77,bottle,106.88,179.96,2028-06-14,Aisle 11,ambient
Farm-Fresh Makhana Crunch Garlic Focaccia 250ml,Amul Organics,BAKE-002126,890100530223,Bakery & Deli,117,box,251.59,396.80,2026-09-05,Aisle 03,ambient
Authentic Surmai Steaks 2L,Nature Harvest Springs,MEAT-002127,890100530224,Meat & Seafood,239,kg,700.56,1250.79,2026-08-30,Aisle 04,chilled
Whole-Grain Bath Tissue 6-Pack 10kg,Dabur Kitchens,HOUS-002128,890100530225,Household & Personal Care,88,pack,319.83,446.41,2027-10-19,Aisle 12,ambient
Premium Ayurvedic Bath Soap Snack Pack,Catch Springs,HOUS-002129,890100530226,Household & Personal Care,246,box,338.22,618.69,2028-10-18,Aisle 12,ambient
Cold-Pressed Pista Almond Paneer Paratha Frozen 2L,Tata Foods,FROZ-002130,890100530227,Frozen Foods,222,box,140.99,198.70,2027-02-08,Aisle 08,frozen
Whole-Grain Toasted Sesame Frozen Samosas 350g,Tata Farms,FROZ-002131,890100530228,Frozen Foods,218,packet,91.08,159.55,2026-08-25,Aisle 09,frozen
Natural Dishwash Gel Lemon Family Pack,Vedic Fresh Agro,HOUS-002132,890100530229,Household & Personal Care,62,tube,304.49,532.35,2027-06-04,Aisle 11,ambient
Spiced Garlic & Herb Oat Milk 750ml,Catch Harvest,DAIR-002133,890100530230,Dairy & Eggs,27,bottle,236.55,311.71,2026-08-24,Aisle 02,chilled
Authentic Truffle Infused Fresh Chicken Curry Cut 200ml,Dabur Dairy,MEAT-002134,890100530231,Meat & Seafood,131,pcs,284.48,413.20,2026-08-31,Aisle 04,chilled
Premium Alphonso Mangoes 6-Pack,Everest Agro,FRES-002135,890100530232,Fresh Produce,12,bag,111.24,186.22,2026-09-04,Aisle 01,chilled
Low-Sodium Smoked Paprika Paneer Paratha Frozen 2kg,Nilgiri Goods,FROZ-002136,890100530233,Frozen Foods,109,box,155.91,231.12,2026-08-28,Aisle 08,frozen
Cold-Pressed Dark Chocolate Organic Rolled Oats 250ml,Royal Indian Dairy,PANT-002137,890100530234,Pantry & Dry Goods,118,jar,488.73,851.61,2026-08-22,Aisle 08,ambient
Free-Range Sona Masoori Rice 750ml,Nilgiri Milling,PANT-002138,890100530235,Pantry & Dry Goods,121,box,180.99,275.55,2026-08-28,Aisle 08,ambient
Organic Ajwain & Jeera Organic Sharbati Atta 150ml,Deccan Kitchens,PANT-002139,890100530236,Pantry & Dry Goods,91,box,146.05,205.26,2028-02-19,Aisle 07,ambient
Royal Truffle Infused Dishwash Gel Lemon 6-Pack,FarmGold Provisions,HOUS-002140,890100530237,Household & Personal Care,108,packet,199.17,345.21,2028-09-28,Aisle 12,ambient
Cured Curd Tub (Dahi) 50g,Nilgiri Naturals,DAIR-002141,890100530238,Dairy & Eggs,45,tub,230.33,362.16,2026-09-04,Aisle 03,chilled
Select Flavored Yogurt 350g,Everest Organics,DAIR-002142,890100530239,Dairy & Eggs,76,pack,244.12,448.06,2026-09-21,Aisle 02,chilled
Spiced Red Chilli & Garlic Amla Juice Pure 150g,Pure Vedic Springs,BEVE-002143,890100530240,Beverages,196,bag,207.00,304.98,2027-02-02,Aisle 06,ambient
Cured Jalapeno Lime Tonic Water Premium 2-Pack,Bhoomi Organics,BEVE-002144,890100530241,Beverages,162,carton,425.56,560.52,2027-05-03,Aisle 06,ambient
Signature Cold Brew Coffee 50g,Dabur Springs,BEVE-002145,890100530242,Beverages,171,bag,66.21,113.00,2026-08-23,Aisle 06,chilled
Raw Garlic & Herb Crab Meat Fresh 1kg,Catch Dairy,MEAT-002146,890100530243,Meat & Seafood,24,pcs,905.41,1133.51,2026-09-02,Aisle 04,chilled
Valley Fresh Tulsi Honey Organic Brown Sugar 24-Pack,Green Earth Foods,PANT-002147,890100530244,Pantry & Dry Goods,41,bag,147.99,265.43,2027-11-08,Aisle 07,ambient
Homestyle Tulsi Honey Extra Virgin Olive Oil 2kg,Patanjali Organics,PANT-002148,890100530245,Pantry & Dry Goods,156,bottle,546.61,837.33,2026-08-28,Aisle 06,ambient
Free-Range Chicken Sausages 12-Pack,Saffola Milling,MEAT-002149,890100530246,Meat & Seafood,244,kg,641.61,1002.74,2026-08-29,Aisle 04,chilled
Cured Coconut Cream Chicken Frankfurters 300g,Tata Mills,BAKE-002150,890100530247,Bakery & Deli,46,pack,307.80,462.76,2026-08-29,Aisle 04,ambient
Whole-Grain Cardamom Spiced Hash Browns 6pk 24-Pack,Tata Goods,FROZ-002151,890100530248,Frozen Foods,84,tub,312.74,494.29,2026-08-15,Aisle 08,frozen
Crisp Wood-Fired Veggie Pizza 12-Pack,Amul Plantations,FROZ-002152,890100530249,Frozen Foods,9,packet,172.45,276.05,2027-05-30,Aisle 09,frozen
Cold-Pressed Sea Salt Pav 6-Pack 250g,Tata Plantations,BAKE-002153,890100530250,Bakery & Deli,147,pack,142.44,198.10,2026-08-29,Aisle 03,ambient
Organic Matcha Green Tea Moong Dal Washed 2L,Patanjali Springs,PANT-002154,890100530251,Pantry & Dry Goods,25,can,344.96,619.32,2026-08-23,Aisle 08,ambient
Valley Fresh Coconut Cream Bottle Gourd (Lauki) 2-Pack,Royal Indian Farms,FRES-002155,890100530252,Fresh Produce,73,pack,61.49,97.10,2026-09-13,Aisle 01,chilled
Premium Parmigiano-Reggiano 1L,Deccan Springs,DAIR-002156,890100530253,Dairy & Eggs,45,carton,271.57,446.63,2026-09-06,Aisle 02,chilled
Handcrafted Dark Chocolate Surmai Steaks 2-Pack,Himalayan Harvest,MEAT-002157,890100530254,Meat & Seafood,216,pack,743.28,1095.60,2026-09-01,Aisle 04,chilled
Smoked Roasted Salted Cashews 10-Pack,Desi Organics Farms,SNAC-002158,890100530255,Snacks & Confectionery,173,pack,155.92,212.61,2026-12-05,Aisle 09,ambient
Handcrafted Jalapeno Lime Floor Disinfectant Pine 500ml,Kaveri Plantations,HOUS-002159,890100530256,Household & Personal Care,64,bottle,131.76,171.89,2027-05-12,Aisle 12,ambient
Signature Vanilla Bean Stainless Steel Scrubber 3pk 5L,Kaveri Agro,HOUS-002160,890100530257,Household & Personal Care,245,pack,294.31,430.24,2028-07-02,Aisle 12,ambient
Cold-Pressed Portobello Mushrooms 1L,Satvik Agro,FRES-002161,890100530258,Fresh Produce,248,kg,114.43,195.34,2026-09-11,Aisle 01,ambient
Pure Pomfret Whole 1.5L,Mother Dairy Foods,MEAT-002162,890100530259,Meat & Seafood,97,kg,829.03,1369.93,2026-09-02,Aisle 04,chilled
Extra-Virgin Flavored Yogurt 150g,Fortune Goods,DAIR-002163,890100530260,Dairy & Eggs,109,pack,226.48,404.34,2026-09-24,Aisle 03,chilled
Farm-Fresh Red Chilli & Garlic Sourdough Loaf 6-Pack,Ganga Botanicals,BAKE-002164,890100530261,Bakery & Deli,148,pcs,185.89,292.51,2026-09-06,Aisle 03,ambient
Rustic Tulsi Honey Tonic Water Premium 200ml,Desi Organics Milling,BEVE-002165,890100530262,Beverages,92,box,354.92,632.26,2027-04-05,Aisle 05,ambient
Country Style Chicken Drumsticks 330ml,Amul Kitchens,MEAT-002166,890100530263,Meat & Seafood,219,pcs,428.49,591.74,2026-09-01,Aisle 05,chilled
Cold-Pressed Sweet Corn Kernels 2kg,Nature Harvest Foods,FROZ-002167,890100530264,Frozen Foods,149,bag,196.81,358.41,2027-06-23,Aisle 09,frozen
Heritage Bagel Plain 4pk 250ml,Nilgiri Kitchens,BAKE-002168,890100530265,Bakery & Deli,162,box,244.14,429.24,2026-08-28,Aisle 04,ambient
Natural Oat Milk Family Pack,Himalayan Dairy,DAIR-002169,890100530266,Dairy & Eggs,86,carton,137.79,238.33,2026-09-23,Aisle 02,chilled
Aged Gourmet Cookies Choco-Chip 250ml,Deccan Provisions,SNAC-002170,890100530267,Snacks & Confectionery,192,packet,58.25,98.52,2027-01-24,Aisle 10,ambient
Stone-Ground Sea Salt French Fries Crispy 200g,Patanjali Plantations,FROZ-002171,890100530268,Frozen Foods,152,box,227.43,338.13,2027-06-23,Aisle 09,frozen
Signature Coconut Cream Bottle Gourd (Lauki) Family Pack,Nilgiri Kitchens,FRES-002172,890100530269,Fresh Produce,156,bag,96.15,155.20,2026-09-17,Aisle 01,chilled
Authentic Hash Browns 6pk 1kg,Fortune Agro,FROZ-002173,890100530270,Frozen Foods,80,packet,80.07,100.12,2027-01-20,Aisle 09,frozen
Gourmet Spicy Peanut Chikki 200g,Organic Tattva Plantations,SNAC-002174,890100530271,Snacks & Confectionery,24,bag,106.56,153.51,2027-05-24,Aisle 09,ambient
Valley Fresh Jalapeno Lime Whole Wheat Atta Bread 5kg,Catch Mills,BAKE-002175,890100530272,Bakery & Deli,41,pack,237.35,428.76,2026-09-06,Aisle 03,chilled
Country Style Catla Fish Steaks 350g,Mother Dairy Milling,MEAT-002176,890100530273,Meat & Seafood,22,kg,880.84,1499.20,2026-09-03,Aisle 05,chilled
Zero-Sugar Truffle Infused Chicken Drumsticks 150g,Pure Vedic Kitchens,MEAT-002177,890100530274,Meat & Seafood,12,pcs,613.78,803.39,2026-08-29,Aisle 05,chilled
Premium Tonic Water Premium 24-Pack,Kaveri Botanicals,BEVE-002178,890100530275,Beverages,106,carton,95.35,137.46,2027-03-16,Aisle 06,chilled
Valley Fresh Alphonso Mango Granola Health Bars 150g,Dabur Plantations,SNAC-002179,890100530276,Snacks & Confectionery,83,pack,126.68,213.33,2027-02-14,Aisle 10,ambient
Wildcrafted Truffle Infused Coconut Milk Canned 250g,Ganga Goods,PANT-002180,890100530277,Pantry & Dry Goods,110,bag,139.82,217.67,2027-03-15,Aisle 08,ambient
Zero-Sugar Himalayan Spring Water 8-Pack,Catch Botanicals,BEVE-002181,890100530278,Beverages,147,bottle,440.60,552.90,2027-01-16,Aisle 05,ambient
Grass-Fed Caramelized Onion California Almonds Snack Pack,Amul Kitchens,SNAC-002182,890100530279,Snacks & Confectionery,216,bag,98.20,152.58,2027-02-08,Aisle 10,ambient
Plant-Based Coconut Cream Feta Cheese 150ml,Desi Organics Mills,DAIR-002183,890100530280,Dairy & Eggs,79,bottle,141.85,223.60,2026-09-08,Aisle 02,chilled
Plant-Based Jalapeno Lime Stainless Steel Scrubber 3pk 2-Pack,Desi Organics Goods,HOUS-002184,890100530281,Household & Personal Care,69,packet,88.22,132.48,2027-07-31,Aisle 11,ambient
Free-Range Mint Lime Atlantic Salmon Fillet 400g,Saffola Milling,MEAT-002185,890100530282,Meat & Seafood,146,pcs,429.58,549.24,2026-08-31,Aisle 05,chilled
Royal Ajwain & Jeera Chana Dal Polished 350g,Satvik Botanicals,PANT-002186,890100530283,Pantry & Dry Goods,194,box,711.66,1029.71,2027-04-02,Aisle 08,ambient
Whole-Grain Toasted Sesame Paneer Paratha Frozen 8-Pack,Patanjali Springs,FROZ-002187,890100530284,Frozen Foods,242,tub,175.26,274.66,2026-08-30,Aisle 08,frozen
Authentic Atlantic Salmon Fillet Snack Pack,FarmGold Plantations,MEAT-002188,890100530285,Meat & Seafood,83,pack,172.62,305.01,2026-08-29,Aisle 05,chilled
Spiced Coconut Cream Chamomile Herbal Tea 24-Pack,Catch Springs,BEVE-002189,890100530286,Beverages,87,pack,299.38,417.61,2026-08-29,Aisle 05,chilled
Artisan Cold Brew Coffee 6-Pack,Urban Roots Dairy,BEVE-002190,890100530287,Beverages,229,box,434.29,667.48,2027-06-13,Aisle 06,chilled
Heritage Pomfret Whole 500g,Dabur Agro,MEAT-002191,890100530288,Meat & Seafood,66,pack,258.01,335.54,2026-09-01,Aisle 05,chilled
Extra-Virgin Liquid Laundry Detergent 12-Pack,FarmGold Mills,HOUS-002192,890100530289,Household & Personal Care,55,bottle,238.65,392.61,2028-06-28,Aisle 11,ambient
Premium Smoked Paprika Garlic Naan Frozen 4pk 10-Pack,Pashmina Farms,FROZ-002193,890100530290,Frozen Foods,208,pack,360.34,556.07,2027-01-04,Aisle 08,frozen
Roasted Golden Ginger Cow Milk 2L,Fortune Plantations,DAIR-002194,890100530291,Dairy & Eggs,178,pack,95.10,130.73,2026-08-28,Aisle 02,chilled
Sun-Dried Frozen Paneer Cubes 1.5L,Bhoomi Organics,FROZ-002195,890100530292,Frozen Foods,206,pack,254.83,417.47,2027-01-21,Aisle 09,frozen
Aged Chicken Keema 12-Pack,Ganga Kitchens,MEAT-002196,890100530293,Meat & Seafood,33,kg,545.85,979.56,2026-08-29,Aisle 05,chilled
Sweet Kashmiri Saffron Fresh Mosambi Juice 750ml,Pashmina Dairy,BEVE-002197,890100530294,Beverages,19,bag,280.24,462.01,2026-08-27,Aisle 05,ambient
Gluten-Free Vanilla Bean Brioche Burger Buns 10-Pack,SunBrite Provisions,BAKE-002198,890100530295,Bakery & Deli,222,pack,231.91,309.90,2026-09-01,Aisle 04,ambient
Roasted Kesar Pista Butter Croissants 6-Pack,Pure Vedic Naturals,BAKE-002199,890100530296,Bakery & Deli,20,pack,182.76,231.83,2026-08-30,Aisle 03,ambient
Unpolished Fish Fingers Frozen 6-Pack,Mother Dairy Agro,FROZ-002200,890100530297,Frozen Foods,166,packet,83.18,129.34,2027-02-10,Aisle 08,frozen
Roasted Red Chilli & Garlic Kulcha 4-Pack Snack Pack,Deccan Springs,BAKE-002201,890100530298,Bakery & Deli,141,box,72.53,130.87,2026-09-05,Aisle 04,ambient
Heritage Kashmiri Saffron Feta Cheese 300g,Kaveri Harvest,DAIR-002202,890100530299,Dairy & Eggs,12,bottle,126.86,220.35,2026-09-11,Aisle 02,chilled
Premium Tulsi Honey Nimbu Paani Soda 200g,Pure Vedic Goods,BEVE-002203,890100530300,Beverages,180,box,331.34,595.02,2027-07-10,Aisle 06,ambient
Smoked Hash Browns 6pk 200g,Everest Springs,FROZ-002204,890100530301,Frozen Foods,216,pack,115.63,196.83,2027-03-12,Aisle 08,frozen
Country Style Mint Lime Pasture Eggs 150g,Catch Goods,DAIR-002205,890100530302,Dairy & Eggs,51,carton,66.73,109.14,2026-09-07,Aisle 02,chilled
Handcrafted Green Peas Fresh 500ml,Himalayan Goods,FRES-002206,890100530303,Fresh Produce,192,pcs,107.13,172.42,2026-09-16,Aisle 01,chilled
Whole-Grain Curd Tub (Dahi) 750ml,Tata Milling,DAIR-002207,890100530304,Dairy & Eggs,63,bottle,519.73,908.79,2026-09-08,Aisle 02,chilled
Valley Fresh Pista Almond Buffalo Milk 200ml,Royal Indian Springs,DAIR-002208,890100530305,Dairy & Eggs,20,bottle,357.06,469.98,2026-08-29,Aisle 03,chilled
Premium Sea Salt Lentils Red Masoor 400g,Royal Indian Organics,PANT-002209,890100530306,Pantry & Dry Goods,19,jar,542.01,841.32,2026-08-25,Aisle 07,ambient
Artisan Toor Dal Premium 2L,Deccan Botanicals,PANT-002210,890100530307,Pantry & Dry Goods,32,bottle,324.38,588.72,2028-01-12,Aisle 08,ambient
Valley Fresh Matcha Green Tea Gouda Block Snack Pack,Desi Organics Milling,DAIR-002211,890100530308,Dairy & Eggs,133,pack,58.15,76.85,2026-08-28,Aisle 02,chilled
Select Mutton Chops 200ml,Patanjali Botanicals,MEAT-002212,890100530309,Meat & Seafood,147,pcs,394.36,661.37,2026-08-28,Aisle 04,chilled
Desi Veg Burger Patties Snack Pack,Urban Roots Goods,FROZ-002213,890100530310,Frozen Foods,164,bag,278.97,381.06,2026-11-17,Aisle 08,frozen
Spiced Broccoli Crowns 2-Pack,Tata Kitchens,FRES-002214,890100530311,Fresh Produce,195,bag,82.12,141.91,2026-09-14,Aisle 01,ambient
Premium Herbal Hand Wash Neem Family Pack,Urban Roots Kitchens,HOUS-002215,890100530312,Household & Personal Care,75,box,54.60,79.33,2028-08-03,Aisle 12,ambient
Gluten-Free Vanilla Bean Espresso Roast Ground Coffee 400g,Deccan Springs,BEVE-002216,890100530313,Beverages,23,pack,228.53,369.83,2026-08-28,Aisle 05,ambient
Authentic Mutton Curry Cut 50g,Pashmina Foods,MEAT-002217,890100530314,Meat & Seafood,203,pack,507.26,742.38,2026-08-30,Aisle 05,chilled
Organic Vanilla Bean Cream Cheese 10kg,Patanjali Co.,DAIR-002218,890100530315,Dairy & Eggs,232,box,171.55,238.28,2026-09-07,Aisle 02,chilled
Zero-Sugar Herbal Hand Wash Neem 5L,Urban Roots Plantations,HOUS-002219,890100530316,Household & Personal Care,23,tube,518.49,890.09,2029-02-27,Aisle 12,ambient
Whole-Grain Truffle Infused Frozen Paneer Cubes 750ml,Desi Organics Milling,FROZ-002220,890100530317,Frozen Foods,235,box,341.77,472.72,2026-12-14,Aisle 08,frozen
Crisp Chatpata Masala Organic Green Tea 500g,Mother Dairy Kitchens,BEVE-002221,890100530318,Beverages,88,bottle,258.96,403.50,2027-06-29,Aisle 05,ambient
Grass-Fed Pista Almond Guava Chilli Juice 10-Pack,Deccan Agro,BEVE-002222,890100530319,Beverages,243,bag,40.95,69.77,2026-08-28,Aisle 06,ambient
Select Nagpur Orange Ladyfinger (Bhindi) 1.5L,Nilgiri Foods,FRES-002223,890100530320,Fresh Produce,96,pack,138.95,210.04,2026-09-01,Aisle 02,ambient
Zero-Sugar Mutton Chops 500ml,Mother Dairy Plantations,MEAT-002224,890100530321,Meat & Seafood,84,pcs,574.21,949.81,2026-09-02,Aisle 04,chilled
Royal Dark Chocolate Buffalo Milk 50g,Satvik Agro,DAIR-002225,890100530322,Dairy & Eggs,16,packet,500.66,816.46,2026-09-13,Aisle 02,chilled
Heritage Extra Virgin Olive Oil 12-Pack,Catch Goods,PANT-002226,890100530323,Pantry & Dry Goods,21,box,299.63,416.61,2027-07-16,Aisle 07,ambient
Pure Smoked Paprika Tiger Prawns Jumbo 8-Pack,Heritage Provisions,MEAT-002227,890100530324,Meat & Seafood,222,kg,711.12,931.06,2026-09-02,Aisle 05,chilled
Smoked Chatpata Masala Frozen Paneer Cubes 400g,Saffola Plantations,FROZ-002228,890100530325,Frozen Foods,20,tub,64.36,92.82,2026-08-29,Aisle 08,frozen
Aged Veg Spring Rolls 5kg,Mother Dairy Milling,FROZ-002229,890100530326,Frozen Foods,74,bag,272.14,408.63,2026-12-14,Aisle 08,frozen
Select Whole Wheat Atta Bread 1L,Vedic Fresh Milling,BAKE-002230,890100530327,Bakery & Deli,147,pack,250.31,377.17,2026-09-08,Aisle 04,ambient
Free-Range Chaash / Buttermilk Value Pack,Royal Indian Foods,DAIR-002231,890100530328,Dairy & Eggs,9,tub,107.60,196.02,2026-09-18,Aisle 02,chilled
Authentic Nagpur Orange Cold Pressed Orange Juice 1kg,Vedic Fresh Co.,BEVE-002232,890100530329,Beverages,110,pack,430.40,616.57,2027-03-06,Aisle 06,ambient
Grass-Fed Toasted Sesame Granola Health Bars 150g,Ganga Agro,SNAC-002233,890100530330,Snacks & Confectionery,240,box,271.05,384.50,2026-08-16,Aisle 09,ambient
Authentic Bananas 200ml,Deccan Plantations,FRES-002234,890100530331,Fresh Produce,127,bunch,108.26,160.21,2026-09-09,Aisle 02,chilled
Smoked Alphonso Mango Brownie Bites Snack Pack,Amul Kitchens,BAKE-002235,890100530332,Bakery & Deli,180,pcs,224.24,411.82,2026-08-30,Aisle 03,ambient
Free-Range Tonic Water Premium 6-Pack,Everest Botanicals,BEVE-002236,890100530333,Beverages,57,carton,262.24,445.88,2026-09-24,Aisle 05,chilled
Golden Fruit Cake Slice 2kg,Deccan Farms,BAKE-002237,890100530334,Bakery & Deli,31,pcs,115.71,176.69,2026-09-07,Aisle 03,ambient
Smoked Nagpur Orange Moong Dal Namkeen 750ml,Urban Roots Agro,SNAC-002238,890100530335,Snacks & Confectionery,247,packet,519.07,909.93,2026-11-11,Aisle 10,ambient
Low-Sodium Sea Salt Roasted Salted Cashews 8-Pack,Heritage Agro,SNAC-002239,890100530336,Snacks & Confectionery,94,pack,377.59,656.77,2026-12-27,Aisle 10,ambient
Country Style Bhujia Sev Snack Pack,Bhoomi Naturals,SNAC-002240,890100530337,Snacks & Confectionery,31,bar,367.24,617.70,2027-06-18,Aisle 09,ambient
Organic Coconut Cream Smoked Chicken Slices 150ml,Tata Plantations,BAKE-002241,890100530338,Bakery & Deli,93,box,305.10,543.23,2026-09-04,Aisle 04,chilled
Cured Toasted Sesame California Almonds 2L,Dabur Organics,SNAC-002242,890100530339,Snacks & Confectionery,54,bar,143.27,181.51,2027-03-16,Aisle 09,ambient
Artisan Caramelized Onion Bamboo Toothbrush 2pk 50g,Urban Roots Mills,HOUS-002243,890100530340,Household & Personal Care,227,bottle,494.54,795.31,2026-08-28,Aisle 11,ambient
Farm-Fresh Ajwain & Jeera Surmai Steaks 100g,Desi Organics Milling,MEAT-002244,890100530341,Meat & Seafood,44,pcs,570.74,916.61,2026-09-02,Aisle 04,chilled
Grass-Fed Makhana Crunch Fresh Chicken Curry Cut Snack Pack,Green Earth Botanicals,MEAT-002245,890100530342,Meat & Seafood,33,pack,329.78,553.95,2026-09-01,Aisle 05,chilled
Crisp Kesar Pista Butter Murukku 750g,Dabur Milling,SNAC-002246,890100530343,Snacks & Confectionery,243,bar,110.20,200.50,2026-08-27,Aisle 10,ambient
Royal Fresh Mosambi Juice 24-Pack,Bhoomi Agro,BEVE-002247,890100530344,Beverages,5,box,264.37,447.04,2027-01-29,Aisle 06,ambient
Pure Vanilla Bean Masala CTC Tea 10kg,Himalayan Provisions,BEVE-002248,890100530345,Beverages,80,box,161.48,274.56,2027-03-31,Aisle 06,ambient
Authentic Sea Salt Floor Disinfectant Pine 24-Pack,Deccan Agro,HOUS-002249,890100530346,Household & Personal Care,95,box,498.35,870.63,2028-04-22,Aisle 11,ambient
Unpolished Jalapeno Lime Green Chillies 4-Pack,Saffola Co.,FRES-002250,890100530347,Fresh Produce,235,kg,79.14,118.78,2026-09-16,Aisle 02,chilled
Natural Catla Fish Steaks 6-Pack,Bhoomi Foods,MEAT-002251,890100530348,Meat & Seafood,18,pack,611.59,908.29,2026-08-29,Aisle 05,chilled
Desi Matcha Green Tea Flavored Yogurt Family Pack,Heritage Goods,DAIR-002252,890100530349,Dairy & Eggs,22,box,82.83,137.93,2026-09-12,Aisle 02,chilled
Country Style Jalapeno Lime Alphonso Kulfi Tub 10kg,Dabur Botanicals,FROZ-002253,890100530350,Frozen Foods,21,packet,153.53,255.31,2026-08-23,Aisle 08,frozen
Sun-Dried Sweet Tamarind Crab Meat Fresh 1kg,Satvik Harvest,MEAT-002254,890100530351,Meat & Seafood,32,kg,541.03,725.91,2026-09-02,Aisle 04,chilled
Select Almond Milk 10-Pack,Ganga Springs,DAIR-002255,890100530352,Dairy & Eggs,129,bottle,361.23,657.33,2026-09-15,Aisle 03,chilled
Authentic Lentils Red Masoor 1.5L,Pure Vedic Organics,PANT-002256,890100530353,Pantry & Dry Goods,129,packet,31.16,57.24,2027-01-05,Aisle 08,ambient
Plant-Based Matcha Green Tea Flavored Yogurt 750g,Patanjali Milling,DAIR-002257,890100530354,Dairy & Eggs,28,tub,417.75,750.29,2026-09-23,Aisle 03,chilled
Premium Coriander Leaves 250g,Heritage Provisions,FRES-002258,890100530355,Fresh Produce,143,kg,120.23,212.57,2026-09-17,Aisle 01,chilled
Natural Fruit Muffins 250g,Everest Mills,BAKE-002259,890100530356,Bakery & Deli,114,box,97.14,175.71,2026-09-06,Aisle 04,ambient
Free-Range Kachi Ghani Mustard Sona Masoori Rice 1L,Pure Vedic Mills,PANT-002260,890100530357,Pantry & Dry Goods,240,can,731.84,1218.95,2027-03-12,Aisle 06,ambient
Whole-Grain Chatpata Masala Bitter Gourd (Karela) 300g,Deccan Harvest,FRES-002261,890100530358,Fresh Produce,16,bag,92.98,140.95,2026-09-13,Aisle 02,ambient
Traditional Lemon Pepper Iced Lemon Tea Snack Pack,SunBrite Goods,BEVE-002262,890100530359,Beverages,97,can,188.06,252.60,2026-08-26,Aisle 06,chilled
Raw Biodegradable Garbage Bags 50g,Pure Vedic Farms,HOUS-002263,890100530360,Household & Personal Care,30,tube,56.31,90.51,2028-02-06,Aisle 11,ambient
Signature Nagpur Orange Crab Meat Fresh 1kg,Urban Roots Plantations,MEAT-002264,890100530361,Meat & Seafood,86,kg,896.69,1492.25,2026-08-29,Aisle 04,chilled
Sun-Dried Ciabatta Roll 400g,Patanjali Mills,BAKE-002265,890100530362,Bakery & Deli,140,pack,302.24,521.13,2026-09-05,Aisle 04,ambient
Roasted Cinnamon Spice Frozen Green Peas 10kg,Pashmina Provisions,FROZ-002266,890100530363,Frozen Foods,240,pack,389.89,547.97,2027-04-22,Aisle 08,frozen
Cold-Pressed Nagpur Orange Goat Mince Premium 2kg,Nilgiri Springs,MEAT-002267,890100530364,Meat & Seafood,219,kg,800.37,1106.76,2026-08-29,Aisle 05,chilled
Gourmet Smoked Paprika Lavash Crackers 500ml,Kaveri Plantations,BAKE-002268,890100530365,Bakery & Deli,22,box,240.56,331.44,2026-09-01,Aisle 03,chilled
Gourmet Bitter Gourd (Karela) 5L,Catch Agro,FRES-002269,890100530366,Fresh Produce,102,bunch,60.03,109.84,2026-09-15,Aisle 01,chilled
Select Rose Infused Mutton Chops 400g,Vedic Fresh Springs,MEAT-002270,890100530367,Meat & Seafood,65,kg,315.63,474.73,2026-08-15,Aisle 05,chilled
Traditional Liquid Laundry Detergent 4-Pack,Kaveri Plantations,HOUS-002271,890100530368,Household & Personal Care,175,tube,279.61,504.49,2028-02-29,Aisle 12,ambient
Royal Garlic Focaccia 400g,Nature Harvest Kitchens,BAKE-002272,890100530369,Bakery & Deli,166,box,96.63,130.32,2026-09-10,Aisle 04,chilled
Natural Ricotta Fresh 150ml,Green Earth Kitchens,DAIR-002273,890100530370,Dairy & Eggs,210,box,259.54,413.85,2026-09-11,Aisle 02,chilled
Grass-Fed Red Chilli & Garlic Boneless Chicken Breast Family Pack,Pashmina Botanicals,MEAT-002274,890100530371,Meat & Seafood,122,kg,946.39,1248.75,2026-09-01,Aisle 05,chilled
Desi Liquid Laundry Detergent Snack Pack,Deccan Milling,HOUS-002275,890100530372,Household & Personal Care,91,tube,101.73,144.39,2029-01-22,Aisle 11,ambient
Royal Vanilla Bean Sparkling Mineral Water 2kg,Everest Provisions,BEVE-002276,890100530373,Beverages,33,can,86.81,142.13,2027-06-15,Aisle 05,ambient
Homestyle Curd Tub (Dahi) 24-Pack,SunBrite Naturals,DAIR-002277,890100530374,Dairy & Eggs,41,tub,445.57,581.05,2026-09-13,Aisle 03,chilled
Country Style Coconut Cream Tender Coconut Water 50g,Heritage Springs,BEVE-002278,890100530375,Beverages,44,box,36.29,61.41,2026-09-18,Aisle 06,ambient
Cured Biodegradable Garbage Bags 12-Pack,Amul Harvest,HOUS-002279,890100530376,Household & Personal Care,241,box,216.12,396.37,2028-03-17,Aisle 11,ambient
Golden Ajwain & Jeera Sweet Corn Kernels 200g,Nature Harvest Milling,FROZ-002280,890100530377,Frozen Foods,238,tub,145.50,220.07,2027-03-02,Aisle 09,frozen
Raw Tandoori Smoked Paneer Block 24-Pack,Green Earth Plantations,DAIR-002281,890100530378,Dairy & Eggs,232,packet,241.43,383.78,2026-09-10,Aisle 03,chilled
Unpolished Lemon Pepper Mozzarella Shredded 250ml,Organic Tattva Agro,DAIR-002282,890100530379,Dairy & Eggs,71,box,374.54,679.35,2026-08-20,Aisle 03,chilled
Desi Tandoori Smoked Biodegradable Garbage Bags 50g,Kaveri Goods,HOUS-002283,890100530380,Household & Personal Care,15,packet,37.54,47.43,2027-12-26,Aisle 11,ambient
Free-Range Fabric Softener Floral 1kg,Dabur Organics,HOUS-002284,890100530381,Household & Personal Care,86,box,219.13,373.22,2028-11-11,Aisle 12,ambient
Farm-Fresh Tandoori Smoked Lemons 2L,Mother Dairy Co.,FRES-002285,890100530382,Fresh Produce,229,bag,19.53,26.58,2026-09-11,Aisle 02,ambient
Roasted Filter Coffee Beans 400g,Satvik Naturals,BEVE-002286,890100530383,Beverages,125,bag,40.73,54.40,2027-03-17,Aisle 05,ambient
Homestyle Vanilla Bean Jeera Masala Soda 1kg,Fortune Provisions,BEVE-002287,890100530384,Beverages,64,bag,145.14,225.97,2027-02-24,Aisle 05,ambient
Organic Dark Chocolate Gulab Jamun Tin 250ml,Desi Organics Dairy,SNAC-002288,890100530385,Snacks & Confectionery,68,tub,421.12,560.77,2027-05-18,Aisle 09,ambient
Farm-Fresh Tulsi Honey Frozen Paneer Cubes 8-Pack,Dabur Agro,FROZ-002289,890100530386,Frozen Foods,149,packet,276.32,497.77,2026-10-30,Aisle 09,frozen
Handcrafted Ajwain & Jeera Tonic Water Premium 5kg,Desi Organics Organics,BEVE-002290,890100530387,Beverages,92,can,390.65,715.90,2026-08-27,Aisle 05,ambient
Desi Kesar Pista Granola Health Bars 50g,Mother Dairy Goods,SNAC-002291,890100530388,Snacks & Confectionery,183,packet,171.55,278.52,2027-02-11,Aisle 10,ambient
Roasted Smoked Paprika Pita Bread 200ml,Ganga Farms,BAKE-002292,890100530389,Bakery & Deli,35,pack,89.56,160.08,2026-09-04,Aisle 03,ambient
Cured Stainless Steel Scrubber 3pk 12-Pack,Saffola Provisions,HOUS-002293,890100530390,Household & Personal Care,168,pack,157.85,222.56,2027-07-05,Aisle 11,ambient
Free-Range Rose Infused Cream Cheese 350g,Tata Goods,DAIR-002294,890100530391,Dairy & Eggs,36,box,386.39,493.20,2026-09-22,Aisle 03,chilled
Desi Cardamom Spiced California Almonds 5kg,Urban Roots Harvest,SNAC-002295,890100530392,Snacks & Confectionery,141,packet,413.78,752.98,2026-10-22,Aisle 10,ambient
Crisp Himalayan Spring Water 400g,Pashmina Naturals,BEVE-002296,890100530393,Beverages,204,box,133.49,196.52,2026-08-22,Aisle 05,chilled
Artisan Iced Lemon Tea Family Pack,Vedic Fresh Harvest,BEVE-002297,890100530394,Beverages,10,pack,97.44,137.31,2027-07-13,Aisle 05,chilled
Artisan Malai Kulfi Bar 1.5L,Everest Botanicals,FROZ-002298,890100530395,Frozen Foods,33,pack,326.81,590.48,2026-11-03,Aisle 08,frozen
Roasted Greek Yogurt 5kg,Kaveri Agro,DAIR-002299,890100530396,Dairy & Eggs,72,box,392.44,700.54,2026-09-13,Aisle 03,chilled
Plant-Based Makhana Crunch Frozen Veg Momos 500g,Tata Naturals,FROZ-002300,890100530397,Frozen Foods,202,bag,327.41,497.09,2026-08-29,Aisle 08,frozen
Plant-Based Squid Rings Cleaned 2L,Saffola Milling,MEAT-002301,890100530398,Meat & Seafood,67,pcs,309.16,389.47,2026-08-28,Aisle 05,chilled
Handcrafted Red Chilli & Garlic Ladyfinger (Bhindi) 1L,Heritage Milling,FRES-002302,890100530399,Fresh Produce,38,pack,82.73,139.46,2026-09-03,Aisle 01,chilled
Stone-Ground Sweet Tamarind Ginger Kombucha 4-Pack,Organic Tattva Goods,BEVE-002303,890100530400,Beverages,106,bottle,281.78,371.21,2026-10-05,Aisle 05,chilled
Grass-Fed Guavas 250g,Mother Dairy Organics,FRES-002304,890100530401,Fresh Produce,250,bunch,15.89,23.66,2026-09-05,Aisle 02,chilled
Gluten-Free Mutton Curry Cut 5L,Vedic Fresh Dairy,MEAT-002305,890100530402,Meat & Seafood,206,kg,653.11,995.19,2026-09-03,Aisle 05,chilled
Free-Range Garlic & Herb Kulcha 4-Pack 5kg,Everest Agro,BAKE-002306,890100530403,Bakery & Deli,5,box,179.12,274.96,2026-09-02,Aisle 03,ambient
Cold-Pressed Sweet Tamarind Paneer Block 1L,Dabur Co.,DAIR-002307,890100530404,Dairy & Eggs,227,pack,243.73,415.43,2026-09-26,Aisle 03,chilled
Rustic Makhana Crunch Soan Papdi Box 2L,Himalayan Foods,SNAC-002308,890100530405,Snacks & Confectionery,151,tub,142.30,198.70,2026-12-02,Aisle 09,ambient
Cured Lemon Pepper Squid Rings Cleaned 5kg,Saffola Naturals,MEAT-002309,890100530406,Meat & Seafood,125,pcs,386.83,609.44,2026-08-30,Aisle 05,chilled
Traditional Pure Jaggery Powder (Gud) 750ml,Tata Agro,PANT-002310,890100530407,Pantry & Dry Goods,74,bottle,431.91,608.61,2028-08-01,Aisle 08,ambient
Sweet Kokum Sharbat 250ml,Amul Harvest,BEVE-002311,890100530408,Beverages,220,carton,404.14,624.36,2026-11-06,Aisle 05,chilled
Roasted Kachi Ghani Mustard Pomfret Whole 4-Pack,SunBrite Goods,MEAT-002312,890100530409,Meat & Seafood,182,kg,144.00,263.15,2026-09-02,Aisle 05,chilled
Crisp Sea Salt Ladyfinger (Bhindi) 750ml,Catch Kitchens,FRES-002313,890100530410,Fresh Produce,99,bunch,89.25,155.41,2026-09-13,Aisle 01,chilled
Whole-Grain Coconut Cream Alphonso Kulfi Tub 24-Pack,Ganga Organics,FROZ-002314,890100530411,Frozen Foods,33,box,398.20,581.73,2026-08-23,Aisle 08,frozen
Raw Alphonso Mango Rawa Sooji 5L,Nature Harvest Co.,PANT-002315,890100530412,Pantry & Dry Goods,110,can,504.40,691.93,2027-08-25,Aisle 08,ambient
Spiced Brownie Bites 2kg,Ganga Organics,BAKE-002316,890100530413,Bakery & Deli,126,pack,219.06,327.41,2026-08-31,Aisle 04,ambient
Cured Tulsi Honey Tender Coconut Water 330ml,Catch Plantations,BEVE-002317,890100530414,Beverages,218,can,447.52,667.63,2027-08-21,Aisle 06,ambient
Rustic Tulsi Honey Garlic Naan Frozen 4pk 8-Pack,Urban Roots Milling,FROZ-002318,890100530415,Frozen Foods,80,pack,409.39,554.75,2027-01-14,Aisle 08,frozen
Sweet Organic Brown Sugar 500g,Patanjali Kitchens,PANT-002319,890100530416,Pantry & Dry Goods,176,jar,130.17,195.71,2028-07-29,Aisle 06,ambient
Cold-Pressed Red Chilli & Garlic Masala CTC Tea Value Pack,Tata Organics,BEVE-002320,890100530417,Beverages,245,can,356.33,550.18,2026-11-26,Aisle 06,ambient
Extra-Virgin Mosquito Vaporizer Refill 50g,Patanjali Springs,HOUS-002321,890100530418,Household & Personal Care,197,pack,464.64,693.48,2028-02-04,Aisle 11,ambient
Roasted Smoked Paprika Cashew Paste Curry Base 4-Pack,Everest Harvest,PANT-002322,890100530419,Pantry & Dry Goods,80,can,74.76,137.94,2027-01-30,Aisle 07,ambient
Extra-Virgin Jalapeno Lime Pomfret Whole 2-Pack,SunBrite Milling,MEAT-002323,890100530420,Meat & Seafood,233,pcs,820.51,1420.03,2026-08-29,Aisle 05,chilled
Organic Caramelized Onion Green Chillies 250ml,Bhoomi Provisions,FRES-002324,890100530421,Fresh Produce,178,pcs,84.76,123.64,2026-09-10,Aisle 02,ambient
Grass-Fed Chatpata Masala Brioche Burger Buns 1kg,Organic Tattva Milling,BAKE-002325,890100530422,Bakery & Deli,106,box,183.93,320.45,2026-09-07,Aisle 04,ambient
Artisan Edamame Pods 250g,Bhoomi Dairy,FROZ-002326,890100530423,Frozen Foods,165,bag,241.27,406.14,2026-12-11,Aisle 08,frozen
Sun-Dried Herbal Hand Wash Neem 300g,Ganga Dairy,HOUS-002327,890100530424,Household & Personal Care,49,box,377.46,502.90,2026-08-19,Aisle 12,ambient
Handcrafted Green Peas Fresh 150g,Amul Agro,FRES-002328,890100530425,Fresh Produce,89,pcs,55.40,84.60,2026-08-29,Aisle 02,chilled
Low-Sodium Iced Lemon Tea 500ml,Organic Tattva Botanicals,BEVE-002329,890100530426,Beverages,237,bottle,344.96,490.08,2027-05-14,Aisle 05,ambient
Heritage Moong Dal Namkeen 24-Pack,Bhoomi Dairy,SNAC-002330,890100530427,Snacks & Confectionery,240,box,49.18,73.31,2027-02-04,Aisle 09,ambient
Sun-Dried 70% Dark Chocolate Bar 500ml,Ganga Farms,SNAC-002331,890100530428,Snacks & Confectionery,221,pack,51.12,82.71,2026-12-25,Aisle 09,ambient
Country Style Golden Ginger Strawberries 1kg,Bhoomi Goods,FRES-002332,890100530429,Fresh Produce,211,bunch,15.02,19.42,2026-09-11,Aisle 02,chilled
Raw Baby Spinach 10-Pack,Kaveri Milling,FRES-002333,890100530430,Fresh Produce,248,pack,71.86,121.01,2026-09-02,Aisle 02,ambient
Raw Smoked Paprika Gulab Jamun Tin 500g,FarmGold Springs,SNAC-002334,890100530431,Snacks & Confectionery,24,pack,123.64,220.26,2027-02-14,Aisle 10,ambient
Select Makhana Crunch Tiger Prawns Jumbo Value Pack,Tata Foods,MEAT-002335,890100530432,Meat & Seafood,100,kg,196.41,334.48,2026-09-02,Aisle 04,chilled
Select Alphonso Mango Mixed Berries Frozen 350g,Heritage Milling,FROZ-002336,890100530433,Frozen Foods,93,box,296.45,469.09,2027-05-14,Aisle 08,frozen
Gluten-Free Makhana Crunch Toor Dal Premium 500g,Royal Indian Co.,PANT-002337,890100530434,Pantry & Dry Goods,162,bottle,37.14,63.48,2028-06-13,Aisle 08,ambient
Select Floor Disinfectant Pine 2kg,Kaveri Foods,HOUS-002338,890100530435,Household & Personal Care,211,tube,209.50,371.57,2027-06-08,Aisle 11,ambient
Smoked Pista Almond French Fries Crispy 50g,Fortune Goods,FROZ-002339,890100530436,Frozen Foods,249,bag,56.56,72.46,2027-05-05,Aisle 08,frozen
Cold-Pressed Truffle Infused Apple Cider Vinegar Drink 250g,Satvik Agro,BEVE-002340,890100530437,Beverages,20,pack,207.09,312.33,2026-10-05,Aisle 06,ambient
Grass-Fed Kitchen Paper Towels 4-Roll 8-Pack,Pure Vedic Harvest,HOUS-002341,890100530438,Household & Personal Care,75,box,574.76,740.69,2028-11-11,Aisle 11,ambient
Aged Sea Salt Garlic Focaccia 250g,Desi Organics Foods,BAKE-002342,890100530439,Bakery & Deli,196,pack,171.10,248.73,2026-09-08,Aisle 03,chilled
Country Style Dark Chocolate Himalayan Spring Water 1kg,Ganga Goods,BEVE-002343,890100530440,Beverages,121,pack,127.79,187.14,2027-03-30,Aisle 06,chilled
Handcrafted Lemon Pepper Mishri Mawa 2L,Royal Indian Agro,DAIR-002344,890100530441,Dairy & Eggs,82,carton,315.37,537.28,2026-09-15,Aisle 02,chilled
Rustic Hash Browns 6pk 100g,Dabur Naturals,FROZ-002345,890100530442,Frozen Foods,32,box,279.63,416.55,2027-01-20,Aisle 08,frozen
Authentic Amla Juice Pure Value Pack,Satvik Provisions,BEVE-002346,890100530443,Beverages,248,carton,148.64,197.67,2026-10-24,Aisle 06,ambient
Authentic Green Peas Fresh 6-Pack,Green Earth Co.,FRES-002347,890100530444,Fresh Produce,144,pcs,151.88,250.10,2026-09-10,Aisle 01,ambient
Free-Range Raw Wildflower Honey 12-Pack,Saffola Naturals,PANT-002348,890100530445,Pantry & Dry Goods,57,bottle,701.94,1100.43,2027-07-22,Aisle 07,ambient
Valley Fresh Kashmiri Saffron Carrots 2kg,Ganga Goods,FRES-002349,890100530446,Fresh Produce,190,pack,42.87,75.20,2026-09-08,Aisle 02,ambient
Cured Tandoori Smoked Cow Milk 750g,Satvik Kitchens,DAIR-002350,890100530447,Dairy & Eggs,35,bottle,373.03,640.80,2026-09-25,Aisle 03,chilled
Low-Sodium Veg Burger Patties 8-Pack,Vedic Fresh Goods,FROZ-002351,890100530448,Frozen Foods,114,pack,68.63,94.30,2027-05-29,Aisle 09,frozen
Low-Sodium Makhana Crunch Chana Dal Polished 8-Pack,Nature Harvest Naturals,PANT-002352,890100530449,Pantry & Dry Goods,218,jar,50.38,83.47,2027-07-06,Aisle 07,ambient
Premium Golden Ginger Penne Rigate Pasta Family Pack,Saffola Naturals,PANT-002353,890100530450,Pantry & Dry Goods,78,bottle,53.06,84.41,2028-02-27,Aisle 08,ambient
Unpolished Lemon Pepper Shampoo Anti-Dandruff 100g,SunBrite Plantations,HOUS-002354,890100530451,Household & Personal Care,215,bottle,264.69,464.01,2027-04-28,Aisle 12,ambient
Natural Mishri Mawa 500g,Everest Botanicals,DAIR-002355,890100530452,Dairy & Eggs,110,bottle,458.03,670.37,2026-09-05,Aisle 03,chilled
Premium Toor Dal Premium 10-Pack,Heritage Foods,PANT-002356,890100530453,Pantry & Dry Goods,222,packet,646.23,1027.09,2028-05-18,Aisle 06,ambient
Roasted Filter Coffee Beans 6-Pack,Himalayan Kitchens,BEVE-002357,890100530454,Beverages,55,pack,288.25,436.85,2026-11-10,Aisle 06,chilled
Select Masala Chai Urad Dal Whole 12-Pack,Green Earth Co.,PANT-002358,890100530455,Pantry & Dry Goods,5,jar,357.79,483.47,2028-03-02,Aisle 08,ambient
Heritage Truffle Infused Edamame Pods 12-Pack,Deccan Farms,FROZ-002359,890100530456,Frozen Foods,28,box,374.22,658.53,2026-08-21,Aisle 09,frozen
Plant-Based Tandoori Smoked Apples 2kg,Green Earth Harvest,FRES-002360,890100530457,Fresh Produce,156,kg,84.34,155.22,2026-09-12,Aisle 01,ambient
Valley Fresh Mint Lime Granola Health Bars 250ml,Bhoomi Co.,SNAC-002361,890100530458,Snacks & Confectionery,113,bag,133.68,187.58,2026-11-06,Aisle 10,ambient
Desi Mosquito Vaporizer Refill 2kg,Amul Milling,HOUS-002362,890100530459,Household & Personal Care,46,packet,590.17,842.56,2028-12-06,Aisle 12,ambient
Plant-Based Toasted Sesame Guavas 750ml,Heritage Mills,FRES-002363,890100530460,Fresh Produce,182,bunch,46.22,76.64,2026-09-03,Aisle 01,ambient
Wildcrafted Diet Mixture Namkeen 750g,SunBrite Goods,SNAC-002364,890100530461,Snacks & Confectionery,206,packet,473.39,662.54,2027-06-23,Aisle 10,ambient
Royal Brownie Bites 6-Pack,Saffola Provisions,BAKE-002365,890100530462,Bakery & Deli,33,box,290.68,496.33,2026-08-30,Aisle 03,ambient
Farm-Fresh Garlic & Herb Cheese Croissant 5kg,Bhoomi Springs,BAKE-002366,890100530463,Bakery & Deli,181,pack,300.99,517.56,2026-09-06,Aisle 03,chilled
Country Style Kachi Ghani Mustard Green Peas Fresh 1.5L,Urban Roots Farms,FRES-002367,890100530464,Fresh Produce,183,pcs,112.59,206.59,2026-09-13,Aisle 02,ambient
Raw Boneless Chicken Breast 200ml,Bhoomi Botanicals,MEAT-002368,890100530465,Meat & Seafood,106,kg,413.03,751.54,2026-08-31,Aisle 04,chilled
Gourmet Kachi Ghani Mustard Bitter Gourd (Karela) 50g,Desi Organics Botanicals,FRES-002369,890100530466,Fresh Produce,18,kg,92.24,154.32,2026-09-16,Aisle 02,ambient
Premium Truffle Infused Tiger Prawns Jumbo 350g,Bhoomi Naturals,MEAT-002370,890100530467,Meat & Seafood,50,kg,172.39,282.89,2026-09-03,Aisle 05,chilled
Smoked Lentils Red Masoor 250ml,Organic Tattva Milling,PANT-002371,890100530468,Pantry & Dry Goods,128,can,122.85,164.80,2027-04-16,Aisle 06,ambient
Cold-Pressed Cinnamon Spice Surface Floor Cleaner Rose 1.5L,Catch Kitchens,HOUS-002372,890100530469,Household & Personal Care,8,tube,99.71,176.11,2027-03-07,Aisle 12,ambient
Royal Mutton Curry Cut 100g,Saffola Foods,MEAT-002373,890100530470,Meat & Seafood,219,kg,842.15,1325.17,2026-08-30,Aisle 05,chilled
Smoked Matcha Green Tea Salted Butter 500g,Pashmina Dairy,DAIR-002374,890100530471,Dairy & Eggs,177,pack,402.56,586.77,2026-09-16,Aisle 02,chilled
Country Style Chatpata Masala Kaju Katli Sweet Box Snack Pack,Nature Harvest Plantations,SNAC-002375,890100530472,Snacks & Confectionery,16,bar,121.11,219.85,2027-04-10,Aisle 10,ambient
Cold-Pressed Palak Leaves 150ml,Dabur Kitchens,FRES-002376,890100530473,Fresh Produce,7,pack,97.82,138.33,2026-09-16,Aisle 01,chilled
Organic Bamboo Toothbrush 2pk 50g,Ganga Mills,HOUS-002377,890100530474,Household & Personal Care,168,pack,311.39,474.29,2028-12-05,Aisle 11,ambient
Gluten-Free Hash Browns 6pk 300g,Vedic Fresh Springs,FROZ-002378,890100530475,Frozen Foods,99,box,177.61,252.57,2026-10-29,Aisle 08,frozen
Handcrafted Rawa Sooji 150ml,Satvik Dairy,PANT-002379,890100530476,Pantry & Dry Goods,158,bag,201.41,301.87,2027-08-04,Aisle 08,ambient
Stone-Ground Tandoori Smoked Desi Cow Ghee 100g,Nilgiri Foods,DAIR-002380,890100530477,Dairy & Eggs,184,carton,268.37,429.30,2026-09-12,Aisle 03,chilled
Cold-Pressed Coconut Milk Canned Value Pack,FarmGold Dairy,PANT-002381,890100530478,Pantry & Dry Goods,157,jar,162.59,237.99,2028-05-12,Aisle 07,ambient
Select Kaju Katli Sweet Box 5kg,Desi Organics Organics,SNAC-002382,890100530479,Snacks & Confectionery,192,bag,199.93,342.73,2027-01-08,Aisle 10,ambient
Handcrafted Squid Rings Cleaned 12-Pack,Nature Harvest Goods,MEAT-002383,890100530480,Meat & Seafood,95,kg,207.86,339.91,2026-09-03,Aisle 04,chilled
Heritage Ajwain & Jeera Brownie Bites 330ml,Catch Mills,BAKE-002384,890100530481,Bakery & Deli,152,pack,82.18,128.15,2026-09-07,Aisle 04,chilled
Extra-Virgin Vanilla Bean Coconut Milk Canned 750ml,Organic Tattva Farms,PANT-002385,890100530482,Pantry & Dry Goods,156,box,434.22,546.21,2028-05-27,Aisle 06,ambient
Valley Fresh Surmai Steaks 6-Pack,Pashmina Provisions,MEAT-002386,890100530483,Meat & Seafood,104,kg,372.18,650.79,2026-09-02,Aisle 04,chilled
Spiced Himalayan Spring Water 350g,Desi Organics Organics,BEVE-002387,890100530484,Beverages,173,bag,182.59,306.91,2026-10-07,Aisle 06,ambient
Wildcrafted French Fries Crispy 10kg,Amul Kitchens,FROZ-002388,890100530485,Frozen Foods,47,tub,162.14,207.50,2027-04-08,Aisle 09,frozen
Golden Jalapeno Lime Lassi Mango Infused Family Pack,Fortune Agro,DAIR-002389,890100530486,Dairy & Eggs,150,pack,384.84,652.72,2026-09-23,Aisle 03,chilled
Farm-Fresh Kashmiri Saffron Surface Floor Cleaner Rose 150ml,Organic Tattva Goods,HOUS-002390,890100530487,Household & Personal Care,180,tube,542.87,788.23,2028-02-04,Aisle 11,ambient
Royal Cinnamon Spice Tender Coconut Water 4-Pack,Ganga Organics,BEVE-002391,890100530488,Beverages,52,bottle,251.82,433.74,2026-10-15,Aisle 05,ambient
Country Style Matcha Green Tea Mutton Chops 350g,Royal Indian Provisions,MEAT-002392,890100530489,Meat & Seafood,149,pack,838.45,1337.13,2026-08-27,Aisle 04,chilled
Raw Roasted Salted Cashews 350g,Everest Co.,SNAC-002393,890100530490,Snacks & Confectionery,23,box,254.41,337.50,2027-02-02,Aisle 09,ambient
Gluten-Free Tandoori Smoked Tender Coconut Water 10kg,Heritage Provisions,BEVE-002394,890100530491,Beverages,145,bottle,441.05,665.04,2026-12-17,Aisle 05,ambient
Aged Cinnamon Spice Roasted Makhana Foxnuts 12-Pack,Fortune Co.,SNAC-002395,890100530492,Snacks & Confectionery,10,tub,336.71,485.80,2027-06-22,Aisle 10,ambient
Farm-Fresh Mint Lime Urad Dal Whole 8-Pack,Vedic Fresh Botanicals,PANT-002396,890100530493,Pantry & Dry Goods,233,can,654.01,1154.77,2027-12-03,Aisle 07,ambient
Select Red Onions 200ml,Nature Harvest Naturals,FRES-002397,890100530494,Fresh Produce,79,kg,30.42,44.59,2026-09-09,Aisle 01,chilled
Traditional Tandoori Smoked Mixed Berries Frozen 5L,Mother Dairy Co.,FROZ-002398,890100530495,Frozen Foods,21,packet,46.64,62.91,2027-07-26,Aisle 08,frozen
Zero-Sugar Soan Papdi Box 10-Pack,Heritage Plantations,SNAC-002399,890100530496,Snacks & Confectionery,179,pack,526.28,672.23,2026-08-27,Aisle 09,ambient
Stone-Ground Atlantic Salmon Fillet 400g,Everest Farms,MEAT-002400,890100530497,Meat & Seafood,153,pcs,691.03,1025.93,2026-08-25,Aisle 05,chilled
Homestyle Golden Ginger Chicken Keema 1.5L,Ganga Milling,MEAT-002401,890100530498,Meat & Seafood,122,pcs,200.42,301.39,2026-09-02,Aisle 05,chilled
Organic Rusk Toast 300g,Deccan Springs,BAKE-002402,890100530499,Bakery & Deli,154,pack,159.41,241.27,2026-08-29,Aisle 04,ambient
Artisan Ayurvedic Bath Soap 10kg,Saffola Foods,HOUS-002403,890100530500,Household & Personal Care,226,tube,486.99,660.78,2027-08-10,Aisle 11,ambient
Authentic Garlic Naan Frozen 4pk 2-Pack,Pure Vedic Milling,FROZ-002404,890100530501,Frozen Foods,150,packet,91.22,124.76,2026-08-24,Aisle 08,frozen
Zero-Sugar Truffle Infused Guavas 750g,Deccan Foods,FRES-002405,890100530502,Fresh Produce,160,pcs,68.12,114.18,2026-09-12,Aisle 01,ambient
Homestyle French Fries Crispy 150g,Patanjali Harvest,FROZ-002406,890100530503,Frozen Foods,172,packet,91.05,119.77,2027-02-16,Aisle 09,frozen
Premium Guavas 350g,Bhoomi Goods,FRES-002407,890100530504,Fresh Produce,9,pack,112.73,143.91,2026-09-17,Aisle 01,chilled
Heritage Kachi Ghani Mustard Butter Croissants 500g,Desi Organics Naturals,BAKE-002408,890100530505,Bakery & Deli,86,pack,147.81,250.79,2026-09-10,Aisle 04,chilled
Gourmet Kesar Pista Strawberries 10kg,Catch Plantations,FRES-002409,890100530506,Fresh Produce,31,bag,151.53,267.62,2026-09-06,Aisle 01,chilled
Golden Makhana Crunch Veg Burger Patties 330ml,Bhoomi Farms,FROZ-002410,890100530507,Frozen Foods,103,pack,181.41,274.79,2026-08-29,Aisle 08,frozen
Gluten-Free Garlic & Herb Salted Butter 12-Pack,Deccan Springs,DAIR-002411,890100530508,Dairy & Eggs,232,packet,117.03,213.17,2026-09-01,Aisle 02,chilled
Signature Goat Mince Premium 5kg,Nilgiri Goods,MEAT-002412,890100530509,Meat & Seafood,73,kg,610.73,872.51,2026-09-02,Aisle 04,chilled
Raw Tulsi Honey Soan Papdi Box 5L,Heritage Organics,SNAC-002413,890100530510,Snacks & Confectionery,180,packet,243.72,413.57,2027-04-21,Aisle 09,ambient
Select Buffalo Milk 8-Pack,Desi Organics Milling,DAIR-002414,890100530511,Dairy & Eggs,224,pack,245.53,432.98,2026-09-23,Aisle 03,chilled
Roasted Fruit Muffins 10-Pack,Deccan Co.,BAKE-002415,890100530512,Bakery & Deli,120,pcs,158.35,239.50,2026-08-29,Aisle 03,chilled
Rustic Rose Infused Veg Burger Patties 250g,Fortune Botanicals,FROZ-002416,890100530513,Frozen Foods,54,tub,370.44,482.54,2027-05-21,Aisle 09,frozen
Golden Toasted Sesame Oranges Nagpur 5kg,Everest Foods,FRES-002417,890100530514,Fresh Produce,206,kg,125.73,230.65,2026-08-19,Aisle 02,chilled
Organic Lemon Pepper Cinnamon Swirl Buns 200g,Ganga Kitchens,BAKE-002418,890100530515,Bakery & Deli,47,pcs,280.16,433.67,2026-09-01,Aisle 04,ambient
Wildcrafted Caramelized Onion Fresh Mint (Pudina) 2kg,Nilgiri Farms,FRES-002419,890100530516,Fresh Produce,9,kg,130.06,230.11,2026-09-16,Aisle 02,ambient
Handcrafted Blueberries 6-Pack,Kaveri Foods,FRES-002420,890100530517,Fresh Produce,208,bunch,128.93,180.98,2026-09-02,Aisle 02,ambient
Premium Mosquito Vaporizer Refill 10kg,Everest Goods,HOUS-002421,890100530518,Household & Personal Care,111,packet,336.67,562.78,2028-04-19,Aisle 12,ambient
Desi Herbal Hand Wash Neem 50g,Green Earth Harvest,HOUS-002422,890100530519,Household & Personal Care,144,packet,275.65,389.87,2027-10-20,Aisle 11,ambient
Unpolished Granola Health Bars 250g,Satvik Agro,SNAC-002423,890100530520,Snacks & Confectionery,247,box,422.10,707.55,2027-03-01,Aisle 09,ambient
Wildcrafted Mint Lime Chamomile Herbal Tea 2-Pack,Deccan Kitchens,BEVE-002424,890100530521,Beverages,137,can,50.73,64.08,2027-05-22,Aisle 06,chilled
Royal Garlic & Herb Atlantic Salmon Fillet 750ml,SunBrite Naturals,MEAT-002425,890100530522,Meat & Seafood,248,pack,498.74,855.96,2026-08-18,Aisle 05,chilled
Sweet Tulsi Honey Bagel Plain 4pk 6-Pack,Desi Organics Goods,BAKE-002426,890100530523,Bakery & Deli,6,box,28.68,38.53,2026-08-28,Aisle 03,ambient
Natural Jalapeno Lime Roasted Makhana Foxnuts 5L,Green Earth Harvest,SNAC-002427,890100530524,Snacks & Confectionery,39,pack,180.61,332.57,2027-03-21,Aisle 09,ambient
Sweet Tiger Prawns Jumbo 10-Pack,Nilgiri Naturals,MEAT-002428,890100530525,Meat & Seafood,28,pack,223.31,340.74,2026-09-01,Aisle 05,chilled
Plant-Based Dark Chocolate Ladyfinger (Bhindi) 1kg,Mother Dairy Kitchens,FRES-002429,890100530526,Fresh Produce,54,kg,71.27,109.60,2026-09-05,Aisle 02,chilled
Crisp Butter Croissants 2L,Patanjali Goods,BAKE-002430,890100530527,Bakery & Deli,114,pcs,261.85,481.49,2026-09-09,Aisle 04,ambient
Stone-Ground Jalapeno Lime Clove & Mint Toothpaste 10-Pack,Dabur Springs,HOUS-002431,890100530528,Household & Personal Care,83,pack,32.84,58.53,2029-03-10,Aisle 12,ambient
Aged Garlic & Herb Fresh Mint (Pudina) 1.5L,SunBrite Co.,FRES-002432,890100530529,Fresh Produce,239,bunch,33.36,56.26,2026-08-28,Aisle 01,chilled
Cured Extra Virgin Olive Oil 4-Pack,Heritage Farms,PANT-002433,890100530530,Pantry & Dry Goods,13,bottle,694.14,1275.14,2027-01-06,Aisle 07,ambient
Gourmet Tulsi Honey Toned Milk 2-Pack,Tata Botanicals,DAIR-002434,890100530531,Dairy & Eggs,242,tub,60.27,84.51,2026-09-07,Aisle 02,chilled
Natural Bananas 400g,Nilgiri Agro,FRES-002435,890100530532,Fresh Produce,250,bunch,62.92,93.83,2026-08-31,Aisle 01,ambient
Zero-Sugar Toasted Sesame Ginger Root 2kg,Catch Foods,FRES-002436,890100530533,Fresh Produce,67,kg,109.21,178.93,2026-09-03,Aisle 02,chilled
Desi Bamboo Toothbrush 2pk 12-Pack,Fortune Mills,HOUS-002437,890100530534,Household & Personal Care,168,packet,407.60,683.66,2028-04-11,Aisle 12,ambient
Free-Range Rusk Toast Value Pack,SunBrite Provisions,BAKE-002438,890100530535,Bakery & Deli,214,pack,56.25,93.07,2026-09-10,Aisle 03,ambient
Pure Garlic & Herb Desi Cow Ghee 4-Pack,Tata Botanicals,DAIR-002439,890100530536,Dairy & Eggs,241,packet,405.59,729.37,2026-09-17,Aisle 02,chilled
Grass-Fed French Fries Crispy 1kg,Kaveri Dairy,FROZ-002440,890100530537,Frozen Foods,34,box,361.67,467.33,2027-03-22,Aisle 08,frozen
Artisan Soy Milk Protein 8-Pack,Nature Harvest Naturals,DAIR-002441,890100530538,Dairy & Eggs,134,box,357.40,538.28,2026-09-04,Aisle 03,chilled
Rustic Cinnamon Spice Alphonso Mangoes 1L,Dabur Provisions,FRES-002442,890100530539,Fresh Produce,71,bag,120.22,178.55,2026-09-07,Aisle 02,chilled
Wildcrafted Chamomile Herbal Tea 100g,Patanjali Agro,BEVE-002443,890100530540,Beverages,217,can,397.46,525.56,2027-01-04,Aisle 06,chilled
Valley Fresh Caramelized Onion Pav 6-Pack 8-Pack,Deccan Kitchens,BAKE-002444,890100530541,Bakery & Deli,210,pack,121.69,156.27,2026-09-06,Aisle 04,ambient
Whole-Grain Vanilla Bean Banana Chips Kerala Style 200g,Urban Roots Provisions,SNAC-002445,890100530542,Snacks & Confectionery,177,bag,66.19,104.70,2027-05-29,Aisle 10,ambient
Traditional Mint Lime Coriander Leaves 8-Pack,Everest Springs,FRES-002446,890100530543,Fresh Produce,120,kg,101.65,133.30,2026-09-07,Aisle 02,ambient
Unpolished Chatpata Masala Badam Milk Drink 500g,Satvik Kitchens,BEVE-002447,890100530544,Beverages,186,can,425.15,777.72,2026-10-08,Aisle 06,chilled
Homestyle Green Peas Fresh 12-Pack,Tata Co.,FRES-002448,890100530545,Fresh Produce,50,pcs,122.57,207.60,2026-09-01,Aisle 01,chilled
Extra-Virgin Rose Infused Chamomile Herbal Tea 24-Pack,Deccan Dairy,BEVE-002449,890100530546,Beverages,150,bag,36.06,58.23,2026-11-30,Aisle 06,ambient
Free-Range Truffle Infused Masala CTC Tea 500ml,Nature Harvest Milling,BEVE-002450,890100530547,Beverages,142,bag,324.23,512.26,2026-08-28,Aisle 06,ambient
Whole-Grain Chatpata Masala Frozen Green Peas 12-Pack,Pure Vedic Organics,FROZ-002451,890100530548,Frozen Foods,4,bag,69.16,97.60,2027-03-19,Aisle 08,frozen
Homestyle Kesar Pista Mustard Oil Kachi Ghani 2-Pack,SunBrite Foods,PANT-002452,890100530549,Pantry & Dry Goods,238,bottle,90.87,123.94,2027-05-05,Aisle 06,ambient
Authentic Ayurvedic Bath Soap 500g,Catch Agro,HOUS-002453,890100530550,Household & Personal Care,30,bottle,211.65,347.48,2029-04-01,Aisle 12,ambient
Gluten-Free Apple Cider Vinegar Drink 750g,Organic Tattva Botanicals,BEVE-002454,890100530551,Beverages,82,carton,167.23,231.30,2027-03-14,Aisle 06,ambient
Aged Paneer Block Snack Pack,Organic Tattva Milling,DAIR-002455,890100530552,Dairy & Eggs,192,tub,375.46,563.58,2026-09-08,Aisle 02,chilled
Traditional Cream Cheese 10-Pack,Tata Co.,DAIR-002456,890100530553,Dairy & Eggs,203,tub,425.48,677.53,2026-09-23,Aisle 03,chilled
Stone-Ground Sea Salt Rawa Sooji 4-Pack,Amul Farms,PANT-002457,890100530554,Pantry & Dry Goods,126,bag,625.66,875.31,2027-06-05,Aisle 08,ambient
Cold-Pressed Cinnamon Spice Tonic Water Premium 24-Pack,Heritage Foods,BEVE-002458,890100530555,Beverages,233,bottle,441.67,736.86,2026-09-28,Aisle 05,ambient
Organic Smoked Paprika Iced Lemon Tea 5L,Green Earth Botanicals,BEVE-002459,890100530556,Beverages,125,box,267.35,358.42,2027-04-09,Aisle 05,chilled
Signature Bhujia Sev 10kg,Patanjali Milling,SNAC-002460,890100530557,Snacks & Confectionery,104,tub,388.84,495.19,2026-12-25,Aisle 09,ambient
Wildcrafted Garlic & Herb Carrots 500g,Nilgiri Kitchens,FRES-002461,890100530558,Fresh Produce,230,kg,81.64,115.08,2026-09-06,Aisle 02,ambient
Valley Fresh Pomfret Whole 4-Pack,Royal Indian Goods,MEAT-002462,890100530559,Meat & Seafood,202,pcs,404.42,689.67,2026-09-03,Aisle 04,chilled
Natural Cold Brew Coffee 50g,Patanjali Dairy,BEVE-002463,890100530560,Beverages,165,can,447.21,671.50,2026-08-22,Aisle 05,ambient
Wildcrafted Bamboo Toothbrush 2pk 4-Pack,Pashmina Botanicals,HOUS-002464,890100530561,Household & Personal Care,143,tube,168.97,243.99,2028-04-01,Aisle 11,ambient
Sweet Ayurvedic Bath Soap 750ml,Nilgiri Springs,HOUS-002465,890100530562,Household & Personal Care,203,packet,523.75,732.83,2029-01-13,Aisle 11,ambient
Handcrafted Coconut Cream Chicken Drumsticks 8-Pack,Amul Organics,MEAT-002466,890100530563,Meat & Seafood,124,pack,182.10,249.30,2026-09-01,Aisle 05,chilled
Sweet Dark Chocolate Guava Chilli Juice 100g,Green Earth Dairy,BEVE-002467,890100530564,Beverages,189,can,342.20,631.61,2026-10-26,Aisle 06,chilled
Homestyle Coconut Cream Fruit Muffins Family Pack,Urban Roots Plantations,BAKE-002468,890100530565,Bakery & Deli,45,pack,216.53,373.46,2026-08-27,Aisle 04,ambient
Authentic Lemon Pepper Kokum Sharbat 200ml,Urban Roots Foods,BEVE-002469,890100530566,Beverages,162,box,260.42,406.76,2026-08-28,Aisle 06,ambient
Organic Ginger Root 500ml,Deccan Co.,FRES-002470,890100530567,Fresh Produce,114,kg,45.83,64.60,2026-08-31,Aisle 02,chilled
Unpolished Coconut Cream Biodegradable Garbage Bags 4-Pack,SunBrite Milling,HOUS-002471,890100530568,Household & Personal Care,91,packet,339.24,530.26,2027-07-22,Aisle 12,ambient
Roasted Sea Salt Chicken Sausages 330ml,Patanjali Plantations,MEAT-002472,890100530569,Meat & Seafood,124,pcs,272.57,451.87,2026-08-29,Aisle 04,chilled
Artisan Sea Salt Coriander Leaves Value Pack,Deccan Plantations,FRES-002473,890100530570,Fresh Produce,19,pack,97.99,170.54,2026-09-10,Aisle 01,ambient
Homestyle Garlic & Herb Penne Rigate Pasta 4-Pack,Amul Milling,PANT-002474,890100530571,Pantry & Dry Goods,9,bottle,517.37,674.82,2026-08-27,Aisle 08,ambient
Spiced Jalapeno Lime Yukon Gold Potatoes 5kg,Nilgiri Mills,FRES-002475,890100530572,Fresh Produce,169,pack,41.58,57.18,2026-09-15,Aisle 02,chilled
Homestyle Tandoori Smoked Ayurvedic Bath Soap 50g,Nilgiri Milling,HOUS-002476,890100530573,Household & Personal Care,189,tube,527.88,767.65,2027-07-13,Aisle 11,ambient
Organic Kachi Ghani Mustard Green Chillies 150ml,Ganga Botanicals,FRES-002477,890100530574,Fresh Produce,218,bag,94.01,143.42,2026-09-12,Aisle 01,ambient
Authentic Kashmiri Saffron Dishwash Gel Lemon Value Pack,Mother Dairy Dairy,HOUS-002478,890100530575,Household & Personal Care,107,bottle,305.21,440.94,2027-07-24,Aisle 12,ambient
Authentic Surmai Steaks 500g,Organic Tattva Mills,MEAT-002479,890100530576,Meat & Seafood,43,pcs,235.74,304.30,2026-09-01,Aisle 04,chilled
Valley Fresh Alphonso Kulfi Tub 500ml,Royal Indian Goods,FROZ-002480,890100530577,Frozen Foods,118,packet,342.02,483.92,2026-11-20,Aisle 08,frozen
Rustic Chicken Keema 1kg,Deccan Provisions,MEAT-002481,890100530578,Meat & Seafood,27,pack,515.92,831.09,2026-09-03,Aisle 05,chilled
Sweet Golden Ginger Rusk Toast 400g,SunBrite Goods,BAKE-002482,890100530579,Bakery & Deli,178,box,38.95,56.36,2026-09-01,Aisle 04,ambient
Handcrafted Masala Chai Wood-Fired Veggie Pizza 12-Pack,Vedic Fresh Provisions,FROZ-002483,890100530580,Frozen Foods,220,pack,293.97,449.94,2027-04-30,Aisle 09,frozen
Sweet Kesar Pista Electrolyte Energy Drink 5L,Saffola Springs,BEVE-002484,890100530581,Beverages,249,bottle,54.41,95.35,2026-08-29,Aisle 05,ambient
Sweet Cream Cheese 750ml,Mother Dairy Organics,DAIR-002485,890100530582,Dairy & Eggs,27,box,245.56,412.84,2026-09-17,Aisle 03,chilled
Rustic Matcha Green Tea Kitchen Paper Towels 4-Roll 250g,Tata Harvest,HOUS-002486,890100530583,Household & Personal Care,21,packet,305.35,440.28,2028-07-02,Aisle 11,ambient
Royal Dry Fruits Trail Mix 500ml,Royal Indian Provisions,SNAC-002487,890100530584,Snacks & Confectionery,91,bar,23.71,30.67,2027-01-16,Aisle 09,ambient
Premium Jalapeno Lime Apple Cider Vinegar Drink 150ml,Fortune Plantations,BEVE-002488,890100530585,Beverages,49,bag,240.00,310.95,2027-02-10,Aisle 05,chilled
Crisp Jalapeno Lime Organic Sharbati Atta Family Pack,Catch Organics,PANT-002489,890100530586,Pantry & Dry Goods,68,bag,173.12,297.63,2028-03-14,Aisle 06,ambient
Zero-Sugar Smoked Paprika Heavy Cream Family Pack,Kaveri Organics,DAIR-002490,890100530587,Dairy & Eggs,5,box,82.30,109.30,2026-09-23,Aisle 03,chilled
Select Cardamom Spiced Alphonso Mangoes 1.5L,Amul Kitchens,FRES-002491,890100530588,Fresh Produce,13,bunch,109.50,148.66,2026-09-03,Aisle 02,ambient
Stone-Ground Kashmiri Saffron Urad Dal Whole 5kg,Himalayan Provisions,PANT-002492,890100530589,Pantry & Dry Goods,41,jar,717.52,1014.16,2027-08-28,Aisle 07,ambient
Crisp Toasted Sesame Shampoo Anti-Dandruff 750g,Saffola Springs,HOUS-002493,890100530590,Household & Personal Care,233,packet,437.66,779.34,2027-10-23,Aisle 12,ambient
Authentic Palak Leaves 750g,Mother Dairy Co.,FRES-002494,890100530591,Fresh Produce,148,bunch,89.37,134.95,2026-08-29,Aisle 01,chilled
Royal Pita Bread 750ml,Dabur Co.,BAKE-002495,890100530592,Bakery & Deli,55,pcs,65.65,121.31,2026-09-09,Aisle 04,chilled
Spiced Truffle Infused Mustard Oil Kachi Ghani 1kg,Pashmina Kitchens,PANT-002496,890100530593,Pantry & Dry Goods,175,bag,339.96,438.58,2026-08-29,Aisle 06,ambient
Gourmet Kesar Pista Electrolyte Energy Drink 1kg,Heritage Plantations,BEVE-002497,890100530594,Beverages,229,pack,32.16,57.99,2027-04-15,Aisle 05,chilled
Sun-Dried Butter Croissants 400g,Nature Harvest Milling,BAKE-002498,890100530595,Bakery & Deli,85,box,126.02,165.31,2026-08-27,Aisle 04,chilled
Farm-Fresh Cinnamon Spice Smoked Chicken Slices 12-Pack,Desi Organics Co.,BAKE-002499,890100530596,Bakery & Deli,40,pack,307.27,449.07,2026-09-02,Aisle 03,ambient
Gourmet Sweet Tamarind Frozen Veg Momos 150ml,Satvik Co.,FROZ-002500,890100530597,Frozen Foods,169,packet,382.09,566.12,2027-05-03,Aisle 09,frozen
Signature Lavash Crackers 150ml,Bhoomi Goods,BAKE-002501,890100530598,Bakery & Deli,132,pack,179.99,297.71,2026-08-29,Aisle 03,ambient
Homestyle Guavas 1kg,Tata Harvest,FRES-002502,890100530599,Fresh Produce,245,pack,74.36,106.09,2026-08-23,Aisle 02,ambient
Extra-Virgin Fresh Mosambi Juice 10-Pack,Urban Roots Springs,BEVE-002503,890100530600,Beverages,202,carton,239.11,351.25,2026-12-22,Aisle 06,ambient
Traditional Tulsi Honey Roasted Makhana Foxnuts 2kg,Catch Agro,SNAC-002504,890100530601,Snacks & Confectionery,207,bar,307.89,528.71,2026-11-19,Aisle 10,ambient
Wildcrafted Oat Milk 8-Pack,FarmGold Agro,DAIR-002505,890100530602,Dairy & Eggs,100,carton,38.52,61.33,2026-08-31,Aisle 02,chilled
Handcrafted Stainless Steel Scrubber 3pk 24-Pack,SunBrite Milling,HOUS-002506,890100530603,Household & Personal Care,77,box,372.48,591.55,2029-03-08,Aisle 11,ambient
Homestyle Herbal Hand Wash Neem Family Pack,Pure Vedic Farms,HOUS-002507,890100530604,Household & Personal Care,71,pack,548.87,814.99,2026-08-22,Aisle 12,ambient
Free-Range Ajwain & Jeera Goat Mince Premium 2kg,Green Earth Kitchens,MEAT-002508,890100530605,Meat & Seafood,152,pack,692.59,1106.98,2026-09-02,Aisle 04,chilled
Select Tandoori Smoked Fresh Mosambi Juice 250g,Deccan Dairy,BEVE-002509,890100530606,Beverages,113,can,62.53,106.14,2026-10-08,Aisle 05,ambient
Unpolished Golden Ginger Alphonso Kulfi Tub 200ml,Amul Springs,FROZ-002510,890100530607,Frozen Foods,109,tub,355.24,586.47,2026-11-22,Aisle 08,frozen
Handcrafted Tiger Prawns Jumbo 6-Pack,Organic Tattva Mills,MEAT-002511,890100530608,Meat & Seafood,182,kg,573.37,1000.51,2026-09-02,Aisle 05,chilled
Plant-Based Cucumbers 10-Pack,SunBrite Botanicals,FRES-002512,890100530609,Fresh Produce,38,bag,98.39,177.80,2026-09-03,Aisle 02,chilled
Natural Cold-Pressed Groundnut Oil Family Pack,Fortune Milling,PANT-002513,890100530610,Pantry & Dry Goods,233,bag,158.64,275.17,2027-12-12,Aisle 08,ambient
Golden Bell Peppers 4-Pack,Heritage Provisions,FRES-002514,890100530611,Fresh Produce,189,pcs,39.96,72.61,2026-08-28,Aisle 02,ambient
Homestyle 70% Dark Chocolate Bar 12-Pack,Deccan Provisions,SNAC-002515,890100530612,Snacks & Confectionery,187,box,80.59,147.90,2026-10-15,Aisle 10,ambient
Authentic Makhana Crunch Biodegradable Garbage Bags 5kg,Fortune Dairy,HOUS-002516,890100530613,Household & Personal Care,159,packet,411.32,594.59,2028-01-18,Aisle 12,ambient
Select Ricotta Fresh 350g,Tata Plantations,DAIR-002517,890100530614,Dairy & Eggs,156,pack,397.11,662.16,2026-09-04,Aisle 03,chilled
Select Makhana Crunch Basa Fish Fillets 250ml,Vedic Fresh Provisions,MEAT-002518,890100530615,Meat & Seafood,27,pcs,520.31,859.44,2026-08-25,Aisle 05,chilled
Aged Pomfret Whole 5kg,Patanjali Botanicals,MEAT-002519,890100530616,Meat & Seafood,106,kg,460.78,741.86,2026-08-21,Aisle 05,chilled
Crisp Sea Salt Boneless Chicken Breast 24-Pack,Bhoomi Mills,MEAT-002520,890100530617,Meat & Seafood,96,pack,337.94,600.24,2026-09-01,Aisle 05,chilled
Organic Garlic & Herb Frozen Veg Momos 50g,Green Earth Springs,FROZ-002521,890100530618,Frozen Foods,87,packet,392.58,631.80,2026-12-15,Aisle 08,frozen
Whole-Grain Multigrain Tortillas 10kg,Green Earth Goods,BAKE-002522,890100530619,Bakery & Deli,79,pcs,98.68,128.52,2026-08-31,Aisle 03,ambient
Select Mint Lime Double Toned Milk 400g,Nature Harvest Agro,DAIR-002523,890100530620,Dairy & Eggs,115,tub,377.85,553.70,2026-09-05,Aisle 03,chilled
Heritage Organic Sharbati Atta 2L,Royal Indian Provisions,PANT-002524,890100530621,Pantry & Dry Goods,30,bottle,414.31,701.06,2028-06-12,Aisle 07,ambient
Sweet Lassi Mango Infused 4-Pack,Patanjali Milling,DAIR-002525,890100530622,Dairy & Eggs,104,box,461.58,711.80,2026-09-13,Aisle 02,chilled
Zero-Sugar Ciabatta Roll 12-Pack,Satvik Mills,BAKE-002526,890100530623,Bakery & Deli,135,pcs,26.16,37.03,2026-09-01,Aisle 03,ambient
Country Style Curd Tub (Dahi) 750g,Satvik Naturals,DAIR-002527,890100530624,Dairy & Eggs,243,carton,368.04,472.52,2026-09-14,Aisle 03,chilled
Organic Red Onions 2-Pack,Royal Indian Harvest,FRES-002528,890100530625,Fresh Produce,168,kg,58.02,86.73,2026-09-08,Aisle 02,ambient
Traditional Garlic & Herb Paneer Tikka Deli 5kg,Catch Springs,BAKE-002529,890100530626,Bakery & Deli,178,pack,306.44,397.18,2026-09-10,Aisle 03,chilled
Whole-Grain Fruit Cake Slice 10kg,Fortune Agro,BAKE-002530,890100530627,Bakery & Deli,149,pcs,169.22,307.84,2026-08-27,Aisle 03,ambient
Artisan Toasted Sesame Paneer Paratha Frozen 10-Pack,Catch Springs,FROZ-002531,890100530628,Frozen Foods,14,pack,229.70,351.55,2026-08-30,Aisle 08,frozen
Handcrafted Tulsi Honey Boneless Chicken Breast 330ml,Amul Farms,MEAT-002532,890100530629,Meat & Seafood,74,kg,722.08,1259.98,2026-09-01,Aisle 04,chilled
Sun-Dried Organic Brown Sugar 300g,Desi Organics Springs,PANT-002533,890100530630,Pantry & Dry Goods,42,bottle,443.61,601.74,2028-05-15,Aisle 07,ambient
Roasted Mishri Mawa 500ml,Green Earth Dairy,DAIR-002534,890100530631,Dairy & Eggs,31,carton,274.97,415.31,2026-09-04,Aisle 02,chilled
Organic Kitchen Paper Towels 4-Roll Family Pack,SunBrite Dairy,HOUS-002535,890100530632,Household & Personal Care,54,bottle,557.38,864.83,2028-03-26,Aisle 12,ambient
Grass-Fed Dark Chocolate Toned Milk 2-Pack,Saffola Plantations,DAIR-002536,890100530633,Dairy & Eggs,121,packet,32.27,51.09,2026-09-15,Aisle 02,chilled
Plant-Based Extra Virgin Olive Oil 750ml,Kaveri Kitchens,PANT-002537,890100530634,Pantry & Dry Goods,181,bottle,455.75,753.65,2027-04-20,Aisle 06,ambient
Select Rose Infused Parmigiano-Reggiano 6-Pack,Desi Organics Springs,DAIR-002538,890100530635,Dairy & Eggs,185,bottle,365.59,664.44,2026-09-10,Aisle 02,chilled
Spiced Masala Chai Goat Mince Premium 1L,Desi Organics Provisions,MEAT-002539,890100530636,Meat & Seafood,169,pcs,365.70,629.53,2026-08-31,Aisle 05,chilled
Unpolished Alphonso Mango Diet Mixture Namkeen 24-Pack,Desi Organics Springs,SNAC-002540,890100530637,Snacks & Confectionery,31,bag,418.51,577.99,2026-08-25,Aisle 09,ambient
Handcrafted Jalapeno Lime Stainless Steel Scrubber 3pk 300g,SunBrite Organics,HOUS-002541,890100530638,Household & Personal Care,24,box,551.24,963.49,2027-08-09,Aisle 12,ambient
Stone-Ground Fresh Mosambi Juice 24-Pack,Nilgiri Farms,BEVE-002542,890100530639,Beverages,98,bag,79.94,102.24,2027-03-29,Aisle 06,chilled
Grass-Fed Paneer Tikka Deli 1kg,Heritage Kitchens,BAKE-002543,890100530640,Bakery & Deli,184,box,152.15,225.38,2026-09-05,Aisle 04,chilled
Raw Jalapeno Lime Goat Mince Premium 500g,Desi Organics Dairy,MEAT-002544,890100530641,Meat & Seafood,79,kg,892.96,1584.49,2026-09-02,Aisle 04,chilled
Premium Soan Papdi Box 750g,FarmGold Springs,SNAC-002545,890100530642,Snacks & Confectionery,15,box,447.01,764.01,2027-02-18,Aisle 10,ambient
Low-Sodium Makhana Crunch Fish Fingers Frozen 5L,Everest Kitchens,FROZ-002546,890100530643,Frozen Foods,108,box,364.66,512.48,2027-08-24,Aisle 09,frozen
Pure Sea Salt Tender Coconut Water 500g,Catch Organics,BEVE-002547,890100530644,Beverages,69,bottle,167.64,279.54,2026-11-27,Aisle 05,chilled
Gourmet Cardamom Spiced Curd Tub (Dahi) 150ml,Everest Foods,DAIR-002548,890100530645,Dairy & Eggs,179,pack,99.86,134.51,2026-08-28,Aisle 03,chilled
Authentic Urad Dal Whole 2kg,Ganga Botanicals,PANT-002549,890100530646,Pantry & Dry Goods,215,packet,657.55,1053.23,2028-07-18,Aisle 06,ambient
Rustic Greek Yogurt 10kg,Kaveri Co.,DAIR-002550,890100530647,Dairy & Eggs,62,pack,292.33,463.98,2026-09-14,Aisle 02,chilled
Zero-Sugar Pista Almond Chicken Sausages Snack Pack,Deccan Botanicals,MEAT-002551,890100530648,Meat & Seafood,99,pack,943.53,1516.31,2026-08-29,Aisle 04,chilled
Extra-Virgin Cinnamon Spice Catla Fish Steaks 350g,Satvik Naturals,MEAT-002552,890100530649,Meat & Seafood,25,kg,839.26,1096.82,2026-08-31,Aisle 04,chilled
Sweet Rose Infused Butter Murukku 1L,Vedic Fresh Goods,SNAC-002553,890100530650,Snacks & Confectionery,98,tub,290.25,365.37,2027-05-11,Aisle 10,ambient
Artisan Tandoori Smoked Pomfret Whole 750ml,SunBrite Provisions,MEAT-002554,890100530651,Meat & Seafood,90,pack,865.24,1185.35,2026-08-29,Aisle 05,chilled
Handcrafted Toasted Sesame Tiger Prawns Jumbo 6-Pack,Tata Dairy,MEAT-002555,890100530652,Meat & Seafood,132,pack,522.91,895.33,2026-08-27,Aisle 05,chilled
Organic Kachi Ghani Mustard Pomegranates 2L,Catch Botanicals,FRES-002556,890100530653,Fresh Produce,40,bag,146.01,239.11,2026-08-30,Aisle 01,ambient
Aged Ciabatta Roll 1.5L,Fortune Plantations,BAKE-002557,890100530654,Bakery & Deli,13,pcs,213.46,276.91,2026-09-08,Aisle 04,chilled
Spiced Roasted Makhana Foxnuts 10kg,Patanjali Organics,SNAC-002558,890100530655,Snacks & Confectionery,203,pack,366.66,508.76,2026-11-26,Aisle 10,ambient
Raw Kachi Ghani Mustard Aloo Tikki 8-Pack 750ml,Desi Organics Plantations,FROZ-002559,890100530656,Frozen Foods,152,box,94.01,149.69,2026-11-29,Aisle 08,frozen
Handcrafted Alphonso Mangoes 400g,Everest Organics,FRES-002560,890100530657,Fresh Produce,242,bag,37.22,61.48,2026-09-13,Aisle 01,ambient
Zero-Sugar Cardamom Spiced Dishwash Gel Lemon Snack Pack,Bhoomi Organics,HOUS-002561,890100530658,Household & Personal Care,220,packet,311.15,564.41,2027-03-20,Aisle 12,ambient
Cured Tandoori Smoked Smoked Chicken Slices Value Pack,Green Earth Harvest,BAKE-002562,890100530659,Bakery & Deli,99,box,79.14,112.00,2026-09-04,Aisle 04,chilled
Stone-Ground Guava Chilli Juice 350g,Royal Indian Naturals,BEVE-002563,890100530660,Beverages,16,bottle,292.15,471.48,2026-08-28,Aisle 06,chilled
Gluten-Free Nagpur Orange Fish Fingers Frozen Family Pack,Nilgiri Organics,FROZ-002564,890100530661,Frozen Foods,113,tub,322.67,570.90,2027-01-19,Aisle 08,frozen
Grass-Fed Shampoo Anti-Dandruff 2-Pack,Pure Vedic Harvest,HOUS-002565,890100530662,Household & Personal Care,145,box,106.33,136.21,2028-07-02,Aisle 12,ambient
Valley Fresh Matcha Green Tea Yukon Gold Potatoes 200g,Catch Milling,FRES-002566,890100530663,Fresh Produce,231,pcs,131.28,198.06,2026-09-09,Aisle 02,chilled
Heritage Caramelized Onion Smoked Chicken Slices 8-Pack,Everest Foods,BAKE-002567,890100530664,Bakery & Deli,247,box,91.32,132.47,2026-09-01,Aisle 03,chilled
Select Kachi Ghani Mustard Dry Fruits Trail Mix 10-Pack,Desi Organics Springs,SNAC-002568,890100530665,Snacks & Confectionery,86,pack,294.19,507.14,2026-12-13,Aisle 09,ambient
Rustic Apple Cider Vinegar Drink 2-Pack,Desi Organics Farms,BEVE-002569,890100530666,Beverages,57,can,296.77,408.77,2026-09-29,Aisle 06,chilled
Authentic Jeera Masala Soda 200ml,Urban Roots Organics,BEVE-002570,890100530667,Beverages,125,bag,383.38,675.33,2027-03-17,Aisle 05,chilled
Wildcrafted Nagpur Orange Garlic Focaccia Snack Pack,Urban Roots Dairy,BAKE-002571,890100530668,Bakery & Deli,189,pack,72.74,124.79,2026-09-09,Aisle 04,chilled
Unpolished Kachi Ghani Mustard Sparkling Mineral Water 100g,FarmGold Plantations,BEVE-002572,890100530669,Beverages,244,carton,356.95,527.38,2026-11-06,Aisle 06,chilled
Plant-Based Tender Coconut Water 250g,Pure Vedic Botanicals,BEVE-002573,890100530670,Beverages,175,box,352.26,607.01,2027-03-24,Aisle 05,ambient
Gourmet Mosquito Vaporizer Refill 2kg,Amul Plantations,HOUS-002574,890100530671,Household & Personal Care,76,packet,138.18,242.37,2029-05-19,Aisle 11,ambient
Premium Jalapeno Lime Fruit Muffins 150g,Pure Vedic Harvest,BAKE-002575,890100530672,Bakery & Deli,235,box,231.43,356.38,2026-08-28,Aisle 04,chilled
Valley Fresh Pista Almond Pineapples 150ml,Amul Naturals,FRES-002576,890100530673,Fresh Produce,212,bunch,130.36,197.61,2026-08-31,Aisle 01,ambient
Natural Fresh Chicken Curry Cut 2L,Pashmina Milling,MEAT-002577,890100530674,Meat & Seafood,71,pack,921.91,1272.75,2026-09-02,Aisle 05,chilled
Grass-Fed Masala Potato Chips 1.5L,Tata Co.,SNAC-002578,890100530675,Snacks & Confectionery,52,packet,119.83,198.61,2026-12-15,Aisle 09,ambient
Homestyle Sweet Corn Kernels 2-Pack,Pure Vedic Springs,FROZ-002579,890100530676,Frozen Foods,85,pack,239.18,429.89,2027-01-10,Aisle 09,frozen
Authentic Tandoori Smoked Squid Rings Cleaned Value Pack,Green Earth Mills,MEAT-002580,890100530677,Meat & Seafood,207,pack,623.71,989.90,2026-08-31,Aisle 05,chilled
Extra-Virgin Red Chilli & Garlic Garlic Focaccia 150g,Catch Organics,BAKE-002581,890100530678,Bakery & Deli,160,pcs,67.23,118.72,2026-09-02,Aisle 04,chilled
Sweet Jalapeno Lime Amla Juice Pure 200g,Heritage Milling,BEVE-002582,890100530679,Beverages,173,carton,26.54,36.72,2027-04-01,Aisle 06,ambient
Wildcrafted Fruit Cake Slice 10kg,Fortune Plantations,BAKE-002583,890100530680,Bakery & Deli,50,pcs,312.20,531.83,2026-08-29,Aisle 03,ambient
Signature Mint Lime Green Peas Fresh Snack Pack,Everest Kitchens,FRES-002584,890100530681,Fresh Produce,60,kg,113.91,160.92,2026-09-17,Aisle 02,ambient
Farm-Fresh Bitter Gourd (Karela) 150ml,Urban Roots Naturals,FRES-002585,890100530682,Fresh Produce,147,bag,16.82,29.36,2026-09-06,Aisle 02,chilled
Wildcrafted Surface Floor Cleaner Rose 10-Pack,FarmGold Harvest,HOUS-002586,890100530683,Household & Personal Care,139,box,199.94,319.28,2029-05-17,Aisle 11,ambient
Authentic California Almonds 2L,Saffola Kitchens,SNAC-002587,890100530684,Snacks & Confectionery,170,pack,549.62,888.52,2027-05-10,Aisle 10,ambient
Whole-Grain Alphonso Mango Clove & Mint Toothpaste 200ml,Mother Dairy Goods,HOUS-002588,890100530685,Household & Personal Care,141,box,266.17,417.33,2029-04-16,Aisle 11,ambient
Unpolished Coconut Cream Penne Rigate Pasta 300g,Bhoomi Plantations,PANT-002589,890100530686,Pantry & Dry Goods,150,bag,456.88,840.68,2027-09-11,Aisle 06,ambient
Valley Fresh Truffle Infused Boneless Chicken Breast 300g,Mother Dairy Springs,MEAT-002590,890100530687,Meat & Seafood,144,kg,466.28,639.04,2026-08-30,Aisle 04,chilled
Sun-Dried Truffle Infused Pink Himalayan Salt 100g,Green Earth Dairy,PANT-002591,890100530688,Pantry & Dry Goods,58,bottle,643.73,1015.31,2027-10-23,Aisle 08,ambient
Natural Sweet Potatoes 1.5L,Royal Indian Kitchens,FRES-002592,890100530689,Fresh Produce,238,bag,89.21,136.51,2026-09-06,Aisle 01,chilled
Traditional Mint Lime Urad Dal Whole 330ml,Himalayan Mills,PANT-002593,890100530690,Pantry & Dry Goods,45,bottle,383.11,654.28,2027-12-04,Aisle 07,ambient
Grass-Fed Rose Infused Organic Green Tea 500ml,Nature Harvest Dairy,BEVE-002594,890100530691,Beverages,29,bottle,189.43,310.97,2027-07-17,Aisle 06,chilled
Country Style Frozen Paneer Cubes 5L,Dabur Agro,FROZ-002595,890100530692,Frozen Foods,76,pack,226.37,373.53,2027-01-26,Aisle 09,frozen
Whole-Grain Pista Almond Pure Jaggery Powder (Gud) Snack Pack,Ganga Dairy,PANT-002596,890100530693,Pantry & Dry Goods,233,can,418.77,576.27,2028-02-12,Aisle 08,ambient
Rustic Matcha Green Tea Liquid Laundry Detergent 150ml,Vedic Fresh Milling,HOUS-002597,890100530694,Household & Personal Care,250,packet,181.31,228.89,2027-07-02,Aisle 11,ambient
Desi Caramelized Onion Stainless Steel Scrubber 3pk 4-Pack,Royal Indian Milling,HOUS-002598,890100530695,Household & Personal Care,10,box,212.93,377.20,2029-03-20,Aisle 12,ambient
Gourmet Golden Ginger Butter Croissants 500ml,Heritage Springs,BAKE-002599,890100530696,Bakery & Deli,196,pcs,278.57,492.62,2026-09-02,Aisle 04,ambient
Wildcrafted Cinnamon Swirl Buns 2L,Ganga Foods,BAKE-002600,890100530697,Bakery & Deli,132,box,211.90,387.66,2026-08-27,Aisle 03,ambient
Golden Urad Dal Whole 750g,Heritage Kitchens,PANT-002601,890100530698,Pantry & Dry Goods,176,can,143.27,251.99,2027-08-26,Aisle 08,ambient
Grass-Fed Fruit Muffins 500ml,Pashmina Naturals,BAKE-002602,890100530699,Bakery & Deli,95,pcs,268.55,434.01,2026-08-29,Aisle 03,chilled
Desi Parmigiano-Reggiano 1.5L,Nature Harvest Organics,DAIR-002603,890100530700,Dairy & Eggs,40,bottle,354.26,560.43,2026-09-09,Aisle 03,chilled
Valley Fresh Caramelized Onion Garlic Naan Frozen 4pk 100g,Patanjali Agro,FROZ-002604,890100530701,Frozen Foods,156,bag,401.28,736.80,2027-02-14,Aisle 09,frozen
Heritage Truffle Infused Gouda Block 100g,Green Earth Goods,DAIR-002605,890100530702,Dairy & Eggs,81,carton,459.33,760.50,2026-09-25,Aisle 03,chilled
Plant-Based Vanilla Bean Chicken Sausages 500ml,Deccan Kitchens,MEAT-002606,890100530703,Meat & Seafood,215,pcs,563.85,915.66,2026-08-15,Aisle 05,chilled
Natural Pista Almond Butter Croissants 250g,Royal Indian Dairy,BAKE-002607,890100530704,Bakery & Deli,152,pcs,306.92,437.57,2026-09-03,Aisle 03,ambient
Smoked Gulab Jamun Tin 50g,Himalayan Mills,SNAC-002608,890100530705,Snacks & Confectionery,166,bag,247.70,375.78,2027-05-12,Aisle 09,ambient
Organic Nagpur Orange Oat Milk 400g,Urban Roots Naturals,DAIR-002609,890100530706,Dairy & Eggs,137,tub,328.22,514.76,2026-09-16,Aisle 02,chilled
Artisan Malai Kulfi Bar 300g,Heritage Springs,FROZ-002610,890100530707,Frozen Foods,191,tub,147.48,215.92,2026-11-01,Aisle 09,frozen
Whole-Grain Jalapeno Lime Cheese Croissant 500g,Deccan Co.,BAKE-002611,890100530708,Bakery & Deli,138,pcs,114.79,169.87,2026-09-08,Aisle 03,ambient
Gluten-Free Roasted Makhana Foxnuts 10kg,SunBrite Naturals,SNAC-002612,890100530709,Snacks & Confectionery,118,pack,306.32,525.54,2027-03-17,Aisle 09,ambient
Whole-Grain Tulsi Honey Oat Milk 1kg,Saffola Mills,DAIR-002613,890100530710,Dairy & Eggs,160,box,133.34,223.48,2026-09-02,Aisle 02,chilled
Raw Rusk Toast 2L,Amul Kitchens,BAKE-002614,890100530711,Bakery & Deli,237,pcs,222.64,348.88,2026-09-01,Aisle 04,chilled
Whole-Grain Roma Tomatoes 6-Pack,Organic Tattva Botanicals,FRES-002615,890100530712,Fresh Produce,132,bunch,86.36,145.24,2026-09-14,Aisle 02,chilled
Select Chatpata Masala Fresh Mint (Pudina) Snack Pack,Heritage Naturals,FRES-002616,890100530713,Fresh Produce,108,bunch,154.47,212.07,2026-08-31,Aisle 02,chilled
Unpolished Bath Tissue 6-Pack 10-Pack,SunBrite Farms,HOUS-002617,890100530714,Household & Personal Care,233,pack,399.92,537.00,2028-03-08,Aisle 11,ambient
Gluten-Free Paneer Paratha Frozen 200g,Organic Tattva Naturals,FROZ-002618,890100530715,Frozen Foods,89,box,181.03,264.84,2027-06-27,Aisle 09,frozen
Unpolished Chatpata Masala Unsalted White Butter 500ml,Everest Mills,DAIR-002619,890100530716,Dairy & Eggs,65,bottle,455.44,618.54,2026-09-21,Aisle 03,chilled
Traditional Banana Chips Kerala Style 6-Pack,Ganga Springs,SNAC-002620,890100530717,Snacks & Confectionery,35,bag,529.35,952.52,2027-04-18,Aisle 09,ambient
Natural Nagpur Orange Sourdough Loaf 8-Pack,Fortune Harvest,BAKE-002621,890100530718,Bakery & Deli,91,box,268.32,353.47,2026-09-01,Aisle 03,chilled
Crisp Fresh Methi 200ml,Desi Organics Mills,FRES-002622,890100530719,Fresh Produce,6,pack,39.27,51.35,2026-08-31,Aisle 01,ambient
Sweet Dark Chocolate Kitchen Paper Towels 4-Roll 12-Pack,Nilgiri Naturals,HOUS-002623,890100530720,Household & Personal Care,106,pack,336.70,513.66,2029-04-20,Aisle 12,ambient
Whole-Grain Surmai Steaks 1.5L,Patanjali Dairy,MEAT-002624,890100530721,Meat & Seafood,196,pcs,724.80,1061.89,2026-08-17,Aisle 05,chilled
Wildcrafted Tulsi Honey Dry Fruits Trail Mix 500g,SunBrite Harvest,SNAC-002625,890100530722,Snacks & Confectionery,131,box,434.33,671.49,2027-03-23,Aisle 09,ambient
Whole-Grain Sea Salt Amla Juice Pure 10kg,Satvik Organics,BEVE-002626,890100530723,Beverages,66,bag,404.40,519.88,2027-01-05,Aisle 06,chilled
Organic Cardamom Spiced Fish Fingers Frozen Value Pack,Everest Farms,FROZ-002627,890100530724,Frozen Foods,241,box,47.27,61.95,2026-11-28,Aisle 08,frozen
Extra-Virgin Green Chillies 2-Pack,Bhoomi Kitchens,FRES-002628,890100530725,Fresh Produce,227,pack,36.79,49.06,2026-08-22,Aisle 01,ambient
Raw Red Chilli & Garlic Spicy Peanut Chikki 250ml,Everest Milling,SNAC-002629,890100530726,Snacks & Confectionery,152,bag,338.03,572.02,2027-05-31,Aisle 10,ambient
Sun-Dried Red Chilli & Garlic Rusk Toast 2kg,Mother Dairy Harvest,BAKE-002630,890100530727,Bakery & Deli,73,box,138.06,177.83,2026-09-02,Aisle 03,chilled
Valley Fresh Chamomile Herbal Tea 100g,SunBrite Provisions,BEVE-002631,890100530728,Beverages,210,can,269.03,352.29,2027-01-25,Aisle 06,ambient
Low-Sodium Coconut Cream Moong Dal Namkeen 24-Pack,Heritage Dairy,SNAC-002632,890100530729,Snacks & Confectionery,211,box,105.30,155.35,2027-05-04,Aisle 10,ambient
Organic Mosquito Vaporizer Refill 250ml,Royal Indian Mills,HOUS-002633,890100530730,Household & Personal Care,158,packet,152.54,219.34,2029-03-03,Aisle 11,ambient
Golden Dark Chocolate Roasted Makhana Foxnuts 300g,Patanjali Co.,SNAC-002634,890100530731,Snacks & Confectionery,244,bar,456.74,588.57,2026-10-27,Aisle 10,ambient
Natural Coconut Cream Atlantic Salmon Fillet 12-Pack,Saffola Foods,MEAT-002635,890100530732,Meat & Seafood,49,pack,450.90,762.31,2026-08-29,Aisle 05,chilled
Country Style Catla Fish Steaks 1.5L,Desi Organics Plantations,MEAT-002636,890100530733,Meat & Seafood,230,pcs,294.19,442.50,2026-08-27,Aisle 05,chilled
Unpolished Matcha Green Tea Pasture Eggs 8-Pack,Bhoomi Co.,DAIR-002637,890100530734,Dairy & Eggs,95,carton,195.92,291.56,2026-09-14,Aisle 03,chilled
Raw Caramelized Onion Coriander Leaves 2-Pack,Kaveri Plantations,FRES-002638,890100530735,Fresh Produce,226,bag,27.25,34.55,2026-09-14,Aisle 01,ambient
Golden Masala Chai Masala Potato Chips 400g,Royal Indian Botanicals,SNAC-002639,890100530736,Snacks & Confectionery,137,tub,389.32,575.31,2026-08-28,Aisle 10,ambient
Handcrafted Surmai Steaks 500g,Everest Botanicals,MEAT-002640,890100530737,Meat & Seafood,131,pack,918.41,1627.02,2026-08-27,Aisle 04,chilled
Desi Cinnamon Spice Garlic Naan Frozen 4pk 5kg,Ganga Mills,FROZ-002641,890100530738,Frozen Foods,168,bag,354.67,612.45,2027-03-16,Aisle 08,frozen
Spiced Alphonso Mango Crab Meat Fresh 2-Pack,Himalayan Plantations,MEAT-002642,890100530739,Meat & Seafood,229,pcs,541.73,801.15,2026-09-01,Aisle 05,chilled
Smoked Pista Almond Palak Leaves 500g,Royal Indian Milling,FRES-002643,890100530740,Fresh Produce,62,pcs,18.32,28.58,2026-08-29,Aisle 01,chilled
Signature Sweet Tamarind Badam Milk Drink 250g,Heritage Mills,BEVE-002644,890100530741,Beverages,132,bottle,64.50,96.08,2026-12-20,Aisle 05,chilled
Roasted Garlic Naan Frozen 4pk 1kg,Ganga Goods,FROZ-002645,890100530742,Frozen Foods,207,packet,241.27,320.97,2026-12-31,Aisle 09,frozen
Organic Cinnamon Swirl Buns 300g,Desi Organics Botanicals,BAKE-002646,890100530743,Bakery & Deli,27,pack,68.75,86.06,2026-08-29,Aisle 03,ambient
Stone-Ground Kitchen Paper Towels 4-Roll 6-Pack,Royal Indian Botanicals,HOUS-002647,890100530744,Household & Personal Care,7,pack,96.94,142.66,2027-02-25,Aisle 12,ambient
Whole-Grain Alphonso Mango Floor Disinfectant Pine 1kg,Dabur Harvest,HOUS-002648,890100530745,Household & Personal Care,207,tube,560.21,735.74,2027-09-21,Aisle 12,ambient
Smoked Butter Murukku 500ml,Tata Foods,SNAC-002649,890100530746,Snacks & Confectionery,167,bag,387.17,654.27,2027-06-05,Aisle 09,ambient
Extra-Virgin Rose Infused Cream Cheese Value Pack,Nilgiri Provisions,DAIR-002650,890100530747,Dairy & Eggs,213,bottle,504.13,708.27,2026-09-25,Aisle 02,chilled
Artisan Kaju Katli Sweet Box 750g,Urban Roots Co.,SNAC-002651,890100530748,Snacks & Confectionery,164,tub,142.01,217.07,2027-03-05,Aisle 10,ambient
Gluten-Free Kokum Sharbat 500ml,Green Earth Springs,BEVE-002652,890100530749,Beverages,234,bag,169.29,251.54,2027-03-20,Aisle 06,ambient
Pure Cow Milk 10-Pack,Organic Tattva Dairy,DAIR-002653,890100530750,Dairy & Eggs,123,pack,480.79,752.73,2026-09-23,Aisle 03,chilled
Natural Golden Ginger Fish Fingers Frozen 500ml,Mother Dairy Co.,FROZ-002654,890100530751,Frozen Foods,56,box,209.96,341.49,2026-08-30,Aisle 08,frozen
Authentic Lemon Pepper Butter Murukku 200g,Dabur Springs,SNAC-002655,890100530752,Snacks & Confectionery,195,bar,463.36,661.04,2027-06-23,Aisle 09,ambient
Crisp Mint Lime Guava Chilli Juice 24-Pack,Patanjali Farms,BEVE-002656,890100530753,Beverages,222,bottle,112.56,148.32,2027-06-20,Aisle 06,ambient
Traditional Butter Murukku 100g,FarmGold Co.,SNAC-002657,890100530754,Snacks & Confectionery,79,box,63.76,81.17,2027-04-09,Aisle 09,ambient
Zero-Sugar Coconut Cream Garlic Naan Frozen 4pk 750g,Deccan Botanicals,FROZ-002658,890100530755,Frozen Foods,214,packet,80.50,118.67,2027-05-19,Aisle 09,frozen
Aged Truffle Infused Buffalo Milk 1kg,Satvik Mills,DAIR-002659,890100530756,Dairy & Eggs,185,bottle,269.83,363.76,2026-09-21,Aisle 03,chilled
Cold-Pressed Badam Milk Drink 150ml,SunBrite Botanicals,BEVE-002660,890100530757,Beverages,20,carton,246.98,392.91,2026-10-10,Aisle 05,chilled
Rustic Coconut Cream Lavash Crackers 8-Pack,Royal Indian Agro,BAKE-002661,890100530758,Bakery & Deli,58,pack,243.80,438.51,2026-09-04,Aisle 03,ambient
Wildcrafted Boneless Chicken Breast 50g,Satvik Goods,MEAT-002662,890100530759,Meat & Seafood,44,pcs,564.58,753.91,2026-08-28,Aisle 04,chilled
Grass-Fed Toasted Sesame Portobello Mushrooms 500ml,Desi Organics Goods,FRES-002663,890100530760,Fresh Produce,249,pcs,101.02,129.32,2026-09-04,Aisle 01,ambient
Traditional Broccoli Crowns 250ml,Amul Plantations,FRES-002664,890100530761,Fresh Produce,185,pcs,157.36,224.15,2026-09-05,Aisle 02,ambient
Free-Range Almond Milk 2-Pack,Desi Organics Agro,DAIR-002665,890100530762,Dairy & Eggs,18,pack,460.17,844.14,2026-09-08,Aisle 03,chilled
Royal Garlic & Herb Lavash Crackers 300g,Deccan Springs,BAKE-002666,890100530763,Bakery & Deli,184,pack,169.81,282.50,2026-09-04,Aisle 03,chilled
Heritage Tandoori Smoked Kitchen Paper Towels 4-Roll 5kg,Vedic Fresh Foods,HOUS-002667,890100530764,Household & Personal Care,5,tube,275.15,407.88,2026-08-28,Aisle 12,ambient
Country Style Dark Chocolate Royal Basmati Rice 10-Pack,Fortune Foods,PANT-002668,890100530765,Pantry & Dry Goods,88,can,534.07,724.53,2027-12-16,Aisle 06,ambient
Traditional Makhana Crunch Frozen Paneer Cubes 250g,Vedic Fresh Plantations,FROZ-002669,890100530766,Frozen Foods,201,pack,260.60,437.53,2027-06-18,Aisle 09,frozen
Country Style Matcha Green Tea French Fries Crispy Family Pack,Fortune Springs,FROZ-002670,890100530767,Frozen Foods,101,packet,372.97,545.92,2026-08-20,Aisle 08,frozen
Country Style Kashmiri Saffron Sona Masoori Rice 10kg,Pure Vedic Goods,PANT-002671,890100530768,Pantry & Dry Goods,75,can,449.10,737.80,2028-06-25,Aisle 06,ambient
Stone-Ground Toasted Sesame Surface Floor Cleaner Rose 6-Pack,Catch Provisions,HOUS-002672,890100530769,Household & Personal Care,67,pack,74.18,99.30,2029-01-09,Aisle 11,ambient
Zero-Sugar Truffle Infused Apple Cider Vinegar Drink 1L,Mother Dairy Harvest,BEVE-002673,890100530770,Beverages,41,bag,304.91,441.94,2026-10-30,Aisle 06,chilled
Homestyle Jalapeno Lime Filter Coffee Beans 2kg,FarmGold Springs,BEVE-002674,890100530771,Beverages,194,carton,107.99,160.95,2027-04-28,Aisle 05,ambient
Valley Fresh Golden Ginger Broccoli Crowns 8-Pack,Nilgiri Goods,FRES-002675,890100530772,Fresh Produce,12,pcs,52.56,67.65,2026-09-05,Aisle 01,ambient
Signature Pista Almond Cream Cheese 250ml,Heritage Harvest,DAIR-002676,890100530773,Dairy & Eggs,233,carton,61.31,91.48,2026-09-24,Aisle 03,chilled
Plant-Based Tulsi Honey Bamboo Toothbrush 2pk 2L,Royal Indian Harvest,HOUS-002677,890100530774,Household & Personal Care,208,bottle,171.38,263.85,2029-04-04,Aisle 11,ambient
Royal Tulsi Honey Chicken Sausages 1L,Green Earth Springs,MEAT-002678,890100530775,Meat & Seafood,238,pack,683.16,1144.17,2026-08-31,Aisle 05,chilled
Golden Vanilla Bean Garlic Focaccia 2L,Green Earth Agro,BAKE-002679,890100530776,Bakery & Deli,38,pack,116.57,203.23,2026-09-04,Aisle 03,ambient
Rustic Urad Dal Whole 250ml,Catch Organics,PANT-002680,890100530777,Pantry & Dry Goods,189,packet,669.25,983.61,2027-09-10,Aisle 07,ambient
Whole-Grain Multigrain Tortillas 4-Pack,Deccan Kitchens,BAKE-002681,890100530778,Bakery & Deli,65,pack,179.23,308.74,2026-08-28,Aisle 04,chilled
Organic Cauliflower 2-Pack,Urban Roots Milling,FRES-002682,890100530779,Fresh Produce,4,bag,105.39,171.11,2026-08-27,Aisle 02,chilled
Valley Fresh Butter Croissants 2L,Bhoomi Milling,BAKE-002683,890100530780,Bakery & Deli,157,pcs,306.45,454.60,2026-09-03,Aisle 04,chilled
Select Truffle Infused Masala Potato Chips 4-Pack,Saffola Dairy,SNAC-002684,890100530781,Snacks & Confectionery,81,packet,542.39,971.41,2027-03-11,Aisle 10,ambient
Stone-Ground Rawa Sooji 250ml,Mother Dairy Springs,PANT-002685,890100530782,Pantry & Dry Goods,208,bag,265.94,358.31,2028-02-07,Aisle 07,ambient
Spiced Paneer Tikka Deli 500ml,Ganga Botanicals,BAKE-002686,890100530783,Bakery & Deli,179,pack,121.03,203.05,2026-08-29,Aisle 03,ambient
Heritage Bagel Plain 4pk 1.5L,Bhoomi Provisions,BAKE-002687,890100530784,Bakery & Deli,173,pack,51.83,67.12,2026-09-06,Aisle 04,chilled
Gourmet Floor Disinfectant Pine 5L,Everest Naturals,HOUS-002688,890100530785,Household & Personal Care,57,box,54.61,92.06,2028-01-14,Aisle 11,ambient
Sweet Kitchen Paper Towels 4-Roll 5kg,Saffola Goods,HOUS-002689,890100530786,Household & Personal Care,64,bottle,131.61,206.99,2027-06-21,Aisle 12,ambient
Extra-Virgin Golden Ginger Garlic Focaccia 10kg,Urban Roots Harvest,BAKE-002690,890100530787,Bakery & Deli,37,pcs,307.09,453.18,2026-09-04,Aisle 04,ambient
Artisan Kitchen Paper Towels 4-Roll 10kg,Royal Indian Plantations,HOUS-002691,890100530788,Household & Personal Care,237,tube,393.48,660.84,2027-03-15,Aisle 12,ambient
Whole-Grain Pista Almond Kokum Sharbat 4-Pack,Pashmina Botanicals,BEVE-002692,890100530789,Beverages,68,pack,190.06,262.88,2026-11-22,Aisle 06,ambient
Pure Veg Burger Patties 150g,Bhoomi Provisions,FROZ-002693,890100530790,Frozen Foods,238,box,189.97,294.62,2027-03-11,Aisle 08,frozen
Roasted Tulsi Honey Tiger Prawns Jumbo Snack Pack,Desi Organics Mills,MEAT-002694,890100530791,Meat & Seafood,101,kg,147.08,244.87,2026-08-30,Aisle 05,chilled
Traditional Squid Rings Cleaned 10kg,Urban Roots Co.,MEAT-002695,890100530792,Meat & Seafood,112,kg,460.22,738.02,2026-08-29,Aisle 05,chilled
Stone-Ground Cold Pressed Orange Juice Family Pack,Nilgiri Plantations,BEVE-002696,890100530793,Beverages,21,box,345.88,490.78,2027-04-11,Aisle 06,chilled
Traditional Paneer Block 250ml,Green Earth Botanicals,DAIR-002697,890100530794,Dairy & Eggs,225,bottle,454.80,807.58,2026-09-01,Aisle 02,chilled
Handcrafted Rose Infused Garlic Naan Frozen 4pk 5L,Nature Harvest Naturals,FROZ-002698,890100530795,Frozen Foods,55,pack,418.22,689.49,2026-08-29,Aisle 09,frozen
Zero-Sugar Rose Infused Desi Cow Ghee 6-Pack,Saffola Organics,DAIR-002699,890100530796,Dairy & Eggs,141,box,134.69,184.83,2026-09-20,Aisle 02,chilled
Extra-Virgin Crab Meat Fresh 250g,Vedic Fresh Co.,MEAT-002700,890100530797,Meat & Seafood,195,pack,222.65,317.99,2026-08-31,Aisle 05,chilled
Plant-Based Mozzarella Shredded 500g,Catch Mills,DAIR-002701,890100530798,Dairy & Eggs,187,bottle,46.80,70.43,2026-09-05,Aisle 02,chilled
Gluten-Free Mustard Oil Kachi Ghani 12-Pack,Nature Harvest Co.,PANT-002702,890100530799,Pantry & Dry Goods,12,bag,418.06,556.07,2027-05-29,Aisle 07,ambient
Roasted Kesar Pista Surmai Steaks 400g,Nature Harvest Naturals,MEAT-002703,890100530800,Meat & Seafood,84,pcs,542.56,827.42,2026-08-28,Aisle 05,chilled
Pure Baby Spinach 2-Pack,Fortune Naturals,FRES-002704,890100530801,Fresh Produce,113,pcs,60.37,111.30,2026-08-31,Aisle 02,chilled
Country Style Coconut Milk Canned 1L,Vedic Fresh Provisions,PANT-002705,890100530802,Pantry & Dry Goods,216,can,671.98,1034.47,2027-09-04,Aisle 07,ambient
Cured Butter Croissants 500ml,Pashmina Kitchens,BAKE-002706,890100530803,Bakery & Deli,140,pack,233.97,365.79,2026-09-08,Aisle 04,ambient
Traditional Frozen Green Peas 50g,Kaveri Dairy,FROZ-002707,890100530804,Frozen Foods,26,box,66.66,114.15,2026-12-30,Aisle 09,frozen
Plant-Based Soan Papdi Box 2-Pack,Nilgiri Co.,SNAC-002708,890100530805,Snacks & Confectionery,38,bar,305.62,489.32,2027-02-25,Aisle 09,ambient
Whole-Grain Surface Floor Cleaner Rose 8-Pack,Vedic Fresh Co.,HOUS-002709,890100530806,Household & Personal Care,145,box,337.79,528.39,2027-05-18,Aisle 12,ambient
Select Rose Infused Organic Sharbati Atta Snack Pack,Nature Harvest Botanicals,PANT-002710,890100530807,Pantry & Dry Goods,94,jar,153.59,244.66,2027-07-20,Aisle 07,ambient
Gourmet Alphonso Mango Roasted Makhana Foxnuts 100g,Saffola Plantations,SNAC-002711,890100530808,Snacks & Confectionery,115,box,412.11,568.11,2027-06-05,Aisle 09,ambient
Heritage French Fries Crispy 300g,Satvik Foods,FROZ-002712,890100530809,Frozen Foods,98,pack,114.63,201.23,2026-08-25,Aisle 08,frozen
Unpolished Sweet Tamarind Gulab Jamun Tin 150g,Catch Foods,SNAC-002713,890100530810,Snacks & Confectionery,133,tub,303.62,510.94,2027-03-04,Aisle 10,ambient
Sun-Dried Organic Green Tea 10kg,Catch Mills,BEVE-002714,890100530811,Beverages,120,bottle,157.81,209.73,2026-10-24,Aisle 05,chilled
Artisan Jalapeno Lime Stainless Steel Scrubber 3pk 1.5L,Tata Plantations,HOUS-002715,890100530812,Household & Personal Care,44,bottle,113.89,175.42,2027-08-19,Aisle 11,ambient
Traditional Cardamom Spiced Squid Rings Cleaned 24-Pack,Green Earth Milling,MEAT-002716,890100530813,Meat & Seafood,174,pcs,916.52,1495.00,2026-08-30,Aisle 04,chilled
Wildcrafted Vanilla Bean Veg Burger Patties 5kg,Ganga Farms,FROZ-002717,890100530814,Frozen Foods,48,box,65.68,90.38,2027-07-19,Aisle 08,frozen
Handcrafted Makhana Crunch Masala CTC Tea 8-Pack,Urban Roots Plantations,BEVE-002718,890100530815,Beverages,23,pack,64.84,109.90,2027-07-05,Aisle 05,chilled
Plant-Based Caramelized Onion Soy Milk Protein 400g,Amul Springs,DAIR-002719,890100530816,Dairy & Eggs,186,box,315.69,417.40,2026-09-12,Aisle 03,chilled
Country Style Garlic & Herb Kokum Sharbat 12-Pack,Green Earth Organics,BEVE-002720,890100530817,Beverages,95,bottle,98.99,169.61,2026-09-16,Aisle 06,ambient
Select Yukon Gold Potatoes 750ml,Saffola Dairy,FRES-002721,890100530818,Fresh Produce,169,pack,136.59,216.11,2026-09-11,Aisle 01,chilled
Smoked Iced Lemon Tea 6-Pack,Urban Roots Farms,BEVE-002722,890100530819,Beverages,175,box,358.09,604.34,2026-08-28,Aisle 05,ambient
Select Crab Meat Fresh 8-Pack,Desi Organics Foods,MEAT-002723,890100530820,Meat & Seafood,162,kg,296.29,435.97,2026-08-31,Aisle 05,chilled
Homestyle Truffle Infused Smoked Chicken Slices 10-Pack,Dabur Kitchens,BAKE-002724,890100530821,Bakery & Deli,165,pack,88.33,152.24,2026-09-05,Aisle 04,ambient
Smoked Garlic & Herb Catla Fish Steaks Value Pack,Himalayan Milling,MEAT-002725,890100530822,Meat & Seafood,11,pack,500.89,740.79,2026-08-31,Aisle 05,chilled
Sweet Fresh Mosambi Juice 8-Pack,Urban Roots Dairy,BEVE-002726,890100530823,Beverages,43,can,412.64,682.24,2026-08-27,Aisle 05,ambient
Select Cheese Croissant 1L,FarmGold Springs,BAKE-002727,890100530824,Bakery & Deli,225,pack,217.05,281.26,2026-09-05,Aisle 04,chilled
Aged Sparkling Mineral Water 6-Pack,Pure Vedic Kitchens,BEVE-002728,890100530825,Beverages,194,box,286.57,376.74,2026-08-30,Aisle 05,chilled
Whole-Grain Alphonso Mango Fresh Rohu Fish Snack Pack,Organic Tattva Milling,MEAT-002729,890100530826,Meat & Seafood,103,kg,722.47,1206.91,2026-08-31,Aisle 04,chilled
Organic Kachi Ghani Mustard Banana Chips Kerala Style 2L,Pashmina Naturals,SNAC-002730,890100530827,Snacks & Confectionery,206,box,353.21,650.81,2027-01-30,Aisle 09,ambient
Plant-Based Penne Rigate Pasta 750ml,Green Earth Milling,PANT-002731,890100530828,Pantry & Dry Goods,47,packet,218.50,275.45,2027-10-31,Aisle 07,ambient
Wildcrafted Alphonso Kulfi Tub 2L,Mother Dairy Foods,FROZ-002732,890100530829,Frozen Foods,220,pack,184.06,262.16,2027-05-02,Aisle 09,frozen
Valley Fresh Jeera Masala Soda 2-Pack,FarmGold Mills,BEVE-002733,890100530830,Beverages,246,bottle,127.99,227.83,2027-07-01,Aisle 05,chilled
Homestyle Diet Mixture Namkeen 200ml,Amul Plantations,SNAC-002734,890100530831,Snacks & Confectionery,4,bag,51.73,78.68,2026-12-03,Aisle 09,ambient
Wildcrafted Salted Butter Family Pack,Himalayan Kitchens,DAIR-002735,890100530832,Dairy & Eggs,239,packet,69.56,124.21,2026-09-01,Aisle 02,chilled
Gourmet Nagpur Orange Cream Cheese 1kg,Saffola Harvest,DAIR-002736,890100530833,Dairy & Eggs,190,tub,312.24,438.78,2026-08-27,Aisle 03,chilled
Whole-Grain Vanilla Bean Organic Brown Sugar 12-Pack,Amul Naturals,PANT-002737,890100530834,Pantry & Dry Goods,26,packet,696.34,1060.77,2027-11-10,Aisle 06,ambient
Sweet Espresso Roast Ground Coffee 10kg,Everest Dairy,BEVE-002738,890100530835,Beverages,134,bottle,293.01,435.47,2026-08-18,Aisle 06,chilled
Grass-Fed Gourmet Cookies Choco-Chip 1kg,Kaveri Co.,SNAC-002739,890100530836,Snacks & Confectionery,72,pack,546.77,977.03,2026-12-05,Aisle 09,ambient
Golden Fresh Chicken Curry Cut 250g,Dabur Kitchens,MEAT-002740,890100530837,Meat & Seafood,144,kg,916.77,1248.52,2026-09-01,Aisle 05,chilled
Roasted Rose Infused Guava Chilli Juice 1L,Pashmina Kitchens,BEVE-002741,890100530838,Beverages,231,bag,378.12,660.27,2027-03-25,Aisle 06,chilled
Handcrafted Feta Cheese 50g,SunBrite Plantations,DAIR-002742,890100530839,Dairy & Eggs,36,box,393.65,715.43,2026-09-06,Aisle 02,chilled
Sweet Aloo Tikki 8-Pack 150ml,Organic Tattva Kitchens,FROZ-002743,890100530840,Frozen Foods,240,tub,91.87,150.13,2027-01-26,Aisle 08,frozen
Plant-Based Alphonso Mango California Almonds Snack Pack,Everest Farms,SNAC-002744,890100530841,Snacks & Confectionery,180,pack,149.58,196.30,2027-01-02,Aisle 09,ambient
Select Pista Almond Bananas 300g,Ganga Organics,FRES-002745,890100530842,Fresh Produce,106,pack,33.18,41.88,2026-09-08,Aisle 02,ambient
Stone-Ground Tulsi Honey Sona Masoori Rice 6-Pack,Everest Milling,PANT-002746,890100530843,Pantry & Dry Goods,159,packet,113.49,161.41,2027-03-13,Aisle 06,ambient
Free-Range Truffle Infused Edamame Pods 250g,SunBrite Springs,FROZ-002747,890100530844,Frozen Foods,208,bag,189.08,281.30,2027-08-26,Aisle 09,frozen
Raw Chicken Frankfurters 330ml,Nilgiri Harvest,BAKE-002748,890100530845,Bakery & Deli,65,pcs,211.96,291.31,2026-09-02,Aisle 04,chilled
Premium Chicken Drumsticks Value Pack,Catch Agro,MEAT-002749,890100530846,Meat & Seafood,38,pack,941.18,1587.48,2026-08-25,Aisle 05,chilled
Free-Range Nagpur Orange Fresh Chicken Curry Cut 10kg,Urban Roots Organics,MEAT-002750,890100530847,Meat & Seafood,154,kg,739.04,1203.47,2026-09-02,Aisle 05,chilled
Country Style Vanilla Bean Alphonso Kulfi Tub 330ml,Catch Dairy,FROZ-002751,890100530848,Frozen Foods,142,pack,368.99,667.56,2027-05-30,Aisle 09,frozen
Cured Garlic & Herb Pure Jaggery Powder (Gud) Snack Pack,Tata Naturals,PANT-002752,890100530849,Pantry & Dry Goods,248,box,221.40,323.48,2027-02-20,Aisle 08,ambient
Pure Ajwain & Jeera Banana Chips Kerala Style 8-Pack,Satvik Organics,SNAC-002753,890100530850,Snacks & Confectionery,250,bag,113.89,157.97,2027-03-30,Aisle 10,ambient
Homestyle Cold Pressed Orange Juice 8-Pack,Royal Indian Mills,BEVE-002754,890100530851,Beverages,231,bag,316.74,443.60,2027-08-04,Aisle 05,chilled
Handcrafted Cinnamon Spice Avocados 1kg,Amul Dairy,FRES-002755,890100530852,Fresh Produce,128,kg,114.06,182.98,2026-08-27,Aisle 01,chilled
Select Sea Salt Pomfret Whole 750g,Vedic Fresh Botanicals,MEAT-002756,890100530853,Meat & Seafood,117,pcs,203.02,354.37,2026-09-02,Aisle 04,chilled
Cured Masala Chai Dishwash Gel Lemon 150ml,Patanjali Organics,HOUS-002757,890100530854,Household & Personal Care,13,tube,52.22,88.86,2029-02-06,Aisle 11,ambient
Wildcrafted Flavored Yogurt 24-Pack,Amul Springs,DAIR-002758,890100530855,Dairy & Eggs,222,carton,450.62,602.73,2026-09-26,Aisle 03,chilled
Cold-Pressed Pasture Eggs 250g,Kaveri Harvest,DAIR-002759,890100530856,Dairy & Eggs,39,tub,467.71,700.26,2026-09-04,Aisle 02,chilled
Golden Chamomile Herbal Tea 2kg,Vedic Fresh Plantations,BEVE-002760,890100530857,Beverages,198,bottle,122.61,213.51,2026-08-20,Aisle 06,ambient
Select Chaash / Buttermilk 250g,Dabur Dairy,DAIR-002761,890100530858,Dairy & Eggs,141,bottle,170.68,263.17,2026-08-30,Aisle 02,chilled
Sweet Tulsi Honey Salted Butter 400g,Mother Dairy Organics,DAIR-002762,890100530859,Dairy & Eggs,146,packet,114.40,206.02,2026-09-06,Aisle 02,chilled
Plant-Based Makhana Crunch Extra Virgin Olive Oil 24-Pack,Nature Harvest Foods,PANT-002763,890100530860,Pantry & Dry Goods,132,jar,377.06,583.24,2027-01-24,Aisle 06,ambient
Extra-Virgin Ginger Kombucha 500ml,Desi Organics Mills,BEVE-002764,890100530861,Beverages,150,box,189.04,311.03,2027-05-26,Aisle 06,chilled
Zero-Sugar Matcha Green Tea Unsalted White Butter 1L,Organic Tattva Foods,DAIR-002765,890100530862,Dairy & Eggs,93,packet,435.51,775.77,2026-09-11,Aisle 02,chilled
Heritage Fish Fingers Frozen 300g,SunBrite Kitchens,FROZ-002766,890100530863,Frozen Foods,182,pack,70.74,129.23,2026-12-13,Aisle 09,frozen
Traditional Makhana Crunch Surmai Steaks 10kg,Fortune Naturals,MEAT-002767,890100530864,Meat & Seafood,72,pack,913.69,1344.41,2026-08-29,Aisle 04,chilled
Traditional Cream Cheese 350g,Tata Provisions,DAIR-002768,890100530865,Dairy & Eggs,244,bottle,327.54,498.43,2026-09-10,Aisle 03,chilled
Unpolished Chicken Sausages 200ml,Mother Dairy Co.,MEAT-002769,890100530866,Meat & Seafood,58,pcs,406.15,656.90,2026-09-02,Aisle 05,chilled
Plant-Based Sweet Tamarind Surmai Steaks 150g,Himalayan Goods,MEAT-002770,890100530867,Meat & Seafood,123,pcs,689.50,1073.65,2026-09-02,Aisle 05,chilled
Natural Cinnamon Spice Chicken Sausages 1.5L,Pure Vedic Foods,MEAT-002771,890100530868,Meat & Seafood,35,kg,578.31,1042.95,2026-08-31,Aisle 04,chilled
Royal Cardamom Spiced Espresso Roast Ground Coffee 1.5L,Kaveri Goods,BEVE-002772,890100530869,Beverages,37,carton,190.38,264.46,2027-05-22,Aisle 06,chilled
Plant-Based Caramelized Onion Biodegradable Garbage Bags 1kg,Mother Dairy Kitchens,HOUS-002773,890100530870,Household & Personal Care,64,packet,333.40,549.24,2027-07-21,Aisle 12,ambient
Desi Lemon Pepper Moong Dal Namkeen 5L,SunBrite Agro,SNAC-002774,890100530871,Snacks & Confectionery,186,bag,507.07,747.08,2026-11-06,Aisle 10,ambient
Sun-Dried Cinnamon Spice Pasture Eggs 10-Pack,Fortune Naturals,DAIR-002775,890100530872,Dairy & Eggs,94,carton,485.63,822.14,2026-09-11,Aisle 03,chilled
Authentic Malai Kulfi Bar 50g,Himalayan Dairy,FROZ-002776,890100530873,Frozen Foods,238,bag,344.16,517.71,2026-12-07,Aisle 09,frozen
Select Sweet Tamarind Cashew Paste Curry Base 750ml,FarmGold Goods,PANT-002777,890100530874,Pantry & Dry Goods,19,bottle,660.15,946.97,2027-09-06,Aisle 06,ambient
Roasted Coconut Cream Double Toned Milk 5L,Urban Roots Naturals,DAIR-002778,890100530875,Dairy & Eggs,134,pack,427.54,772.59,2026-09-21,Aisle 03,chilled
Artisan Toasted Sesame Ricotta Fresh 10-Pack,Pure Vedic Farms,DAIR-002779,890100530876,Dairy & Eggs,110,tub,76.56,126.77,2026-09-18,Aisle 03,chilled
Stone-Ground Kashmiri Saffron 70% Dark Chocolate Bar 6-Pack,Nilgiri Plantations,SNAC-002780,890100530877,Snacks & Confectionery,29,pack,74.19,114.03,2027-02-06,Aisle 09,ambient
Farm-Fresh Truffle Infused Butter Murukku 1kg,Dabur Springs,SNAC-002781,890100530878,Snacks & Confectionery,183,bag,85.37,146.60,2027-04-28,Aisle 10,ambient
Smoked Lemon Pepper Dry Fruits Trail Mix 150ml,Deccan Organics,SNAC-002782,890100530879,Snacks & Confectionery,62,pack,37.03,67.82,2026-08-27,Aisle 10,ambient
Handcrafted Kitchen Paper Towels 4-Roll 500ml,FarmGold Agro,HOUS-002783,890100530880,Household & Personal Care,47,bottle,168.36,310.00,2029-01-29,Aisle 12,ambient
Crisp Pasture Eggs 1.5L,Mother Dairy Dairy,DAIR-002784,890100530881,Dairy & Eggs,16,tub,207.04,263.39,2026-09-16,Aisle 03,chilled
Handcrafted Truffle Infused Chana Dal Polished 500g,Bhoomi Co.,PANT-002785,890100530882,Pantry & Dry Goods,229,jar,508.91,707.91,2026-08-27,Aisle 08,ambient
Zero-Sugar Alphonso Kulfi Tub 500ml,Organic Tattva Kitchens,FROZ-002786,890100530883,Frozen Foods,120,tub,305.47,451.81,2027-03-02,Aisle 08,frozen
Gluten-Free Makhana Crunch Roasted Makhana Foxnuts Snack Pack,Desi Organics Plantations,SNAC-002787,890100530884,Snacks & Confectionery,62,packet,539.89,931.35,2027-03-13,Aisle 10,ambient
Handcrafted Ajwain & Jeera Strawberries Family Pack,Kaveri Organics,FRES-002788,890100530885,Fresh Produce,53,pack,112.44,188.74,2026-08-29,Aisle 02,chilled
Premium Pista Almond Hash Browns 6pk Family Pack,Pure Vedic Co.,FROZ-002789,890100530886,Frozen Foods,186,bag,307.95,448.61,2027-01-01,Aisle 09,frozen
Signature Surmai Steaks 5L,Vedic Fresh Goods,MEAT-002790,890100530887,Meat & Seafood,33,pcs,740.64,1096.13,2026-08-30,Aisle 05,chilled
Gourmet Smoked Paprika Unsalted White Butter 24-Pack,Patanjali Farms,DAIR-002791,890100530888,Dairy & Eggs,66,carton,192.39,286.86,2026-09-10,Aisle 02,chilled
Traditional Jalapeno Lime Kaju Katli Sweet Box 300g,Himalayan Foods,SNAC-002792,890100530889,Snacks & Confectionery,172,bar,389.72,560.36,2027-01-04,Aisle 09,ambient
Royal Pista Almond Paneer Block Value Pack,Royal Indian Foods,DAIR-002793,890100530890,Dairy & Eggs,73,packet,66.76,96.89,2026-09-03,Aisle 02,chilled
Zero-Sugar Moong Dal Washed 750ml,Patanjali Foods,PANT-002794,890100530891,Pantry & Dry Goods,247,bag,468.89,771.48,2027-10-18,Aisle 06,ambient
Cured Masala Chai Cow Milk 4-Pack,FarmGold Milling,DAIR-002795,890100530892,Dairy & Eggs,143,pack,197.06,246.43,2026-09-23,Aisle 02,chilled
Free-Range Makhana Crunch Crab Meat Fresh 1kg,Everest Springs,MEAT-002796,890100530893,Meat & Seafood,227,pack,661.22,911.50,2026-09-01,Aisle 05,chilled
Low-Sodium French Fries Crispy 750g,Satvik Organics,FROZ-002797,890100530894,Frozen Foods,223,box,75.45,130.86,2027-07-29,Aisle 09,frozen
Cured Rose Infused Fresh Mint (Pudina) 250g,Amul Co.,FRES-002798,890100530895,Fresh Produce,231,pcs,27.80,47.94,2026-09-03,Aisle 02,chilled
Farm-Fresh Caramelized Onion Kulcha 4-Pack 250ml,Saffola Farms,BAKE-002799,890100530896,Bakery & Deli,110,box,233.58,348.33,2026-09-06,Aisle 03,chilled
Premium Cinnamon Spice Tender Coconut Water 750ml,Pashmina Goods,BEVE-002800,890100530897,Beverages,87,pack,436.49,777.06,2027-02-27,Aisle 06,ambient
Royal Pasture Eggs Value Pack,Catch Farms,DAIR-002801,890100530898,Dairy & Eggs,149,pack,335.18,520.66,2026-09-15,Aisle 03,chilled
Select Bath Tissue 6-Pack 400g,FarmGold Co.,HOUS-002802,890100530899,Household & Personal Care,24,pack,278.40,367.88,2028-08-12,Aisle 12,ambient
Spiced Nagpur Orange Pav 6-Pack 250ml,Pashmina Foods,BAKE-002803,890100530900,Bakery & Deli,35,pcs,62.95,107.17,2026-08-16,Aisle 04,ambient
Wildcrafted Rawa Sooji 6-Pack,Kaveri Provisions,PANT-002804,890100530901,Pantry & Dry Goods,52,can,446.37,626.44,2028-02-01,Aisle 06,ambient
Select Granola Health Bars 200g,FarmGold Farms,SNAC-002805,890100530902,Snacks & Confectionery,105,packet,309.69,439.88,2026-10-13,Aisle 09,ambient
Signature Crab Meat Fresh 250ml,Saffola Naturals,MEAT-002806,890100530903,Meat & Seafood,192,pack,346.58,469.11,2026-08-17,Aisle 04,chilled
Stone-Ground Jalapeno Lime Fresh Chicken Curry Cut 5L,Everest Springs,MEAT-002807,890100530904,Meat & Seafood,140,kg,520.15,928.25,2026-09-03,Aisle 04,chilled
Gluten-Free Rose Infused Royal Basmati Rice 1kg,Pure Vedic Foods,PANT-002808,890100530905,Pantry & Dry Goods,17,bottle,445.27,728.08,2028-05-07,Aisle 08,ambient
Gluten-Free Urad Dal Whole 2L,Nilgiri Farms,PANT-002809,890100530906,Pantry & Dry Goods,227,bottle,309.29,492.14,2028-06-09,Aisle 08,ambient
Zero-Sugar Sweet Tamarind Moong Dal Namkeen 250g,Satvik Co.,SNAC-002810,890100530907,Snacks & Confectionery,200,pack,508.11,862.98,2027-03-05,Aisle 09,ambient
Crisp Mixed Berries Frozen 100g,Organic Tattva Goods,FROZ-002811,890100530908,Frozen Foods,72,box,200.18,296.97,2027-06-28,Aisle 09,frozen
Valley Fresh Truffle Infused Chamomile Herbal Tea 750ml,Mother Dairy Milling,BEVE-002812,890100530909,Beverages,28,carton,354.61,567.51,2027-05-27,Aisle 05,chilled
Low-Sodium Butter Murukku Snack Pack,Ganga Milling,SNAC-002813,890100530910,Snacks & Confectionery,79,tub,422.29,667.07,2027-05-21,Aisle 09,ambient
Sun-Dried Caramelized Onion Double Toned Milk Family Pack,Green Earth Organics,DAIR-002814,890100530911,Dairy & Eggs,37,tub,477.06,774.14,2026-09-24,Aisle 03,chilled
Artisan Toor Dal Premium 5L,Nilgiri Mills,PANT-002815,890100530912,Pantry & Dry Goods,14,box,632.67,909.60,2027-12-14,Aisle 06,ambient
Grass-Fed Tandoori Smoked Roasted Salted Cashews 10kg,Nilgiri Farms,SNAC-002816,890100530913,Snacks & Confectionery,244,packet,165.93,268.43,2026-08-30,Aisle 09,ambient
Natural Banana Chips Kerala Style 150ml,Fortune Kitchens,SNAC-002817,890100530914,Snacks & Confectionery,129,box,279.69,360.27,2027-01-21,Aisle 09,ambient
Artisan Alphonso Mango Sourdough Loaf 750g,Deccan Dairy,BAKE-002818,890100530915,Bakery & Deli,178,pcs,90.29,136.26,2026-09-10,Aisle 04,chilled
Rustic Tulsi Honey Basa Fish Fillets Value Pack,Kaveri Provisions,MEAT-002819,890100530916,Meat & Seafood,180,pack,405.13,531.30,2026-08-30,Aisle 05,chilled
Handcrafted Coconut Cream Himalayan Spring Water 500ml,Desi Organics Naturals,BEVE-002820,890100530917,Beverages,38,bag,388.11,683.99,2027-05-23,Aisle 05,chilled
Royal Green Peas Fresh Value Pack,Catch Provisions,FRES-002821,890100530918,Fresh Produce,82,bag,135.60,175.13,2026-09-15,Aisle 02,chilled
Pure Alphonso Kulfi Tub 1kg,Ganga Harvest,FROZ-002822,890100530919,Frozen Foods,5,pack,394.85,541.30,2027-08-22,Aisle 09,frozen
Heritage Nimbu Paani Soda 8-Pack,Tata Co.,BEVE-002823,890100530920,Beverages,112,bag,53.43,74.54,2027-04-28,Aisle 06,ambient
Farm-Fresh Diet Mixture Namkeen 5L,Patanjali Organics,SNAC-002824,890100530921,Snacks & Confectionery,5,box,391.76,580.00,2027-04-24,Aisle 09,ambient
Cold-Pressed Kachi Ghani Mustard Guava Chilli Juice 250g,Himalayan Organics,BEVE-002825,890100530922,Beverages,218,pack,290.65,375.94,2027-07-09,Aisle 05,ambient
Gluten-Free Cinnamon Spice Mustard Oil Kachi Ghani 5L,Organic Tattva Agro,PANT-002826,890100530923,Pantry & Dry Goods,176,packet,105.21,193.17,2027-01-07,Aisle 07,ambient
Country Style Coconut Cream Fresh Rohu Fish 300g,Catch Farms,MEAT-002827,890100530924,Meat & Seafood,33,kg,412.76,517.26,2026-09-03,Aisle 04,chilled
Free-Range Lemon Pepper Butter Croissants Snack Pack,Nature Harvest Farms,BAKE-002828,890100530925,Bakery & Deli,13,pack,203.37,280.85,2026-09-03,Aisle 03,chilled
Sun-Dried Atlantic Salmon Fillet 2kg,Ganga Mills,MEAT-002829,890100530926,Meat & Seafood,142,pack,713.12,1040.20,2026-09-03,Aisle 05,chilled
Unpolished Rose Infused Surface Floor Cleaner Rose 250ml,Pure Vedic Harvest,HOUS-002830,890100530927,Household & Personal Care,224,pack,574.83,875.57,2027-08-31,Aisle 12,ambient
Roasted Garlic & Herb Biodegradable Garbage Bags 2L,Tata Foods,HOUS-002831,890100530928,Household & Personal Care,96,pack,218.99,341.63,2027-06-18,Aisle 11,ambient
Whole-Grain Alphonso Mango Edamame Pods 100g,FarmGold Kitchens,FROZ-002832,890100530929,Frozen Foods,187,bag,406.67,637.23,2027-04-28,Aisle 08,frozen
Homestyle Roasted Salted Cashews 200ml,Dabur Provisions,SNAC-002833,890100530930,Snacks & Confectionery,100,pack,329.40,568.81,2027-04-04,Aisle 10,ambient
Smoked Lemon Pepper Fresh Rohu Fish 6-Pack,Patanjali Provisions,MEAT-002834,890100530931,Meat & Seafood,16,pcs,667.72,1047.01,2026-09-02,Aisle 05,chilled
Authentic Extra Virgin Olive Oil 2L,Ganga Goods,PANT-002835,890100530932,Pantry & Dry Goods,24,jar,700.55,1182.96,2027-05-05,Aisle 07,ambient
Artisan Chicken Drumsticks 150g,Satvik Springs,MEAT-002836,890100530933,Meat & Seafood,41,pcs,658.58,925.25,2026-09-03,Aisle 04,chilled
Wildcrafted Kesar Pista Wood-Fired Veggie Pizza 1.5L,Catch Dairy,FROZ-002837,890100530934,Frozen Foods,144,box,151.85,238.23,2027-04-08,Aisle 09,frozen
Homestyle Nimbu Paani Soda Family Pack,Heritage Provisions,BEVE-002838,890100530935,Beverages,151,bottle,307.73,556.96,2027-03-15,Aisle 05,ambient
Cold-Pressed Soy Milk Protein 100g,Vedic Fresh Naturals,DAIR-002839,890100530936,Dairy & Eggs,146,bottle,518.27,804.51,2026-09-14,Aisle 02,chilled
Organic Chicken Salami 1.5L,Urban Roots Botanicals,BAKE-002840,890100530937,Bakery & Deli,35,pack,66.37,117.95,2026-09-08,Aisle 04,ambient
Whole-Grain Wood-Fired Veggie Pizza 500g,Pashmina Mills,FROZ-002841,890100530938,Frozen Foods,209,box,156.19,218.79,2027-03-11,Aisle 09,frozen
Cold-Pressed Chaash / Buttermilk 8-Pack,Pashmina Springs,DAIR-002842,890100530939,Dairy & Eggs,249,box,415.88,704.32,2026-09-01,Aisle 03,chilled
Natural Masala Chai Dry Fruits Trail Mix 4-Pack,Mother Dairy Organics,SNAC-002843,890100530940,Snacks & Confectionery,75,box,376.00,619.44,2027-05-19,Aisle 09,ambient
Desi Amla Juice Pure Snack Pack,Urban Roots Provisions,BEVE-002844,890100530941,Beverages,228,pack,238.69,386.97,2027-01-04,Aisle 05,ambient
Signature Alphonso Mango Avocados 200ml,Nilgiri Plantations,FRES-002845,890100530942,Fresh Produce,232,bag,41.21,53.19,2026-09-08,Aisle 02,chilled
Artisan Ajwain & Jeera Unsalted White Butter 1kg,Pure Vedic Naturals,DAIR-002846,890100530943,Dairy & Eggs,133,pack,405.00,657.30,2026-09-14,Aisle 02,chilled
Artisan Cashew Paste Curry Base 150g,Desi Organics Foods,PANT-002847,890100530944,Pantry & Dry Goods,161,jar,616.07,1054.27,2027-03-16,Aisle 07,ambient
Natural Garlic & Herb Pav 6-Pack 6-Pack,Organic Tattva Organics,BAKE-002848,890100530945,Bakery & Deli,152,pack,128.46,160.89,2026-09-05,Aisle 04,ambient
Rustic Kesar Pista Double Toned Milk 12-Pack,Green Earth Naturals,DAIR-002849,890100530946,Dairy & Eggs,132,carton,358.61,562.50,2026-09-17,Aisle 03,chilled
Traditional Cold Brew Coffee 1.5L,Ganga Plantations,BEVE-002850,890100530947,Beverages,227,bag,86.37,157.95,2026-10-25,Aisle 05,ambient
Country Style Cold Brew Coffee 2L,SunBrite Kitchens,BEVE-002851,890100530948,Beverages,82,carton,419.54,700.51,2027-05-28,Aisle 06,chilled
Crisp Rose Infused Squid Rings Cleaned 2kg,Organic Tattva Foods,MEAT-002852,890100530949,Meat & Seafood,71,pcs,411.29,560.04,2026-08-31,Aisle 05,chilled
Whole-Grain Pure Jaggery Powder (Gud) 5kg,Fortune Mills,PANT-002853,890100530950,Pantry & Dry Goods,56,bag,210.32,320.12,2026-08-27,Aisle 07,ambient
Spiced Cinnamon Spice Penne Rigate Pasta 50g,Nature Harvest Organics,PANT-002854,890100530951,Pantry & Dry Goods,155,bottle,38.10,70.39,2028-04-22,Aisle 08,ambient
Raw Coconut Cream Cheese Croissant 250ml,FarmGold Milling,BAKE-002855,890100530952,Bakery & Deli,49,box,250.48,367.84,2026-09-06,Aisle 04,chilled
Cold-Pressed Garlic Focaccia 150g,Heritage Goods,BAKE-002856,890100530953,Bakery & Deli,57,pcs,25.69,38.19,2026-09-03,Aisle 03,ambient
Low-Sodium Matcha Green Tea Spicy Peanut Chikki 750g,Patanjali Farms,SNAC-002857,890100530954,Snacks & Confectionery,79,bar,543.16,896.86,2027-04-27,Aisle 09,ambient
Stone-Ground Chicken Drumsticks 50g,SunBrite Provisions,MEAT-002858,890100530955,Meat & Seafood,32,pack,835.79,1435.73,2026-08-31,Aisle 05,chilled
Artisan Pita Bread 8-Pack,Ganga Goods,BAKE-002859,890100530956,Bakery & Deli,27,box,145.62,188.69,2026-08-31,Aisle 03,chilled
Desi Cinnamon Spice Pav 6-Pack 250ml,Organic Tattva Harvest,BAKE-002860,890100530957,Bakery & Deli,127,pcs,258.82,354.79,2026-09-06,Aisle 04,ambient
Sweet Fresh Methi Value Pack,Mother Dairy Kitchens,FRES-002861,890100530958,Fresh Produce,194,bunch,101.04,157.65,2026-09-05,Aisle 01,ambient
Gourmet Masala Chai Masala CTC Tea 500ml,Satvik Plantations,BEVE-002862,890100530959,Beverages,126,bag,341.88,452.72,2026-09-12,Aisle 05,chilled
Stone-Ground Chamomile Herbal Tea 6-Pack,Nilgiri Milling,BEVE-002863,890100530960,Beverages,171,can,107.09,170.61,2027-02-06,Aisle 06,ambient
Pure Coconut Cream Stainless Steel Scrubber 3pk Snack Pack,FarmGold Agro,HOUS-002864,890100530961,Household & Personal Care,118,box,329.49,440.03,2027-08-27,Aisle 11,ambient
Zero-Sugar Malai Kulfi Bar 5L,Tata Mills,FROZ-002865,890100530962,Frozen Foods,176,bag,296.11,501.28,2027-02-12,Aisle 08,frozen
Wildcrafted Caramelized Onion Mishri Mawa 10-Pack,Nilgiri Goods,DAIR-002866,890100530963,Dairy & Eggs,177,box,406.20,575.54,2026-09-04,Aisle 03,chilled
Aged Kesar Pista Cashew Paste Curry Base 200ml,Fortune Goods,PANT-002867,890100530964,Pantry & Dry Goods,226,box,353.92,615.39,2027-06-21,Aisle 06,ambient
Pure Red Chilli & Garlic Cold Pressed Orange Juice Snack Pack,Heritage Foods,BEVE-002868,890100530965,Beverages,10,can,379.80,539.50,2027-03-10,Aisle 06,ambient
Free-Range Golden Ginger Soy Milk Protein 4-Pack,Satvik Plantations,DAIR-002869,890100530966,Dairy & Eggs,156,pack,363.06,607.12,2026-09-03,Aisle 02,chilled
Pure Bananas 10kg,Everest Co.,FRES-002870,890100530967,Fresh Produce,39,pcs,57.83,98.89,2026-09-09,Aisle 01,chilled
Spiced Tulsi Honey Poha Thick Flakes 5kg,Catch Naturals,PANT-002871,890100530968,Pantry & Dry Goods,125,bottle,459.81,711.98,2026-08-22,Aisle 06,ambient
Grass-Fed Pista Almond Blueberries 2kg,Heritage Farms,FRES-002872,890100530969,Fresh Produce,63,pack,115.81,150.02,2026-08-30,Aisle 01,chilled
Cured Kachi Ghani Mustard Rusk Toast Value Pack,Organic Tattva Provisions,BAKE-002873,890100530970,Bakery & Deli,129,pcs,120.12,214.97,2026-08-30,Aisle 04,ambient
Unpolished Cinnamon Spice Greek Yogurt 400g,Royal Indian Agro,DAIR-002874,890100530971,Dairy & Eggs,129,carton,494.07,738.89,2026-08-30,Aisle 02,chilled
Gourmet Mustard Oil Kachi Ghani 350g,Catch Farms,PANT-002875,890100530972,Pantry & Dry Goods,120,jar,105.65,169.79,2027-01-15,Aisle 08,ambient
Zero-Sugar Ajwain & Jeera Extra Virgin Olive Oil 330ml,Saffola Botanicals,PANT-002876,890100530973,Pantry & Dry Goods,125,packet,332.79,539.51,2026-12-10,Aisle 06,ambient
Free-Range Fresh Mint (Pudina) 200ml,Urban Roots Foods,FRES-002877,890100530974,Fresh Produce,181,pack,89.41,157.65,2026-09-12,Aisle 02,chilled
Cold-Pressed Chatpata Masala 70% Dark Chocolate Bar 400g,Patanjali Farms,SNAC-002878,890100530975,Snacks & Confectionery,132,packet,88.61,116.22,2027-01-05,Aisle 10,ambient
Valley Fresh Tandoori Smoked Clove & Mint Toothpaste 2-Pack,SunBrite Foods,HOUS-002879,890100530976,Household & Personal Care,205,tube,356.66,554.68,2027-06-11,Aisle 11,ambient
Gluten-Free Truffle Infused Kulcha 4-Pack 6-Pack,Organic Tattva Agro,BAKE-002880,890100530977,Bakery & Deli,94,pack,160.39,271.79,2026-09-09,Aisle 03,chilled
Desi Mint Lime Mutton Curry Cut 6-Pack,Organic Tattva Dairy,MEAT-002881,890100530978,Meat & Seafood,178,pack,332.37,464.59,2026-08-31,Aisle 05,chilled
Zero-Sugar Mozzarella Shredded 200g,SunBrite Mills,DAIR-002882,890100530979,Dairy & Eggs,198,pack,91.88,159.22,2026-09-10,Aisle 02,chilled
Unpolished Coconut Cream Clove & Mint Toothpaste 8-Pack,Patanjali Foods,HOUS-002883,890100530980,Household & Personal Care,182,tube,217.62,375.11,2029-02-20,Aisle 12,ambient
Artisan Ciabatta Roll 4-Pack,Saffola Foods,BAKE-002884,890100530981,Bakery & Deli,41,pack,58.29,102.17,2026-08-31,Aisle 04,chilled
Natural Makhana Crunch Diet Mixture Namkeen 400g,Deccan Botanicals,SNAC-002885,890100530982,Snacks & Confectionery,92,pack,120.51,158.92,2027-02-26,Aisle 09,ambient
Gourmet Surface Floor Cleaner Rose 1L,Deccan Goods,HOUS-002886,890100530983,Household & Personal Care,191,box,474.82,637.60,2028-04-20,Aisle 11,ambient
Free-Range Seedless Grapes 10kg,Nilgiri Agro,FRES-002887,890100530984,Fresh Produce,46,kg,65.22,108.39,2026-09-03,Aisle 02,ambient
Heritage Wood-Fired Veggie Pizza Snack Pack,Fortune Organics,FROZ-002888,890100530985,Frozen Foods,16,pack,164.31,301.69,2027-03-22,Aisle 08,frozen
Wildcrafted Masala Chai Floor Disinfectant Pine 1kg,Organic Tattva Provisions,HOUS-002889,890100530986,Household & Personal Care,193,tube,517.96,801.49,2027-04-24,Aisle 12,ambient
Cold-Pressed Ajwain & Jeera Pasture Eggs 1.5L,Tata Dairy,DAIR-002890,890100530987,Dairy & Eggs,68,bottle,442.11,630.24,2026-09-09,Aisle 02,chilled
Rustic Squid Rings Cleaned 400g,Kaveri Harvest,MEAT-002891,890100530988,Meat & Seafood,156,pcs,549.03,964.29,2026-08-18,Aisle 05,chilled
Sweet Matcha Green Tea Lemons 750ml,Patanjali Foods,FRES-002892,890100530989,Fresh Produce,44,kg,78.73,103.57,2026-08-29,Aisle 02,ambient
Wildcrafted Truffle Infused Tonic Water Premium 250ml,Dabur Goods,BEVE-002893,890100530990,Beverages,227,can,126.24,192.63,2027-04-20,Aisle 06,ambient
Spiced Kashmiri Saffron Stainless Steel Scrubber 3pk 5L,Tata Farms,HOUS-002894,890100530991,Household & Personal Care,126,pack,102.15,129.26,2028-01-16,Aisle 12,ambient
Whole-Grain Smoked Paprika Amla Juice Pure 100g,Ganga Harvest,BEVE-002895,890100530992,Beverages,113,bottle,215.99,298.19,2027-01-09,Aisle 05,ambient
Smoked Bath Tissue 6-Pack 100g,Mother Dairy Harvest,HOUS-002896,890100530993,Household & Personal Care,214,pack,398.05,550.78,2028-08-25,Aisle 12,ambient
Select Pista Almond Surmai Steaks 330ml,Heritage Botanicals,MEAT-002897,890100530994,Meat & Seafood,30,kg,384.75,701.80,2026-08-29,Aisle 05,chilled
Spiced Chatpata Masala Cream Cheese 5kg,Vedic Fresh Naturals,DAIR-002898,890100530995,Dairy & Eggs,198,tub,516.81,744.36,2026-09-14,Aisle 02,chilled
Raw Nimbu Paani Soda 750ml,Everest Foods,BEVE-002899,890100530996,Beverages,101,pack,124.30,171.10,2027-04-26,Aisle 06,ambient
Grass-Fed Vanilla Bean Clove & Mint Toothpaste 1.5L,Desi Organics Farms,HOUS-002900,890100530997,Household & Personal Care,161,box,65.23,116.75,2028-03-29,Aisle 12,ambient
Pure Chatpata Masala Garlic Naan Frozen 4pk 200g,Dabur Plantations,FROZ-002901,890100530998,Frozen Foods,233,bag,284.49,424.29,2027-04-26,Aisle 08,frozen
Golden Cinnamon Spice Goat Mince Premium 100g,Mother Dairy Botanicals,MEAT-002902,890100530999,Meat & Seafood,67,pcs,262.88,428.67,2026-08-29,Aisle 05,chilled
Aged Tulsi Honey Masala Potato Chips 200g,Vedic Fresh Goods,SNAC-002903,890100531000,Snacks & Confectionery,199,bag,362.35,598.39,2027-01-11,Aisle 10,ambient
Heritage Caramelized Onion Frozen Veg Momos 400g,Heritage Plantations,FROZ-002904,890100531001,Frozen Foods,211,packet,195.40,315.69,2027-07-03,Aisle 08,frozen
Traditional Rose Infused Coconut Milk Canned 12-Pack,Organic Tattva Harvest,PANT-002905,890100531002,Pantry & Dry Goods,101,bag,221.84,329.62,2026-12-17,Aisle 07,ambient
Wildcrafted Badam Milk Drink Family Pack,SunBrite Botanicals,BEVE-002906,890100531003,Beverages,45,carton,112.05,195.65,2027-02-05,Aisle 06,chilled
Grass-Fed Rose Infused Cold Pressed Orange Juice 500g,Himalayan Harvest,BEVE-002907,890100531004,Beverages,122,bag,415.58,682.36,2026-08-25,Aisle 05,chilled
Signature Garlic & Herb Masala Potato Chips 1kg,Pure Vedic Milling,SNAC-002908,890100531005,Snacks & Confectionery,138,bar,66.76,110.59,2027-02-11,Aisle 09,ambient
Rustic Fabric Softener Floral 1.5L,Nature Harvest Milling,HOUS-002909,890100531006,Household & Personal Care,22,tube,207.24,284.08,2028-05-25,Aisle 11,ambient
Rustic Garlic Naan Frozen 4pk 5kg,Green Earth Springs,FROZ-002910,890100531007,Frozen Foods,66,packet,205.42,301.27,2027-07-05,Aisle 08,frozen
Traditional Tulsi Honey Fabric Softener Floral 5kg,Bhoomi Springs,HOUS-002911,890100531008,Household & Personal Care,32,tube,168.01,268.33,2026-08-23,Aisle 12,ambient
Handcrafted Brownie Bites 330ml,Ganga Plantations,BAKE-002912,890100531009,Bakery & Deli,79,pack,101.59,175.34,2026-09-08,Aisle 03,chilled
Gluten-Free Nagpur Orange Banana Chips Kerala Style 750g,Patanjali Harvest,SNAC-002913,890100531010,Snacks & Confectionery,66,bar,449.48,573.09,2027-02-04,Aisle 09,ambient
Gluten-Free Jalapeno Lime Extra Virgin Olive Oil 750ml,Fortune Farms,PANT-002914,890100531011,Pantry & Dry Goods,203,can,700.35,1056.45,2027-04-10,Aisle 07,ambient
Natural Rose Infused Electrolyte Energy Drink 200ml,Everest Kitchens,BEVE-002915,890100531012,Beverages,166,box,144.48,184.55,2026-08-20,Aisle 06,ambient
Cured Ajwain & Jeera Flavored Yogurt 4-Pack,Tata Dairy,DAIR-002916,890100531013,Dairy & Eggs,248,tub,250.20,364.26,2026-09-02,Aisle 03,chilled
Sweet Moong Dal Namkeen 330ml,Bhoomi Foods,SNAC-002917,890100531014,Snacks & Confectionery,14,pack,375.17,656.80,2026-11-19,Aisle 09,ambient
Raw Banana Chips Kerala Style 10-Pack,Green Earth Springs,SNAC-002918,890100531015,Snacks & Confectionery,8,box,418.11,637.16,2027-03-29,Aisle 09,ambient
Gluten-Free Espresso Roast Ground Coffee 24-Pack,Pashmina Harvest,BEVE-002919,890100531016,Beverages,63,can,37.53,64.26,2026-12-19,Aisle 06,ambient
Extra-Virgin Cinnamon Spice Frozen Samosas 400g,Organic Tattva Farms,FROZ-002920,890100531017,Frozen Foods,171,tub,212.06,347.92,2027-03-08,Aisle 09,frozen
Pure Masala Chai Double Toned Milk 1.5L,Nature Harvest Botanicals,DAIR-002921,890100531018,Dairy & Eggs,191,pack,511.20,914.93,2026-09-26,Aisle 03,chilled
Royal Makhana Crunch Roasted Salted Cashews 150g,Saffola Provisions,SNAC-002922,890100531019,Snacks & Confectionery,78,tub,547.52,773.79,2027-05-10,Aisle 10,ambient
Valley Fresh Fresh Mosambi Juice 250g,Nature Harvest Kitchens,BEVE-002923,890100531020,Beverages,172,pack,300.10,520.01,2027-01-20,Aisle 06,chilled
Pure Chicken Drumsticks 6-Pack,Heritage Provisions,MEAT-002924,890100531021,Meat & Seafood,78,kg,923.41,1618.91,2026-09-02,Aisle 05,chilled
Handcrafted Masala Potato Chips 200ml,Saffola Co.,SNAC-002925,890100531022,Snacks & Confectionery,197,pack,235.17,364.54,2027-02-28,Aisle 10,ambient
Desi Pista Almond Spicy Peanut Chikki 1L,Nature Harvest Botanicals,SNAC-002926,890100531023,Snacks & Confectionery,194,box,311.99,544.53,2027-03-03,Aisle 10,ambient
Stone-Ground Roasted Salted Cashews 8-Pack,Organic Tattva Dairy,SNAC-002927,890100531024,Snacks & Confectionery,134,bag,517.49,896.90,2027-05-07,Aisle 10,ambient
Unpolished Curd Tub (Dahi) 10kg,Everest Harvest,DAIR-002928,890100531025,Dairy & Eggs,155,bottle,308.22,546.35,2026-09-09,Aisle 03,chilled
Desi Garlic Naan Frozen 4pk 500ml,Desi Organics Foods,FROZ-002929,890100531026,Frozen Foods,152,box,208.68,282.88,2027-02-25,Aisle 09,frozen
Artisan Dishwash Gel Lemon 330ml,Himalayan Plantations,HOUS-002930,890100531027,Household & Personal Care,30,box,592.95,948.80,2028-12-26,Aisle 12,ambient
Spiced Butter Croissants 150g,Urban Roots Provisions,BAKE-002931,890100531028,Bakery & Deli,115,pcs,275.11,474.37,2026-08-28,Aisle 04,chilled
Homestyle Moong Dal Namkeen 2kg,Pure Vedic Botanicals,SNAC-002932,890100531029,Snacks & Confectionery,61,pack,308.40,524.86,2026-08-30,Aisle 10,ambient
Natural Mint Lime Roasted Makhana Foxnuts 750ml,SunBrite Organics,SNAC-002933,890100531030,Snacks & Confectionery,51,packet,261.11,443.96,2027-04-29,Aisle 09,ambient
Natural Dark Chocolate Fruit Muffins 750ml,Amul Agro,BAKE-002934,890100531031,Bakery & Deli,102,box,140.31,239.95,2026-08-27,Aisle 03,ambient
Homestyle Sparkling Mineral Water 150ml,Pashmina Naturals,BEVE-002935,890100531032,Beverages,14,box,57.66,78.77,2027-04-16,Aisle 05,ambient
Gourmet Liquid Laundry Detergent 500g,Deccan Mills,HOUS-002936,890100531033,Household & Personal Care,44,tube,303.84,526.17,2029-02-23,Aisle 11,ambient
Pure Kashmiri Saffron Goat Mince Premium 200ml,Bhoomi Foods,MEAT-002937,890100531034,Meat & Seafood,51,pcs,282.72,441.65,2026-08-17,Aisle 05,chilled
Select Sea Salt Brownie Bites 200ml,Desi Organics Plantations,BAKE-002938,890100531035,Bakery & Deli,248,pcs,254.19,392.73,2026-09-06,Aisle 03,chilled
Rustic Nagpur Orange Basa Fish Fillets 500ml,Organic Tattva Harvest,MEAT-002939,890100531036,Meat & Seafood,42,pcs,192.44,344.04,2026-08-28,Aisle 05,chilled
Plant-Based Fresh Chicken Curry Cut 2L,Heritage Provisions,MEAT-002940,890100531037,Meat & Seafood,156,pack,526.04,908.80,2026-08-27,Aisle 05,chilled
Cured Ajwain & Jeera Butter Murukku 10kg,Nature Harvest Farms,SNAC-002941,890100531038,Snacks & Confectionery,99,box,381.61,646.56,2027-02-25,Aisle 10,ambient
Zero-Sugar Kesar Pista Parmigiano-Reggiano 5L,Everest Agro,DAIR-002942,890100531039,Dairy & Eggs,53,pack,464.79,667.74,2026-09-01,Aisle 02,chilled
Cured Cold Brew Coffee 2L,Nilgiri Naturals,BEVE-002943,890100531040,Beverages,68,can,334.88,603.69,2027-05-05,Aisle 05,ambient
Roasted Cow Milk 500g,Amul Agro,DAIR-002944,890100531041,Dairy & Eggs,21,pack,491.62,831.94,2026-08-31,Aisle 02,chilled
Extra-Virgin Nagpur Orange Lavash Crackers 400g,Tata Plantations,BAKE-002945,890100531042,Bakery & Deli,190,pcs,162.47,299.25,2026-09-10,Aisle 04,ambient
Roasted Kitchen Paper Towels 4-Roll 1.5L,Kaveri Co.,HOUS-002946,890100531043,Household & Personal Care,103,pack,533.56,780.03,2027-11-21,Aisle 11,ambient
Organic Makhana Crunch Garlic Naan Frozen 4pk Value Pack,Fortune Provisions,FROZ-002947,890100531044,Frozen Foods,145,packet,351.52,474.51,2027-03-05,Aisle 08,frozen
Homestyle Edamame Pods 200g,Pure Vedic Kitchens,FROZ-002948,890100531045,Frozen Foods,53,packet,257.16,443.00,2027-03-30,Aisle 09,frozen
Raw Caramelized Onion Spicy Peanut Chikki 300g,Ganga Springs,SNAC-002949,890100531046,Snacks & Confectionery,209,box,339.18,476.13,2026-12-23,Aisle 10,ambient
Low-Sodium Garlic & Herb Cauliflower 2L,Amul Farms,FRES-002950,890100531047,Fresh Produce,207,pack,35.53,56.21,2026-09-02,Aisle 01,chilled
Golden Fresh Methi 4-Pack,Organic Tattva Mills,FRES-002951,890100531048,Fresh Produce,82,pack,123.67,222.16,2026-09-13,Aisle 02,chilled
Pure Sea Salt Masala Potato Chips 10kg,Ganga Plantations,SNAC-002952,890100531049,Snacks & Confectionery,206,packet,131.21,186.82,2027-03-03,Aisle 10,ambient
Country Style Organic Sharbati Atta 6-Pack,Dabur Provisions,PANT-002953,890100531050,Pantry & Dry Goods,223,packet,431.99,777.88,2028-05-27,Aisle 08,ambient
Sweet Fresh Rohu Fish 150g,Amul Foods,MEAT-002954,890100531051,Meat & Seafood,10,pcs,378.55,675.12,2026-08-29,Aisle 05,chilled
Natural Seedless Grapes 150g,Deccan Harvest,FRES-002955,890100531052,Fresh Produce,13,kg,109.51,194.94,2026-08-22,Aisle 01,ambient
Country Style Coconut Cream Alphonso Kulfi Tub 400g,SunBrite Milling,FROZ-002956,890100531053,Frozen Foods,46,bag,162.05,275.91,2027-02-26,Aisle 08,frozen
Royal Kachi Ghani Mustard Goat Mince Premium 4-Pack,Nature Harvest Co.,MEAT-002957,890100531054,Meat & Seafood,142,pack,822.94,1370.96,2026-09-02,Aisle 05,chilled
Homestyle Rose Infused Chaash / Buttermilk 1kg,Kaveri Kitchens,DAIR-002958,890100531055,Dairy & Eggs,90,bottle,364.11,531.04,2026-08-29,Aisle 02,chilled
Gourmet Ajwain & Jeera Dishwash Gel Lemon 750g,Dabur Dairy,HOUS-002959,890100531056,Household & Personal Care,242,box,186.46,305.21,2029-01-05,Aisle 11,ambient
Stone-Ground Masala Chai Chana Dal Polished 50g,Satvik Provisions,PANT-002960,890100531057,Pantry & Dry Goods,83,bag,507.04,648.41,2028-01-10,Aisle 06,ambient
Plant-Based Herbal Hand Wash Neem 12-Pack,Green Earth Harvest,HOUS-002961,890100531058,Household & Personal Care,213,packet,68.93,98.94,2028-04-27,Aisle 11,ambient
Aged Ajwain & Jeera Dishwash Gel Lemon 10-Pack,FarmGold Plantations,HOUS-002962,890100531059,Household & Personal Care,192,pack,93.33,120.72,2027-12-07,Aisle 11,ambient
Crisp Red Chilli & Garlic Sona Masoori Rice 1L,Dabur Foods,PANT-002963,890100531060,Pantry & Dry Goods,71,bottle,745.47,994.05,2028-07-21,Aisle 08,ambient
Royal Pista Almond Brownie Bites 8-Pack,Nilgiri Goods,BAKE-002964,890100531061,Bakery & Deli,118,box,254.54,451.44,2026-09-09,Aisle 04,chilled
Valley Fresh Mint Lime Roma Tomatoes Value Pack,Ganga Provisions,FRES-002965,890100531062,Fresh Produce,92,bag,32.13,41.18,2026-09-02,Aisle 01,chilled
Smoked Ajwain & Jeera Soan Papdi Box 200g,Himalayan Co.,SNAC-002966,890100531063,Snacks & Confectionery,223,bar,406.53,650.34,2026-11-25,Aisle 10,ambient
Natural Organic Green Tea 300g,Vedic Fresh Harvest,BEVE-002967,890100531064,Beverages,106,pack,225.17,342.82,2027-08-04,Aisle 06,chilled
Homestyle Caramelized Onion Sparkling Mineral Water 5kg,Pashmina Organics,BEVE-002968,890100531065,Beverages,53,carton,23.49,43.02,2027-08-07,Aisle 06,chilled
Heritage Rose Infused Granola Health Bars 750ml,Saffola Farms,SNAC-002969,890100531066,Snacks & Confectionery,235,tub,296.38,442.12,2027-03-09,Aisle 10,ambient
Handcrafted Caramelized Onion Fish Fingers Frozen 350g,Amul Farms,FROZ-002970,890100531067,Frozen Foods,222,bag,343.01,524.76,2027-01-31,Aisle 09,frozen
Valley Fresh Ajwain & Jeera Liquid Laundry Detergent Snack Pack,Amul Harvest,HOUS-002971,890100531068,Household & Personal Care,188,pack,426.39,629.98,2028-03-13,Aisle 12,ambient
Gluten-Free Masala Chai Catla Fish Steaks 1L,Himalayan Dairy,MEAT-002972,890100531069,Meat & Seafood,205,kg,924.35,1229.07,2026-08-22,Aisle 04,chilled
Unpolished Catla Fish Steaks 1kg,Patanjali Organics,MEAT-002973,890100531070,Meat & Seafood,211,pcs,356.47,446.67,2026-09-01,Aisle 05,chilled
Heritage Dark Chocolate Surface Floor Cleaner Rose 150g,Nilgiri Agro,HOUS-002974,890100531071,Household & Personal Care,220,pack,465.49,764.16,2028-07-15,Aisle 11,ambient
Zero-Sugar Curd Tub (Dahi) 500ml,Patanjali Agro,DAIR-002975,890100531072,Dairy & Eggs,76,tub,162.38,279.95,2026-09-18,Aisle 03,chilled
Royal Ayurvedic Bath Soap 350g,Himalayan Harvest,HOUS-002976,890100531073,Household & Personal Care,134,tube,259.14,471.75,2029-01-05,Aisle 12,ambient
Grass-Fed Red Chilli & Garlic Kulcha 4-Pack 24-Pack,Satvik Botanicals,BAKE-002977,890100531074,Bakery & Deli,193,box,87.04,145.96,2026-09-06,Aisle 04,chilled
Premium Tandoori Smoked Gulab Jamun Tin 50g,Himalayan Springs,SNAC-002978,890100531075,Snacks & Confectionery,65,bar,21.15,27.05,2026-08-18,Aisle 10,ambient
Desi Filter Coffee Beans 750ml,Satvik Mills,BEVE-002979,890100531076,Beverages,221,carton,368.47,463.23,2026-10-08,Aisle 06,ambient
Handcrafted Double Toned Milk Family Pack,Nilgiri Harvest,DAIR-002980,890100531077,Dairy & Eggs,145,packet,315.33,555.58,2026-09-24,Aisle 02,chilled
Free-Range Sourdough Loaf 200g,Desi Organics Organics,BAKE-002981,890100531078,Bakery & Deli,97,pack,26.63,34.00,2026-09-03,Aisle 04,chilled
Wildcrafted Alphonso Mango Aloo Tikki 8-Pack 100g,Organic Tattva Dairy,FROZ-002982,890100531079,Frozen Foods,30,bag,233.63,293.24,2027-04-13,Aisle 09,frozen
Whole-Grain Tulsi Honey Sparkling Mineral Water 10-Pack,Nilgiri Foods,BEVE-002983,890100531080,Beverages,178,box,91.41,126.11,2026-10-18,Aisle 06,ambient
Country Style Garlic Naan Frozen 4pk 10kg,Green Earth Naturals,FROZ-002984,890100531081,Frozen Foods,125,packet,116.36,195.39,2027-01-06,Aisle 09,frozen
Plant-Based Cardamom Spiced Mutton Chops 500g,Everest Provisions,MEAT-002985,890100531082,Meat & Seafood,30,pcs,579.25,905.84,2026-08-31,Aisle 04,chilled
Spiced Lemon Pepper Boneless Chicken Breast 2kg,Urban Roots Mills,MEAT-002986,890100531083,Meat & Seafood,36,kg,475.98,775.64,2026-09-02,Aisle 04,chilled
Country Style Vanilla Bean Guava Chilli Juice 200g,Dabur Agro,BEVE-002987,890100531084,Beverages,64,box,53.37,96.21,2027-01-08,Aisle 06,ambient
Handcrafted Cinnamon Spice Catla Fish Steaks 6-Pack,Patanjali Foods,MEAT-002988,890100531085,Meat & Seafood,53,pcs,575.57,777.11,2026-09-02,Aisle 04,chilled
Wildcrafted Fresh Rohu Fish 400g,Satvik Provisions,MEAT-002989,890100531086,Meat & Seafood,199,pcs,725.24,1268.30,2026-09-02,Aisle 05,chilled
Cured Shampoo Anti-Dandruff 500ml,Nilgiri Springs,HOUS-002990,890100531087,Household & Personal Care,161,bottle,94.59,126.74,2028-07-08,Aisle 12,ambient
Royal Red Onions 500g,Dabur Kitchens,FRES-002991,890100531088,Fresh Produce,111,bag,155.22,266.23,2026-08-29,Aisle 01,ambient
Smoked Royal Basmati Rice 250ml,Fortune Milling,PANT-002992,890100531089,Pantry & Dry Goods,128,can,364.95,670.31,2028-05-19,Aisle 08,ambient
Crisp Coconut Cream Coconut Milk Canned 8-Pack,Vedic Fresh Kitchens,PANT-002993,890100531090,Pantry & Dry Goods,83,packet,215.94,367.33,2027-08-19,Aisle 08,ambient
Traditional Espresso Roast Ground Coffee Family Pack,Nilgiri Co.,BEVE-002994,890100531091,Beverages,154,bag,249.03,458.94,2027-04-20,Aisle 05,chilled
Low-Sodium Nagpur Orange Catla Fish Steaks 200ml,Pashmina Organics,MEAT-002995,890100531092,Meat & Seafood,132,pcs,824.86,1109.30,2026-08-29,Aisle 05,chilled
Cold-Pressed Kashmiri Saffron Gulab Jamun Tin 300g,Ganga Kitchens,SNAC-002996,890100531093,Snacks & Confectionery,153,bar,49.05,76.69,2027-03-16,Aisle 09,ambient
Unpolished Coconut Cream California Almonds 200ml,Catch Harvest,SNAC-002997,890100531094,Snacks & Confectionery,9,packet,315.65,567.93,2026-12-15,Aisle 09,ambient
Free-Range Smoked Paprika Toor Dal Premium 4-Pack,Pashmina Dairy,PANT-002998,890100531095,Pantry & Dry Goods,64,bottle,709.35,1303.72,2027-01-09,Aisle 06,ambient
Low-Sodium Pista Almond Red Onions 250g,Bhoomi Plantations,FRES-002999,890100531096,Fresh Produce,243,bunch,96.99,171.42,2026-08-27,Aisle 02,chilled
Royal Lassi Mango Infused 150ml,Vedic Fresh Organics,DAIR-003000,890100531097,Dairy & Eggs,10,carton,98.76,162.02,2026-09-16,Aisle 02,chilled
Signature Vanilla Bean Salted Butter 2L,Amul Agro,DAIR-003001,890100531098,Dairy & Eggs,67,bottle,44.70,56.70,2026-09-02,Aisle 03,chilled
Authentic Mint Lime Pav 6-Pack 10kg,Saffola Goods,BAKE-003002,890100531099,Bakery & Deli,188,pcs,111.29,183.98,2026-08-29,Aisle 04,ambient
Premium Truffle Infused Roasted Salted Cashews 350g,Everest Harvest,SNAC-003003,890100531100,Snacks & Confectionery,82,bar,248.79,329.62,2026-11-11,Aisle 10,ambient
Desi Tender Coconut Water 10kg,Nilgiri Farms,BEVE-003004,890100531101,Beverages,65,box,248.60,389.17,2027-04-28,Aisle 05,ambient
Valley Fresh Dishwash Gel Lemon 500ml,Royal Indian Farms,HOUS-003005,890100531102,Household & Personal Care,88,pack,517.86,671.86,2026-08-28,Aisle 12,ambient
Select Jalapeno Lime Squid Rings Cleaned 2-Pack,Royal Indian Foods,MEAT-003006,890100531103,Meat & Seafood,59,pcs,692.06,1215.41,2026-09-02,Aisle 04,chilled
Select Pista Almond Chaash / Buttermilk Snack Pack,Urban Roots Mills,DAIR-003007,890100531104,Dairy & Eggs,229,box,404.14,554.48,2026-08-30,Aisle 02,chilled
Gluten-Free Dark Chocolate Toor Dal Premium 24-Pack,Tata Milling,PANT-003008,890100531105,Pantry & Dry Goods,136,box,329.73,495.59,2027-03-21,Aisle 06,ambient
Raw Sweet Tamarind California Almonds 150ml,Saffola Farms,SNAC-003009,890100531106,Snacks & Confectionery,10,bar,138.78,184.44,2027-03-21,Aisle 09,ambient
Valley Fresh Makhana Crunch Aloo Tikki 8-Pack 200g,Satvik Springs,FROZ-003010,890100531107,Frozen Foods,226,pack,155.82,264.84,2026-11-21,Aisle 08,frozen
Grass-Fed Nimbu Paani Soda 1.5L,Organic Tattva Naturals,BEVE-003011,890100531108,Beverages,161,box,441.83,710.34,2026-10-12,Aisle 05,chilled
Free-Range Tulsi Honey Alphonso Kulfi Tub 1L,Catch Foods,FROZ-003012,890100531109,Frozen Foods,214,box,45.45,78.37,2027-04-15,Aisle 08,frozen
Whole-Grain Broccoli Crowns 2kg,Nature Harvest Milling,FRES-003013,890100531110,Fresh Produce,224,bag,79.34,99.34,2026-08-27,Aisle 01,chilled
Low-Sodium Kesar Pista Diet Mixture Namkeen 330ml,Pashmina Co.,SNAC-003014,890100531111,Snacks & Confectionery,103,bar,79.08,101.82,2027-05-15,Aisle 09,ambient
Roasted Cinnamon Spice Boneless Chicken Breast 6-Pack,Bhoomi Goods,MEAT-003015,890100531112,Meat & Seafood,224,pack,651.02,1121.22,2026-09-02,Aisle 05,chilled
Select Kashmiri Saffron Aloo Tikki 8-Pack 330ml,Saffola Kitchens,FROZ-003016,890100531113,Frozen Foods,152,box,177.98,292.02,2027-04-20,Aisle 08,frozen
Select Smoked Paprika Kitchen Paper Towels 4-Roll 12-Pack,Saffola Mills,HOUS-003017,890100531114,Household & Personal Care,101,tube,566.48,881.48,2027-05-25,Aisle 11,ambient
Low-Sodium California Almonds 750g,Fortune Goods,SNAC-003018,890100531115,Snacks & Confectionery,193,tub,32.90,54.69,2026-08-30,Aisle 09,ambient
Aged Red Chilli & Garlic Garlic Naan Frozen 4pk 50g,Urban Roots Mills,FROZ-003019,890100531116,Frozen Foods,54,packet,174.33,245.61,2026-11-03,Aisle 09,frozen
Gluten-Free Caramelized Onion Frozen Veg Momos 350g,Everest Goods,FROZ-003020,890100531117,Frozen Foods,45,packet,318.56,485.70,2027-02-04,Aisle 08,frozen
Country Style Fruit Cake Slice 8-Pack,Pashmina Farms,BAKE-003021,890100531118,Bakery & Deli,237,box,84.98,110.48,2026-08-28,Aisle 04,chilled
Aged Lemon Pepper Guava Chilli Juice 150g,Nature Harvest Dairy,BEVE-003022,890100531119,Beverages,105,bottle,55.45,76.83,2027-07-17,Aisle 06,ambient
Whole-Grain Toasted Sesame Banana Chips Kerala Style 400g,Deccan Harvest,SNAC-003023,890100531120,Snacks & Confectionery,58,pack,185.75,265.39,2027-05-21,Aisle 09,ambient
Gourmet Moong Dal Washed 5L,Pashmina Kitchens,PANT-003024,890100531121,Pantry & Dry Goods,206,can,441.77,556.99,2027-04-04,Aisle 07,ambient
Zero-Sugar Alphonso Mango Veg Burger Patties 250ml,Fortune Provisions,FROZ-003025,890100531122,Frozen Foods,69,pack,183.36,247.53,2026-08-29,Aisle 09,frozen
Valley Fresh Rose Infused Fresh Mint (Pudina) 5kg,Deccan Springs,FRES-003026,890100531123,Fresh Produce,9,pack,127.36,201.55,2026-09-04,Aisle 01,chilled
Signature Golden Ginger Gulab Jamun Tin 2-Pack,Nilgiri Goods,SNAC-003027,890100531124,Snacks & Confectionery,96,box,61.76,85.31,2027-03-24,Aisle 09,ambient
Aged Cold Brew Coffee 500g,SunBrite Plantations,BEVE-003028,890100531125,Beverages,53,carton,97.85,132.13,2027-02-23,Aisle 05,chilled
Natural Sweet Corn Kernels Family Pack,Desi Organics Dairy,FROZ-003029,890100531126,Frozen Foods,177,box,228.85,419.11,2026-11-03,Aisle 08,frozen
Natural Matcha Green Tea Chicken Frankfurters 500ml,Green Earth Goods,BAKE-003030,890100531127,Bakery & Deli,142,pcs,267.22,354.98,2026-09-04,Aisle 04,ambient
Plant-Based Apple Cider Vinegar Drink 200g,Ganga Harvest,BEVE-003031,890100531128,Beverages,237,carton,224.35,292.55,2027-07-04,Aisle 06,ambient
Select Chicken Salami 250ml,Dabur Organics,BAKE-003032,890100531129,Bakery & Deli,139,box,191.84,278.14,2026-08-31,Aisle 03,ambient
Homestyle Sourdough Loaf 10kg,Vedic Fresh Naturals,BAKE-003033,890100531130,Bakery & Deli,158,pack,187.71,303.89,2026-08-16,Aisle 04,ambient
Pure Smoked Paprika Strawberries 1L,Deccan Co.,FRES-003034,890100531131,Fresh Produce,71,kg,93.09,161.33,2026-09-12,Aisle 02,chilled
Zero-Sugar Lemon Pepper Fruit Cake Slice 750ml,Everest Agro,BAKE-003035,890100531132,Bakery & Deli,65,pack,216.30,295.22,2026-09-06,Aisle 03,ambient
Spiced Masala CTC Tea 5kg,Nature Harvest Agro,BEVE-003036,890100531133,Beverages,246,box,219.47,281.23,2026-12-31,Aisle 05,ambient
Extra-Virgin Rose Infused Cold-Pressed Groundnut Oil Snack Pack,Dabur Foods,PANT-003037,890100531134,Pantry & Dry Goods,117,can,107.90,165.51,2027-05-28,Aisle 06,ambient
Grass-Fed Paneer Tikka Deli 500ml,Mother Dairy Botanicals,BAKE-003038,890100531135,Bakery & Deli,195,pcs,56.70,88.22,2026-09-05,Aisle 03,ambient
Free-Range Sea Salt Fish Fingers Frozen 330ml,SunBrite Milling,FROZ-003039,890100531136,Frozen Foods,78,pack,266.76,357.23,2027-02-14,Aisle 09,frozen
Farm-Fresh Vanilla Bean Fabric Softener Floral 750ml,Bhoomi Goods,HOUS-003040,890100531137,Household & Personal Care,35,tube,94.20,129.26,2027-07-01,Aisle 12,ambient
Artisan Truffle Infused Moong Dal Washed 12-Pack,Green Earth Naturals,PANT-003041,890100531138,Pantry & Dry Goods,20,box,181.03,278.60,2026-11-28,Aisle 06,ambient
Valley Fresh Biodegradable Garbage Bags 250g,Bhoomi Harvest,HOUS-003042,890100531139,Household & Personal Care,46,packet,524.24,691.16,2027-04-08,Aisle 11,ambient
Stone-Ground Roasted Makhana Foxnuts 2L,Deccan Goods,SNAC-003043,890100531140,Snacks & Confectionery,167,tub,429.02,563.71,2026-11-04,Aisle 09,ambient
Spiced Cardamom Spiced Almond Milk 5L,Green Earth Harvest,DAIR-003044,890100531141,Dairy & Eggs,156,packet,223.40,324.35,2026-09-17,Aisle 03,chilled
Crisp Wood-Fired Veggie Pizza 2kg,Patanjali Co.,FROZ-003045,890100531142,Frozen Foods,206,tub,158.90,225.12,2027-08-15,Aisle 09,frozen
Sun-Dried Tulsi Honey Bath Tissue 6-Pack Snack Pack,Tata Botanicals,HOUS-003046,890100531143,Household & Personal Care,26,packet,511.47,822.15,2027-03-05,Aisle 12,ambient
Extra-Virgin Pista Almond Apples 100g,Pure Vedic Mills,FRES-003047,890100531144,Fresh Produce,115,bunch,39.29,65.96,2026-09-02,Aisle 02,chilled
Authentic Lemon Pepper Frozen Paneer Cubes 150ml,Heritage Milling,FROZ-003048,890100531145,Frozen Foods,38,packet,104.71,161.75,2027-02-20,Aisle 09,frozen
Unpolished Shampoo Anti-Dandruff 300g,Pashmina Kitchens,HOUS-003049,890100531146,Household & Personal Care,120,packet,54.05,75.77,2027-04-07,Aisle 12,ambient
Premium Surface Floor Cleaner Rose Family Pack,Organic Tattva Mills,HOUS-003050,890100531147,Household & Personal Care,188,pack,42.37,67.52,2027-11-18,Aisle 12,ambient
Grass-Fed Ajwain & Jeera Heavy Cream Snack Pack,Everest Botanicals,DAIR-003051,890100531148,Dairy & Eggs,195,box,210.24,308.54,2026-09-19,Aisle 03,chilled
Spiced Chicken Salami 330ml,Ganga Harvest,BAKE-003052,890100531149,Bakery & Deli,181,pcs,201.88,315.96,2026-08-28,Aisle 03,ambient
Wildcrafted Pista Almond Lemons 300g,Bhoomi Milling,FRES-003053,890100531150,Fresh Produce,141,pcs,110.91,145.93,2026-09-13,Aisle 01,ambient
Raw Garlic Naan Frozen 4pk Family Pack,SunBrite Springs,FROZ-003054,890100531151,Frozen Foods,230,bag,242.46,358.97,2027-03-26,Aisle 09,frozen
Heritage Pista Almond Smoked Chicken Slices 400g,Nilgiri Kitchens,BAKE-003055,890100531152,Bakery & Deli,29,box,59.39,107.28,2026-09-03,Aisle 03,ambient
Country Style Rusk Toast 1L,Heritage Co.,BAKE-003056,890100531153,Bakery & Deli,106,pcs,147.58,230.22,2026-09-10,Aisle 04,ambient
Pure Veg Spring Rolls 500ml,Nature Harvest Harvest,FROZ-003057,890100531154,Frozen Foods,160,packet,306.44,402.11,2027-06-05,Aisle 09,frozen
Smoked Kashmiri Saffron Banana Chips Kerala Style 100g,Organic Tattva Naturals,SNAC-003058,890100531155,Snacks & Confectionery,231,bag,307.98,434.21,2026-10-20,Aisle 10,ambient
Stone-Ground Kokum Sharbat Snack Pack,Desi Organics Co.,BEVE-003059,890100531156,Beverages,137,carton,207.07,263.76,2027-05-08,Aisle 06,ambient
Whole-Grain Coconut Milk Canned 24-Pack,Everest Naturals,PANT-003060,890100531157,Pantry & Dry Goods,219,box,82.54,117.41,2028-04-30,Aisle 06,ambient
Sweet Roasted Makhana Foxnuts 10kg,Amul Goods,SNAC-003061,890100531158,Snacks & Confectionery,12,pack,21.10,36.29,2026-11-21,Aisle 09,ambient
Select Organic Sharbati Atta 200ml,Saffola Co.,PANT-003062,890100531159,Pantry & Dry Goods,51,can,478.15,813.38,2028-01-28,Aisle 06,ambient
Roasted Shampoo Anti-Dandruff 250ml,Ganga Organics,HOUS-003063,890100531160,Household & Personal Care,133,tube,546.57,742.65,2026-08-28,Aisle 11,ambient
Golden Ajwain & Jeera Paneer Tikka Deli 500g,Organic Tattva Foods,BAKE-003064,890100531161,Bakery & Deli,231,pack,167.20,301.33,2026-09-07,Aisle 03,ambient
Homestyle Kaju Katli Sweet Box 150ml,Royal Indian Foods,SNAC-003065,890100531162,Snacks & Confectionery,41,packet,345.38,604.65,2027-02-18,Aisle 10,ambient
Cold-Pressed Kashmiri Saffron Banana Chips Kerala Style 250g,Pure Vedic Botanicals,SNAC-003066,890100531163,Snacks & Confectionery,139,bag,121.60,200.75,2026-08-28,Aisle 09,ambient
Smoked Fruit Cake Slice 12-Pack,Amul Goods,BAKE-003067,890100531164,Bakery & Deli,214,box,224.77,388.93,2026-09-01,Aisle 03,chilled
Sweet Himalayan Spring Water 250ml,SunBrite Goods,BEVE-003068,890100531165,Beverages,167,carton,438.63,622.24,2027-01-12,Aisle 05,ambient
Grass-Fed Whole Wheat Atta Bread 50g,Tata Agro,BAKE-003069,890100531166,Bakery & Deli,135,pcs,143.22,263.07,2026-08-21,Aisle 03,ambient
Wildcrafted Sourdough Loaf 2-Pack,Mother Dairy Springs,BAKE-003070,890100531167,Bakery & Deli,200,box,77.81,114.73,2026-08-29,Aisle 04,ambient
Spiced Kashmiri Saffron Roasted Salted Cashews 50g,Himalayan Provisions,SNAC-003071,890100531168,Snacks & Confectionery,64,pack,235.87,323.29,2027-02-21,Aisle 10,ambient
Artisan Caramelized Onion Apple Cider Vinegar Drink 330ml,Fortune Goods,BEVE-003072,890100531169,Beverages,59,can,416.43,597.95,2027-07-31,Aisle 05,ambient
Authentic Masala Chai Sweet Corn Kernels 10kg,Kaveri Co.,FROZ-003073,890100531170,Frozen Foods,20,bag,266.15,394.29,2027-01-15,Aisle 08,frozen
Farm-Fresh Moong Dal Washed 330ml,Pure Vedic Goods,PANT-003074,890100531171,Pantry & Dry Goods,233,box,69.59,105.24,2027-03-18,Aisle 06,ambient
Golden Garlic Focaccia 1.5L,Himalayan Kitchens,BAKE-003075,890100531172,Bakery & Deli,226,pcs,42.13,59.32,2026-08-28,Aisle 03,ambient
Plant-Based Espresso Roast Ground Coffee 500g,Vedic Fresh Naturals,BEVE-003076,890100531173,Beverages,170,bag,320.99,571.51,2027-04-27,Aisle 06,chilled
Natural Alphonso Mango Bagel Plain 4pk 500ml,Amul Goods,BAKE-003077,890100531174,Bakery & Deli,103,box,47.45,61.59,2026-09-07,Aisle 03,ambient
Premium Vanilla Bean Pears Family Pack,Organic Tattva Co.,FRES-003078,890100531175,Fresh Produce,61,pack,52.11,85.85,2026-09-08,Aisle 02,chilled
Whole-Grain Desi Cow Ghee 250ml,Vedic Fresh Organics,DAIR-003079,890100531176,Dairy & Eggs,56,box,80.66,106.60,2026-09-18,Aisle 02,chilled
Unpolished Bamboo Toothbrush 2pk 50g,Amul Farms,HOUS-003080,890100531177,Household & Personal Care,189,packet,346.80,487.76,2027-11-11,Aisle 11,ambient
Rustic Coconut Cream Stainless Steel Scrubber 3pk Family Pack,Himalayan Agro,HOUS-003081,890100531178,Household & Personal Care,63,packet,168.93,265.20,2029-01-07,Aisle 11,ambient
Signature Ginger Kombucha 150g,Organic Tattva Kitchens,BEVE-003082,890100531179,Beverages,239,bag,124.58,163.03,2027-04-17,Aisle 06,ambient
Select Vanilla Bean Pomfret Whole Snack Pack,Desi Organics Plantations,MEAT-003083,890100531180,Meat & Seafood,5,pcs,282.02,452.27,2026-08-31,Aisle 04,chilled
Free-Range Golden Ginger Granola Health Bars 6-Pack,Mother Dairy Organics,SNAC-003084,890100531181,Snacks & Confectionery,72,box,338.55,465.94,2026-11-13,Aisle 10,ambient
Select Chicken Keema 2kg,Pure Vedic Kitchens,MEAT-003085,890100531182,Meat & Seafood,217,pcs,783.64,1046.15,2026-08-29,Aisle 05,chilled
Roasted Moong Dal Washed 2L,Urban Roots Plantations,PANT-003086,890100531183,Pantry & Dry Goods,63,can,501.71,656.46,2027-11-07,Aisle 07,ambient
Smoked Electrolyte Energy Drink 12-Pack,Green Earth Harvest,BEVE-003087,890100531184,Beverages,112,carton,254.91,451.62,2027-02-23,Aisle 05,chilled
Aged Tulsi Honey Shampoo Anti-Dandruff 330ml,FarmGold Dairy,HOUS-003088,890100531185,Household & Personal Care,61,box,570.09,718.63,2028-01-18,Aisle 12,ambient
Smoked Coconut Cream Frozen Paneer Cubes 100g,Dabur Organics,FROZ-003089,890100531186,Frozen Foods,250,packet,297.21,406.79,2027-07-25,Aisle 08,frozen
Heritage Chatpata Masala Urad Dal Whole 4-Pack,Pure Vedic Agro,PANT-003090,890100531187,Pantry & Dry Goods,4,packet,634.24,1018.15,2028-06-03,Aisle 06,ambient
Organic Chatpata Masala Ricotta Fresh 1L,FarmGold Goods,DAIR-003091,890100531188,Dairy & Eggs,24,box,459.50,671.25,2026-09-18,Aisle 03,chilled
Royal Pista Almond Toor Dal Premium 500ml,Organic Tattva Agro,PANT-003092,890100531189,Pantry & Dry Goods,28,jar,47.44,71.07,2028-02-26,Aisle 08,ambient
Heritage Rose Infused Tender Coconut Water 500g,Tata Dairy,BEVE-003093,890100531190,Beverages,7,pack,418.02,618.34,2026-08-26,Aisle 05,chilled
Golden Sweet Potatoes 2kg,Everest Foods,FRES-003094,890100531191,Fresh Produce,126,bunch,59.13,108.20,2026-09-01,Aisle 02,chilled
Low-Sodium Cinnamon Spice Rawa Sooji 1L,Fortune Springs,PANT-003095,890100531192,Pantry & Dry Goods,58,bag,512.05,715.12,2027-08-16,Aisle 06,ambient
Whole-Grain Paneer Block 12-Pack,Fortune Dairy,DAIR-003096,890100531193,Dairy & Eggs,121,bottle,493.78,807.72,2026-09-05,Aisle 02,chilled
Authentic Malai Kulfi Bar 12-Pack,Catch Dairy,FROZ-003097,890100531194,Frozen Foods,173,tub,398.46,649.04,2027-04-13,Aisle 09,frozen
Spiced Chatpata Masala Cheese Croissant 10kg,Ganga Mills,BAKE-003098,890100531195,Bakery & Deli,39,box,168.72,280.11,2026-09-01,Aisle 03,ambient
Country Style Nagpur Orange Mishri Mawa 4-Pack,Pure Vedic Foods,DAIR-003099,890100531196,Dairy & Eggs,11,tub,346.14,614.15,2026-09-02,Aisle 03,chilled
Pure Crab Meat Fresh 1kg,Fortune Co.,MEAT-003100,890100531197,Meat & Seafood,58,pcs,625.74,858.08,2026-08-29,Aisle 04,chilled
Wildcrafted Green Peas Fresh 250ml,Heritage Provisions,FRES-003101,890100531198,Fresh Produce,82,pcs,101.87,187.00,2026-08-30,Aisle 02,chilled
Roasted Bath Tissue 6-Pack 150ml,Nature Harvest Mills,HOUS-003102,890100531199,Household & Personal Care,11,bottle,475.98,609.19,2027-09-28,Aisle 12,ambient
Roasted Garlic & Herb Gulab Jamun Tin 200ml,Everest Springs,SNAC-003103,890100531200,Snacks & Confectionery,227,tub,384.64,580.24,2026-11-04,Aisle 09,ambient
Handcrafted Vanilla Bean Mutton Curry Cut 6-Pack,Vedic Fresh Harvest,MEAT-003104,890100531201,Meat & Seafood,150,pack,660.81,879.70,2026-09-01,Aisle 04,chilled
Select Sweet Tamarind Fruit Muffins 5L,Kaveri Goods,BAKE-003105,890100531202,Bakery & Deli,33,box,152.33,218.32,2026-09-10,Aisle 03,chilled
Extra-Virgin Pista Almond Mozzarella Shredded 350g,Nature Harvest Provisions,DAIR-003106,890100531203,Dairy & Eggs,48,bottle,192.17,241.82,2026-09-26,Aisle 02,chilled
Free-Range Sourdough Loaf 2-Pack,Catch Botanicals,BAKE-003107,890100531204,Bakery & Deli,188,pack,131.74,190.01,2026-08-28,Aisle 04,ambient
Low-Sodium Toasted Sesame Granola Health Bars 150ml,FarmGold Springs,SNAC-003108,890100531205,Snacks & Confectionery,165,packet,220.51,381.53,2026-10-22,Aisle 09,ambient
Crisp Green Chillies 150g,Bhoomi Agro,FRES-003109,890100531206,Fresh Produce,232,bag,125.84,218.13,2026-09-09,Aisle 02,ambient
Signature Kitchen Paper Towels 4-Roll 2L,Amul Milling,HOUS-003110,890100531207,Household & Personal Care,12,tube,478.82,715.53,2029-04-22,Aisle 12,ambient
Country Style Amla Juice Pure 400g,Everest Foods,BEVE-003111,890100531208,Beverages,199,box,43.83,55.58,2027-01-16,Aisle 06,ambient
Sun-Dried Lemon Pepper Veg Burger Patties 330ml,Tata Milling,FROZ-003112,890100531209,Frozen Foods,219,bag,337.11,559.75,2026-08-30,Aisle 08,frozen
Zero-Sugar Chicken Salami 250g,Organic Tattva Goods,BAKE-003113,890100531210,Bakery & Deli,64,pcs,69.70,96.50,2026-09-08,Aisle 04,ambient
Gourmet Diet Mixture Namkeen 300g,Dabur Provisions,SNAC-003114,890100531211,Snacks & Confectionery,149,box,305.73,445.23,2027-03-28,Aisle 09,ambient
Artisan Extra Virgin Olive Oil 1.5L,Fortune Milling,PANT-003115,890100531212,Pantry & Dry Goods,105,jar,448.67,572.36,2028-01-23,Aisle 07,ambient
Organic Pista Almond Cashew Paste Curry Base 100g,Himalayan Harvest,PANT-003116,890100531213,Pantry & Dry Goods,95,packet,181.71,269.00,2027-03-19,Aisle 06,ambient
Wildcrafted Kashmiri Saffron Double Toned Milk 400g,Satvik Harvest,DAIR-003117,890100531214,Dairy & Eggs,234,box,518.08,704.94,2026-09-07,Aisle 03,chilled
Grass-Fed Alphonso Kulfi Tub 12-Pack,Catch Kitchens,FROZ-003118,890100531215,Frozen Foods,101,packet,279.69,410.20,2027-01-12,Aisle 08,frozen
Select California Almonds 200g,Amul Mills,SNAC-003119,890100531216,Snacks & Confectionery,245,pack,237.32,344.13,2026-10-29,Aisle 10,ambient
Natural Organic Rolled Oats 330ml,Royal Indian Foods,PANT-003120,890100531217,Pantry & Dry Goods,225,box,348.63,588.86,2028-01-21,Aisle 07,ambient
Extra-Virgin Smoked Paprika Brownie Bites 200ml,Kaveri Goods,BAKE-003121,890100531218,Bakery & Deli,134,box,108.39,172.45,2026-08-30,Aisle 03,chilled
Homestyle Lavash Crackers 400g,Pure Vedic Harvest,BAKE-003122,890100531219,Bakery & Deli,164,box,105.01,170.55,2026-09-02,Aisle 03,ambient
Handcrafted Edamame Pods 4-Pack,Catch Springs,FROZ-003123,890100531220,Frozen Foods,245,pack,136.20,224.10,2027-07-06,Aisle 08,frozen
Wildcrafted Mozzarella Shredded 200ml,Catch Provisions,DAIR-003124,890100531221,Dairy & Eggs,181,packet,239.53,346.41,2026-09-10,Aisle 02,chilled
Extra-Virgin Fruit Muffins 24-Pack,Satvik Plantations,BAKE-003125,890100531222,Bakery & Deli,171,box,304.24,404.13,2026-09-06,Aisle 03,chilled
Aged Cold Pressed Orange Juice 10kg,Amul Farms,BEVE-003126,890100531223,Beverages,124,bottle,371.38,632.14,2026-08-23,Aisle 06,ambient
Country Style Pista Almond Flavored Yogurt 50g,Tata Farms,DAIR-003127,890100531224,Dairy & Eggs,133,pack,365.40,555.68,2026-08-31,Aisle 03,chilled
Sun-Dried Wood-Fired Veggie Pizza 250ml,Pure Vedic Goods,FROZ-003128,890100531225,Frozen Foods,249,tub,109.60,180.53,2027-04-01,Aisle 08,frozen
Premium Kokum Sharbat 250g,Tata Plantations,BEVE-003129,890100531226,Beverages,245,bottle,114.26,191.29,2026-10-12,Aisle 06,ambient
Zero-Sugar Makhana Crunch Mixed Berries Frozen 2L,Everest Co.,FROZ-003130,890100531227,Frozen Foods,127,packet,95.92,175.59,2027-07-08,Aisle 08,frozen
Whole-Grain Kashmiri Saffron Filter Coffee Beans 100g,Heritage Springs,BEVE-003131,890100531228,Beverages,177,bottle,239.23,371.51,2026-11-26,Aisle 05,chilled
Whole-Grain Golden Ginger Butter Croissants Family Pack,Bhoomi Naturals,BAKE-003132,890100531229,Bakery & Deli,41,pack,132.37,197.37,2026-09-09,Aisle 04,ambient
Wildcrafted Pomegranates 350g,SunBrite Naturals,FRES-003133,890100531230,Fresh Produce,37,kg,150.47,197.75,2026-09-14,Aisle 01,ambient
Valley Fresh Rose Infused Stainless Steel Scrubber 3pk 330ml,Green Earth Goods,HOUS-003134,890100531231,Household & Personal Care,231,bottle,563.36,878.99,2027-05-04,Aisle 11,ambient
Raw Whole Wheat Atta Bread 250g,Kaveri Mills,BAKE-003135,890100531232,Bakery & Deli,106,box,123.46,181.33,2026-09-01,Aisle 03,chilled
Extra-Virgin Kashmiri Saffron Sourdough Loaf 500g,Pashmina Agro,BAKE-003136,890100531233,Bakery & Deli,185,pcs,167.95,230.13,2026-08-31,Aisle 04,ambient
Pure Makhana Crunch Iced Lemon Tea 250g,Green Earth Milling,BEVE-003137,890100531234,Beverages,177,bag,173.90,289.16,2026-08-19,Aisle 05,chilled
Artisan Tandoori Smoked Smoked Chicken Slices 500ml,Saffola Organics,BAKE-003138,890100531235,Bakery & Deli,199,pcs,103.12,189.54,2026-08-28,Aisle 03,chilled
Raw Custard Apple (Sitaphal) 750ml,Mother Dairy Agro,FRES-003139,890100531236,Fresh Produce,139,kg,158.79,230.64,2026-09-03,Aisle 02,ambient
Artisan Matcha Green Tea Cheese Croissant 6-Pack,Catch Goods,BAKE-003140,890100531237,Bakery & Deli,36,box,52.46,71.05,2026-09-06,Aisle 04,ambient
Unpolished Poha Thick Flakes 24-Pack,Pure Vedic Provisions,PANT-003141,890100531238,Pantry & Dry Goods,114,can,349.25,493.35,2028-01-26,Aisle 08,ambient
Cold-Pressed Mint Lime Bamboo Toothbrush 2pk 5kg,Deccan Agro,HOUS-003142,890100531239,Household & Personal Care,89,packet,578.57,863.33,2027-07-07,Aisle 11,ambient
Stone-Ground Sweet Tamarind Kabuli Chana Large Value Pack,Nature Harvest Naturals,PANT-003143,890100531240,Pantry & Dry Goods,20,packet,67.93,116.88,2028-01-09,Aisle 07,ambient
Zero-Sugar Caramelized Onion Organic Brown Sugar 1.5L,Bhoomi Organics,PANT-003144,890100531241,Pantry & Dry Goods,188,packet,644.65,1015.62,2026-08-30,Aisle 06,ambient
Rustic Kachi Ghani Mustard Iced Lemon Tea 200g,Vedic Fresh Milling,BEVE-003145,890100531242,Beverages,82,carton,386.38,483.21,2027-01-28,Aisle 05,chilled
Gluten-Free Mint Lime Fresh Chicken Curry Cut Family Pack,Ganga Provisions,MEAT-003146,890100531243,Meat & Seafood,61,pcs,757.34,1064.32,2026-09-02,Aisle 05,chilled
Low-Sodium Guava Chilli Juice 300g,Nilgiri Milling,BEVE-003147,890100531244,Beverages,113,bag,389.04,642.56,2026-08-21,Aisle 06,chilled
Spiced 70% Dark Chocolate Bar 2kg,Royal Indian Mills,SNAC-003148,890100531245,Snacks & Confectionery,139,bag,104.42,163.24,2027-01-15,Aisle 09,ambient
Smoked Sweet Tamarind California Almonds 2-Pack,Catch Kitchens,SNAC-003149,890100531246,Snacks & Confectionery,18,box,222.00,291.21,2026-12-19,Aisle 09,ambient
Wildcrafted Ajwain & Jeera Himalayan Spring Water 750g,Royal Indian Dairy,BEVE-003150,890100531247,Beverages,4,bag,429.22,744.95,2026-08-27,Aisle 06,ambient
Spiced Truffle Infused Paneer Tikka Deli 2kg,Saffola Foods,BAKE-003151,890100531248,Bakery & Deli,95,pcs,163.95,241.64,2026-09-01,Aisle 03,ambient
Organic Cashew Paste Curry Base Family Pack,Amul Foods,PANT-003152,890100531249,Pantry & Dry Goods,11,can,497.07,830.75,2027-11-10,Aisle 07,ambient
Handcrafted Frozen Veg Momos 150ml,Everest Dairy,FROZ-003153,890100531250,Frozen Foods,85,box,363.51,591.82,2027-08-02,Aisle 09,frozen
Signature Rose Infused Chicken Drumsticks 50g,Royal Indian Harvest,MEAT-003154,890100531251,Meat & Seafood,110,pcs,301.07,553.32,2026-08-31,Aisle 04,chilled
Raw Caramelized Onion Chana Dal Polished 2-Pack,Satvik Dairy,PANT-003155,890100531252,Pantry & Dry Goods,232,bag,590.53,1052.53,2028-07-22,Aisle 07,ambient
Golden Truffle Infused Chana Dal Polished 10-Pack,Urban Roots Foods,PANT-003156,890100531253,Pantry & Dry Goods,237,jar,394.20,655.24,2026-08-29,Aisle 06,ambient
Signature Coconut Cream Amla Juice Pure 350g,Tata Plantations,BEVE-003157,890100531254,Beverages,129,box,291.97,507.62,2026-08-27,Aisle 06,ambient
Traditional Garlic Naan Frozen 4pk 2kg,Dabur Springs,FROZ-003158,890100531255,Frozen Foods,63,tub,218.93,382.80,2027-02-24,Aisle 08,frozen
Stone-Ground Clove & Mint Toothpaste 50g,Himalayan Goods,HOUS-003159,890100531256,Household & Personal Care,30,packet,542.41,981.68,2028-10-20,Aisle 11,ambient
Low-Sodium Gourmet Cookies Choco-Chip Value Pack,Royal Indian Dairy,SNAC-003160,890100531257,Snacks & Confectionery,184,packet,304.91,468.27,2027-02-15,Aisle 10,ambient
Organic Matcha Green Tea Ayurvedic Bath Soap 250g,Deccan Plantations,HOUS-003161,890100531258,Household & Personal Care,37,box,343.92,516.85,2029-01-06,Aisle 12,ambient
Aged Frozen Paneer Cubes 10-Pack,Pure Vedic Milling,FROZ-003162,890100531259,Frozen Foods,93,packet,204.07,287.86,2026-08-29,Aisle 09,frozen
Free-Range Pista Almond Pav 6-Pack 5L,Deccan Naturals,BAKE-003163,890100531260,Bakery & Deli,97,box,133.21,210.36,2026-08-29,Aisle 03,chilled
Desi Kitchen Paper Towels 4-Roll 750ml,Tata Co.,HOUS-003164,890100531261,Household & Personal Care,233,bottle,215.24,322.02,2027-03-18,Aisle 12,ambient
Rustic Vanilla Bean Bagel Plain 4pk 4-Pack,SunBrite Organics,BAKE-003165,890100531262,Bakery & Deli,174,pcs,53.98,87.03,2026-09-04,Aisle 04,chilled
Handcrafted Greek Yogurt 2L,Kaveri Foods,DAIR-003166,890100531263,Dairy & Eggs,221,bottle,31.99,41.44,2026-09-07,Aisle 03,chilled
Roasted Dishwash Gel Lemon 1.5L,Nature Harvest Milling,HOUS-003167,890100531264,Household & Personal Care,131,tube,436.77,629.08,2027-05-16,Aisle 12,ambient
Low-Sodium Garlic & Herb Diet Mixture Namkeen 10kg,Ganga Botanicals,SNAC-003168,890100531265,Snacks & Confectionery,78,pack,538.33,690.84,2027-04-20,Aisle 09,ambient
Farm-Fresh Cinnamon Spice Brioche Burger Buns 2-Pack,Catch Harvest,BAKE-003169,890100531266,Bakery & Deli,48,pack,317.30,498.35,2026-08-30,Aisle 04,ambient
Cured Kesar Pista Veg Spring Rolls 350g,Catch Provisions,FROZ-003170,890100531267,Frozen Foods,133,box,300.46,424.60,2027-07-28,Aisle 08,frozen
Country Style Cold-Pressed Groundnut Oil 5kg,Organic Tattva Organics,PANT-003171,890100531268,Pantry & Dry Goods,119,bag,747.31,1314.16,2026-08-27,Aisle 06,ambient
Authentic 70% Dark Chocolate Bar 1kg,Royal Indian Springs,SNAC-003172,890100531269,Snacks & Confectionery,220,box,139.22,187.61,2027-05-17,Aisle 10,ambient
Spiced Toasted Sesame Electrolyte Energy Drink 50g,Vedic Fresh Dairy,BEVE-003173,890100531270,Beverages,114,bag,261.85,456.21,2027-06-29,Aisle 06,ambient
Wildcrafted Sweet Tamarind Masala Potato Chips 12-Pack,Vedic Fresh Provisions,SNAC-003174,890100531271,Snacks & Confectionery,57,tub,23.97,30.34,2027-04-12,Aisle 10,ambient
Cold-Pressed Masala Chai Chicken Drumsticks 5L,Heritage Provisions,MEAT-003175,890100531272,Meat & Seafood,55,pcs,409.74,557.49,2026-09-02,Aisle 05,chilled
Golden Coconut Cream Butter Croissants 400g,Green Earth Goods,BAKE-003176,890100531273,Bakery & Deli,82,pack,144.17,212.71,2026-08-28,Aisle 03,ambient
Natural Amla Juice Pure 24-Pack,Pure Vedic Harvest,BEVE-003177,890100531274,Beverages,144,bottle,148.68,250.47,2026-11-19,Aisle 06,chilled
Gourmet Chatpata Masala Flavored Yogurt 150ml,Organic Tattva Farms,DAIR-003178,890100531275,Dairy & Eggs,21,bottle,105.93,182.51,2026-09-03,Aisle 02,chilled
Zero-Sugar Vanilla Bean Biodegradable Garbage Bags 8-Pack,Tata Dairy,HOUS-003179,890100531276,Household & Personal Care,110,bottle,506.27,785.52,2029-02-21,Aisle 11,ambient
Roasted Ajwain & Jeera Multigrain Tortillas 250g,Everest Mills,BAKE-003180,890100531277,Bakery & Deli,102,pcs,198.60,349.21,2026-09-09,Aisle 03,chilled
Sweet Bamboo Toothbrush 2pk Value Pack,Amul Milling,HOUS-003181,890100531278,Household & Personal Care,232,box,101.46,155.09,2026-08-19,Aisle 12,ambient
Low-Sodium Truffle Infused Shampoo Anti-Dandruff 2-Pack,Desi Organics Dairy,HOUS-003182,890100531279,Household & Personal Care,41,packet,144.66,201.45,2027-12-10,Aisle 12,ambient
Cured Coconut Milk Canned 300g,Saffola Co.,PANT-003183,890100531280,Pantry & Dry Goods,230,packet,574.09,814.61,2027-09-23,Aisle 08,ambient
Select Vanilla Bean Oranges Nagpur 350g,SunBrite Naturals,FRES-003184,890100531281,Fresh Produce,191,pcs,152.48,264.30,2026-09-12,Aisle 02,ambient
Artisan Alphonso Mango Basa Fish Fillets 5L,Kaveri Naturals,MEAT-003185,890100531282,Meat & Seafood,14,kg,558.88,907.63,2026-08-28,Aisle 04,chilled
Organic Kesar Pista Roasted Salted Cashews 100g,Dabur Naturals,SNAC-003186,890100531283,Snacks & Confectionery,92,pack,138.36,196.69,2027-05-27,Aisle 09,ambient
Raw Sweet Tamarind Moong Dal Namkeen 500g,SunBrite Plantations,SNAC-003187,890100531284,Snacks & Confectionery,234,packet,355.38,496.57,2027-02-19,Aisle 09,ambient
Natural Smoked Paprika Veg Spring Rolls 200ml,Kaveri Milling,FROZ-003188,890100531285,Frozen Foods,111,packet,217.52,363.09,2026-12-04,Aisle 08,frozen
Gluten-Free Cinnamon Spice Diet Mixture Namkeen 10kg,Himalayan Kitchens,SNAC-003189,890100531286,Snacks & Confectionery,27,bar,361.45,592.17,2027-06-15,Aisle 09,ambient
Unpolished Red Chilli & Garlic Mosquito Vaporizer Refill 300g,FarmGold Agro,HOUS-003190,890100531287,Household & Personal Care,61,tube,498.72,842.47,2028-08-04,Aisle 11,ambient
Raw Biodegradable Garbage Bags 5kg,Deccan Harvest,HOUS-003191,890100531288,Household & Personal Care,19,bottle,47.56,76.47,2027-06-25,Aisle 11,ambient
Free-Range Masala Chai California Almonds 10kg,Green Earth Mills,SNAC-003192,890100531289,Snacks & Confectionery,29,box,275.22,486.39,2027-05-11,Aisle 10,ambient
Cured Kachi Ghani Mustard Soan Papdi Box 250g,Kaveri Springs,SNAC-003193,890100531290,Snacks & Confectionery,72,bag,310.87,546.22,2026-08-28,Aisle 10,ambient
Natural Herbal Hand Wash Neem 24-Pack,Amul Springs,HOUS-003194,890100531291,Household & Personal Care,10,packet,431.25,673.18,2028-04-14,Aisle 12,ambient
Country Style Makhana Crunch Espresso Roast Ground Coffee 750ml,Everest Plantations,BEVE-003195,890100531292,Beverages,163,pack,441.03,679.61,2027-05-24,Aisle 06,chilled
Unpolished Tulsi Honey Kitchen Paper Towels 4-Roll 24-Pack,Tata Naturals,HOUS-003196,890100531293,Household & Personal Care,7,packet,30.73,38.96,2029-05-17,Aisle 11,ambient
Heritage Frozen Veg Momos Family Pack,Pure Vedic Organics,FROZ-003197,890100531294,Frozen Foods,211,box,48.20,71.57,2026-08-29,Aisle 09,frozen
Cold-Pressed Garlic & Herb Portobello Mushrooms 5kg,Saffola Harvest,FRES-003198,890100531295,Fresh Produce,240,pcs,121.91,170.42,2026-09-16,Aisle 01,chilled
Artisan Kesar Pista Tiger Prawns Jumbo 1.5L,Saffola Plantations,MEAT-003199,890100531296,Meat & Seafood,13,kg,614.79,1003.20,2026-08-31,Aisle 04,chilled
Smoked Liquid Laundry Detergent Family Pack,Heritage Dairy,HOUS-003200,890100531297,Household & Personal Care,13,bottle,394.01,606.95,2028-06-16,Aisle 12,ambient
Traditional Smoked Paprika Oat Milk 500ml,Organic Tattva Provisions,DAIR-003201,890100531298,Dairy & Eggs,185,box,69.31,118.57,2026-09-06,Aisle 02,chilled
Heritage Matcha Green Tea Smoked Chicken Slices 250ml,SunBrite Milling,BAKE-003202,890100531299,Bakery & Deli,77,box,56.52,75.38,2026-08-29,Aisle 04,chilled
Crisp Jalapeno Lime Bamboo Toothbrush 2pk Value Pack,Nilgiri Provisions,HOUS-003203,890100531300,Household & Personal Care,109,tube,32.44,53.62,2027-12-06,Aisle 12,ambient
Extra-Virgin Nagpur Orange Chicken Frankfurters 250g,Ganga Mills,BAKE-003204,890100531301,Bakery & Deli,211,pcs,284.27,435.14,2026-09-05,Aisle 03,chilled
Cured Spicy Peanut Chikki 350g,Dabur Springs,SNAC-003205,890100531302,Snacks & Confectionery,70,packet,29.07,51.97,2026-10-16,Aisle 09,ambient
Pure Tulsi Honey Extra Virgin Olive Oil 750g,Royal Indian Agro,PANT-003206,890100531303,Pantry & Dry Goods,107,can,173.43,307.88,2027-06-28,Aisle 07,ambient
Zero-Sugar Chicken Drumsticks Snack Pack,Satvik Organics,MEAT-003207,890100531304,Meat & Seafood,16,kg,558.14,984.98,2026-08-30,Aisle 04,chilled
Handcrafted Kulcha 4-Pack 200g,Everest Farms,BAKE-003208,890100531305,Bakery & Deli,138,pcs,161.45,203.17,2026-09-06,Aisle 03,ambient
Smoked Fruit Muffins 10kg,Vedic Fresh Organics,BAKE-003209,890100531306,Bakery & Deli,185,pack,205.19,362.29,2026-08-30,Aisle 04,chilled
Artisan Extra Virgin Olive Oil 2kg,Urban Roots Naturals,PANT-003210,890100531307,Pantry & Dry Goods,13,box,664.09,1110.46,2026-08-26,Aisle 08,ambient
Grass-Fed Kesar Pista Pav 6-Pack 1kg,Desi Organics Naturals,BAKE-003211,890100531308,Bakery & Deli,149,box,310.95,515.97,2026-08-28,Aisle 03,ambient
Royal Mutton Chops 1L,Bhoomi Plantations,MEAT-003212,890100531309,Meat & Seafood,149,kg,257.90,370.10,2026-08-31,Aisle 05,chilled
Valley Fresh Edamame Pods 750ml,Satvik Provisions,FROZ-003213,890100531310,Frozen Foods,196,packet,262.70,353.28,2027-07-01,Aisle 09,frozen
Artisan Chatpata Masala Boneless Chicken Breast 2kg,Nilgiri Mills,MEAT-003214,890100531311,Meat & Seafood,174,pcs,247.82,328.16,2026-08-31,Aisle 04,chilled
Pure Kesar Pista Malai Kulfi Bar 150ml,Vedic Fresh Kitchens,FROZ-003215,890100531312,Frozen Foods,125,tub,404.55,510.69,2027-02-24,Aisle 08,frozen
Gluten-Free Vanilla Bean Butter Croissants 250ml,Ganga Goods,BAKE-003216,890100531313,Bakery & Deli,215,pcs,170.90,213.65,2026-08-28,Aisle 03,chilled
Farm-Fresh Fruit Cake Slice 5L,Royal Indian Dairy,BAKE-003217,890100531314,Bakery & Deli,27,pack,50.32,81.88,2026-08-28,Aisle 03,chilled
Farm-Fresh Kashmiri Saffron Brownie Bites 200ml,Ganga Provisions,BAKE-003218,890100531315,Bakery & Deli,149,box,143.77,210.83,2026-09-07,Aisle 03,ambient
Authentic Kesar Pista Kokum Sharbat 200ml,FarmGold Botanicals,BEVE-003219,890100531316,Beverages,99,pack,204.23,338.06,2026-09-29,Aisle 06,chilled
Select Matcha Green Tea Guava Chilli Juice 1L,Bhoomi Plantations,BEVE-003220,890100531317,Beverages,13,pack,30.88,52.49,2026-12-03,Aisle 06,chilled
Natural Sweet Tamarind Stainless Steel Scrubber 3pk 1kg,Tata Naturals,HOUS-003221,890100531318,Household & Personal Care,92,box,343.44,507.19,2026-08-19,Aisle 11,ambient
Country Style Alphonso Mango Crab Meat Fresh 12-Pack,Everest Kitchens,MEAT-003222,890100531319,Meat & Seafood,80,pcs,422.02,743.78,2026-09-03,Aisle 05,chilled
Traditional Tonic Water Premium 8-Pack,FarmGold Naturals,BEVE-003223,890100531320,Beverages,120,box,202.83,347.13,2026-08-15,Aisle 05,ambient
Gourmet Fruit Muffins 5L,Vedic Fresh Springs,BAKE-003224,890100531321,Bakery & Deli,162,box,278.61,384.31,2026-09-08,Aisle 04,ambient
Traditional Sea Salt Mosquito Vaporizer Refill 350g,Desi Organics Farms,HOUS-003225,890100531322,Household & Personal Care,26,pack,577.95,926.70,2028-02-16,Aisle 12,ambient
Roasted Extra Virgin Olive Oil 5kg,Vedic Fresh Agro,PANT-003226,890100531323,Pantry & Dry Goods,136,bag,421.75,740.53,2026-08-27,Aisle 07,ambient
Premium Dark Chocolate Catla Fish Steaks 330ml,Saffola Naturals,MEAT-003227,890100531324,Meat & Seafood,160,kg,177.86,319.54,2026-09-02,Aisle 05,chilled
Rustic Soan Papdi Box 10-Pack,Patanjali Mills,SNAC-003228,890100531325,Snacks & Confectionery,57,packet,222.36,278.20,2026-12-16,Aisle 10,ambient
Desi Toasted Sesame Floor Disinfectant Pine 10kg,FarmGold Goods,HOUS-003229,890100531326,Household & Personal Care,185,box,213.14,294.81,2027-05-04,Aisle 12,ambient
Heritage Pure Jaggery Powder (Gud) 400g,Heritage Foods,PANT-003230,890100531327,Pantry & Dry Goods,140,jar,70.69,129.85,2026-08-29,Aisle 06,ambient
Royal Ajwain & Jeera Chaash / Buttermilk 250g,Deccan Organics,DAIR-003231,890100531328,Dairy & Eggs,73,bottle,323.19,406.64,2026-08-28,Aisle 02,chilled
Handcrafted Sweet Tamarind Apples 2L,Ganga Agro,FRES-003232,890100531329,Fresh Produce,38,pack,122.08,216.18,2026-08-29,Aisle 02,ambient
Pure Mutton Curry Cut 250ml,Catch Goods,MEAT-003233,890100531330,Meat & Seafood,229,pack,705.77,1152.53,2026-09-03,Aisle 05,chilled
Cold-Pressed Ajwain & Jeera Coriander Leaves 6-Pack,Organic Tattva Agro,FRES-003234,890100531331,Fresh Produce,95,kg,141.14,213.01,2026-09-05,Aisle 01,ambient
Aged Cheese Croissant 5L,Tata Co.,BAKE-003235,890100531332,Bakery & Deli,195,pack,163.70,257.87,2026-08-28,Aisle 04,chilled
Plant-Based Kachi Ghani Mustard Spicy Peanut Chikki Snack Pack,Kaveri Kitchens,SNAC-003236,890100531333,Snacks & Confectionery,127,pack,248.34,453.94,2027-05-24,Aisle 10,ambient
Aged Alphonso Mangoes 250g,Kaveri Agro,FRES-003237,890100531334,Fresh Produce,134,pack,156.63,233.95,2026-09-10,Aisle 01,ambient
Low-Sodium Royal Basmati Rice 150g,FarmGold Goods,PANT-003238,890100531335,Pantry & Dry Goods,10,bottle,467.00,842.67,2026-08-27,Aisle 08,ambient
Natural Bhujia Sev 150ml,Bhoomi Dairy,SNAC-003239,890100531336,Snacks & Confectionery,153,pack,403.87,695.50,2027-02-09,Aisle 10,ambient
Golden Tandoori Smoked Ayurvedic Bath Soap 1kg,FarmGold Goods,HOUS-003240,890100531337,Household & Personal Care,122,box,585.32,906.58,2026-08-30,Aisle 11,ambient
Wildcrafted Vanilla Bean Pears 2L,Fortune Foods,FRES-003241,890100531338,Fresh Produce,161,bag,111.89,191.26,2026-09-12,Aisle 02,chilled
Authentic Malai Kulfi Bar 2-Pack,Fortune Co.,FROZ-003242,890100531339,Frozen Foods,57,pack,282.36,418.86,2027-03-25,Aisle 08,frozen
Premium Avocados 1kg,Heritage Co.,FRES-003243,890100531340,Fresh Produce,218,pack,155.24,244.21,2026-09-12,Aisle 02,ambient
Gluten-Free Toasted Sesame Herbal Hand Wash Neem 300g,Everest Harvest,HOUS-003244,890100531341,Household & Personal Care,204,pack,265.95,370.41,2027-04-15,Aisle 12,ambient
Spiced Nagpur Orange Dishwash Gel Lemon 400g,Royal Indian Springs,HOUS-003245,890100531342,Household & Personal Care,138,bottle,148.44,249.46,2026-08-29,Aisle 12,ambient
Sun-Dried Red Chilli & Garlic Nimbu Paani Soda Snack Pack,Satvik Plantations,BEVE-003246,890100531343,Beverages,150,carton,100.94,127.23,2026-08-24,Aisle 05,ambient
Sun-Dried Kachi Ghani Mustard Extra Virgin Olive Oil 300g,Deccan Dairy,PANT-003247,890100531344,Pantry & Dry Goods,19,bag,284.45,416.32,2028-02-12,Aisle 08,ambient
Pure Ajwain & Jeera Mutton Curry Cut 12-Pack,Ganga Foods,MEAT-003248,890100531345,Meat & Seafood,154,pack,768.49,1347.51,2026-09-03,Aisle 04,chilled
Artisan Kachi Ghani Mustard Boneless Chicken Breast 5kg,Dabur Milling,MEAT-003249,890100531346,Meat & Seafood,93,kg,298.63,527.43,2026-08-30,Aisle 04,chilled
Plant-Based Tulsi Honey Multigrain Tortillas 1L,Dabur Goods,BAKE-003250,890100531347,Bakery & Deli,185,pack,317.12,404.46,2026-08-29,Aisle 04,chilled
Homestyle Shampoo Anti-Dandruff 330ml,Everest Dairy,HOUS-003251,890100531348,Household & Personal Care,188,pack,263.80,484.11,2028-01-19,Aisle 12,ambient
Artisan Ajwain & Jeera Floor Disinfectant Pine 1.5L,Heritage Foods,HOUS-003252,890100531349,Household & Personal Care,123,bottle,560.92,749.99,2027-12-16,Aisle 12,ambient
Pure Nagpur Orange French Fries Crispy 8-Pack,Vedic Fresh Farms,FROZ-003253,890100531350,Frozen Foods,108,box,208.34,310.79,2026-08-24,Aisle 09,frozen
Aged Iced Lemon Tea 200ml,Urban Roots Farms,BEVE-003254,890100531351,Beverages,47,can,193.69,286.72,2026-10-03,Aisle 05,ambient
Stone-Ground Fruit Muffins 250g,Nature Harvest Mills,BAKE-003255,890100531352,Bakery & Deli,52,pcs,124.81,230.36,2026-09-01,Aisle 03,chilled
Pure Roasted Salted Cashews 750ml,Everest Dairy,SNAC-003256,890100531353,Snacks & Confectionery,35,packet,470.89,670.67,2027-04-15,Aisle 10,ambient
Signature Coconut Cream Masala CTC Tea 2-Pack,Nature Harvest Dairy,BEVE-003257,890100531354,Beverages,47,box,207.99,366.61,2027-02-20,Aisle 06,chilled
Roasted Moong Dal Namkeen 6-Pack,Organic Tattva Botanicals,SNAC-003258,890100531355,Snacks & Confectionery,108,packet,493.21,880.08,2027-06-13,Aisle 10,ambient
Plant-Based Masala CTC Tea 300g,Patanjali Naturals,BEVE-003259,890100531356,Beverages,88,box,402.12,669.91,2027-07-24,Aisle 05,ambient
Free-Range Iced Lemon Tea 6-Pack,Bhoomi Goods,BEVE-003260,890100531357,Beverages,21,box,360.59,509.31,2027-06-22,Aisle 05,ambient
Heritage Pita Bread Value Pack,Patanjali Plantations,BAKE-003261,890100531358,Bakery & Deli,103,box,87.20,135.36,2026-09-06,Aisle 03,ambient
Valley Fresh Kesar Pista Catla Fish Steaks 300g,Catch Kitchens,MEAT-003262,890100531359,Meat & Seafood,239,pcs,443.50,588.45,2026-09-03,Aisle 05,chilled
Desi Ajwain & Jeera Garlic Naan Frozen 4pk 500g,Dabur Foods,FROZ-003263,890100531360,Frozen Foods,169,tub,318.14,452.61,2027-04-03,Aisle 09,frozen
Natural Extra Virgin Olive Oil 150ml,Himalayan Agro,PANT-003264,890100531361,Pantry & Dry Goods,74,bag,493.23,712.74,2028-04-13,Aisle 06,ambient
Pure Atlantic Salmon Fillet 500g,Nilgiri Provisions,MEAT-003265,890100531362,Meat & Seafood,133,pcs,301.66,421.45,2026-09-02,Aisle 04,chilled
Organic Jalapeno Lime Garlic Focaccia 50g,Patanjali Foods,BAKE-003266,890100531363,Bakery & Deli,201,pack,138.25,218.32,2026-09-10,Aisle 04,chilled
Raw Poha Thick Flakes 2-Pack,Fortune Harvest,PANT-003267,890100531364,Pantry & Dry Goods,19,can,586.39,789.03,2028-02-26,Aisle 06,ambient
Sun-Dried Vanilla Bean Chamomile Herbal Tea 200g,SunBrite Harvest,BEVE-003268,890100531365,Beverages,163,carton,327.04,581.74,2027-07-28,Aisle 06,ambient
Organic Organic Sharbati Atta 24-Pack,FarmGold Agro,PANT-003269,890100531366,Pantry & Dry Goods,42,jar,498.63,851.75,2028-05-18,Aisle 06,ambient
Grass-Fed Kitchen Paper Towels 4-Roll 500ml,Mother Dairy Mills,HOUS-003270,890100531367,Household & Personal Care,228,tube,325.48,589.66,2027-12-03,Aisle 12,ambient
Traditional Tulsi Honey Gulab Jamun Tin 2-Pack,Pashmina Goods,SNAC-003271,890100531368,Snacks & Confectionery,90,bar,67.46,88.25,2026-12-14,Aisle 09,ambient
Valley Fresh Catla Fish Steaks 750ml,Desi Organics Kitchens,MEAT-003272,890100531369,Meat & Seafood,19,pack,343.46,565.95,2026-08-29,Aisle 05,chilled
Natural Cardamom Spiced Mutton Curry Cut 250ml,Patanjali Botanicals,MEAT-003273,890100531370,Meat & Seafood,113,pcs,424.67,636.75,2026-08-31,Aisle 04,chilled
Gluten-Free Mint Lime Surface Floor Cleaner Rose 2-Pack,Mother Dairy Botanicals,HOUS-003274,890100531371,Household & Personal Care,97,bottle,110.20,189.85,2029-03-18,Aisle 12,ambient
Plant-Based Dishwash Gel Lemon 750ml,Pure Vedic Harvest,HOUS-003275,890100531372,Household & Personal Care,202,bottle,173.03,244.52,2027-08-18,Aisle 12,ambient
Extra-Virgin Coconut Cream Mutton Chops 100g,Dabur Farms,MEAT-003276,890100531373,Meat & Seafood,55,pcs,554.35,849.81,2026-08-29,Aisle 04,chilled
Golden Mint Lime Smoked Chicken Slices 330ml,Patanjali Dairy,BAKE-003277,890100531374,Bakery & Deli,71,box,232.66,321.36,2026-09-05,Aisle 04,chilled
Gluten-Free Nimbu Paani Soda 5L,Urban Roots Co.,BEVE-003278,890100531375,Beverages,238,carton,420.53,674.74,2026-09-12,Aisle 05,ambient
Free-Range Toasted Sesame Smoked Chicken Slices 2-Pack,Green Earth Kitchens,BAKE-003279,890100531376,Bakery & Deli,239,box,178.81,326.58,2026-09-10,Aisle 04,chilled
Cold-Pressed Toasted Sesame Red Onions Value Pack,Mother Dairy Kitchens,FRES-003280,890100531377,Fresh Produce,206,bunch,72.00,131.73,2026-09-16,Aisle 01,ambient
Extra-Virgin Kashmiri Saffron Multigrain Tortillas 330ml,Desi Organics Plantations,BAKE-003281,890100531378,Bakery & Deli,64,pack,69.06,115.63,2026-09-01,Aisle 03,ambient
Sweet Tandoori Smoked Cold Pressed Orange Juice 250ml,Mother Dairy Co.,BEVE-003282,890100531379,Beverages,220,can,338.54,426.30,2027-07-31,Aisle 06,chilled
Extra-Virgin Brioche Burger Buns 50g,Nature Harvest Organics,BAKE-003283,890100531380,Bakery & Deli,23,pcs,211.65,350.46,2026-09-02,Aisle 04,chilled
Select Flavored Yogurt 8-Pack,Amul Co.,DAIR-003284,890100531381,Dairy & Eggs,244,box,295.35,413.53,2026-09-11,Aisle 02,chilled
Traditional Kabuli Chana Large 750ml,Nature Harvest Agro,PANT-003285,890100531382,Pantry & Dry Goods,154,bottle,436.69,636.64,2027-07-21,Aisle 07,ambient
Signature Nagpur Orange Salted Butter 300g,Amul Dairy,DAIR-003286,890100531383,Dairy & Eggs,94,tub,307.94,558.90,2026-09-04,Aisle 02,chilled
Smoked Truffle Infused Chicken Sausages 50g,Desi Organics Co.,MEAT-003287,890100531384,Meat & Seafood,29,pack,854.42,1250.36,2026-09-02,Aisle 05,chilled
Signature Lemon Pepper Paneer Block 1L,Pure Vedic Harvest,DAIR-003288,890100531385,Dairy & Eggs,241,pack,142.50,178.81,2026-09-02,Aisle 02,chilled
Roasted Truffle Infused Paneer Block 24-Pack,Ganga Springs,DAIR-003289,890100531386,Dairy & Eggs,21,carton,212.22,298.01,2026-09-09,Aisle 03,chilled
Natural Rose Infused Garlic Naan Frozen 4pk 150g,Urban Roots Goods,FROZ-003290,890100531387,Frozen Foods,175,tub,174.54,279.96,2026-12-01,Aisle 09,frozen
Stone-Ground Coconut Cream Guavas 10-Pack,Royal Indian Goods,FRES-003291,890100531388,Fresh Produce,60,kg,151.81,230.57,2026-09-15,Aisle 01,chilled
Aged Ginger Kombucha 4-Pack,Kaveri Farms,BEVE-003292,890100531389,Beverages,74,bottle,421.83,652.12,2026-10-24,Aisle 06,chilled
Traditional Truffle Infused Mixed Berries Frozen 1kg,FarmGold Naturals,FROZ-003293,890100531390,Frozen Foods,72,tub,392.16,678.87,2027-06-08,Aisle 08,frozen
Aged Ajwain & Jeera Whole Wheat Atta Bread 24-Pack,Bhoomi Naturals,BAKE-003294,890100531391,Bakery & Deli,49,pack,184.85,312.02,2026-09-01,Aisle 03,ambient
Spiced Truffle Infused Goat Mince Premium 100g,Nature Harvest Milling,MEAT-003295,890100531392,Meat & Seafood,161,pcs,179.16,260.77,2026-08-28,Aisle 05,chilled
Smoked Brioche Burger Buns Value Pack,Patanjali Co.,BAKE-003296,890100531393,Bakery & Deli,211,pack,61.44,89.82,2026-09-07,Aisle 04,ambient
Wildcrafted Mint Lime Double Toned Milk 150ml,SunBrite Foods,DAIR-003297,890100531394,Dairy & Eggs,194,bottle,519.95,748.07,2026-08-31,Aisle 02,chilled
Valley Fresh Organic Sharbati Atta 500g,Himalayan Goods,PANT-003298,890100531395,Pantry & Dry Goods,47,bag,194.90,260.86,2028-02-23,Aisle 06,ambient
Stone-Ground Aloo Tikki 8-Pack 150ml,Vedic Fresh Mills,FROZ-003299,890100531396,Frozen Foods,54,bag,346.75,486.87,2027-08-14,Aisle 09,frozen
Free-Range Red Chilli & Garlic Lavash Crackers 1kg,Royal Indian Goods,BAKE-003300,890100531397,Bakery & Deli,147,box,307.82,386.51,2026-09-10,Aisle 04,chilled
Royal Edamame Pods 200g,Kaveri Foods,FROZ-003301,890100531398,Frozen Foods,141,box,407.06,606.31,2027-06-28,Aisle 09,frozen
Golden Organic Sharbati Atta Snack Pack,Tata Springs,PANT-003302,890100531399,Pantry & Dry Goods,25,can,273.03,421.31,2026-12-23,Aisle 06,ambient
Select Garlic & Herb Liquid Laundry Detergent 400g,Dabur Agro,HOUS-003303,890100531400,Household & Personal Care,58,bottle,386.63,632.49,2027-08-01,Aisle 11,ambient
Sun-Dried Matcha Green Tea Biodegradable Garbage Bags 100g,Himalayan Mills,HOUS-003304,890100531401,Household & Personal Care,9,pack,430.31,714.28,2029-03-30,Aisle 11,ambient
Handcrafted Kachi Ghani Mustard Paneer Block 2L,Satvik Springs,DAIR-003305,890100531402,Dairy & Eggs,27,bottle,390.79,617.51,2026-09-06,Aisle 03,chilled
Handcrafted Sea Salt Veg Spring Rolls 5kg,Catch Dairy,FROZ-003306,890100531403,Frozen Foods,215,box,233.40,418.53,2026-12-08,Aisle 09,frozen
Crisp Shampoo Anti-Dandruff Snack Pack,Vedic Fresh Plantations,HOUS-003307,890100531404,Household & Personal Care,250,bottle,463.32,654.43,2027-11-08,Aisle 12,ambient
Desi Paneer Tikka Deli 4-Pack,Green Earth Naturals,BAKE-003308,890100531405,Bakery & Deli,19,pack,88.52,116.82,2026-09-01,Aisle 04,chilled
Rustic Kesar Pista Herbal Hand Wash Neem 24-Pack,Everest Naturals,HOUS-003309,890100531406,Household & Personal Care,203,tube,574.85,729.85,2028-01-02,Aisle 11,ambient
Spiced Mosquito Vaporizer Refill 2-Pack,Himalayan Organics,HOUS-003310,890100531407,Household & Personal Care,139,bottle,156.12,219.98,2027-10-14,Aisle 11,ambient
Pure Pineapples 10-Pack,Saffola Botanicals,FRES-003311,890100531408,Fresh Produce,129,kg,64.64,81.65,2026-09-10,Aisle 02,ambient
Gluten-Free Jalapeno Lime Pasture Eggs 6-Pack,Bhoomi Foods,DAIR-003312,890100531409,Dairy & Eggs,73,bottle,257.96,326.60,2026-09-09,Aisle 03,chilled
Gluten-Free Pita Bread 1kg,SunBrite Foods,BAKE-003313,890100531410,Bakery & Deli,144,pcs,239.06,362.67,2026-09-05,Aisle 03,ambient
Royal Truffle Infused Lavash Crackers Snack Pack,Tata Foods,BAKE-003314,890100531411,Bakery & Deli,28,pcs,104.04,145.03,2026-08-30,Aisle 03,ambient
Gourmet Golden Ginger Chicken Drumsticks 1.5L,Dabur Naturals,MEAT-003315,890100531412,Meat & Seafood,169,pcs,236.84,316.34,2026-09-01,Aisle 04,chilled
Country Style Kashmiri Saffron Custard Apple (Sitaphal) 8-Pack,Amul Goods,FRES-003316,890100531413,Fresh Produce,222,pack,159.66,267.37,2026-09-03,Aisle 01,ambient
Sun-Dried Fish Fingers Frozen 10kg,SunBrite Agro,FROZ-003317,890100531414,Frozen Foods,183,packet,261.70,343.82,2027-03-26,Aisle 08,frozen
Authentic Alphonso Mango Raw Wildflower Honey 500ml,Organic Tattva Organics,PANT-003318,890100531415,Pantry & Dry Goods,239,jar,165.79,259.03,2026-08-28,Aisle 06,ambient
Stone-Ground Guava Chilli Juice 1L,Satvik Plantations,BEVE-003319,890100531416,Beverages,110,box,55.93,99.44,2026-10-13,Aisle 05,ambient
Crisp Mutton Chops 2kg,Pashmina Goods,MEAT-003320,890100531417,Meat & Seafood,187,pcs,408.24,582.05,2026-08-29,Aisle 05,chilled
Zero-Sugar Alphonso Mango Bagel Plain 4pk 2kg,Ganga Harvest,BAKE-003321,890100531418,Bakery & Deli,178,pcs,294.51,403.73,2026-08-28,Aisle 04,chilled
Grass-Fed Pomegranates 2L,Desi Organics Farms,FRES-003322,890100531419,Fresh Produce,9,pack,52.58,93.51,2026-09-14,Aisle 02,chilled
Low-Sodium Dark Chocolate Filter Coffee Beans 150ml,Desi Organics Agro,BEVE-003323,890100531420,Beverages,37,can,397.94,545.03,2026-09-15,Aisle 05,chilled
Spiced Roasted Makhana Foxnuts 2-Pack,Nature Harvest Foods,SNAC-003324,890100531421,Snacks & Confectionery,220,bar,487.25,722.12,2026-10-14,Aisle 09,ambient
Rustic Wood-Fired Veggie Pizza 100g,Mother Dairy Springs,FROZ-003325,890100531422,Frozen Foods,49,pack,188.70,247.56,2026-08-22,Aisle 09,frozen
Pure Rose Infused Gulab Jamun Tin 250g,Catch Botanicals,SNAC-003326,890100531423,Snacks & Confectionery,188,box,168.90,291.12,2026-12-14,Aisle 09,ambient
Plant-Based Pink Himalayan Salt 1.5L,Satvik Naturals,PANT-003327,890100531424,Pantry & Dry Goods,130,can,72.35,110.61,2027-11-03,Aisle 06,ambient
Free-Range Chatpata Masala Nimbu Paani Soda 750g,Mother Dairy Co.,BEVE-003328,890100531425,Beverages,39,can,58.24,83.14,2026-10-01,Aisle 06,chilled
Authentic Alphonso Mango Stainless Steel Scrubber 3pk 5L,Nature Harvest Co.,HOUS-003329,890100531426,Household & Personal Care,89,bottle,349.30,461.11,2027-08-03,Aisle 11,ambient
Raw Veg Burger Patties 24-Pack,Vedic Fresh Foods,FROZ-003330,890100531427,Frozen Foods,205,pack,164.85,252.14,2027-01-27,Aisle 08,frozen
Heritage Cardamom Spiced Organic Rolled Oats 250ml,Vedic Fresh Goods,PANT-003331,890100531428,Pantry & Dry Goods,197,packet,619.46,1003.17,2028-02-28,Aisle 08,ambient
Extra-Virgin Wood-Fired Veggie Pizza 12-Pack,Royal Indian Botanicals,FROZ-003332,890100531429,Frozen Foods,222,packet,70.71,97.71,2027-03-25,Aisle 09,frozen
Golden Kashmiri Saffron Basa Fish Fillets 8-Pack,Dabur Springs,MEAT-003333,890100531430,Meat & Seafood,96,pcs,404.37,667.17,2026-08-29,Aisle 05,chilled
Artisan Ajwain & Jeera Gulab Jamun Tin 4-Pack,Fortune Farms,SNAC-003334,890100531431,Snacks & Confectionery,189,bar,404.95,596.37,2027-03-11,Aisle 10,ambient
Whole-Grain Kesar Pista Dishwash Gel Lemon 2-Pack,Satvik Provisions,HOUS-003335,890100531432,Household & Personal Care,167,bottle,350.92,637.60,2026-08-28,Aisle 11,ambient
Golden Mutton Curry Cut 250ml,Kaveri Botanicals,MEAT-003336,890100531433,Meat & Seafood,130,pcs,229.79,424.23,2026-08-30,Aisle 04,chilled
Wildcrafted Smoked Paprika 70% Dark Chocolate Bar 100g,Saffola Kitchens,SNAC-003337,890100531434,Snacks & Confectionery,62,bar,229.78,391.60,2027-03-29,Aisle 09,ambient
Wildcrafted Herbal Hand Wash Neem 750ml,Saffola Co.,HOUS-003338,890100531435,Household & Personal Care,80,bottle,361.33,650.64,2027-05-02,Aisle 11,ambient
Royal Heavy Cream 1L,Pashmina Goods,DAIR-003339,890100531436,Dairy & Eggs,217,bottle,222.83,347.66,2026-09-21,Aisle 02,chilled
Homestyle Kashmiri Saffron Surface Floor Cleaner Rose 500g,Heritage Farms,HOUS-003340,890100531437,Household & Personal Care,139,packet,355.98,646.00,2028-07-06,Aisle 12,ambient
Golden Toasted Sesame Stainless Steel Scrubber 3pk 2L,Nature Harvest Milling,HOUS-003341,890100531438,Household & Personal Care,137,pack,117.11,213.56,2027-11-14,Aisle 11,ambient
Wildcrafted Fresh Methi Family Pack,Nilgiri Springs,FRES-003342,890100531439,Fresh Produce,166,pack,49.47,68.01,2026-09-15,Aisle 01,ambient
Roasted Tulsi Honey Pomfret Whole 150ml,Satvik Goods,MEAT-003343,890100531440,Meat & Seafood,196,pack,601.52,1002.56,2026-08-27,Aisle 05,chilled
Sweet Pink Himalayan Salt 250g,Pure Vedic Foods,PANT-003344,890100531441,Pantry & Dry Goods,65,bottle,119.67,201.10,2027-03-03,Aisle 07,ambient
Country Style Tulsi Honey Liquid Laundry Detergent 150ml,FarmGold Goods,HOUS-003345,890100531442,Household & Personal Care,231,pack,146.03,263.44,2026-08-28,Aisle 12,ambient
Valley Fresh Buffalo Milk 400g,Kaveri Plantations,DAIR-003346,890100531443,Dairy & Eggs,167,tub,188.76,300.83,2026-09-03,Aisle 03,chilled
Handcrafted Coconut Cream Hash Browns 6pk 1.5L,Satvik Naturals,FROZ-003347,890100531444,Frozen Foods,132,box,322.45,420.80,2027-02-02,Aisle 08,frozen
Desi Ayurvedic Bath Soap 200g,Amul Farms,HOUS-003348,890100531445,Household & Personal Care,243,box,512.30,811.36,2028-04-03,Aisle 11,ambient
Smoked Caramelized Onion Ginger Kombucha 4-Pack,FarmGold Milling,BEVE-003349,890100531446,Beverages,104,pack,144.22,211.19,2027-04-14,Aisle 06,ambient
Whole-Grain Green Peas Fresh 150g,Satvik Farms,FRES-003350,890100531447,Fresh Produce,78,kg,143.91,198.84,2026-09-13,Aisle 02,ambient
Farm-Fresh Alphonso Mango Gourmet Cookies Choco-Chip 300g,Green Earth Botanicals,SNAC-003351,890100531448,Snacks & Confectionery,152,pack,396.03,501.52,2027-03-31,Aisle 10,ambient
Spiced Garlic & Herb Chana Dal Polished 250ml,Bhoomi Goods,PANT-003352,890100531449,Pantry & Dry Goods,105,jar,193.64,280.09,2028-07-23,Aisle 06,ambient
Desi Tonic Water Premium 750g,Kaveri Organics,BEVE-003353,890100531450,Beverages,84,bottle,444.50,687.83,2027-04-20,Aisle 05,ambient
Gluten-Free Smoked Paprika Stainless Steel Scrubber 3pk 500g,SunBrite Foods,HOUS-003354,890100531451,Household & Personal Care,58,packet,255.47,430.17,2026-08-24,Aisle 11,ambient
Extra-Virgin Red Chilli & Garlic Roasted Makhana Foxnuts 150g,FarmGold Naturals,SNAC-003355,890100531452,Snacks & Confectionery,128,tub,382.43,636.64,2026-11-23,Aisle 10,ambient
Select Garlic Focaccia 10-Pack,FarmGold Goods,BAKE-003356,890100531453,Bakery & Deli,64,pack,253.11,342.58,2026-09-08,Aisle 03,chilled
Valley Fresh Kachi Ghani Mustard Buffalo Milk 150g,Everest Agro,DAIR-003357,890100531454,Dairy & Eggs,199,box,127.51,196.50,2026-09-04,Aisle 03,chilled
Farm-Fresh Toasted Sesame Apple Cider Vinegar Drink 350g,Nilgiri Provisions,BEVE-003358,890100531455,Beverages,16,can,261.79,390.29,2026-08-30,Aisle 06,chilled
Natural Chicken Keema 2L,Himalayan Organics,MEAT-003359,890100531456,Meat & Seafood,233,pack,280.90,367.36,2026-09-03,Aisle 05,chilled
Crisp Caramelized Onion Mixed Berries Frozen 12-Pack,Deccan Naturals,FROZ-003360,890100531457,Frozen Foods,166,packet,267.15,400.42,2027-05-11,Aisle 09,frozen
Desi Kashmiri Saffron Unsalted White Butter Family Pack,Amul Organics,DAIR-003361,890100531458,Dairy & Eggs,41,pack,338.03,495.74,2026-09-14,Aisle 02,chilled
Gluten-Free Garlic Focaccia 500ml,Himalayan Organics,BAKE-003362,890100531459,Bakery & Deli,55,pcs,114.45,202.02,2026-09-05,Aisle 03,chilled
Sweet Nimbu Paani Soda 2-Pack,SunBrite Mills,BEVE-003363,890100531460,Beverages,52,box,413.57,556.96,2027-06-28,Aisle 05,ambient
Smoked Lemon Pepper Fresh Rohu Fish 200ml,Nilgiri Botanicals,MEAT-003364,890100531461,Meat & Seafood,185,pcs,588.60,1071.52,2026-08-30,Aisle 05,chilled
Extra-Virgin Garlic & Herb Chicken Frankfurters 250g,Deccan Plantations,BAKE-003365,890100531462,Bakery & Deli,238,pack,65.74,107.35,2026-09-07,Aisle 03,chilled
Homestyle Kesar Pista Oat Milk 8-Pack,Organic Tattva Organics,DAIR-003366,890100531463,Dairy & Eggs,217,pack,364.02,567.71,2026-09-23,Aisle 02,chilled
Desi Coconut Cream Chicken Drumsticks 24-Pack,Catch Farms,MEAT-003367,890100531464,Meat & Seafood,156,pcs,710.05,1100.34,2026-09-01,Aisle 05,chilled
Plant-Based Sweet Tamarind Kabuli Chana Large 2kg,Dabur Harvest,PANT-003368,890100531465,Pantry & Dry Goods,169,bottle,306.24,486.53,2026-08-16,Aisle 07,ambient
Gluten-Free Toor Dal Premium 200g,SunBrite Provisions,PANT-003369,890100531466,Pantry & Dry Goods,198,jar,416.64,579.27,2027-10-19,Aisle 06,ambient
Gourmet Roasted Makhana Foxnuts 10kg,Tata Harvest,SNAC-003370,890100531467,Snacks & Confectionery,32,box,410.59,676.73,2026-11-24,Aisle 09,ambient
Sweet Sweet Tamarind Pink Himalayan Salt 5kg,Deccan Kitchens,PANT-003371,890100531468,Pantry & Dry Goods,49,can,657.09,1213.26,2028-04-29,Aisle 08,ambient
Smoked Shampoo Anti-Dandruff 250ml,SunBrite Goods,HOUS-003372,890100531469,Household & Personal Care,224,bottle,290.63,527.88,2028-06-26,Aisle 12,ambient
Select Makhana Crunch Surmai Steaks 250g,Deccan Organics,MEAT-003373,890100531470,Meat & Seafood,223,pack,296.64,503.01,2026-09-01,Aisle 04,chilled
Desi Tulsi Honey Diet Mixture Namkeen 500g,SunBrite Springs,SNAC-003374,890100531471,Snacks & Confectionery,90,pack,422.86,569.86,2027-02-03,Aisle 10,ambient
Signature Smoked Paprika Squid Rings Cleaned 400g,SunBrite Springs,MEAT-003375,890100531472,Meat & Seafood,245,pack,945.62,1598.27,2026-09-01,Aisle 05,chilled
Stone-Ground Dark Chocolate Bamboo Toothbrush 2pk 500g,Desi Organics Mills,HOUS-003376,890100531473,Household & Personal Care,118,tube,577.20,1014.34,2027-08-28,Aisle 11,ambient
Plant-Based Tulsi Honey Flavored Yogurt 150ml,Mother Dairy Plantations,DAIR-003377,890100531474,Dairy & Eggs,109,box,350.53,458.15,2026-09-26,Aisle 02,chilled
Valley Fresh Pink Himalayan Salt 6-Pack,Royal Indian Goods,PANT-003378,890100531475,Pantry & Dry Goods,36,bag,652.27,843.92,2028-03-30,Aisle 07,ambient
Plant-Based Dark Chocolate Granola Health Bars 150g,Organic Tattva Naturals,SNAC-003379,890100531476,Snacks & Confectionery,22,box,322.71,412.21,2026-08-29,Aisle 10,ambient
Authentic Nagpur Orange Paneer Paratha Frozen 12-Pack,Dabur Foods,FROZ-003380,890100531477,Frozen Foods,80,bag,408.93,645.00,2027-06-21,Aisle 08,frozen
Sweet Brioche Burger Buns 10-Pack,Pure Vedic Naturals,BAKE-003381,890100531478,Bakery & Deli,198,box,186.05,309.04,2026-09-01,Aisle 04,chilled
Rustic Ajwain & Jeera Edamame Pods 150ml,Royal Indian Mills,FROZ-003382,890100531479,Frozen Foods,244,bag,252.49,370.32,2027-07-09,Aisle 08,frozen
Traditional Garlic Naan Frozen 4pk Family Pack,Pure Vedic Agro,FROZ-003383,890100531480,Frozen Foods,212,packet,390.55,641.35,2026-11-05,Aisle 09,frozen
Homestyle Cardamom Spiced Alphonso Kulfi Tub 4-Pack,SunBrite Dairy,FROZ-003384,890100531481,Frozen Foods,167,bag,364.57,613.63,2027-04-09,Aisle 09,frozen
Crisp Kachi Ghani Mustard Multigrain Tortillas 330ml,Patanjali Kitchens,BAKE-003385,890100531482,Bakery & Deli,247,box,179.10,313.96,2026-09-02,Aisle 04,chilled
Artisan Lemon Pepper Pomfret Whole 1kg,SunBrite Foods,MEAT-003386,890100531483,Meat & Seafood,90,pack,359.68,497.31,2026-09-01,Aisle 05,chilled
Rustic Makhana Crunch Custard Apple (Sitaphal) 750ml,Heritage Harvest,FRES-003387,890100531484,Fresh Produce,179,bunch,93.82,128.61,2026-09-03,Aisle 02,ambient
Cured Makhana Crunch Chicken Drumsticks 2-Pack,Tata Agro,MEAT-003388,890100531485,Meat & Seafood,27,pack,328.55,570.36,2026-09-03,Aisle 05,chilled
Country Style Veg Spring Rolls 500g,Desi Organics Naturals,FROZ-003389,890100531486,Frozen Foods,135,tub,151.54,192.20,2026-11-10,Aisle 09,frozen
Signature Tulsi Honey Alphonso Kulfi Tub 10kg,Satvik Springs,FROZ-003390,890100531487,Frozen Foods,52,bag,352.93,617.48,2027-05-09,Aisle 08,frozen
Select Toasted Sesame Atlantic Salmon Fillet Value Pack,Patanjali Harvest,MEAT-003391,890100531488,Meat & Seafood,27,pack,315.75,518.84,2026-08-15,Aisle 04,chilled
Wildcrafted Butter Murukku Family Pack,Heritage Provisions,SNAC-003392,890100531489,Snacks & Confectionery,35,tub,321.25,442.27,2026-08-29,Aisle 10,ambient
Valley Fresh Kesar Pista Frozen Paneer Cubes 2-Pack,Himalayan Naturals,FROZ-003393,890100531490,Frozen Foods,42,tub,100.94,149.45,2026-12-15,Aisle 09,frozen
Free-Range Clove & Mint Toothpaste 2kg,Kaveri Co.,HOUS-003394,890100531491,Household & Personal Care,190,bottle,123.03,172.42,2026-08-25,Aisle 12,ambient
Low-Sodium Sea Salt Kitchen Paper Towels 4-Roll 6-Pack,Kaveri Naturals,HOUS-003395,890100531492,Household & Personal Care,51,tube,230.39,395.00,2027-07-08,Aisle 11,ambient
Zero-Sugar Ladyfinger (Bhindi) 5kg,Pashmina Springs,FRES-003396,890100531493,Fresh Produce,96,bag,37.86,62.37,2026-09-09,Aisle 01,chilled
Free-Range Mosquito Vaporizer Refill 500ml,Saffola Milling,HOUS-003397,890100531494,Household & Personal Care,242,pack,109.74,153.19,2028-05-06,Aisle 11,ambient
Low-Sodium Kashmiri Saffron Unsalted White Butter 50g,Kaveri Milling,DAIR-003398,890100531495,Dairy & Eggs,93,carton,384.92,522.98,2026-09-03,Aisle 03,chilled
Artisan Sea Salt Surmai Steaks 250g,SunBrite Provisions,MEAT-003399,890100531496,Meat & Seafood,132,pcs,325.53,576.49,2026-09-01,Aisle 05,chilled
Desi Rose Infused Oat Milk Value Pack,Deccan Co.,DAIR-003400,890100531497,Dairy & Eggs,171,bottle,159.13,213.09,2026-09-14,Aisle 03,chilled
Royal Coconut Cream Bath Tissue 6-Pack 300g,Vedic Fresh Botanicals,HOUS-003401,890100531498,Household & Personal Care,131,tube,299.95,508.74,2027-03-24,Aisle 11,ambient
Extra-Virgin Ajwain & Jeera Desi Cow Ghee 2L,Desi Organics Botanicals,DAIR-003402,890100531499,Dairy & Eggs,174,bottle,246.95,442.35,2026-09-15,Aisle 03,chilled
Whole-Grain Kachi Ghani Mustard Double Toned Milk 5L,Bhoomi Kitchens,DAIR-003403,890100531500,Dairy & Eggs,132,tub,99.37,133.06,2026-09-23,Aisle 02,chilled
Whole-Grain Mustard Oil Kachi Ghani 100g,Kaveri Provisions,PANT-003404,890100531501,Pantry & Dry Goods,121,jar,647.63,1016.13,2027-10-28,Aisle 06,ambient
Valley Fresh Rose Infused Chaash / Buttermilk 750ml,Patanjali Plantations,DAIR-003405,890100531502,Dairy & Eggs,228,pack,484.24,880.35,2026-09-17,Aisle 03,chilled
Artisan Mint Lime Greek Yogurt 750g,Nilgiri Naturals,DAIR-003406,890100531503,Dairy & Eggs,33,tub,236.89,369.49,2026-09-25,Aisle 03,chilled
Zero-Sugar Tulsi Honey Kokum Sharbat 2kg,FarmGold Milling,BEVE-003407,890100531504,Beverages,236,pack,202.98,313.96,2027-03-27,Aisle 06,chilled
Low-Sodium Alphonso Mango Curd Tub (Dahi) 1kg,Fortune Goods,DAIR-003408,890100531505,Dairy & Eggs,4,tub,140.80,219.52,2026-09-04,Aisle 03,chilled
Select Alphonso Mango Lavash Crackers 5kg,Royal Indian Harvest,BAKE-003409,890100531506,Bakery & Deli,154,pcs,187.58,280.63,2026-09-10,Aisle 03,chilled
Extra-Virgin Oat Milk 150ml,Heritage Kitchens,DAIR-003410,890100531507,Dairy & Eggs,164,box,361.97,529.51,2026-09-07,Aisle 03,chilled
Farm-Fresh Toned Milk 100g,SunBrite Naturals,DAIR-003411,890100531508,Dairy & Eggs,9,carton,400.58,714.99,2026-08-30,Aisle 02,chilled
Handcrafted Pista Almond Bagel Plain 4pk 4-Pack,Nilgiri Milling,BAKE-003412,890100531509,Bakery & Deli,118,pack,119.44,182.22,2026-09-10,Aisle 04,chilled
Free-Range Amla Juice Pure 10-Pack,Satvik Farms,BEVE-003413,890100531510,Beverages,112,bag,430.88,764.01,2027-08-24,Aisle 06,ambient
Sun-Dried Lentils Red Masoor 150ml,Tata Naturals,PANT-003414,890100531511,Pantry & Dry Goods,234,can,559.32,774.27,2027-02-22,Aisle 07,ambient
Wildcrafted Kesar Pista Ayurvedic Bath Soap 330ml,Bhoomi Dairy,HOUS-003415,890100531512,Household & Personal Care,38,packet,443.65,605.08,2027-07-02,Aisle 12,ambient
Farm-Fresh Kitchen Paper Towels 4-Roll 400g,Kaveri Naturals,HOUS-003416,890100531513,Household & Personal Care,219,bottle,208.62,293.46,2028-10-27,Aisle 12,ambient
Spiced Brownie Bites 400g,Organic Tattva Naturals,BAKE-003417,890100531514,Bakery & Deli,85,box,309.09,465.28,2026-08-28,Aisle 03,chilled
Grass-Fed Veg Spring Rolls 200ml,FarmGold Botanicals,FROZ-003418,890100531515,Frozen Foods,197,bag,146.69,194.79,2027-04-08,Aisle 09,frozen
Gluten-Free Tandoori Smoked Rawa Sooji 5L,Himalayan Naturals,PANT-003419,890100531516,Pantry & Dry Goods,7,packet,153.77,242.71,2028-05-17,Aisle 07,ambient
Plant-Based Sea Salt Goat Mince Premium 500g,Tata Goods,MEAT-003420,890100531517,Meat & Seafood,220,kg,559.28,748.03,2026-09-03,Aisle 05,chilled
Raw Surmai Steaks 250g,Satvik Harvest,MEAT-003421,890100531518,Meat & Seafood,195,pack,424.54,567.34,2026-09-03,Aisle 04,chilled
Gourmet Parmigiano-Reggiano 200ml,Satvik Agro,DAIR-003422,890100531519,Dairy & Eggs,194,box,176.16,250.12,2026-09-14,Aisle 02,chilled
Natural Feta Cheese 200ml,Pashmina Mills,DAIR-003423,890100531520,Dairy & Eggs,116,packet,271.49,345.79,2026-09-13,Aisle 03,chilled
Desi Coconut Cream Ciabatta Roll 400g,Urban Roots Dairy,BAKE-003424,890100531521,Bakery & Deli,20,pcs,115.05,209.14,2026-09-08,Aisle 03,chilled
Sweet Ajwain & Jeera Whole Wheat Atta Bread 330ml,Ganga Kitchens,BAKE-003425,890100531522,Bakery & Deli,26,box,317.34,481.31,2026-08-27,Aisle 03,ambient
Roasted Cashew Paste Curry Base Value Pack,Fortune Botanicals,PANT-003426,890100531523,Pantry & Dry Goods,211,bottle,547.60,942.42,2027-06-24,Aisle 07,ambient
Royal Smoked Paprika Cold-Pressed Groundnut Oil 150g,Amul Naturals,PANT-003427,890100531524,Pantry & Dry Goods,42,bag,611.02,776.63,2027-06-24,Aisle 07,ambient
Unpolished Mozzarella Shredded 330ml,Catch Farms,DAIR-003428,890100531525,Dairy & Eggs,44,box,393.30,600.99,2026-09-20,Aisle 03,chilled
Natural Kulcha 4-Pack 150g,Mother Dairy Co.,BAKE-003429,890100531526,Bakery & Deli,219,box,71.35,122.95,2026-08-31,Aisle 04,chilled
Grass-Fed Kachi Ghani Mustard Cold Pressed Orange Juice 250g,Green Earth Dairy,BEVE-003430,890100531527,Beverages,69,bag,370.10,468.76,2027-06-05,Aisle 05,ambient
Royal Sweet Tamarind Iced Lemon Tea 330ml,Tata Organics,BEVE-003431,890100531528,Beverages,42,can,389.70,603.17,2026-12-22,Aisle 05,chilled
Rustic Tonic Water Premium 5kg,Urban Roots Agro,BEVE-003432,890100531529,Beverages,104,bottle,213.94,355.13,2026-11-29,Aisle 06,ambient
Spiced Makhana Crunch Granola Health Bars 300g,Organic Tattva Agro,SNAC-003433,890100531530,Snacks & Confectionery,26,pack,366.65,672.37,2027-02-16,Aisle 09,ambient
Signature Chatpata Masala Filter Coffee Beans 350g,Nature Harvest Goods,BEVE-003434,890100531531,Beverages,49,can,408.51,725.59,2026-08-30,Aisle 06,ambient
Unpolished Ginger Kombucha 8-Pack,Pashmina Springs,BEVE-003435,890100531532,Beverages,145,bottle,56.91,88.22,2027-06-04,Aisle 06,ambient
Unpolished Kashmiri Saffron Pure Jaggery Powder (Gud) 400g,SunBrite Springs,PANT-003436,890100531533,Pantry & Dry Goods,183,box,429.24,667.59,2028-05-11,Aisle 08,ambient
Smoked Bhujia Sev 10-Pack,Heritage Harvest,SNAC-003437,890100531534,Snacks & Confectionery,51,box,348.79,559.25,2027-02-05,Aisle 09,ambient
Extra-Virgin Mint Lime Pomfret Whole Value Pack,Royal Indian Goods,MEAT-003438,890100531535,Meat & Seafood,160,pcs,315.50,507.68,2026-09-03,Aisle 05,chilled
Stone-Ground Caramelized Onion Whole Wheat Atta Bread 24-Pack,Nature Harvest Milling,BAKE-003439,890100531536,Bakery & Deli,77,pcs,176.21,250.02,2026-09-01,Aisle 04,ambient
Authentic Lemon Pepper Roasted Salted Cashews 500g,Catch Foods,SNAC-003440,890100531537,Snacks & Confectionery,163,bar,209.22,372.28,2026-10-26,Aisle 09,ambient
Cold-Pressed Dark Chocolate Fresh Mosambi Juice 50g,Vedic Fresh Milling,BEVE-003441,890100531538,Beverages,162,bottle,432.91,712.36,2027-08-13,Aisle 05,ambient
Traditional Guava Chilli Juice 750ml,Fortune Mills,BEVE-003442,890100531539,Beverages,172,box,350.50,483.72,2026-12-18,Aisle 06,chilled
Signature Cinnamon Spice Parmigiano-Reggiano 300g,Catch Provisions,DAIR-003443,890100531540,Dairy & Eggs,15,carton,278.62,365.87,2026-09-24,Aisle 03,chilled
Whole-Grain Fruit Muffins 500g,SunBrite Organics,BAKE-003444,890100531541,Bakery & Deli,147,pcs,136.14,178.10,2026-09-04,Aisle 03,chilled
Stone-Ground Nagpur Orange Dry Fruits Trail Mix 300g,Himalayan Milling,SNAC-003445,890100531542,Snacks & Confectionery,168,bag,45.87,79.14,2027-06-05,Aisle 10,ambient
Natural Goat Mince Premium 200g,Kaveri Kitchens,MEAT-003446,890100531543,Meat & Seafood,92,pack,211.58,268.48,2026-09-03,Aisle 04,chilled
Crisp Masala CTC Tea 750ml,Amul Agro,BEVE-003447,890100531544,Beverages,246,bag,175.69,286.36,2026-10-05,Aisle 05,ambient
Country Style Dark Chocolate Mixed Berries Frozen 24-Pack,Royal Indian Co.,FROZ-003448,890100531545,Frozen Foods,45,tub,415.53,547.23,2026-11-26,Aisle 08,frozen
Cold-Pressed 70% Dark Chocolate Bar 150g,Everest Co.,SNAC-003449,890100531546,Snacks & Confectionery,170,pack,64.92,97.54,2027-04-12,Aisle 09,ambient
Whole-Grain Tulsi Honey Biodegradable Garbage Bags Value Pack,SunBrite Mills,HOUS-003450,890100531547,Household & Personal Care,142,pack,184.67,330.17,2027-08-29,Aisle 11,ambient
Stone-Ground Sweet Tamarind Cucumbers 300g,Saffola Mills,FRES-003451,890100531548,Fresh Produce,178,pack,78.28,109.59,2026-09-17,Aisle 01,ambient
Plant-Based Veg Spring Rolls 1kg,Vedic Fresh Organics,FROZ-003452,890100531549,Frozen Foods,181,tub,104.45,151.06,2026-08-29,Aisle 09,frozen
Pure Ginger Kombucha 12-Pack,Saffola Kitchens,BEVE-003453,890100531550,Beverages,78,box,61.01,112.01,2027-08-04,Aisle 06,chilled
Wildcrafted Bath Tissue 6-Pack 750g,Vedic Fresh Botanicals,HOUS-003454,890100531551,Household & Personal Care,196,box,208.73,316.21,2027-10-26,Aisle 11,ambient
Gluten-Free Truffle Infused Fresh Methi 330ml,Urban Roots Botanicals,FRES-003455,890100531552,Fresh Produce,66,kg,116.89,147.55,2026-09-10,Aisle 02,ambient
Aged Basa Fish Fillets 24-Pack,Amul Springs,MEAT-003456,890100531553,Meat & Seafood,120,pcs,932.91,1280.33,2026-09-03,Aisle 05,chilled
Cold-Pressed Rusk Toast 10-Pack,Everest Mills,BAKE-003457,890100531554,Bakery & Deli,146,pack,239.12,413.75,2026-08-21,Aisle 03,chilled
Organic Tulsi Honey Veg Spring Rolls 150g,Nilgiri Mills,FROZ-003458,890100531555,Frozen Foods,189,packet,387.90,515.64,2027-05-06,Aisle 08,frozen
Stone-Ground Nagpur Orange Malai Kulfi Bar 330ml,Nilgiri Foods,FROZ-003459,890100531556,Frozen Foods,164,pack,323.37,596.36,2026-08-27,Aisle 09,frozen
Gluten-Free Soy Milk Protein 200ml,Amul Goods,DAIR-003460,890100531557,Dairy & Eggs,29,box,352.72,481.64,2026-09-14,Aisle 03,chilled
Raw Hash Browns 6pk 330ml,Pure Vedic Agro,FROZ-003461,890100531558,Frozen Foods,145,pack,349.12,527.93,2026-12-19,Aisle 08,frozen
Royal Bell Peppers 330ml,Dabur Farms,FRES-003462,890100531559,Fresh Produce,237,pcs,102.01,169.68,2026-08-27,Aisle 01,chilled
Natural Matcha Green Tea Pomfret Whole 250g,Nature Harvest Naturals,MEAT-003463,890100531560,Meat & Seafood,139,pack,617.97,898.16,2026-08-31,Aisle 04,chilled
Heritage Sea Salt Masala Potato Chips 4-Pack,Kaveri Kitchens,SNAC-003464,890100531561,Snacks & Confectionery,90,bag,53.80,82.13,2027-03-26,Aisle 10,ambient
Royal Kaju Katli Sweet Box 1.5L,Fortune Milling,SNAC-003465,890100531562,Snacks & Confectionery,44,packet,50.79,81.62,2027-06-22,Aisle 10,ambient
Organic Ajwain & Jeera Aloo Tikki 8-Pack 350g,Organic Tattva Farms,FROZ-003466,890100531563,Frozen Foods,35,bag,175.26,236.14,2027-01-02,Aisle 08,frozen
Stone-Ground Bell Peppers 2-Pack,Mother Dairy Foods,FRES-003467,890100531564,Fresh Produce,231,bag,104.14,143.82,2026-09-10,Aisle 02,chilled
Gluten-Free Granola Health Bars 1.5L,Deccan Goods,SNAC-003468,890100531565,Snacks & Confectionery,142,box,66.53,112.64,2027-06-17,Aisle 09,ambient
Royal Shampoo Anti-Dandruff 150g,Everest Co.,HOUS-003469,890100531566,Household & Personal Care,89,packet,238.22,352.93,2027-03-27,Aisle 12,ambient
Rustic Nagpur Orange Fresh Mosambi Juice 4-Pack,Heritage Foods,BEVE-003470,890100531567,Beverages,195,box,275.03,450.64,2027-04-15,Aisle 05,chilled
Extra-Virgin Pav 6-Pack 24-Pack,Organic Tattva Naturals,BAKE-003471,890100531568,Bakery & Deli,26,pack,43.72,58.67,2026-09-07,Aisle 03,ambient
Gluten-Free Matcha Green Tea Atlantic Salmon Fillet 150g,Vedic Fresh Farms,MEAT-003472,890100531569,Meat & Seafood,32,pcs,795.02,1120.62,2026-09-03,Aisle 05,chilled
Smoked Golden Ginger Ginger Root 5L,Fortune Agro,FRES-003473,890100531570,Fresh Produce,243,kg,103.85,139.01,2026-09-03,Aisle 02,ambient
Extra-Virgin Roasted Makhana Foxnuts 5L,Royal Indian Farms,SNAC-003474,890100531571,Snacks & Confectionery,26,tub,35.54,60.01,2026-11-20,Aisle 09,ambient
Rustic Toasted Sesame Soy Milk Protein 500ml,Kaveri Kitchens,DAIR-003475,890100531572,Dairy & Eggs,107,bottle,345.43,502.61,2026-09-13,Aisle 03,chilled
Homestyle Edamame Pods 50g,Desi Organics Organics,FROZ-003476,890100531573,Frozen Foods,18,box,338.07,588.62,2026-12-24,Aisle 08,frozen
Stone-Ground Rose Infused Frozen Veg Momos 250g,Bhoomi Botanicals,FROZ-003477,890100531574,Frozen Foods,44,tub,365.75,557.35,2027-03-13,Aisle 08,frozen
Unpolished Multigrain Tortillas 300g,Bhoomi Dairy,BAKE-003478,890100531575,Bakery & Deli,154,pack,46.16,83.08,2026-08-28,Aisle 03,chilled
Grass-Fed Pav 6-Pack 4-Pack,Ganga Mills,BAKE-003479,890100531576,Bakery & Deli,195,pcs,183.72,273.31,2026-09-08,Aisle 03,chilled
Royal Hash Browns 6pk 250ml,Fortune Milling,FROZ-003480,890100531577,Frozen Foods,37,bag,365.26,504.31,2026-12-04,Aisle 09,frozen
Country Style Tandoori Smoked Masala CTC Tea 400g,Saffola Botanicals,BEVE-003481,890100531578,Beverages,242,carton,98.74,135.90,2027-05-11,Aisle 05,chilled
Aged Kachi Ghani Mustard Hash Browns 6pk 4-Pack,Dabur Organics,FROZ-003482,890100531579,Frozen Foods,190,pack,242.94,448.16,2026-08-27,Aisle 08,frozen
Whole-Grain Jalapeno Lime Espresso Roast Ground Coffee 2-Pack,Bhoomi Harvest,BEVE-003483,890100531580,Beverages,94,can,274.26,453.58,2026-11-08,Aisle 05,chilled
Select Kachi Ghani Mustard Roasted Salted Cashews 330ml,Fortune Naturals,SNAC-003484,890100531581,Snacks & Confectionery,121,bar,198.80,355.26,2027-04-07,Aisle 09,ambient
Aged Masala Chai Fresh Mosambi Juice 2-Pack,Desi Organics Farms,BEVE-003485,890100531582,Beverages,170,bottle,174.71,292.26,2026-11-10,Aisle 06,ambient
Roasted Royal Basmati Rice 1kg,Patanjali Milling,PANT-003486,890100531583,Pantry & Dry Goods,196,can,637.43,1162.61,2027-04-12,Aisle 06,ambient
Smoked Bhujia Sev 2-Pack,Bhoomi Plantations,SNAC-003487,890100531584,Snacks & Confectionery,113,tub,545.58,938.49,2027-05-06,Aisle 09,ambient
Desi Caramelized Onion Fresh Rohu Fish Snack Pack,Nature Harvest Dairy,MEAT-003488,890100531585,Meat & Seafood,135,pcs,929.51,1616.58,2026-08-29,Aisle 05,chilled
Gourmet Cardamom Spiced Crab Meat Fresh 350g,Ganga Harvest,MEAT-003489,890100531586,Meat & Seafood,12,pcs,544.37,817.30,2026-08-31,Aisle 04,chilled
Select Moong Dal Namkeen 250g,Pashmina Co.,SNAC-003490,890100531587,Snacks & Confectionery,236,pack,336.50,600.53,2027-01-05,Aisle 09,ambient
Smoked Tulsi Honey Greek Yogurt 10kg,SunBrite Springs,DAIR-003491,890100531588,Dairy & Eggs,90,box,429.74,693.12,2026-09-01,Aisle 02,chilled
Unpolished Tulsi Honey Oat Milk 5L,Deccan Harvest,DAIR-003492,890100531589,Dairy & Eggs,110,box,228.78,416.70,2026-09-13,Aisle 02,chilled
Traditional Smoked Chicken Slices 1.5L,Pure Vedic Co.,BAKE-003493,890100531590,Bakery & Deli,58,box,126.41,203.44,2026-08-28,Aisle 03,ambient
Heritage Rose Infused Herbal Hand Wash Neem 6-Pack,Everest Milling,HOUS-003494,890100531591,Household & Personal Care,8,box,453.33,823.45,2028-01-24,Aisle 11,ambient
Gourmet Nagpur Orange Raw Wildflower Honey 250g,Catch Harvest,PANT-003495,890100531592,Pantry & Dry Goods,86,bag,721.29,1104.84,2028-01-22,Aisle 06,ambient
Wildcrafted Mint Lime Goat Mince Premium 500ml,Dabur Provisions,MEAT-003496,890100531593,Meat & Seafood,234,pcs,906.13,1571.18,2026-09-01,Aisle 05,chilled
Country Style Floor Disinfectant Pine 10-Pack,Royal Indian Goods,HOUS-003497,890100531594,Household & Personal Care,84,tube,375.86,550.30,2028-01-13,Aisle 12,ambient
Cured Mint Lime Himalayan Spring Water 5kg,Amul Agro,BEVE-003498,890100531595,Beverages,208,bottle,391.73,719.93,2027-03-03,Aisle 05,ambient
Handcrafted Sea Salt Portobello Mushrooms 2L,Pure Vedic Mills,FRES-003499,890100531596,Fresh Produce,61,pcs,109.35,196.09,2026-08-29,Aisle 01,ambient
Gluten-Free Chatpata Masala Chana Dal Polished 300g,Royal Indian Farms,PANT-003500,890100531597,Pantry & Dry Goods,22,can,452.97,649.70,2028-01-29,Aisle 06,ambient
Whole-Grain Smoked Paprika Organic Brown Sugar Snack Pack,Ganga Agro,PANT-003501,890100531598,Pantry & Dry Goods,224,jar,595.09,829.92,2027-01-27,Aisle 06,ambient
Cold-Pressed Makhana Crunch Alphonso Kulfi Tub 200g,Amul Milling,FROZ-003502,890100531599,Frozen Foods,216,bag,48.65,81.62,2026-11-13,Aisle 08,frozen
Artisan Ginger Root 100g,FarmGold Farms,FRES-003503,890100531600,Fresh Produce,48,pcs,146.92,249.37,2026-08-31,Aisle 01,ambient
Smoked Jalapeno Lime Heavy Cream 2-Pack,FarmGold Dairy,DAIR-003504,890100531601,Dairy & Eggs,31,tub,145.54,264.56,2026-08-30,Aisle 03,chilled
Rustic Ginger Kombucha 10-Pack,Organic Tattva Botanicals,BEVE-003505,890100531602,Beverages,168,box,342.99,624.15,2027-03-21,Aisle 06,ambient
Desi Vanilla Bean Kaju Katli Sweet Box 2-Pack,Catch Springs,SNAC-003506,890100531603,Snacks & Confectionery,203,pack,216.79,321.57,2027-06-13,Aisle 09,ambient
Roasted Organic Sharbati Atta 10-Pack,Catch Organics,PANT-003507,890100531604,Pantry & Dry Goods,178,box,31.24,45.40,2026-08-15,Aisle 06,ambient
Premium Parmigiano-Reggiano 150g,Vedic Fresh Dairy,DAIR-003508,890100531605,Dairy & Eggs,49,pack,236.43,386.59,2026-09-18,Aisle 02,chilled
Pure Soy Milk Protein 1.5L,Patanjali Farms,DAIR-003509,890100531606,Dairy & Eggs,67,carton,42.94,64.34,2026-09-19,Aisle 02,chilled
Free-Range Mishri Mawa 10-Pack,Nature Harvest Agro,DAIR-003510,890100531607,Dairy & Eggs,206,box,263.91,460.09,2026-09-13,Aisle 02,chilled
Aged Golden Ginger Bamboo Toothbrush 2pk 4-Pack,Vedic Fresh Kitchens,HOUS-003511,890100531608,Household & Personal Care,117,bottle,441.52,738.91,2029-04-02,Aisle 12,ambient
Gourmet Mint Lime Desi Cow Ghee 400g,Vedic Fresh Goods,DAIR-003512,890100531609,Dairy & Eggs,229,packet,202.55,336.52,2026-09-06,Aisle 03,chilled
Gourmet Makhana Crunch Roma Tomatoes 150g,Dabur Kitchens,FRES-003513,890100531610,Fresh Produce,20,bunch,121.42,193.10,2026-09-06,Aisle 02,ambient
Natural Cucumbers 250ml,Himalayan Goods,FRES-003514,890100531611,Fresh Produce,180,bag,44.14,65.65,2026-08-29,Aisle 01,chilled
Signature Masala Chai Hash Browns 6pk 250ml,Dabur Mills,FROZ-003515,890100531612,Frozen Foods,174,packet,288.52,417.45,2027-02-03,Aisle 08,frozen
Whole-Grain Cardamom Spiced Mixed Berries Frozen 2-Pack,Vedic Fresh Milling,FROZ-003516,890100531613,Frozen Foods,132,pack,249.59,330.15,2027-07-07,Aisle 08,frozen
Aged Bitter Gourd (Karela) 750g,Dabur Foods,FRES-003517,890100531614,Fresh Produce,115,kg,53.30,77.57,2026-09-03,Aisle 01,ambient
Pure Granola Health Bars 400g,Himalayan Kitchens,SNAC-003518,890100531615,Snacks & Confectionery,137,pack,159.04,287.31,2027-03-10,Aisle 10,ambient
Whole-Grain Mutton Chops 250g,Vedic Fresh Agro,MEAT-003519,890100531616,Meat & Seafood,113,pack,337.74,562.50,2026-08-29,Aisle 04,chilled
Gourmet Masala Chai Organic Rolled Oats 750g,Everest Kitchens,PANT-003520,890100531617,Pantry & Dry Goods,168,packet,522.73,868.06,2028-04-21,Aisle 08,ambient
Cured Vanilla Bean Apple Cider Vinegar Drink 250g,Deccan Agro,BEVE-003521,890100531618,Beverages,233,bottle,317.46,499.14,2027-06-30,Aisle 06,ambient
Sun-Dried Toor Dal Premium Family Pack,SunBrite Botanicals,PANT-003522,890100531619,Pantry & Dry Goods,91,can,611.40,962.90,2028-07-21,Aisle 06,ambient
Golden Mixed Berries Frozen 400g,Bhoomi Provisions,FROZ-003523,890100531620,Frozen Foods,80,box,235.49,368.23,2026-12-20,Aisle 09,frozen
Zero-Sugar Jalapeno Lime Rawa Sooji 1kg,Himalayan Botanicals,PANT-003524,890100531621,Pantry & Dry Goods,226,bag,100.11,160.25,2027-05-16,Aisle 07,ambient
Gluten-Free Avocados 8-Pack,Vedic Fresh Goods,FRES-003525,890100531622,Fresh Produce,198,bunch,52.55,79.78,2026-09-08,Aisle 02,ambient
Country Style Crab Meat Fresh 750g,SunBrite Milling,MEAT-003526,890100531623,Meat & Seafood,116,pack,404.99,742.91,2026-09-03,Aisle 04,chilled
Smoked Tandoori Smoked Nimbu Paani Soda 200ml,Organic Tattva Naturals,BEVE-003527,890100531624,Beverages,105,pack,78.36,109.03,2027-01-20,Aisle 06,ambient
Unpolished Caramelized Onion Dishwash Gel Lemon 10-Pack,Satvik Agro,HOUS-003528,890100531625,Household & Personal Care,63,pack,539.26,919.13,2028-03-31,Aisle 11,ambient
Roasted Multigrain Tortillas 2L,Desi Organics Springs,BAKE-003529,890100531626,Bakery & Deli,167,box,158.36,199.97,2026-09-03,Aisle 03,ambient
Spiced Rose Infused Fresh Rohu Fish 250g,Himalayan Co.,MEAT-003530,890100531627,Meat & Seafood,44,kg,756.54,1181.28,2026-08-29,Aisle 05,chilled
Signature Malai Kulfi Bar 200g,Fortune Goods,FROZ-003531,890100531628,Frozen Foods,163,tub,300.96,458.23,2027-01-04,Aisle 08,frozen
Sun-Dried Matcha Green Tea Ciabatta Roll 10-Pack,Patanjali Kitchens,BAKE-003532,890100531629,Bakery & Deli,250,pack,41.74,58.30,2026-09-07,Aisle 04,ambient
Farm-Fresh Roasted Salted Cashews 300g,Organic Tattva Dairy,SNAC-003533,890100531630,Snacks & Confectionery,154,tub,98.98,146.67,2027-01-21,Aisle 10,ambient
Golden 70% Dark Chocolate Bar 250ml,Heritage Organics,SNAC-003534,890100531631,Snacks & Confectionery,5,box,249.51,331.98,2026-12-09,Aisle 09,ambient
Stone-Ground Garlic Focaccia 750g,Dabur Goods,BAKE-003535,890100531632,Bakery & Deli,164,box,222.43,310.06,2026-09-09,Aisle 03,chilled
Zero-Sugar Pista Almond Broccoli Crowns 200g,Fortune Foods,FRES-003536,890100531633,Fresh Produce,228,bunch,145.68,245.09,2026-08-29,Aisle 01,ambient
Aged Tandoori Smoked Fresh Rohu Fish 150ml,Everest Dairy,MEAT-003537,890100531634,Meat & Seafood,13,pack,885.46,1419.51,2026-08-30,Aisle 04,chilled
Crisp Tender Coconut Water 750g,Royal Indian Harvest,BEVE-003538,890100531635,Beverages,236,bag,291.97,451.72,2027-08-22,Aisle 06,ambient
Handcrafted Red Chilli & Garlic Avocados 2kg,Pure Vedic Mills,FRES-003539,890100531636,Fresh Produce,201,pcs,157.14,212.49,2026-08-31,Aisle 02,chilled
Country Style Stainless Steel Scrubber 3pk 2L,Tata Plantations,HOUS-003540,890100531637,Household & Personal Care,234,box,37.51,63.53,2027-04-24,Aisle 11,ambient
Wildcrafted Toned Milk 100g,Desi Organics Foods,DAIR-003541,890100531638,Dairy & Eggs,175,tub,74.65,128.84,2026-09-04,Aisle 02,chilled
Spiced Golden Ginger Sparkling Mineral Water 750g,Ganga Organics,BEVE-003542,890100531639,Beverages,156,pack,312.54,503.19,2027-05-02,Aisle 05,chilled
Heritage Kesar Pista Paneer Tikka Deli 200g,FarmGold Provisions,BAKE-003543,890100531640,Bakery & Deli,104,pack,98.71,137.42,2026-08-29,Aisle 04,ambient
Unpolished Nimbu Paani Soda 6-Pack,Catch Mills,BEVE-003544,890100531641,Beverages,135,carton,187.28,246.16,2026-08-19,Aisle 06,chilled
Sun-Dried Chatpata Masala Gourmet Cookies Choco-Chip 1kg,Green Earth Co.,SNAC-003545,890100531642,Snacks & Confectionery,64,tub,403.01,512.94,2027-05-18,Aisle 10,ambient
Cured Chana Dal Polished 12-Pack,Fortune Plantations,PANT-003546,890100531643,Pantry & Dry Goods,116,jar,725.87,1241.02,2027-05-30,Aisle 07,ambient
Pure Strawberries Snack Pack,Fortune Co.,FRES-003547,890100531644,Fresh Produce,119,kg,117.99,160.57,2026-09-09,Aisle 02,chilled
Plant-Based Matcha Green Tea Wood-Fired Veggie Pizza 500ml,Desi Organics Organics,FROZ-003548,890100531645,Frozen Foods,118,box,344.48,593.11,2027-03-09,Aisle 09,frozen
Sun-Dried Clove & Mint Toothpaste Snack Pack,Everest Co.,HOUS-003549,890100531646,Household & Personal Care,69,bottle,557.45,767.43,2028-03-23,Aisle 12,ambient
Artisan Pita Bread 1L,Desi Organics Goods,BAKE-003550,890100531647,Bakery & Deli,79,box,172.69,289.46,2026-09-03,Aisle 04,ambient
Smoked Kabuli Chana Large 150g,Everest Harvest,PANT-003551,890100531648,Pantry & Dry Goods,9,jar,158.18,259.37,2027-10-03,Aisle 08,ambient
Plant-Based Apple Cider Vinegar Drink 2-Pack,Deccan Springs,BEVE-003552,890100531649,Beverages,118,can,313.49,421.50,2026-08-20,Aisle 06,ambient
Cured Tiger Prawns Jumbo 150g,Heritage Provisions,MEAT-003553,890100531650,Meat & Seafood,197,pack,715.67,953.65,2026-08-27,Aisle 04,chilled
Crisp Jalapeno Lime Blueberries 24-Pack,Royal Indian Dairy,FRES-003554,890100531651,Fresh Produce,21,pack,95.20,150.18,2026-09-12,Aisle 02,chilled
Heritage California Almonds 500ml,Nature Harvest Farms,SNAC-003555,890100531652,Snacks & Confectionery,216,tub,239.92,306.87,2027-02-04,Aisle 10,ambient
Crisp Bath Tissue 6-Pack 500ml,Catch Milling,HOUS-003556,890100531653,Household & Personal Care,122,bottle,558.18,1029.00,2027-05-28,Aisle 12,ambient
Spiced Sea Salt Salted Butter Value Pack,Fortune Dairy,DAIR-003557,890100531654,Dairy & Eggs,37,box,407.41,562.35,2026-09-19,Aisle 02,chilled
Natural Garlic & Herb Bhujia Sev 100g,Kaveri Botanicals,SNAC-003558,890100531655,Snacks & Confectionery,188,packet,92.14,131.28,2027-01-14,Aisle 09,ambient
Signature Coconut Cream Parmigiano-Reggiano 5kg,Pashmina Botanicals,DAIR-003559,890100531656,Dairy & Eggs,248,pack,107.25,166.32,2026-09-25,Aisle 02,chilled
Raw Alphonso Mango Kulcha 4-Pack 500ml,Organic Tattva Farms,BAKE-003560,890100531657,Bakery & Deli,242,box,129.61,235.64,2026-09-10,Aisle 03,chilled
Stone-Ground Rose Infused Poha Thick Flakes Snack Pack,Desi Organics Harvest,PANT-003561,890100531658,Pantry & Dry Goods,118,bag,179.17,269.48,2026-12-21,Aisle 06,ambient
Unpolished Matcha Green Tea Herbal Hand Wash Neem 150ml,Everest Farms,HOUS-003562,890100531659,Household & Personal Care,165,tube,531.03,683.35,2028-02-25,Aisle 11,ambient
Golden Golden Ginger Cream Cheese 100g,Ganga Goods,DAIR-003563,890100531660,Dairy & Eggs,176,carton,310.08,481.05,2026-09-09,Aisle 03,chilled
Authentic Gulab Jamun Tin 2L,Catch Organics,SNAC-003564,890100531661,Snacks & Confectionery,103,bar,496.91,676.20,2027-04-12,Aisle 10,ambient
Free-Range Caramelized Onion Shampoo Anti-Dandruff 5L,SunBrite Goods,HOUS-003565,890100531662,Household & Personal Care,94,packet,248.29,409.09,2028-07-31,Aisle 11,ambient
Premium Ajwain & Jeera Paneer Block 750g,Satvik Botanicals,DAIR-003566,890100531663,Dairy & Eggs,47,bottle,339.18,570.17,2026-09-08,Aisle 03,chilled
Valley Fresh Chicken Frankfurters 250g,Royal Indian Plantations,BAKE-003567,890100531664,Bakery & Deli,132,box,132.27,218.04,2026-09-01,Aisle 04,chilled
Stone-Ground Masala Chai Chaash / Buttermilk 500ml,Nilgiri Mills,DAIR-003568,890100531665,Dairy & Eggs,129,box,354.14,519.93,2026-09-02,Aisle 03,chilled
Natural Garlic & Herb Mixed Berries Frozen 350g,Mother Dairy Farms,FROZ-003569,890100531666,Frozen Foods,213,pack,82.29,136.51,2026-08-30,Aisle 09,frozen
Select Masala Chai Boneless Chicken Breast 750g,Pure Vedic Agro,MEAT-003570,890100531667,Meat & Seafood,106,pack,198.51,303.83,2026-08-29,Aisle 05,chilled
Grass-Fed Rose Infused Poha Thick Flakes 4-Pack,Fortune Mills,PANT-003571,890100531668,Pantry & Dry Goods,78,bag,685.13,999.75,2027-04-02,Aisle 08,ambient
Authentic Ginger Kombucha 500ml,SunBrite Botanicals,BEVE-003572,890100531669,Beverages,189,bottle,94.59,148.13,2026-08-21,Aisle 05,chilled
Crisp Amla Juice Pure 200ml,Pure Vedic Botanicals,BEVE-003573,890100531670,Beverages,224,box,259.20,346.70,2027-04-10,Aisle 05,chilled
Sun-Dried Bamboo Toothbrush 2pk 250g,Heritage Farms,HOUS-003574,890100531671,Household & Personal Care,34,bottle,274.48,444.12,2028-02-24,Aisle 11,ambient
Sweet Vanilla Bean Fabric Softener Floral 400g,Everest Organics,HOUS-003575,890100531672,Household & Personal Care,35,box,244.90,398.14,2027-04-27,Aisle 12,ambient
Smoked Kachi Ghani Mustard Parmigiano-Reggiano Value Pack,Kaveri Milling,DAIR-003576,890100531673,Dairy & Eggs,56,box,34.80,62.78,2026-09-22,Aisle 03,chilled
Golden Garlic Naan Frozen 4pk 2L,Fortune Organics,FROZ-003577,890100531674,Frozen Foods,151,box,191.74,244.60,2027-08-18,Aisle 08,frozen
Grass-Fed Golden Ginger Alphonso Kulfi Tub 400g,Organic Tattva Farms,FROZ-003578,890100531675,Frozen Foods,14,bag,197.48,266.63,2026-12-08,Aisle 08,frozen
Low-Sodium Masala Chai Pink Himalayan Salt 2L,Saffola Botanicals,PANT-003579,890100531676,Pantry & Dry Goods,240,bag,397.05,627.03,2026-11-29,Aisle 06,ambient
Stone-Ground Ajwain & Jeera Pomfret Whole 330ml,Dabur Provisions,MEAT-003580,890100531677,Meat & Seafood,178,pcs,167.66,244.56,2026-09-02,Aisle 05,chilled
Cured 70% Dark Chocolate Bar 200ml,Catch Organics,SNAC-003581,890100531678,Snacks & Confectionery,129,bar,380.92,561.23,2026-12-02,Aisle 10,ambient
Wildcrafted Cardamom Spiced Guava Chilli Juice 4-Pack,Catch Botanicals,BEVE-003582,890100531679,Beverages,167,carton,115.61,151.47,2027-01-03,Aisle 06,chilled
Artisan Lemon Pepper Mishri Mawa 5L,Fortune Kitchens,DAIR-003583,890100531680,Dairy & Eggs,6,pack,333.84,544.48,2026-09-21,Aisle 02,chilled
Raw Cow Milk 500g,SunBrite Dairy,DAIR-003584,890100531681,Dairy & Eggs,228,box,244.32,420.62,2026-09-20,Aisle 03,chilled
Pure Matcha Green Tea Catla Fish Steaks 500g,Fortune Mills,MEAT-003585,890100531682,Meat & Seafood,181,pcs,441.89,672.19,2026-09-01,Aisle 04,chilled
Low-Sodium Electrolyte Energy Drink 1kg,Ganga Goods,BEVE-003586,890100531683,Beverages,173,carton,431.51,598.05,2026-10-14,Aisle 05,ambient
Wildcrafted Sona Masoori Rice 250ml,Catch Goods,PANT-003587,890100531684,Pantry & Dry Goods,182,packet,152.76,268.96,2027-01-20,Aisle 06,ambient
Traditional Frozen Samosas 500g,Fortune Plantations,FROZ-003588,890100531685,Frozen Foods,91,bag,47.01,69.25,2026-08-30,Aisle 09,frozen
Sun-Dried Ajwain & Jeera Gulab Jamun Tin 12-Pack,Vedic Fresh Farms,SNAC-003589,890100531686,Snacks & Confectionery,189,pack,501.18,666.84,2027-05-12,Aisle 09,ambient
Crisp Red Chilli & Garlic Frozen Veg Momos 300g,Himalayan Farms,FROZ-003590,890100531687,Frozen Foods,52,bag,286.61,426.57,2027-05-21,Aisle 09,frozen
Select Truffle Infused Mutton Curry Cut 250g,Deccan Dairy,MEAT-003591,890100531688,Meat & Seafood,62,pack,333.57,444.75,2026-08-31,Aisle 05,chilled
Natural Smoked Paprika Chamomile Herbal Tea 2kg,Urban Roots Provisions,BEVE-003592,890100531689,Beverages,127,box,161.54,244.69,2027-08-09,Aisle 05,ambient
Golden French Fries Crispy 500ml,Catch Botanicals,FROZ-003593,890100531690,Frozen Foods,145,bag,369.36,540.83,2027-08-16,Aisle 09,frozen
Pure Truffle Infused Electrolyte Energy Drink 4-Pack,SunBrite Farms,BEVE-003594,890100531691,Beverages,32,carton,293.66,416.40,2027-08-20,Aisle 06,ambient
Extra-Virgin Pomfret Whole 150ml,Desi Organics Goods,MEAT-003595,890100531692,Meat & Seafood,164,pack,660.17,1125.39,2026-09-03,Aisle 05,chilled
Farm-Fresh Boneless Chicken Breast 750ml,Ganga Springs,MEAT-003596,890100531693,Meat & Seafood,168,kg,344.95,515.11,2026-09-01,Aisle 05,chilled
Select Jalapeno Lime Cucumbers 10kg,Deccan Milling,FRES-003597,890100531694,Fresh Produce,91,kg,103.83,156.93,2026-09-09,Aisle 02,ambient
Desi Lemon Pepper Fresh Mint (Pudina) Value Pack,Nilgiri Milling,FRES-003598,890100531695,Fresh Produce,105,kg,97.68,136.59,2026-09-07,Aisle 02,chilled
Signature Moong Dal Namkeen 200ml,Catch Milling,SNAC-003599,890100531696,Snacks & Confectionery,153,box,130.00,174.69,2027-03-08,Aisle 10,ambient
Wildcrafted Herbal Hand Wash Neem 1L,Pure Vedic Milling,HOUS-003600,890100531697,Household & Personal Care,163,tube,528.67,747.99,2027-04-01,Aisle 12,ambient
Desi Sweet Tamarind Herbal Hand Wash Neem 2L,Vedic Fresh Dairy,HOUS-003601,890100531698,Household & Personal Care,76,bottle,91.07,143.41,2028-12-30,Aisle 12,ambient
Homestyle Fresh Chicken Curry Cut 250ml,SunBrite Farms,MEAT-003602,890100531699,Meat & Seafood,38,kg,748.37,1130.85,2026-09-01,Aisle 04,chilled
Authentic Surface Floor Cleaner Rose 24-Pack,Bhoomi Provisions,HOUS-003603,890100531700,Household & Personal Care,52,tube,241.53,375.15,2027-12-19,Aisle 11,ambient
Country Style Matcha Green Tea Floor Disinfectant Pine 8-Pack,Satvik Naturals,HOUS-003604,890100531701,Household & Personal Care,121,packet,303.65,411.66,2027-04-03,Aisle 12,ambient
Traditional Goat Mince Premium 750ml,Green Earth Harvest,MEAT-003605,890100531702,Meat & Seafood,47,pack,673.67,961.71,2026-09-01,Aisle 04,chilled
Spiced Soan Papdi Box 100g,Nilgiri Kitchens,SNAC-003606,890100531703,Snacks & Confectionery,20,bag,319.41,431.47,2027-01-21,Aisle 09,ambient
Royal Smoked Paprika Mutton Curry Cut Snack Pack,Organic Tattva Co.,MEAT-003607,890100531704,Meat & Seafood,232,pack,306.31,548.07,2026-09-02,Aisle 05,chilled
Artisan Lemon Pepper Custard Apple (Sitaphal) 500ml,Catch Goods,FRES-003608,890100531705,Fresh Produce,14,bag,114.10,165.29,2026-09-07,Aisle 02,ambient
Zero-Sugar Pomfret Whole 250ml,Nature Harvest Provisions,MEAT-003609,890100531706,Meat & Seafood,19,pack,406.63,522.03,2026-08-30,Aisle 04,chilled
Zero-Sugar Dishwash Gel Lemon 250ml,Ganga Milling,HOUS-003610,890100531707,Household & Personal Care,230,bottle,253.89,359.69,2029-04-16,Aisle 12,ambient
Valley Fresh Red Chilli & Garlic Fresh Methi 2-Pack,Desi Organics Dairy,FRES-003611,890100531708,Fresh Produce,151,pcs,23.76,30.77,2026-08-29,Aisle 02,chilled
Heritage Cinnamon Spice Alphonso Kulfi Tub 150g,Pure Vedic Plantations,FROZ-003612,890100531709,Frozen Foods,220,pack,214.85,346.66,2027-05-01,Aisle 09,frozen
Pure Moong Dal Washed 150ml,Nature Harvest Foods,PANT-003613,890100531710,Pantry & Dry Goods,90,packet,55.23,81.50,2028-02-13,Aisle 07,ambient
Handcrafted Surface Floor Cleaner Rose Snack Pack,Green Earth Farms,HOUS-003614,890100531711,Household & Personal Care,241,packet,342.04,506.01,2029-04-30,Aisle 12,ambient
Zero-Sugar Cardamom Spiced Pineapples 1.5L,Pure Vedic Harvest,FRES-003615,890100531712,Fresh Produce,203,kg,94.32,166.53,2026-08-29,Aisle 02,chilled
Artisan Dark Chocolate Basa Fish Fillets 5kg,Nilgiri Milling,MEAT-003616,890100531713,Meat & Seafood,105,pcs,683.99,1229.33,2026-08-31,Aisle 04,chilled
Zero-Sugar Matcha Green Tea Papayas 2kg,Nature Harvest Kitchens,FRES-003617,890100531714,Fresh Produce,119,kg,75.39,104.40,2026-08-29,Aisle 01,ambient
Sweet Liquid Laundry Detergent 4-Pack,Deccan Naturals,HOUS-003618,890100531715,Household & Personal Care,180,pack,152.10,201.49,2027-04-15,Aisle 11,ambient
Sun-Dried Apple Cider Vinegar Drink Snack Pack,Nilgiri Milling,BEVE-003619,890100531716,Beverages,220,carton,140.14,247.43,2026-09-26,Aisle 05,ambient
Heritage Coconut Cream Pomfret Whole 2-Pack,Green Earth Foods,MEAT-003620,890100531717,Meat & Seafood,179,pack,256.11,359.24,2026-08-29,Aisle 05,chilled
Pure Broccoli Crowns 2-Pack,Everest Naturals,FRES-003621,890100531718,Fresh Produce,113,pack,53.96,73.55,2026-08-29,Aisle 02,chilled
Sweet Dry Fruits Trail Mix 750g,Amul Naturals,SNAC-003622,890100531719,Snacks & Confectionery,65,tub,127.97,173.78,2027-04-21,Aisle 09,ambient
Wildcrafted Smoked Chicken Slices 50g,Himalayan Mills,BAKE-003623,890100531720,Bakery & Deli,64,box,271.17,431.38,2026-08-31,Aisle 04,ambient
Cured Matcha Green Tea Organic Brown Sugar 350g,Catch Agro,PANT-003624,890100531721,Pantry & Dry Goods,249,packet,410.75,592.24,2027-09-23,Aisle 07,ambient
Heritage Mishri Mawa 8-Pack,Heritage Foods,DAIR-003625,890100531722,Dairy & Eggs,23,packet,148.66,215.51,2026-09-10,Aisle 03,chilled
Signature Kesar Pista Moong Dal Namkeen 250ml,Nilgiri Provisions,SNAC-003626,890100531723,Snacks & Confectionery,101,packet,411.15,701.02,2026-11-01,Aisle 10,ambient
Gluten-Free Golden Ginger Rusk Toast 200ml,Pure Vedic Farms,BAKE-003627,890100531724,Bakery & Deli,117,pcs,216.78,354.34,2026-09-09,Aisle 03,ambient
Plant-Based Toasted Sesame Mishri Mawa 10kg,Deccan Naturals,DAIR-003628,890100531725,Dairy & Eggs,188,carton,104.04,154.44,2026-09-09,Aisle 02,chilled
Country Style Sweet Tamarind Electrolyte Energy Drink 1.5L,Mother Dairy Goods,BEVE-003629,890100531726,Beverages,164,bag,120.03,199.32,2027-07-08,Aisle 05,ambient
Premium Toasted Sesame Granola Health Bars 400g,Saffola Goods,SNAC-003630,890100531727,Snacks & Confectionery,142,packet,532.22,884.79,2027-03-13,Aisle 10,ambient
Wildcrafted Chamomile Herbal Tea 5kg,Everest Springs,BEVE-003631,890100531728,Beverages,103,carton,333.52,561.71,2027-05-10,Aisle 06,ambient
Unpolished Cardamom Spiced Bitter Gourd (Karela) 2L,Tata Co.,FRES-003632,890100531729,Fresh Produce,67,bag,147.40,272.47,2026-09-12,Aisle 01,ambient
Authentic Ajwain & Jeera Fresh Mosambi Juice Value Pack,Patanjali Foods,BEVE-003633,890100531730,Beverages,75,bottle,293.02,426.88,2027-07-05,Aisle 06,ambient
Cold-Pressed Truffle Infused Dishwash Gel Lemon 8-Pack,Kaveri Provisions,HOUS-003634,890100531731,Household & Personal Care,101,bottle,279.32,352.38,2027-05-14,Aisle 11,ambient
Desi Pista Almond Raw Wildflower Honey Family Pack,Patanjali Organics,PANT-003635,890100531732,Pantry & Dry Goods,7,can,151.83,195.92,2027-04-16,Aisle 06,ambient
Valley Fresh Nimbu Paani Soda 150g,Deccan Farms,BEVE-003636,890100531733,Beverages,49,can,445.93,725.22,2027-02-14,Aisle 06,chilled
Low-Sodium Toasted Sesame Kulcha 4-Pack Value Pack,Everest Agro,BAKE-003637,890100531734,Bakery & Deli,16,pack,299.32,384.52,2026-08-29,Aisle 03,ambient
Sweet Vanilla Bean Ayurvedic Bath Soap 8-Pack,Everest Plantations,HOUS-003638,890100531735,Household & Personal Care,181,pack,566.83,863.96,2026-08-30,Aisle 11,ambient
Valley Fresh Dark Chocolate Cold Pressed Orange Juice 6-Pack,Fortune Springs,BEVE-003639,890100531736,Beverages,190,carton,181.16,330.85,2026-10-12,Aisle 06,chilled
Aged Poha Thick Flakes 8-Pack,Kaveri Springs,PANT-003640,890100531737,Pantry & Dry Goods,50,can,624.34,1011.40,2027-04-20,Aisle 06,ambient
Authentic Vanilla Bean Chana Dal Polished 200g,Patanjali Harvest,PANT-003641,890100531738,Pantry & Dry Goods,238,packet,123.06,224.67,2027-01-14,Aisle 06,ambient
Free-Range Masala Chai Fresh Chicken Curry Cut 1.5L,Catch Provisions,MEAT-003642,890100531739,Meat & Seafood,229,kg,557.83,992.43,2026-09-02,Aisle 04,chilled
Raw Chatpata Masala Aloo Tikki 8-Pack 10kg,Pure Vedic Farms,FROZ-003643,890100531740,Frozen Foods,138,box,242.81,435.87,2027-03-15,Aisle 09,frozen
Roasted Kashmiri Saffron Heavy Cream 2L,Patanjali Harvest,DAIR-003644,890100531741,Dairy & Eggs,110,carton,240.68,417.97,2026-09-04,Aisle 03,chilled
Handcrafted Spicy Peanut Chikki 2-Pack,Bhoomi Dairy,SNAC-003645,890100531742,Snacks & Confectionery,241,pack,282.65,470.68,2026-11-08,Aisle 09,ambient
Valley Fresh Custard Apple (Sitaphal) 200ml,Ganga Milling,FRES-003646,890100531743,Fresh Produce,142,pcs,62.74,89.31,2026-09-15,Aisle 02,chilled
Extra-Virgin Whole Wheat Atta Bread 1.5L,Royal Indian Dairy,BAKE-003647,890100531744,Bakery & Deli,172,pack,280.61,393.06,2026-09-03,Aisle 03,ambient
Sweet Ajwain & Jeera Boneless Chicken Breast 750g,Pure Vedic Milling,MEAT-003648,890100531745,Meat & Seafood,38,pack,841.19,1093.27,2026-08-29,Aisle 05,chilled
Free-Range Nagpur Orange Roasted Makhana Foxnuts 100g,Vedic Fresh Botanicals,SNAC-003649,890100531746,Snacks & Confectionery,122,tub,371.11,599.04,2027-01-20,Aisle 10,ambient
Desi Stainless Steel Scrubber 3pk Family Pack,Everest Botanicals,HOUS-003650,890100531747,Household & Personal Care,54,box,215.86,309.77,2027-10-31,Aisle 12,ambient
Pure Mint Lime Wood-Fired Veggie Pizza 300g,Nature Harvest Springs,FROZ-003651,890100531748,Frozen Foods,75,tub,301.42,388.74,2027-04-10,Aisle 09,frozen
Zero-Sugar Toasted Sesame Bitter Gourd (Karela) 2-Pack,Amul Botanicals,FRES-003652,890100531749,Fresh Produce,191,pack,83.89,117.71,2026-09-07,Aisle 02,ambient
Extra-Virgin Caramelized Onion Dishwash Gel Lemon 330ml,Fortune Botanicals,HOUS-003653,890100531750,Household & Personal Care,230,box,434.39,564.11,2027-08-10,Aisle 11,ambient
Sun-Dried Lemon Pepper Surface Floor Cleaner Rose 750g,Pure Vedic Foods,HOUS-003654,890100531751,Household & Personal Care,84,packet,339.55,608.98,2028-04-05,Aisle 11,ambient
Authentic Bagel Plain 4pk 750g,Urban Roots Kitchens,BAKE-003655,890100531752,Bakery & Deli,233,pack,285.84,476.37,2026-08-28,Aisle 04,chilled
Farm-Fresh Filter Coffee Beans 6-Pack,Satvik Farms,BEVE-003656,890100531753,Beverages,15,carton,316.72,448.61,2027-08-19,Aisle 06,chilled
Select Chicken Keema Family Pack,Saffola Kitchens,MEAT-003657,890100531754,Meat & Seafood,91,kg,781.51,1233.25,2026-09-03,Aisle 04,chilled
Wildcrafted Tandoori Smoked Guava Chilli Juice 2kg,Everest Naturals,BEVE-003658,890100531755,Beverages,114,can,59.14,88.66,2026-11-09,Aisle 05,ambient
Crisp Smoked Paprika Lavash Crackers 10-Pack,Vedic Fresh Farms,BAKE-003659,890100531756,Bakery & Deli,158,pcs,163.96,296.42,2026-09-01,Aisle 04,chilled
Cured Masala Chai Surface Floor Cleaner Rose 8-Pack,Dabur Provisions,HOUS-003660,890100531757,Household & Personal Care,190,packet,545.59,731.42,2028-06-29,Aisle 11,ambient
Aged Pasture Eggs 5L,Patanjali Milling,DAIR-003661,890100531758,Dairy & Eggs,196,tub,445.38,813.05,2026-09-23,Aisle 03,chilled
Traditional Crab Meat Fresh 10kg,Dabur Naturals,MEAT-003662,890100531759,Meat & Seafood,153,kg,734.36,1053.07,2026-08-31,Aisle 05,chilled
Sweet Jalapeno Lime Aloo Tikki 8-Pack 5kg,Vedic Fresh Mills,FROZ-003663,890100531760,Frozen Foods,172,packet,250.94,458.64,2026-08-27,Aisle 09,frozen
Gluten-Free Jalapeno Lime Electrolyte Energy Drink 100g,Pashmina Naturals,BEVE-003664,890100531761,Beverages,111,can,198.54,250.87,2027-01-15,Aisle 05,ambient
Homestyle Nagpur Orange Cold Pressed Orange Juice 24-Pack,Dabur Kitchens,BEVE-003665,890100531762,Beverages,216,bottle,426.26,737.26,2026-11-10,Aisle 05,chilled
Natural Golden Ginger Gourmet Cookies Choco-Chip 300g,Nilgiri Organics,SNAC-003666,890100531763,Snacks & Confectionery,74,pack,479.79,885.58,2027-05-25,Aisle 10,ambient
Free-Range Mint Lime Cinnamon Swirl Buns 1.5L,Fortune Harvest,BAKE-003667,890100531764,Bakery & Deli,179,pack,87.91,144.13,2026-09-06,Aisle 03,chilled
Sweet Crab Meat Fresh 6-Pack,Heritage Goods,MEAT-003668,890100531765,Meat & Seafood,18,pack,513.66,815.27,2026-09-01,Aisle 05,chilled
Plant-Based Shampoo Anti-Dandruff 750g,Satvik Harvest,HOUS-003669,890100531766,Household & Personal Care,123,tube,107.95,196.56,2027-08-01,Aisle 11,ambient
Aged Cardamom Spiced Chicken Frankfurters Value Pack,Kaveri Co.,BAKE-003670,890100531767,Bakery & Deli,84,pack,123.68,207.33,2026-08-28,Aisle 04,ambient
Aged Filter Coffee Beans 750g,Saffola Provisions,BEVE-003671,890100531768,Beverages,213,box,370.18,624.31,2027-05-12,Aisle 06,chilled
Heritage Toasted Sesame Roasted Salted Cashews 200g,Desi Organics Farms,SNAC-003672,890100531769,Snacks & Confectionery,111,bag,24.83,36.07,2027-03-25,Aisle 09,ambient
Whole-Grain Truffle Infused Amla Juice Pure 10kg,Ganga Organics,BEVE-003673,890100531770,Beverages,163,bag,76.74,108.57,2026-10-15,Aisle 06,chilled
Homestyle Soan Papdi Box 24-Pack,Fortune Co.,SNAC-003674,890100531771,Snacks & Confectionery,204,pack,259.32,411.07,2026-08-16,Aisle 10,ambient
Rustic Masala Chai Filter Coffee Beans Snack Pack,Organic Tattva Naturals,BEVE-003675,890100531772,Beverages,49,pack,186.59,327.44,2027-02-21,Aisle 06,ambient
Whole-Grain Espresso Roast Ground Coffee 5L,Organic Tattva Organics,BEVE-003676,890100531773,Beverages,44,pack,391.65,574.47,2027-01-13,Aisle 05,chilled
Signature Espresso Roast Ground Coffee 200g,Patanjali Goods,BEVE-003677,890100531774,Beverages,69,bottle,32.30,58.72,2026-12-04,Aisle 05,ambient
Extra-Virgin Pav 6-Pack 400g,Ganga Organics,BAKE-003678,890100531775,Bakery & Deli,170,box,121.04,153.61,2026-09-04,Aisle 04,ambient
Authentic Coconut Milk Canned 10kg,Heritage Agro,PANT-003679,890100531776,Pantry & Dry Goods,231,bag,519.64,821.68,2026-08-28,Aisle 08,ambient
Sweet Golden Ginger Cold Pressed Orange Juice 8-Pack,Heritage Springs,BEVE-003680,890100531777,Beverages,215,can,163.38,274.74,2027-06-09,Aisle 06,ambient
Crisp Jalapeno Lime Herbal Hand Wash Neem Family Pack,Bhoomi Co.,HOUS-003681,890100531778,Household & Personal Care,243,bottle,431.87,700.66,2027-07-11,Aisle 12,ambient
Valley Fresh Truffle Infused Surmai Steaks 400g,Tata Dairy,MEAT-003682,890100531779,Meat & Seafood,241,pcs,444.54,577.03,2026-09-03,Aisle 04,chilled
Extra-Virgin Lemon Pepper Feta Cheese 24-Pack,Desi Organics Milling,DAIR-003683,890100531780,Dairy & Eggs,104,pack,101.64,158.91,2026-09-02,Aisle 03,chilled
Grass-Fed Pita Bread 250g,Kaveri Dairy,BAKE-003684,890100531781,Bakery & Deli,195,pcs,224.76,390.55,2026-08-27,Aisle 04,chilled
Organic Caramelized Onion Stainless Steel Scrubber 3pk 100g,Kaveri Organics,HOUS-003685,890100531782,Household & Personal Care,40,packet,363.51,471.00,2027-11-07,Aisle 12,ambient
Select Cardamom Spiced Feta Cheese 100g,Vedic Fresh Naturals,DAIR-003686,890100531783,Dairy & Eggs,185,pack,86.18,155.21,2026-09-16,Aisle 02,chilled
Valley Fresh Tonic Water Premium Family Pack,Vedic Fresh Goods,BEVE-003687,890100531784,Beverages,5,pack,424.19,586.05,2026-12-11,Aisle 05,ambient
Plant-Based Matcha Green Tea Fish Fingers Frozen 750g,Desi Organics Dairy,FROZ-003688,890100531785,Frozen Foods,199,box,295.19,447.68,2027-04-14,Aisle 08,frozen
Natural 70% Dark Chocolate Bar Value Pack,Desi Organics Naturals,SNAC-003689,890100531786,Snacks & Confectionery,41,bag,21.91,34.49,2027-02-25,Aisle 09,ambient
Premium Sea Salt Moong Dal Washed 1.5L,Royal Indian Naturals,PANT-003690,890100531787,Pantry & Dry Goods,26,packet,125.44,165.53,2028-06-20,Aisle 08,ambient
Smoked Veg Burger Patties 2kg,Fortune Goods,FROZ-003691,890100531788,Frozen Foods,187,pack,336.26,464.38,2027-05-05,Aisle 09,frozen
Pure Ciabatta Roll 10kg,Desi Organics Co.,BAKE-003692,890100531789,Bakery & Deli,51,pack,168.78,214.24,2026-09-04,Aisle 04,ambient
Cured Tender Coconut Water Snack Pack,Catch Plantations,BEVE-003693,890100531790,Beverages,170,can,406.59,625.46,2027-05-20,Aisle 05,chilled
Stone-Ground Kachi Ghani Mustard Fresh Mosambi Juice 2kg,Bhoomi Farms,BEVE-003694,890100531791,Beverages,140,pack,27.53,44.09,2026-10-19,Aisle 06,ambient
Whole-Grain Bhujia Sev 2-Pack,SunBrite Naturals,SNAC-003695,890100531792,Snacks & Confectionery,114,packet,273.75,432.28,2027-01-28,Aisle 10,ambient
Whole-Grain Clove & Mint Toothpaste 2-Pack,Royal Indian Mills,HOUS-003696,890100531793,Household & Personal Care,241,tube,515.85,753.43,2026-08-20,Aisle 12,ambient
Wildcrafted Floor Disinfectant Pine 300g,Urban Roots Farms,HOUS-003697,890100531794,Household & Personal Care,152,pack,294.61,455.93,2028-03-23,Aisle 11,ambient
Extra-Virgin Kashmiri Saffron Mutton Chops 5L,Patanjali Naturals,MEAT-003698,890100531795,Meat & Seafood,201,pack,818.35,1249.43,2026-08-31,Aisle 05,chilled
Raw Mint Lime Goat Mince Premium 12-Pack,Everest Springs,MEAT-003699,890100531796,Meat & Seafood,205,pack,716.24,1274.70,2026-09-03,Aisle 04,chilled
Traditional Roasted Salted Cashews 6-Pack,Saffola Foods,SNAC-003700,890100531797,Snacks & Confectionery,82,pack,323.77,593.92,2026-11-04,Aisle 09,ambient
Gourmet Tulsi Honey Rusk Toast 2-Pack,Nilgiri Naturals,BAKE-003701,890100531798,Bakery & Deli,194,pcs,263.01,370.27,2026-08-31,Aisle 04,chilled
Handcrafted Makhana Crunch Mosquito Vaporizer Refill 4-Pack,FarmGold Foods,HOUS-003702,890100531799,Household & Personal Care,134,bottle,152.19,259.26,2026-08-27,Aisle 11,ambient
Desi Chana Dal Polished Snack Pack,Himalayan Kitchens,PANT-003703,890100531800,Pantry & Dry Goods,183,jar,212.11,364.66,2027-01-05,Aisle 07,ambient
Wildcrafted Rose Infused Cold Brew Coffee 400g,Nature Harvest Naturals,BEVE-003704,890100531801,Beverages,137,carton,445.14,649.91,2026-12-18,Aisle 05,ambient
Sun-Dried Rose Infused Chicken Frankfurters 50g,Royal Indian Agro,BAKE-003705,890100531802,Bakery & Deli,193,pcs,195.42,280.07,2026-09-01,Aisle 04,ambient
Homestyle Kachi Ghani Mustard Green Chillies 200ml,Saffola Organics,FRES-003706,890100531803,Fresh Produce,101,kg,95.02,137.46,2026-09-13,Aisle 01,chilled
Raw Bath Tissue 6-Pack Value Pack,Royal Indian Dairy,HOUS-003707,890100531804,Household & Personal Care,75,packet,449.45,734.83,2027-12-12,Aisle 11,ambient
Rustic Tulsi Honey Boneless Chicken Breast 50g,FarmGold Provisions,MEAT-003708,890100531805,Meat & Seafood,12,pack,481.45,708.33,2026-09-01,Aisle 05,chilled
Low-Sodium Bell Peppers 350g,Urban Roots Provisions,FRES-003709,890100531806,Fresh Produce,43,pcs,92.58,116.04,2026-08-27,Aisle 01,chilled
Grass-Fed Apple Cider Vinegar Drink 150ml,FarmGold Kitchens,BEVE-003710,890100531807,Beverages,82,box,43.68,79.18,2026-08-27,Aisle 06,ambient
Stone-Ground Kachi Ghani Mustard Surface Floor Cleaner Rose 250g,Pashmina Springs,HOUS-003711,890100531808,Household & Personal Care,99,pack,127.52,208.68,2027-04-26,Aisle 11,ambient
Low-Sodium Smoked Paprika California Almonds 330ml,Deccan Goods,SNAC-003712,890100531809,Snacks & Confectionery,160,pack,117.19,154.45,2027-05-13,Aisle 10,ambient
Grass-Fed Almond Milk 2L,Dabur Provisions,DAIR-003713,890100531810,Dairy & Eggs,21,packet,430.99,716.69,2026-09-03,Aisle 02,chilled
Natural Makhana Crunch Sweet Corn Kernels 250g,Nature Harvest Organics,FROZ-003714,890100531811,Frozen Foods,46,box,263.17,369.22,2027-08-21,Aisle 08,frozen
Golden Tandoori Smoked Royal Basmati Rice 12-Pack,Satvik Provisions,PANT-003715,890100531812,Pantry & Dry Goods,147,packet,688.73,973.07,2027-06-06,Aisle 08,ambient
Organic Fresh Rohu Fish 10kg,Deccan Kitchens,MEAT-003716,890100531813,Meat & Seafood,230,pack,208.67,350.25,2026-09-02,Aisle 05,chilled
Signature Kesar Pista Garlic Focaccia 50g,Vedic Fresh Naturals,BAKE-003717,890100531814,Bakery & Deli,150,pcs,188.74,280.77,2026-09-07,Aisle 03,ambient
Unpolished Cold-Pressed Groundnut Oil 400g,Fortune Foods,PANT-003718,890100531815,Pantry & Dry Goods,71,bottle,75.00,115.98,2026-12-07,Aisle 08,ambient
Artisan Tandoori Smoked Masala Potato Chips 4-Pack,Tata Provisions,SNAC-003719,890100531816,Snacks & Confectionery,48,box,336.73,555.64,2026-11-29,Aisle 09,ambient
Low-Sodium Pista Almond Lemons 400g,Desi Organics Organics,FRES-003720,890100531817,Fresh Produce,242,pack,47.97,86.48,2026-09-07,Aisle 02,ambient
Desi Cardamom Spiced Pita Bread Snack Pack,Heritage Plantations,BAKE-003721,890100531818,Bakery & Deli,197,pcs,253.90,336.81,2026-08-29,Aisle 04,chilled
Cured Sweet Corn Kernels 100g,Desi Organics Farms,FROZ-003722,890100531819,Frozen Foods,117,tub,141.24,258.53,2027-04-23,Aisle 09,frozen
Sweet Kokum Sharbat 150ml,Desi Organics Dairy,BEVE-003723,890100531820,Beverages,25,bottle,66.47,88.71,2026-12-22,Aisle 05,ambient
Heritage Coriander Leaves 6-Pack,Ganga Agro,FRES-003724,890100531821,Fresh Produce,66,pcs,78.27,144.55,2026-09-14,Aisle 02,ambient
Premium Sweet Tamarind Broccoli Crowns 12-Pack,Satvik Agro,FRES-003725,890100531822,Fresh Produce,26,pcs,35.50,61.62,2026-09-09,Aisle 01,ambient
Pure Tandoori Smoked Cow Milk 5L,Urban Roots Naturals,DAIR-003726,890100531823,Dairy & Eggs,237,pack,75.78,110.18,2026-09-07,Aisle 03,chilled
Royal Coconut Cream Atlantic Salmon Fillet Family Pack,Satvik Botanicals,MEAT-003727,890100531824,Meat & Seafood,125,kg,368.22,537.92,2026-08-30,Aisle 05,chilled
Farm-Fresh Strawberries 750ml,Urban Roots Kitchens,FRES-003728,890100531825,Fresh Produce,210,pcs,21.31,36.63,2026-09-15,Aisle 01,ambient
Roasted Smoked Chicken Slices 500g,Satvik Provisions,BAKE-003729,890100531826,Bakery & Deli,159,pcs,139.22,184.05,2026-08-28,Aisle 04,ambient
Low-Sodium Sea Salt Paneer Tikka Deli 330ml,Pure Vedic Harvest,BAKE-003730,890100531827,Bakery & Deli,100,box,147.51,266.75,2026-09-03,Aisle 03,ambient
Country Style Matcha Green Tea Roasted Salted Cashews 10kg,Pure Vedic Provisions,SNAC-003731,890100531828,Snacks & Confectionery,169,bag,272.71,416.29,2027-06-16,Aisle 10,ambient
Smoked Truffle Infused Dry Fruits Trail Mix 2L,Pure Vedic Foods,SNAC-003732,890100531829,Snacks & Confectionery,6,packet,24.14,40.96,2027-04-25,Aisle 09,ambient
Artisan Masala Potato Chips 10kg,Patanjali Botanicals,SNAC-003733,890100531830,Snacks & Confectionery,46,packet,475.70,645.55,2026-12-10,Aisle 10,ambient
Traditional Cardamom Spiced Butter Murukku 2-Pack,Green Earth Organics,SNAC-003734,890100531831,Snacks & Confectionery,202,pack,342.42,631.19,2026-12-06,Aisle 10,ambient
Gourmet Coconut Cream Bhujia Sev Snack Pack,Green Earth Dairy,SNAC-003735,890100531832,Snacks & Confectionery,93,bag,504.02,778.99,2026-08-21,Aisle 10,ambient
Premium Vanilla Bean Sparkling Mineral Water 250ml,Nilgiri Springs,BEVE-003736,890100531833,Beverages,231,pack,172.03,216.28,2026-08-30,Aisle 06,chilled
Raw Coconut Cream Espresso Roast Ground Coffee 5kg,Everest Farms,BEVE-003737,890100531834,Beverages,116,bag,339.62,435.00,2026-08-29,Aisle 06,chilled
Zero-Sugar Cinnamon Spice Organic Brown Sugar 150ml,Patanjali Agro,PANT-003738,890100531835,Pantry & Dry Goods,147,bag,695.75,1020.26,2027-09-30,Aisle 06,ambient
Whole-Grain Kesar Pista Fabric Softener Floral 250g,Nature Harvest Springs,HOUS-003739,890100531836,Household & Personal Care,239,bottle,551.93,942.35,2027-11-29,Aisle 11,ambient
Homestyle Coconut Cream Tender Coconut Water 100g,Desi Organics Springs,BEVE-003740,890100531837,Beverages,136,box,67.50,91.68,2027-03-22,Aisle 06,ambient
Unpolished Pista Almond Custard Apple (Sitaphal) 750g,Desi Organics Provisions,FRES-003741,890100531838,Fresh Produce,141,kg,92.01,129.46,2026-09-16,Aisle 01,chilled
Rustic Paneer Tikka Deli 350g,Heritage Mills,BAKE-003742,890100531839,Bakery & Deli,220,pack,61.40,102.15,2026-09-08,Aisle 04,chilled
Desi Caramelized Onion Salted Butter 4-Pack,Catch Farms,DAIR-003743,890100531840,Dairy & Eggs,240,carton,318.81,471.80,2026-09-04,Aisle 03,chilled
Sweet Masala Chai Veg Spring Rolls Value Pack,Organic Tattva Botanicals,FROZ-003744,890100531841,Frozen Foods,237,box,78.50,117.20,2027-05-17,Aisle 08,frozen
Select Cardamom Spiced Bell Peppers 500ml,Royal Indian Springs,FRES-003745,890100531842,Fresh Produce,65,bag,70.40,109.47,2026-09-01,Aisle 02,chilled
Sweet Tandoori Smoked Veg Burger Patties 150ml,Everest Provisions,FROZ-003746,890100531843,Frozen Foods,79,pack,190.05,288.53,2027-08-24,Aisle 08,frozen
Pure Red Chilli & Garlic Mosquito Vaporizer Refill 200g,Pure Vedic Botanicals,HOUS-003747,890100531844,Household & Personal Care,66,bottle,236.23,348.34,2026-08-28,Aisle 11,ambient
Rustic Mozzarella Shredded 250ml,Bhoomi Plantations,DAIR-003748,890100531845,Dairy & Eggs,115,tub,199.60,364.42,2026-09-02,Aisle 02,chilled
Grass-Fed Dark Chocolate Gourmet Cookies Choco-Chip 150g,Satvik Naturals,SNAC-003749,890100531846,Snacks & Confectionery,205,bag,337.37,434.68,2026-10-20,Aisle 09,ambient
Valley Fresh Rose Infused Oat Milk 6-Pack,Desi Organics Farms,DAIR-003750,890100531847,Dairy & Eggs,154,packet,419.92,749.58,2026-09-04,Aisle 03,chilled
Select Bell Peppers Value Pack,Saffola Farms,FRES-003751,890100531848,Fresh Produce,13,pack,132.19,175.73,2026-09-09,Aisle 01,ambient
Select Dry Fruits Trail Mix 250ml,Catch Farms,SNAC-003752,890100531849,Snacks & Confectionery,168,bag,269.00,452.07,2027-02-23,Aisle 10,ambient
Rustic Matcha Green Tea Chicken Keema 1L,Catch Naturals,MEAT-003753,890100531850,Meat & Seafood,23,kg,700.19,1033.22,2026-08-29,Aisle 05,chilled
Zero-Sugar Malai Kulfi Bar 200g,Green Earth Harvest,FROZ-003754,890100531851,Frozen Foods,188,pack,136.13,196.03,2027-02-20,Aisle 09,frozen
Aged Ciabatta Roll 5kg,Dabur Organics,BAKE-003755,890100531852,Bakery & Deli,216,pack,117.74,203.67,2026-09-03,Aisle 03,chilled
Farm-Fresh Garlic Focaccia 150ml,Kaveri Provisions,BAKE-003756,890100531853,Bakery & Deli,127,box,116.19,159.33,2026-09-01,Aisle 04,ambient
Spiced Sweet Tamarind Fruit Cake Slice 2L,Nature Harvest Dairy,BAKE-003757,890100531854,Bakery & Deli,202,pcs,102.42,129.66,2026-08-28,Aisle 03,ambient
Farm-Fresh Masala Chai Chamomile Herbal Tea 500ml,Catch Foods,BEVE-003758,890100531855,Beverages,177,box,256.03,338.47,2027-08-14,Aisle 05,ambient
Cured Lemons 5L,Ganga Agro,FRES-003759,890100531856,Fresh Produce,62,pack,90.68,142.48,2026-09-01,Aisle 01,ambient
Organic Kesar Pista Bagel Plain 4pk 12-Pack,Organic Tattva Mills,BAKE-003760,890100531857,Bakery & Deli,16,pcs,301.41,483.67,2026-09-06,Aisle 04,ambient
Whole-Grain Garlic Bulbs 150g,FarmGold Farms,FRES-003761,890100531858,Fresh Produce,193,pack,134.45,181.43,2026-09-07,Aisle 01,ambient
Rustic Tandoori Smoked 70% Dark Chocolate Bar 350g,Satvik Farms,SNAC-003762,890100531859,Snacks & Confectionery,7,bag,107.45,187.91,2026-11-14,Aisle 09,ambient
Sun-Dried Coconut Cream Frozen Veg Momos 12-Pack,Vedic Fresh Foods,FROZ-003763,890100531860,Frozen Foods,62,bag,124.76,200.93,2026-11-17,Aisle 08,frozen
Stone-Ground Tandoori Smoked Ayurvedic Bath Soap 330ml,Pure Vedic Farms,HOUS-003764,890100531861,Household & Personal Care,62,box,459.37,653.66,2027-05-30,Aisle 11,ambient
Unpolished Mosquito Vaporizer Refill Value Pack,Fortune Farms,HOUS-003765,890100531862,Household & Personal Care,225,box,509.73,900.72,2026-08-28,Aisle 12,ambient
Farm-Fresh Sweet Tamarind Ginger Kombucha 750g,SunBrite Milling,BEVE-003766,890100531863,Beverages,57,pack,186.89,302.63,2027-02-03,Aisle 05,ambient
Traditional Apple Cider Vinegar Drink 750g,Pure Vedic Milling,BEVE-003767,890100531864,Beverages,106,box,201.44,281.79,2027-07-01,Aisle 05,ambient
Zero-Sugar Kesar Pista Extra Virgin Olive Oil 300g,Deccan Dairy,PANT-003768,890100531865,Pantry & Dry Goods,181,packet,547.57,830.20,2028-03-21,Aisle 07,ambient
Natural Golden Ginger Guava Chilli Juice 12-Pack,Heritage Co.,BEVE-003769,890100531866,Beverages,164,carton,269.88,385.32,2027-04-04,Aisle 06,chilled
Artisan Yukon Gold Potatoes 24-Pack,Royal Indian Plantations,FRES-003770,890100531867,Fresh Produce,201,pack,35.79,56.06,2026-08-29,Aisle 01,ambient
Farm-Fresh Frozen Green Peas 6-Pack,Nilgiri Agro,FROZ-003771,890100531868,Frozen Foods,147,box,129.05,173.24,2027-02-02,Aisle 09,frozen
Wildcrafted Pav 6-Pack 2L,Saffola Co.,BAKE-003772,890100531869,Bakery & Deli,161,box,300.97,426.72,2026-08-29,Aisle 03,ambient
Heritage Alphonso Mango Blueberries 330ml,Royal Indian Co.,FRES-003773,890100531870,Fresh Produce,139,kg,47.06,72.81,2026-08-30,Aisle 01,chilled
Signature Roma Tomatoes 750g,Deccan Kitchens,FRES-003774,890100531871,Fresh Produce,59,bunch,149.32,234.27,2026-09-13,Aisle 01,ambient
Traditional Alphonso Mango Pure Jaggery Powder (Gud) Value Pack,Nature Harvest Provisions,PANT-003775,890100531872,Pantry & Dry Goods,161,bottle,673.95,988.78,2028-01-30,Aisle 07,ambient
Country Style Kashmiri Saffron Dishwash Gel Lemon 250g,Saffola Co.,HOUS-003776,890100531873,Household & Personal Care,248,tube,485.11,782.24,2026-08-28,Aisle 12,ambient
Organic Caramelized Onion Mutton Curry Cut 6-Pack,Desi Organics Co.,MEAT-003777,890100531874,Meat & Seafood,101,kg,644.42,1140.47,2026-08-30,Aisle 05,chilled
Country Style Coconut Cream Espresso Roast Ground Coffee 10kg,FarmGold Organics,BEVE-003778,890100531875,Beverages,84,can,382.95,578.17,2027-07-02,Aisle 06,chilled
Smoked Alphonso Mango Kaju Katli Sweet Box 10-Pack,Pashmina Kitchens,SNAC-003779,890100531876,Snacks & Confectionery,102,box,318.27,422.30,2027-05-23,Aisle 09,ambient
Spiced Ricotta Fresh 500ml,Amul Goods,DAIR-003780,890100531877,Dairy & Eggs,200,box,320.89,543.95,2026-09-24,Aisle 02,chilled
Raw Pista Almond Liquid Laundry Detergent 200g,Nature Harvest Co.,HOUS-003781,890100531878,Household & Personal Care,146,tube,35.70,46.33,2028-05-18,Aisle 12,ambient
Homestyle Toasted Sesame Flavored Yogurt 150g,Everest Co.,DAIR-003782,890100531879,Dairy & Eggs,222,carton,226.59,364.85,2026-08-31,Aisle 03,chilled
Heritage Chaash / Buttermilk 2kg,Everest Mills,DAIR-003783,890100531880,Dairy & Eggs,233,box,115.28,155.80,2026-09-20,Aisle 03,chilled
Gluten-Free Mixed Berries Frozen 750ml,Dabur Naturals,FROZ-003784,890100531881,Frozen Foods,119,packet,299.74,449.51,2026-11-17,Aisle 09,frozen
Traditional Pista Almond Hash Browns 6pk 250g,Pure Vedic Springs,FROZ-003785,890100531882,Frozen Foods,180,packet,74.30,101.09,2026-11-18,Aisle 09,frozen
Grass-Fed Toor Dal Premium 10kg,Saffola Co.,PANT-003786,890100531883,Pantry & Dry Goods,9,jar,86.18,117.94,2027-01-22,Aisle 06,ambient
Raw Stainless Steel Scrubber 3pk Snack Pack,Kaveri Goods,HOUS-003787,890100531884,Household & Personal Care,29,bottle,330.94,561.88,2027-10-26,Aisle 12,ambient
Stone-Ground Rose Infused Frozen Veg Momos 250ml,Vedic Fresh Harvest,FROZ-003788,890100531885,Frozen Foods,64,tub,369.59,615.99,2026-12-05,Aisle 09,frozen
Grass-Fed Pista Almond Wood-Fired Veggie Pizza 100g,Green Earth Dairy,FROZ-003789,890100531886,Frozen Foods,18,packet,295.23,394.30,2027-01-24,Aisle 08,frozen
Artisan Biodegradable Garbage Bags 400g,Heritage Kitchens,HOUS-003790,890100531887,Household & Personal Care,74,pack,583.54,736.87,2028-06-14,Aisle 11,ambient
Crisp Vanilla Bean Custard Apple (Sitaphal) 1.5L,Himalayan Plantations,FRES-003791,890100531888,Fresh Produce,169,pack,46.67,69.15,2026-09-07,Aisle 01,chilled
Royal Kachi Ghani Mustard Butter Croissants Snack Pack,Tata Naturals,BAKE-003792,890100531889,Bakery & Deli,58,pcs,289.41,375.54,2026-08-28,Aisle 03,ambient
Free-Range Dry Fruits Trail Mix 500g,Amul Mills,SNAC-003793,890100531890,Snacks & Confectionery,146,pack,117.31,194.17,2026-08-29,Aisle 09,ambient
Sweet Tandoori Smoked Chicken Sausages 250ml,Amul Plantations,MEAT-003794,890100531891,Meat & Seafood,142,pcs,768.79,1138.70,2026-08-29,Aisle 04,chilled
Wildcrafted Frozen Samosas 400g,Saffola Milling,FROZ-003795,890100531892,Frozen Foods,21,pack,59.86,92.55,2027-06-06,Aisle 08,frozen
Authentic Nagpur Orange Ayurvedic Bath Soap 2kg,Fortune Dairy,HOUS-003796,890100531893,Household & Personal Care,161,box,531.73,683.31,2026-08-27,Aisle 11,ambient
Grass-Fed Truffle Infused Wood-Fired Veggie Pizza 4-Pack,Nature Harvest Co.,FROZ-003797,890100531894,Frozen Foods,220,packet,99.56,126.43,2026-08-29,Aisle 09,frozen
Wildcrafted Garlic & Herb Nimbu Paani Soda 5kg,Patanjali Springs,BEVE-003798,890100531895,Beverages,94,bag,193.15,276.91,2027-01-23,Aisle 05,chilled
Aged Bottle Gourd (Lauki) 100g,Mother Dairy Organics,FRES-003799,890100531896,Fresh Produce,213,pcs,126.55,172.68,2026-09-11,Aisle 02,ambient
Cold-Pressed Hash Browns 6pk 50g,Royal Indian Mills,FROZ-003800,890100531897,Frozen Foods,58,box,327.03,492.44,2026-08-28,Aisle 08,frozen
Valley Fresh Masala Chai Custard Apple (Sitaphal) Value Pack,Ganga Mills,FRES-003801,890100531898,Fresh Produce,231,pcs,33.62,52.78,2026-09-10,Aisle 02,chilled
Traditional Toasted Sesame Urad Dal Whole 1.5L,SunBrite Kitchens,PANT-003802,890100531899,Pantry & Dry Goods,4,box,127.66,198.05,2026-08-30,Aisle 07,ambient
Signature Toasted Sesame Sweet Corn Kernels 10-Pack,Vedic Fresh Co.,FROZ-003803,890100531900,Frozen Foods,160,bag,154.55,210.32,2027-04-11,Aisle 08,frozen
Whole-Grain Kashmiri Saffron Chicken Keema 2L,Saffola Agro,MEAT-003804,890100531901,Meat & Seafood,242,pcs,888.43,1408.35,2026-08-29,Aisle 05,chilled
Handcrafted Kokum Sharbat 250ml,Bhoomi Dairy,BEVE-003805,890100531902,Beverages,110,box,199.46,355.58,2026-08-25,Aisle 05,chilled
Traditional Kokum Sharbat 400g,Tata Foods,BEVE-003806,890100531903,Beverages,60,bottle,448.69,820.27,2027-06-28,Aisle 05,ambient
Homestyle Cardamom Spiced Cashew Paste Curry Base 250ml,Bhoomi Plantations,PANT-003807,890100531904,Pantry & Dry Goods,149,bag,425.75,590.96,2027-08-12,Aisle 06,ambient
Pure Coconut Cream Apple Cider Vinegar Drink 6-Pack,Green Earth Kitchens,BEVE-003808,890100531905,Beverages,143,carton,178.85,296.03,2027-06-25,Aisle 05,chilled
Unpolished Cheese Croissant Family Pack,Mother Dairy Farms,BAKE-003809,890100531906,Bakery & Deli,183,pcs,33.13,44.44,2026-08-31,Aisle 04,ambient
Sweet Mint Lime Pure Jaggery Powder (Gud) 150ml,Pure Vedic Foods,PANT-003810,890100531907,Pantry & Dry Goods,106,box,646.76,1085.07,2028-08-05,Aisle 08,ambient
Desi Masala Chai Roma Tomatoes 50g,Vedic Fresh Co.,FRES-003811,890100531908,Fresh Produce,82,kg,142.48,217.14,2026-09-05,Aisle 01,chilled
Unpolished Garlic Bulbs 750ml,Mother Dairy Organics,FRES-003812,890100531909,Fresh Produce,53,kg,94.25,123.43,2026-08-30,Aisle 01,ambient
Farm-Fresh Stainless Steel Scrubber 3pk 150g,Bhoomi Naturals,HOUS-003813,890100531910,Household & Personal Care,148,packet,587.96,765.13,2027-06-26,Aisle 12,ambient
Crisp Ajwain & Jeera Paneer Tikka Deli Snack Pack,Pashmina Naturals,BAKE-003814,890100531911,Bakery & Deli,115,pack,78.79,136.77,2026-09-05,Aisle 03,chilled
Spiced Kokum Sharbat 2-Pack,Urban Roots Goods,BEVE-003815,890100531912,Beverages,131,pack,308.76,397.64,2026-08-28,Aisle 05,chilled
Rustic Ajwain & Jeera Veg Burger Patties 24-Pack,Kaveri Harvest,FROZ-003816,890100531913,Frozen Foods,28,packet,356.55,465.67,2026-11-27,Aisle 08,frozen
Free-Range Jalapeno Lime Dishwash Gel Lemon 6-Pack,Deccan Springs,HOUS-003817,890100531914,Household & Personal Care,124,packet,101.77,178.87,2027-10-31,Aisle 12,ambient
Signature Carrots 300g,Satvik Harvest,FRES-003818,890100531915,Fresh Produce,90,pcs,29.49,47.24,2026-09-08,Aisle 01,chilled
Low-Sodium Masala Chai Brownie Bites 1kg,Kaveri Mills,BAKE-003819,890100531916,Bakery & Deli,32,box,249.50,385.14,2026-09-09,Aisle 04,chilled
Authentic Nagpur Orange Masala Potato Chips 500g,Heritage Kitchens,SNAC-003820,890100531917,Snacks & Confectionery,249,box,443.28,723.73,2027-02-12,Aisle 09,ambient
Natural Smoked Paprika Clove & Mint Toothpaste 8-Pack,Urban Roots Goods,HOUS-003821,890100531918,Household & Personal Care,81,tube,296.78,522.54,2028-01-30,Aisle 12,ambient
Traditional Cold Pressed Orange Juice 150g,Dabur Provisions,BEVE-003822,890100531919,Beverages,50,box,166.83,213.01,2026-11-07,Aisle 05,ambient
Cold-Pressed Garlic & Herb Masala CTC Tea 5kg,Patanjali Organics,BEVE-003823,890100531920,Beverages,187,box,265.03,477.74,2026-11-12,Aisle 05,ambient
Gluten-Free Sweet Tamarind Cold-Pressed Groundnut Oil Value Pack,Tata Co.,PANT-003824,890100531921,Pantry & Dry Goods,124,box,746.73,1297.69,2027-09-01,Aisle 07,ambient
Natural Alphonso Mango Jeera Masala Soda 2-Pack,Deccan Provisions,BEVE-003825,890100531922,Beverages,202,pack,291.91,389.00,2026-12-04,Aisle 05,chilled
Whole-Grain Coconut Cream 70% Dark Chocolate Bar 8-Pack,Heritage Botanicals,SNAC-003826,890100531923,Snacks & Confectionery,179,packet,249.55,338.95,2026-12-31,Aisle 09,ambient
Artisan Tiger Prawns Jumbo Snack Pack,Pure Vedic Goods,MEAT-003827,890100531924,Meat & Seafood,17,kg,791.90,1046.67,2026-08-30,Aisle 04,chilled
Grass-Fed Cardamom Spiced Moong Dal Namkeen 200g,Saffola Provisions,SNAC-003828,890100531925,Snacks & Confectionery,219,box,111.43,162.88,2026-12-10,Aisle 10,ambient
Plant-Based Nagpur Orange Pasture Eggs 12-Pack,Pashmina Plantations,DAIR-003829,890100531926,Dairy & Eggs,31,tub,65.17,111.89,2026-09-09,Aisle 03,chilled
Signature Apple Cider Vinegar Drink 2L,Tata Organics,BEVE-003830,890100531927,Beverages,139,box,239.21,361.34,2026-10-16,Aisle 05,chilled
Pure Espresso Roast Ground Coffee 1kg,Amul Botanicals,BEVE-003831,890100531928,Beverages,5,bottle,35.25,53.97,2026-10-21,Aisle 05,ambient
Raw Garlic & Herb Atlantic Salmon Fillet 200g,FarmGold Plantations,MEAT-003832,890100531929,Meat & Seafood,119,kg,411.44,520.76,2026-08-30,Aisle 05,chilled
Desi Sona Masoori Rice Family Pack,Nilgiri Harvest,PANT-003833,890100531930,Pantry & Dry Goods,21,can,132.91,217.93,2027-07-25,Aisle 06,ambient
Free-Range Mint Lime Clove & Mint Toothpaste 500ml,Amul Naturals,HOUS-003834,890100531931,Household & Personal Care,214,bottle,561.99,959.74,2027-11-19,Aisle 11,ambient
Premium Vanilla Bean Frozen Paneer Cubes 1L,Fortune Kitchens,FROZ-003835,890100531932,Frozen Foods,109,box,92.47,167.86,2027-08-26,Aisle 08,frozen
Cured Kachi Ghani Mustard Desi Cow Ghee 2L,Vedic Fresh Co.,DAIR-003836,890100531933,Dairy & Eggs,139,box,422.56,600.50,2026-09-26,Aisle 02,chilled
Sweet Nimbu Paani Soda 300g,Royal Indian Goods,BEVE-003837,890100531934,Beverages,118,box,40.15,59.33,2027-03-26,Aisle 06,chilled
Spiced Guavas 200ml,Nilgiri Naturals,FRES-003838,890100531935,Fresh Produce,123,bunch,130.12,192.37,2026-09-12,Aisle 01,chilled
Valley Fresh Toasted Sesame Mutton Chops 200g,Kaveri Botanicals,MEAT-003839,890100531936,Meat & Seafood,241,pcs,239.37,366.22,2026-08-30,Aisle 05,chilled
Zero-Sugar Masala Chai Stainless Steel Scrubber 3pk 500ml,Heritage Organics,HOUS-003840,890100531937,Household & Personal Care,173,bottle,118.56,183.55,2028-03-16,Aisle 12,ambient
Select Kesar Pista Moong Dal Namkeen 150ml,Amul Harvest,SNAC-003841,890100531938,Snacks & Confectionery,6,tub,346.00,436.05,2027-03-08,Aisle 09,ambient
Select Chatpata Masala Cold Brew Coffee 2-Pack,Mother Dairy Foods,BEVE-003842,890100531939,Beverages,96,bottle,445.06,599.59,2027-08-09,Aisle 06,ambient
Natural Chamomile Herbal Tea 2-Pack,Desi Organics Dairy,BEVE-003843,890100531940,Beverages,73,can,216.79,337.87,2027-06-12,Aisle 05,chilled
Spiced Chicken Drumsticks 5kg,Deccan Plantations,MEAT-003844,890100531941,Meat & Seafood,119,pcs,592.65,992.70,2026-08-31,Aisle 04,chilled
Wildcrafted Garlic Focaccia 4-Pack,Catch Goods,BAKE-003845,890100531942,Bakery & Deli,235,pcs,187.63,342.07,2026-08-31,Aisle 03,ambient
Stone-Ground Kesar Pista Pure Jaggery Powder (Gud) 100g,Fortune Springs,PANT-003846,890100531943,Pantry & Dry Goods,190,bottle,374.31,521.53,2026-12-31,Aisle 07,ambient
Select Chicken Drumsticks Value Pack,SunBrite Provisions,MEAT-003847,890100531944,Meat & Seafood,51,pack,538.57,856.97,2026-09-02,Aisle 04,chilled
Sweet Moong Dal Washed 24-Pack,Ganga Provisions,PANT-003848,890100531945,Pantry & Dry Goods,244,can,670.71,1163.59,2027-09-30,Aisle 06,ambient
Wildcrafted Lemon Pepper Banana Chips Kerala Style 12-Pack,Tata Milling,SNAC-003849,890100531946,Snacks & Confectionery,46,packet,290.29,402.81,2026-08-21,Aisle 09,ambient
Premium Kesar Pista Granola Health Bars 10-Pack,Himalayan Mills,SNAC-003850,890100531947,Snacks & Confectionery,130,box,48.05,64.87,2027-05-16,Aisle 09,ambient
Premium Masala Chai Mishri Mawa 6-Pack,Vedic Fresh Harvest,DAIR-003851,890100531948,Dairy & Eggs,71,tub,118.91,166.75,2026-09-03,Aisle 02,chilled
Grass-Fed Vanilla Bean Kitchen Paper Towels 4-Roll 2-Pack,Urban Roots Milling,HOUS-003852,890100531949,Household & Personal Care,203,box,506.37,929.21,2027-05-05,Aisle 12,ambient
Smoked Ajwain & Jeera Stainless Steel Scrubber 3pk 50g,Everest Milling,HOUS-003853,890100531950,Household & Personal Care,53,packet,502.30,838.69,2027-07-14,Aisle 11,ambient
Roasted Cold Pressed Orange Juice 5L,Urban Roots Farms,BEVE-003854,890100531951,Beverages,180,bottle,70.18,107.75,2027-05-10,Aisle 06,chilled
Low-Sodium Floor Disinfectant Pine 250ml,Heritage Agro,HOUS-003855,890100531952,Household & Personal Care,247,box,245.02,370.01,2027-08-31,Aisle 11,ambient
Traditional Malai Kulfi Bar 8-Pack,Ganga Kitchens,FROZ-003856,890100531953,Frozen Foods,202,packet,52.24,87.50,2027-03-08,Aisle 08,frozen
Stone-Ground Caramelized Onion Veg Spring Rolls 2kg,Nature Harvest Springs,FROZ-003857,890100531954,Frozen Foods,85,tub,115.49,199.81,2027-08-26,Aisle 08,frozen
Valley Fresh Mint Lime Bamboo Toothbrush 2pk 24-Pack,FarmGold Harvest,HOUS-003858,890100531955,Household & Personal Care,244,box,371.68,560.84,2028-05-22,Aisle 12,ambient
Roasted Smoked Paprika Oranges Nagpur 100g,Satvik Harvest,FRES-003859,890100531956,Fresh Produce,191,pack,71.53,129.49,2026-08-29,Aisle 02,ambient
Authentic Dark Chocolate Apple Cider Vinegar Drink 350g,Organic Tattva Harvest,BEVE-003860,890100531957,Beverages,4,bottle,86.92,157.40,2027-05-01,Aisle 05,chilled
Premium Baby Spinach Family Pack,Pashmina Dairy,FRES-003861,890100531958,Fresh Produce,244,pcs,24.24,32.36,2026-09-14,Aisle 02,chilled
Gourmet Golden Ginger Chicken Drumsticks 200g,Himalayan Provisions,MEAT-003862,890100531959,Meat & Seafood,59,kg,299.02,445.70,2026-08-30,Aisle 05,chilled
Golden Dark Chocolate Alphonso Kulfi Tub 2L,Pure Vedic Harvest,FROZ-003863,890100531960,Frozen Foods,115,box,50.94,81.59,2027-06-22,Aisle 09,frozen
Country Style Liquid Laundry Detergent 5kg,Desi Organics Agro,HOUS-003864,890100531961,Household & Personal Care,33,tube,282.69,381.91,2027-10-15,Aisle 12,ambient
Organic Kachi Ghani Mustard Chicken Keema 100g,Amul Plantations,MEAT-003865,890100531962,Meat & Seafood,72,kg,389.81,534.88,2026-09-03,Aisle 05,chilled
Signature Coconut Milk Canned 400g,Himalayan Dairy,PANT-003866,890100531963,Pantry & Dry Goods,83,packet,421.45,555.93,2027-06-26,Aisle 06,ambient
Unpolished Floor Disinfectant Pine 750ml,Amul Dairy,HOUS-003867,890100531964,Household & Personal Care,19,box,532.03,932.10,2028-03-08,Aisle 12,ambient
Aged Vanilla Bean Tonic Water Premium 6-Pack,Deccan Co.,BEVE-003868,890100531965,Beverages,230,bag,433.69,673.26,2027-04-04,Aisle 06,chilled
Low-Sodium Paneer Tikka Deli 2L,Kaveri Agro,BAKE-003869,890100531966,Bakery & Deli,131,pcs,261.73,473.63,2026-08-29,Aisle 03,chilled
Traditional Diet Mixture Namkeen 250g,Desi Organics Harvest,SNAC-003870,890100531967,Snacks & Confectionery,198,bag,225.97,355.32,2026-12-20,Aisle 09,ambient
Rustic Red Chilli & Garlic Cow Milk 400g,Amul Foods,DAIR-003871,890100531968,Dairy & Eggs,62,packet,219.50,298.32,2026-08-30,Aisle 03,chilled
Gourmet Cucumbers 2kg,Tata Co.,FRES-003872,890100531969,Fresh Produce,98,bag,154.42,274.72,2026-09-08,Aisle 01,ambient
Gourmet Bhujia Sev 200ml,Pure Vedic Naturals,SNAC-003873,890100531970,Snacks & Confectionery,166,tub,153.75,265.93,2026-10-23,Aisle 09,ambient
Traditional Masala Chai Unsalted White Butter 2-Pack,Desi Organics Kitchens,DAIR-003874,890100531971,Dairy & Eggs,37,bottle,424.51,740.96,2026-09-16,Aisle 02,chilled
Heritage Truffle Infused Chana Dal Polished 200g,Patanjali Dairy,PANT-003875,890100531972,Pantry & Dry Goods,90,packet,220.18,344.56,2027-05-18,Aisle 06,ambient
Gourmet Organic Green Tea 8-Pack,Dabur Organics,BEVE-003876,890100531973,Beverages,229,box,358.41,550.91,2027-08-11,Aisle 05,ambient
Traditional Mixed Berries Frozen 2L,Saffola Botanicals,FROZ-003877,890100531974,Frozen Foods,85,box,340.14,560.86,2027-05-14,Aisle 09,frozen
Zero-Sugar Ajwain & Jeera Royal Basmati Rice 1.5L,Heritage Dairy,PANT-003878,890100531975,Pantry & Dry Goods,156,bag,265.16,436.84,2027-11-12,Aisle 08,ambient
Signature Basa Fish Fillets 24-Pack,Dabur Organics,MEAT-003879,890100531976,Meat & Seafood,214,pack,262.19,398.26,2026-09-01,Aisle 04,chilled
Golden Masala Chai Stainless Steel Scrubber 3pk 1.5L,Vedic Fresh Foods,HOUS-003880,890100531977,Household & Personal Care,223,packet,211.19,370.24,2028-09-14,Aisle 11,ambient
Valley Fresh Smoked Paprika Biodegradable Garbage Bags 24-Pack,Amul Botanicals,HOUS-003881,890100531978,Household & Personal Care,16,bottle,452.07,776.16,2028-04-25,Aisle 11,ambient
Organic Cream Cheese 4-Pack,Green Earth Goods,DAIR-003882,890100531979,Dairy & Eggs,180,bottle,518.66,922.48,2026-09-05,Aisle 03,chilled
Crisp Toasted Sesame Tiger Prawns Jumbo 400g,Organic Tattva Mills,MEAT-003883,890100531980,Meat & Seafood,211,kg,150.24,270.87,2026-08-29,Aisle 05,chilled
Sun-Dried Ajwain & Jeera Roasted Makhana Foxnuts 2L,Nature Harvest Organics,SNAC-003884,890100531981,Snacks & Confectionery,26,box,544.92,761.43,2026-11-23,Aisle 10,ambient
Premium Pav 6-Pack 2L,Pashmina Botanicals,BAKE-003885,890100531982,Bakery & Deli,163,box,201.13,329.40,2026-09-03,Aisle 04,chilled
Stone-Ground Floor Disinfectant Pine 12-Pack,Organic Tattva Goods,HOUS-003886,890100531983,Household & Personal Care,27,packet,504.63,786.81,2027-09-27,Aisle 11,ambient
Extra-Virgin Golden Ginger Banana Chips Kerala Style 12-Pack,Saffola Agro,SNAC-003887,890100531984,Snacks & Confectionery,39,bag,438.26,647.69,2027-06-21,Aisle 09,ambient
Roasted Mutton Curry Cut 150ml,Amul Co.,MEAT-003888,890100531985,Meat & Seafood,228,pcs,755.66,1045.75,2026-09-01,Aisle 04,chilled
Cured Cardamom Spiced Dishwash Gel Lemon 4-Pack,Tata Springs,HOUS-003889,890100531986,Household & Personal Care,189,packet,425.34,621.43,2027-04-11,Aisle 11,ambient
Spiced Ricotta Fresh Snack Pack,Bhoomi Foods,DAIR-003890,890100531987,Dairy & Eggs,228,bottle,440.52,713.55,2026-09-15,Aisle 03,chilled
Golden Rose Infused Himalayan Spring Water 2-Pack,Dabur Foods,BEVE-003891,890100531988,Beverages,224,pack,242.20,388.58,2026-08-28,Aisle 05,chilled
Cured Red Chilli & Garlic Kitchen Paper Towels 4-Roll 500ml,Bhoomi Milling,HOUS-003892,890100531989,Household & Personal Care,241,tube,145.23,251.12,2027-11-01,Aisle 11,ambient
Artisan Fresh Mint (Pudina) 330ml,Himalayan Plantations,FRES-003893,890100531990,Fresh Produce,207,pack,91.37,132.42,2026-08-30,Aisle 01,chilled
Sun-Dried Feta Cheese 150ml,FarmGold Organics,DAIR-003894,890100531991,Dairy & Eggs,241,tub,349.82,464.62,2026-09-05,Aisle 03,chilled
Homestyle Gourmet Cookies Choco-Chip 10-Pack,Heritage Foods,SNAC-003895,890100531992,Snacks & Confectionery,80,tub,424.74,548.52,2027-01-18,Aisle 10,ambient
Handcrafted Rose Infused Kokum Sharbat 750g,Desi Organics Co.,BEVE-003896,890100531993,Beverages,203,can,125.22,156.59,2026-08-28,Aisle 05,ambient
Wildcrafted Coconut Cream Fresh Methi 10-Pack,Catch Springs,FRES-003897,890100531994,Fresh Produce,32,pack,19.73,29.09,2026-08-15,Aisle 01,chilled
Extra-Virgin Brioche Burger Buns 350g,Nature Harvest Botanicals,BAKE-003898,890100531995,Bakery & Deli,36,pack,291.97,449.32,2026-08-31,Aisle 03,chilled
Handcrafted Smoked Chicken Slices 200ml,Desi Organics Harvest,BAKE-003899,890100531996,Bakery & Deli,123,pack,240.25,438.77,2026-09-10,Aisle 03,ambient
Cured Nagpur Orange Royal Basmati Rice 2L,Urban Roots Farms,PANT-003900,890100531997,Pantry & Dry Goods,227,packet,583.29,853.92,2028-04-28,Aisle 08,ambient
Unpolished Bhujia Sev 400g,Saffola Farms,SNAC-003901,890100531998,Snacks & Confectionery,5,packet,532.97,811.33,2027-02-10,Aisle 09,ambient
Organic Oranges Nagpur 2-Pack,Pashmina Milling,FRES-003902,890100531999,Fresh Produce,121,pcs,72.21,111.98,2026-09-06,Aisle 01,chilled
Cured Moong Dal Namkeen 250ml,Organic Tattva Plantations,SNAC-003903,890100532000,Snacks & Confectionery,156,bar,168.44,284.01,2027-06-13,Aisle 10,ambient
Desi Cardamom Spiced Mozzarella Shredded 750ml,Ganga Naturals,DAIR-003904,890100532001,Dairy & Eggs,124,box,478.04,812.28,2026-09-19,Aisle 02,chilled
Low-Sodium Vanilla Bean Toned Milk 150g,Green Earth Farms,DAIR-003905,890100532002,Dairy & Eggs,212,box,51.08,73.21,2026-08-17,Aisle 03,chilled
Desi Oranges Nagpur 750g,Heritage Naturals,FRES-003906,890100532003,Fresh Produce,27,pack,41.57,58.05,2026-08-20,Aisle 02,ambient
Gluten-Free Makhana Crunch Lassi Mango Infused 4-Pack,Bhoomi Goods,DAIR-003907,890100532004,Dairy & Eggs,11,box,410.22,639.19,2026-08-30,Aisle 03,chilled
Whole-Grain Crab Meat Fresh 8-Pack,Patanjali Harvest,MEAT-003908,890100532005,Meat & Seafood,39,pcs,173.10,282.18,2026-09-03,Aisle 04,chilled
Golden Chaash / Buttermilk 1.5L,Bhoomi Co.,DAIR-003909,890100532006,Dairy & Eggs,27,box,121.20,183.80,2026-09-11,Aisle 02,chilled
Select Nagpur Orange Bagel Plain 4pk 1.5L,Amul Co.,BAKE-003910,890100532007,Bakery & Deli,72,pcs,304.83,472.63,2026-08-29,Aisle 03,chilled
Wildcrafted Nagpur Orange Avocados 330ml,Organic Tattva Provisions,FRES-003911,890100532008,Fresh Produce,73,bag,111.22,205.54,2026-09-06,Aisle 01,chilled
Gluten-Free Garlic Focaccia 4-Pack,Desi Organics Botanicals,BAKE-003912,890100532009,Bakery & Deli,155,box,65.24,107.15,2026-09-04,Aisle 04,ambient
Cured Lassi Mango Infused 2-Pack,Satvik Botanicals,DAIR-003913,890100532010,Dairy & Eggs,145,carton,312.44,474.08,2026-09-21,Aisle 02,chilled
Smoked Lemon Pepper Papayas 100g,SunBrite Goods,FRES-003914,890100532011,Fresh Produce,164,kg,53.45,81.94,2026-09-11,Aisle 02,chilled
Low-Sodium Shampoo Anti-Dandruff 400g,Dabur Harvest,HOUS-003915,890100532012,Household & Personal Care,156,tube,107.22,194.38,2027-05-23,Aisle 12,ambient
Premium Cold Brew Coffee 4-Pack,Fortune Kitchens,BEVE-003916,890100532013,Beverages,214,can,126.33,161.24,2026-09-26,Aisle 05,ambient
Cold-Pressed Nagpur Orange Tender Coconut Water 400g,Royal Indian Kitchens,BEVE-003917,890100532014,Beverages,42,carton,172.40,255.35,2027-07-20,Aisle 05,ambient
Gourmet Golden Ginger Iced Lemon Tea 12-Pack,Everest Naturals,BEVE-003918,890100532015,Beverages,99,can,123.93,174.75,2026-11-11,Aisle 06,chilled
Raw Dark Chocolate Multigrain Tortillas 1.5L,Catch Goods,BAKE-003919,890100532016,Bakery & Deli,57,pcs,297.86,428.47,2026-09-05,Aisle 03,ambient
Sun-Dried Nagpur Orange Feta Cheese 750g,Saffola Co.,DAIR-003920,890100532017,Dairy & Eggs,6,packet,378.60,642.41,2026-09-04,Aisle 02,chilled
Organic Smoked Paprika Masala Potato Chips 6-Pack,Green Earth Botanicals,SNAC-003921,890100532018,Snacks & Confectionery,75,box,499.49,784.19,2027-03-03,Aisle 10,ambient
Royal Masala Chai Pasture Eggs 330ml,Organic Tattva Milling,DAIR-003922,890100532019,Dairy & Eggs,65,bottle,60.93,111.18,2026-09-20,Aisle 03,chilled
Rustic Stainless Steel Scrubber 3pk 1kg,Green Earth Dairy,HOUS-003923,890100532020,Household & Personal Care,29,box,264.06,464.96,2028-01-06,Aisle 12,ambient
Valley Fresh Badam Milk Drink 250ml,SunBrite Provisions,BEVE-003924,890100532021,Beverages,99,bottle,66.48,94.83,2027-08-18,Aisle 06,ambient
Rustic Pasture Eggs 6-Pack,Nilgiri Co.,DAIR-003925,890100532022,Dairy & Eggs,201,tub,450.71,779.89,2026-09-01,Aisle 02,chilled
Extra-Virgin Bhujia Sev 300g,Saffola Farms,SNAC-003926,890100532023,Snacks & Confectionery,115,bar,281.97,477.28,2027-01-19,Aisle 10,ambient
Homestyle Rose Infused Sona Masoori Rice 10-Pack,Kaveri Plantations,PANT-003927,890100532024,Pantry & Dry Goods,222,jar,394.71,639.40,2027-07-15,Aisle 08,ambient
Wildcrafted Sweet Corn Kernels 250ml,Amul Provisions,FROZ-003928,890100532025,Frozen Foods,104,bag,381.22,591.73,2027-06-25,Aisle 08,frozen
Authentic Garlic & Herb Himalayan Spring Water 250ml,Bhoomi Provisions,BEVE-003929,890100532026,Beverages,70,box,85.78,112.74,2026-12-09,Aisle 05,ambient
Artisan Almond Milk 10kg,Himalayan Kitchens,DAIR-003930,890100532027,Dairy & Eggs,56,pack,478.80,773.18,2026-09-01,Aisle 02,chilled
Desi Sweet Tamarind Pav 6-Pack 1.5L,Nilgiri Botanicals,BAKE-003931,890100532028,Bakery & Deli,55,pcs,80.62,123.20,2026-08-27,Aisle 03,ambient
Farm-Fresh Butter Croissants 2L,Organic Tattva Kitchens,BAKE-003932,890100532029,Bakery & Deli,95,pack,165.47,237.64,2026-09-07,Aisle 03,ambient
Whole-Grain Truffle Infused Royal Basmati Rice 500g,Organic Tattva Kitchens,PANT-003933,890100532030,Pantry & Dry Goods,88,bag,360.98,546.85,2027-07-31,Aisle 06,ambient
Sweet Alphonso Mango Flavored Yogurt Value Pack,Mother Dairy Dairy,DAIR-003934,890100532031,Dairy & Eggs,127,pack,385.90,693.58,2026-08-27,Aisle 02,chilled
Authentic Rose Infused Bamboo Toothbrush 2pk 500ml,Satvik Foods,HOUS-003935,890100532032,Household & Personal Care,76,bottle,577.76,1033.13,2029-04-07,Aisle 12,ambient
Spiced Truffle Infused Watermelon 1L,Vedic Fresh Foods,FRES-003936,890100532033,Fresh Produce,236,pack,121.66,203.26,2026-08-29,Aisle 01,ambient
Gourmet Paneer Tikka Deli 250ml,Royal Indian Naturals,BAKE-003937,890100532034,Bakery & Deli,24,box,242.32,306.02,2026-09-04,Aisle 03,ambient
Whole-Grain Boneless Chicken Breast 500ml,Deccan Agro,MEAT-003938,890100532035,Meat & Seafood,147,pcs,858.62,1433.43,2026-08-29,Aisle 04,chilled
Cured Tulsi Honey Fresh Chicken Curry Cut 4-Pack,Vedic Fresh Mills,MEAT-003939,890100532036,Meat & Seafood,121,pack,231.65,365.42,2026-09-01,Aisle 04,chilled
Golden Masala Chai Chicken Sausages 10kg,Pure Vedic Foods,MEAT-003940,890100532037,Meat & Seafood,193,pack,179.74,279.49,2026-08-27,Aisle 05,chilled
Premium Multigrain Tortillas 1kg,Himalayan Kitchens,BAKE-003941,890100532038,Bakery & Deli,29,box,318.90,437.50,2026-08-29,Aisle 03,chilled
Plant-Based Mishri Mawa 750ml,Nilgiri Mills,DAIR-003942,890100532039,Dairy & Eggs,86,tub,483.51,849.91,2026-09-01,Aisle 03,chilled
Select Cinnamon Spice Chicken Sausages 4-Pack,Satvik Naturals,MEAT-003943,890100532040,Meat & Seafood,142,pcs,722.58,1143.40,2026-09-02,Aisle 05,chilled
Grass-Fed Coconut Cream Avocados 4-Pack,Himalayan Naturals,FRES-003944,890100532041,Fresh Produce,219,pcs,31.04,39.33,2026-09-05,Aisle 01,ambient
Sweet Masala Chai Fabric Softener Floral 300g,Nilgiri Organics,HOUS-003945,890100532042,Household & Personal Care,175,pack,493.33,627.41,2028-07-13,Aisle 11,ambient
Wildcrafted Cinnamon Spice Shampoo Anti-Dandruff 500g,Dabur Dairy,HOUS-003946,890100532043,Household & Personal Care,41,pack,406.92,712.11,2028-08-21,Aisle 11,ambient
Authentic Kesar Pista Hash Browns 6pk 150g,Heritage Harvest,FROZ-003947,890100532044,Frozen Foods,89,box,230.80,424.59,2027-06-04,Aisle 09,frozen
Homestyle Goat Mince Premium 6-Pack,Mother Dairy Farms,MEAT-003948,890100532045,Meat & Seafood,243,pack,462.81,682.46,2026-09-02,Aisle 04,chilled
Select Sea Salt Catla Fish Steaks 8-Pack,Royal Indian Dairy,MEAT-003949,890100532046,Meat & Seafood,231,kg,769.73,1115.46,2026-08-29,Aisle 04,chilled
Spiced Red Chilli & Garlic Pita Bread 4-Pack,Deccan Dairy,BAKE-003950,890100532047,Bakery & Deli,155,pack,218.50,276.75,2026-09-07,Aisle 03,ambient
Rustic Pomfret Whole 5kg,Heritage Kitchens,MEAT-003951,890100532048,Meat & Seafood,187,kg,399.91,649.33,2026-09-01,Aisle 05,chilled
Golden Jalapeno Lime Penne Rigate Pasta 1.5L,Nature Harvest Organics,PANT-003952,890100532049,Pantry & Dry Goods,161,jar,339.08,579.30,2027-06-27,Aisle 06,ambient
Signature Dark Chocolate Cashew Paste Curry Base 1.5L,Kaveri Springs,PANT-003953,890100532050,Pantry & Dry Goods,219,can,306.22,493.41,2028-01-03,Aisle 06,ambient
Smoked Bitter Gourd (Karela) 750g,Vedic Fresh Dairy,FRES-003954,890100532051,Fresh Produce,191,pack,65.24,89.10,2026-09-17,Aisle 01,ambient
Premium Chicken Drumsticks 400g,Urban Roots Botanicals,MEAT-003955,890100532052,Meat & Seafood,99,pack,333.45,449.56,2026-08-31,Aisle 05,chilled
Authentic Coconut Cream Cold-Pressed Groundnut Oil 150g,Himalayan Agro,PANT-003956,890100532053,Pantry & Dry Goods,126,bottle,37.14,49.08,2028-03-16,Aisle 07,ambient
Smoked Mint Lime Tiger Prawns Jumbo 330ml,Pure Vedic Milling,MEAT-003957,890100532054,Meat & Seafood,169,pcs,286.72,490.55,2026-08-31,Aisle 04,chilled
Traditional Biodegradable Garbage Bags 12-Pack,Satvik Mills,HOUS-003958,890100532055,Household & Personal Care,217,box,183.14,316.86,2026-08-22,Aisle 12,ambient
Raw Malai Kulfi Bar 750g,Organic Tattva Organics,FROZ-003959,890100532056,Frozen Foods,163,bag,361.14,555.15,2026-08-29,Aisle 08,frozen
Natural Kashmiri Saffron Feta Cheese 750ml,Pashmina Springs,DAIR-003960,890100532057,Dairy & Eggs,66,box,499.32,677.72,2026-09-03,Aisle 03,chilled
Farm-Fresh Tonic Water Premium 200ml,Amul Kitchens,BEVE-003961,890100532058,Beverages,27,box,217.14,276.44,2027-01-11,Aisle 05,ambient
Natural Garlic Focaccia 150ml,Pure Vedic Provisions,BAKE-003962,890100532059,Bakery & Deli,137,box,319.46,543.63,2026-08-30,Aisle 04,chilled
Smoked Tandoori Smoked Fruit Cake Slice 10-Pack,Amul Milling,BAKE-003963,890100532060,Bakery & Deli,155,box,317.39,584.27,2026-08-27,Aisle 03,chilled
Traditional Sourdough Loaf 50g,Heritage Plantations,BAKE-003964,890100532061,Bakery & Deli,76,pack,68.61,109.02,2026-09-06,Aisle 04,chilled
Royal Red Onions 2-Pack,Royal Indian Dairy,FRES-003965,890100532062,Fresh Produce,20,bag,26.59,49.16,2026-09-01,Aisle 02,ambient
Gluten-Free Granola Health Bars Family Pack,Bhoomi Milling,SNAC-003966,890100532063,Snacks & Confectionery,167,bag,249.80,383.99,2027-05-27,Aisle 10,ambient
Traditional Frozen Paneer Cubes 200g,Satvik Dairy,FROZ-003967,890100532064,Frozen Foods,215,tub,71.66,126.04,2027-03-21,Aisle 09,frozen
Desi Mint Lime Royal Basmati Rice 150g,Vedic Fresh Goods,PANT-003968,890100532065,Pantry & Dry Goods,203,bag,249.49,366.68,2027-12-24,Aisle 07,ambient
Raw Hash Browns 6pk 2L,Heritage Kitchens,FROZ-003969,890100532066,Frozen Foods,80,packet,415.57,597.56,2026-08-23,Aisle 08,frozen
Country Style Ginger Root Family Pack,FarmGold Foods,FRES-003970,890100532067,Fresh Produce,214,kg,156.24,243.56,2026-09-06,Aisle 01,chilled
Sweet Pomfret Whole 10-Pack,Royal Indian Foods,MEAT-003971,890100532068,Meat & Seafood,174,pcs,563.75,744.09,2026-09-01,Aisle 05,chilled
Extra-Virgin Tandoori Smoked Sweet Corn Kernels 10-Pack,Satvik Farms,FROZ-003972,890100532069,Frozen Foods,217,box,221.78,377.97,2027-05-25,Aisle 08,frozen
Select Sona Masoori Rice 750ml,Deccan Botanicals,PANT-003973,890100532070,Pantry & Dry Goods,57,bottle,254.57,388.31,2027-09-19,Aisle 08,ambient
Country Style Goat Mince Premium 330ml,Royal Indian Co.,MEAT-003974,890100532071,Meat & Seafood,135,kg,834.11,1519.61,2026-09-01,Aisle 04,chilled
Authentic Dry Fruits Trail Mix 750g,Fortune Mills,SNAC-003975,890100532072,Snacks & Confectionery,101,tub,29.93,51.32,2027-03-26,Aisle 10,ambient
Sweet Alphonso Mango Frozen Paneer Cubes 10kg,Pashmina Dairy,FROZ-003976,890100532073,Frozen Foods,105,box,113.13,144.36,2026-11-27,Aisle 08,frozen
Aged Garlic & Herb Clove & Mint Toothpaste 250g,Himalayan Agro,HOUS-003977,890100532074,Household & Personal Care,181,bottle,594.22,747.99,2027-12-29,Aisle 11,ambient
Extra-Virgin Diet Mixture Namkeen 200g,SunBrite Naturals,SNAC-003978,890100532075,Snacks & Confectionery,102,pack,413.85,714.26,2026-11-03,Aisle 10,ambient
Country Style Tulsi Honey Pita Bread 1kg,Patanjali Co.,BAKE-003979,890100532076,Bakery & Deli,4,pcs,184.68,267.44,2026-09-09,Aisle 03,ambient
Stone-Ground Tulsi Honey Watermelon 2kg,Tata Springs,FRES-003980,890100532077,Fresh Produce,198,pcs,143.81,223.59,2026-08-29,Aisle 02,ambient
Handcrafted Soan Papdi Box Snack Pack,Pure Vedic Naturals,SNAC-003981,890100532078,Snacks & Confectionery,58,bar,532.84,842.91,2026-08-28,Aisle 09,ambient
Heritage Garlic & Herb California Almonds 150ml,Vedic Fresh Plantations,SNAC-003982,890100532079,Snacks & Confectionery,104,box,59.14,103.75,2027-03-11,Aisle 09,ambient
Roasted Salted Butter 1.5L,Ganga Springs,DAIR-003983,890100532080,Dairy & Eggs,158,tub,381.29,578.15,2026-09-23,Aisle 03,chilled
Golden Mint Lime Buffalo Milk 4-Pack,Organic Tattva Naturals,DAIR-003984,890100532081,Dairy & Eggs,222,bottle,259.93,415.46,2026-08-31,Aisle 02,chilled
Free-Range Extra Virgin Olive Oil 350g,Everest Milling,PANT-003985,890100532082,Pantry & Dry Goods,67,jar,528.94,753.59,2027-01-26,Aisle 08,ambient
Plant-Based Chatpata Masala Kitchen Paper Towels 4-Roll 50g,Patanjali Harvest,HOUS-003986,890100532083,Household & Personal Care,80,pack,393.15,608.49,2028-01-08,Aisle 11,ambient
Rustic Ginger Kombucha 1L,Tata Provisions,BEVE-003987,890100532084,Beverages,156,can,258.87,466.34,2026-09-20,Aisle 06,ambient
Roasted Kashmiri Saffron Bell Peppers 200g,Amul Provisions,FRES-003988,890100532085,Fresh Produce,176,bunch,151.39,238.43,2026-09-15,Aisle 01,ambient
Sweet Jalapeno Lime Veg Spring Rolls 1kg,Saffola Agro,FROZ-003989,890100532086,Frozen Foods,134,box,248.37,337.61,2026-08-17,Aisle 09,frozen
Country Style Kesar Pista Tiger Prawns Jumbo 2kg,Ganga Kitchens,MEAT-003990,890100532087,Meat & Seafood,224,pack,403.30,634.91,2026-08-29,Aisle 05,chilled
Valley Fresh Bananas 750g,Ganga Organics,FRES-003991,890100532088,Fresh Produce,17,pack,149.22,253.82,2026-09-13,Aisle 01,ambient
Plant-Based Curd Tub (Dahi) 5L,Amul Harvest,DAIR-003992,890100532089,Dairy & Eggs,31,packet,129.68,200.54,2026-09-17,Aisle 02,chilled
Traditional Rose Infused Seedless Grapes 200g,Bhoomi Organics,FRES-003993,890100532090,Fresh Produce,46,pcs,65.80,90.25,2026-09-03,Aisle 02,chilled
Traditional Matcha Green Tea Dry Fruits Trail Mix 1kg,Nilgiri Co.,SNAC-003994,890100532091,Snacks & Confectionery,127,bar,407.93,535.07,2026-10-28,Aisle 10,ambient
Unpolished Kabuli Chana Large 100g,Dabur Plantations,PANT-003995,890100532092,Pantry & Dry Goods,223,box,281.89,385.47,2026-11-29,Aisle 06,ambient
Gourmet Kesar Pista Sparkling Mineral Water 5L,FarmGold Plantations,BEVE-003996,890100532093,Beverages,234,box,329.58,565.36,2026-11-30,Aisle 06,chilled
Cold-Pressed Paneer Tikka Deli 5kg,Heritage Farms,BAKE-003997,890100532094,Bakery & Deli,107,box,135.34,239.28,2026-09-03,Aisle 04,chilled
Country Style Ajwain & Jeera Gouda Block 8-Pack,Tata Agro,DAIR-003998,890100532095,Dairy & Eggs,8,bottle,384.82,696.12,2026-09-01,Aisle 03,chilled
Zero-Sugar Kabuli Chana Large 2-Pack,Green Earth Organics,PANT-003999,890100532096,Pantry & Dry Goods,23,can,201.05,275.29,2028-06-08,Aisle 06,ambient
Premium Golden Ginger Greek Yogurt 12-Pack,Everest Kitchens,DAIR-004000,890100532097,Dairy & Eggs,220,carton,406.83,651.77,2026-09-10,Aisle 02,chilled
