Name,Brand,SKU,Barcode,Category,CurrentStock,Unit,CostPrice,SellingPrice,ExpiryDate,Aisle,TempZone
Sun-Dried Sea Salt Herbal Hand Wash Neem 750g,Urban Roots Dairy,HOUS-000001,890100156872,Household & Personal Care,74,pack,342.71,528.84,2027-09-23,Aisle 11,ambient
Signature Sea Salt Unsalted White Butter 1kg,Fortune Provisions,DAIR-000002,890100156873,Dairy & Eggs,162,tub,338.09,551.64,2026-09-03,Aisle 02,chilled
Rustic Lemon Pepper Dishwash Gel Lemon 50g,Himalayan Dairy,HOUS-000003,890100156874,Household & Personal Care,249,box,38.33,58.02,2028-01-25,Aisle 12,ambient
Wildcrafted Dishwash Gel Lemon 10kg,Desi Organics Farms,HOUS-000004,890100156875,Household & Personal Care,243,tube,222.40,399.75,2026-08-28,Aisle 12,ambient
Whole-Grain Sea Salt Cheese Croissant 5kg,SunBrite Farms,BAKE-000005,890100156876,Bakery & Deli,205,box,143.18,248.07,2026-08-28,Aisle 04,ambient
Farm-Fresh Sea Salt Chana Dal Polished 10-Pack,Himalayan Organics,PANT-000006,890100156877,Pantry & Dry Goods,177,jar,449.11,644.16,2027-06-28,Aisle 07,ambient
Crisp Clove & Mint Toothpaste 250ml,Bhoomi Kitchens,HOUS-000007,890100156878,Household & Personal Care,242,packet,426.11,724.49,2028-05-31,Aisle 12,ambient
Cold-Pressed Truffle Infused Kaju Katli Sweet Box 8-Pack,Saffola Organics,SNAC-000008,890100156879,Snacks & Confectionery,178,box,65.76,112.36,2026-10-29,Aisle 09,ambient
Handcrafted Diet Mixture Namkeen Family Pack,Everest Goods,SNAC-000009,890100156880,Snacks & Confectionery,98,pack,455.49,708.14,2026-11-24,Aisle 10,ambient
Cold-Pressed Baby Spinach 750g,Heritage Mills,FRES-000010,890100156881,Fresh Produce,170,kg,147.20,249.38,2026-08-29,Aisle 01,ambient
Free-Range Pasture Eggs 50g,Green Earth Agro,DAIR-000011,890100156882,Dairy & Eggs,129,tub,112.09,166.61,2026-09-08,Aisle 02,chilled
Smoked Kesar Pista Roasted Salted Cashews 24-Pack,Satvik Foods,SNAC-000012,890100156883,Snacks & Confectionery,183,box,473.47,778.07,2027-05-17,Aisle 09,ambient
Golden Tonic Water Premium Value Pack,Dabur Farms,BEVE-000013,890100156884,Beverages,24,can,385.93,496.79,2027-02-12,Aisle 06,chilled
Golden Kesar Pista Sparkling Mineral Water 150ml,FarmGold Springs,BEVE-000014,890100156885,Beverages,219,can,351.06,616.89,2026-09-20,Aisle 06,chilled
Traditional Veg Spring Rolls 10kg,Ganga Naturals,FROZ-000015,890100156886,Frozen Foods,25,box,142.39,254.73,2027-07-15,Aisle 09,frozen
Roasted Fresh Rohu Fish 50g,Patanjali Farms,MEAT-000016,890100156887,Meat & Seafood,178,pcs,664.58,1209.82,2026-09-03,Aisle 05,chilled
Artisan Mint Lime Squid Rings Cleaned 1.5L,Fortune Co.,MEAT-000017,890100156888,Meat & Seafood,185,pcs,683.59,1046.19,2026-09-03,Aisle 05,chilled
Artisan Moong Dal Namkeen 5L,Deccan Foods,SNAC-000018,890100156889,Snacks & Confectionery,217,box,467.78,658.96,2026-10-26,Aisle 09,ambient
Gourmet Brioche Burger Buns 250g,Urban Roots Agro,BAKE-000019,890100156890,Bakery & Deli,130,pcs,242.34,330.95,2026-08-30,Aisle 04,ambient
Free-Range Masala Chai Cold Pressed Orange Juice 5L,Fortune Plantations,BEVE-000020,890100156891,Beverages,124,bag,186.93,270.92,2027-06-27,Aisle 06,chilled
Extra-Virgin Wood-Fired Veggie Pizza 200ml,Heritage Organics,FROZ-000021,890100156892,Frozen Foods,89,box,338.04,471.16,2027-01-05,Aisle 09,frozen
Natural Carrots 350g,Saffola Foods,FRES-000022,890100156893,Fresh Produce,97,bunch,72.76,123.09,2026-09-01,Aisle 01,chilled
Royal Soy Milk Protein 500ml,Amul Botanicals,DAIR-000023,890100156894,Dairy & Eggs,138,carton,75.90,137.23,2026-09-26,Aisle 02,chilled
Cured Coconut Cream Cold-Pressed Groundnut Oil 200g,FarmGold Agro,PANT-000024,890100156895,Pantry & Dry Goods,34,box,284.76,502.57,2027-04-21,Aisle 06,ambient
Golden Cardamom Spiced Roasted Salted Cashews 6-Pack,Heritage Springs,SNAC-000025,890100156896,Snacks & Confectionery,228,bar,391.08,633.21,2027-05-23,Aisle 10,ambient
Homestyle Tiger Prawns Jumbo 10-Pack,Organic Tattva Co.,MEAT-000026,890100156897,Meat & Seafood,67,pcs,925.66,1270.46,2026-09-03,Aisle 04,chilled
Extra-Virgin Tandoori Smoked Mosquito Vaporizer Refill 1kg,Kaveri Farms,HOUS-000027,890100156898,Household & Personal Care,57,bottle,136.00,239.39,2029-01-25,Aisle 11,ambient
Wildcrafted Pista Almond Cauliflower 1L,Nilgiri Dairy,FRES-000028,890100156899,Fresh Produce,125,pack,31.87,50.14,2026-09-05,Aisle 01,chilled
Aged Truffle Infused Oat Milk 2kg,Royal Indian Dairy,DAIR-000029,890100156900,Dairy & Eggs,126,bottle,492.62,669.85,2026-09-13,Aisle 02,chilled
Roasted Vanilla Bean Bell Peppers 200ml,Nilgiri Dairy,FRES-000030,890100156901,Fresh Produce,123,bag,98.07,169.97,2026-08-30,Aisle 02,chilled
Artisan Nagpur Orange Veg Spring Rolls 150ml,Kaveri Milling,FROZ-000031,890100156902,Frozen Foods,27,packet,166.32,225.14,2027-08-26,Aisle 08,frozen
Valley Fresh Brioche Burger Buns 2-Pack,Pure Vedic Harvest,BAKE-000032,890100156903,Bakery & Deli,204,pcs,240.46,370.83,2026-09-03,Aisle 03,chilled
Stone-Ground Spicy Peanut Chikki Snack Pack,Patanjali Dairy,SNAC-000033,890100156904,Snacks & Confectionery,238,bag,458.41,697.96,2027-04-25,Aisle 09,ambient
Heritage Coconut Cream Bananas 750g,Everest Goods,FRES-000034,890100156905,Fresh Produce,85,pcs,31.77,40.28,2026-09-01,Aisle 02,ambient
Smoked Cold Pressed Orange Juice 2L,Tata Milling,BEVE-000035,890100156906,Beverages,226,bottle,275.43,355.66,2027-05-17,Aisle 06,ambient
Grass-Fed Toned Milk 1.5L,Royal Indian Plantations,DAIR-000036,890100156907,Dairy & Eggs,205,bottle,509.17,686.18,2026-09-09,Aisle 02,chilled
Heritage Masala Chai Kokum Sharbat 2-Pack,Saffola Mills,BEVE-000037,890100156908,Beverages,166,box,304.48,433.08,2027-07-01,Aisle 06,chilled
Sun-Dried Mixed Berries Frozen 5kg,Urban Roots Kitchens,FROZ-000038,890100156909,Frozen Foods,197,bag,348.71,635.06,2027-03-10,Aisle 09,frozen
Pure Tulsi Honey Bath Tissue 6-Pack 500g,SunBrite Kitchens,HOUS-000039,890100156910,Household & Personal Care,139,tube,538.57,796.63,2027-12-22,Aisle 12,ambient
Artisan Granola Health Bars 2-Pack,Pashmina Kitchens,SNAC-000040,890100156911,Snacks & Confectionery,99,pack,318.47,398.73,2026-08-22,Aisle 09,ambient
Rustic Urad Dal Whole 150g,Tata Botanicals,PANT-000041,890100156912,Pantry & Dry Goods,188,bottle,167.14,223.41,2028-05-09,Aisle 06,ambient
Traditional Herbal Hand Wash Neem 10kg,Pure Vedic Dairy,HOUS-000042,890100156913,Household & Personal Care,138,pack,68.21,110.05,2027-09-18,Aisle 11,ambient
Stone-Ground Cinnamon Spice Bagel Plain 4pk 4-Pack,Deccan Farms,BAKE-000043,890100156914,Bakery & Deli,202,pack,305.69,466.32,2026-09-09,Aisle 03,ambient
Country Style Mishri Mawa Snack Pack,Desi Organics Organics,DAIR-000044,890100156915,Dairy & Eggs,210,bottle,311.29,506.55,2026-09-11,Aisle 03,chilled
Low-Sodium Chaash / Buttermilk 330ml,Mother Dairy Dairy,DAIR-000045,890100156916,Dairy & Eggs,70,tub,269.64,466.12,2026-08-27,Aisle 02,chilled
Organic Kokum Sharbat 300g,Bhoomi Kitchens,BEVE-000046,890100156917,Beverages,133,bag,144.17,184.77,2027-07-22,Aisle 06,chilled
Free-Range Poha Thick Flakes 500ml,Vedic Fresh Milling,PANT-000047,890100156918,Pantry & Dry Goods,75,box,277.01,416.43,2028-07-30,Aisle 06,ambient
Cured Alphonso Mango Mixed Berries Frozen Family Pack,Catch Naturals,FROZ-000048,890100156919,Frozen Foods,246,bag,235.03,404.74,2027-01-06,Aisle 09,frozen
Cold-Pressed Dishwash Gel Lemon 2L,Nilgiri Mills,HOUS-000049,890100156920,Household & Personal Care,214,bottle,125.63,186.10,2027-03-12,Aisle 12,ambient
Roasted Caramelized Onion Fresh Chicken Curry Cut 8-Pack,Desi Organics Co.,MEAT-000050,890100156921,Meat & Seafood,159,pcs,375.00,575.56,2026-08-29,Aisle 05,chilled
Rustic Veg Spring Rolls 750g,Patanjali Foods,FROZ-000051,890100156922,Frozen Foods,181,tub,96.40,170.41,2027-03-09,Aisle 09,frozen
Low-Sodium Kitchen Paper Towels 4-Roll 200ml,Royal Indian Provisions,HOUS-000052,890100156923,Household & Personal Care,37,bottle,107.48,167.41,2028-04-03,Aisle 11,ambient
Valley Fresh Custard Apple (Sitaphal) 2kg,Pure Vedic Co.,FRES-000053,890100156924,Fresh Produce,55,pcs,117.91,168.11,2026-09-13,Aisle 01,ambient
Organic Mint Lime Garlic Naan Frozen 4pk 330ml,Amul Botanicals,FROZ-000054,890100156925,Frozen Foods,133,bag,131.15,178.18,2027-07-04,Aisle 08,frozen
Cold-Pressed Sweet Tamarind Soy Milk Protein 330ml,Heritage Goods,DAIR-000055,890100156926,Dairy & Eggs,72,carton,438.82,695.60,2026-09-07,Aisle 02,chilled
Cold-Pressed Tandoori Smoked Paneer Paratha Frozen 50g,Nature Harvest Dairy,FROZ-000056,890100156927,Frozen Foods,83,packet,258.29,369.21,2027-06-12,Aisle 09,frozen
Free-Range Himalayan Spring Water 1.5L,Amul Mills,BEVE-000057,890100156928,Beverages,189,pack,298.43,383.34,2027-08-20,Aisle 06,chilled
Valley Fresh Smoked Chicken Slices 1.5L,Urban Roots Co.,BAKE-000058,890100156929,Bakery & Deli,193,pack,139.36,255.81,2026-08-28,Aisle 04,chilled
Whole-Grain Tulsi Honey Apple Cider Vinegar Drink 10-Pack,Satvik Farms,BEVE-000059,890100156930,Beverages,113,bag,135.51,249.00,2026-09-14,Aisle 05,chilled
Cold-Pressed Vanilla Bean 70% Dark Chocolate Bar 150g,Mother Dairy Agro,SNAC-000060,890100156931,Snacks & Confectionery,172,packet,466.19,738.58,2027-01-11,Aisle 09,ambient
Extra-Virgin Tonic Water Premium 2-Pack,Heritage Milling,BEVE-000061,890100156932,Beverages,141,can,165.57,234.06,2027-02-01,Aisle 05,chilled
Signature Guava Chilli Juice 350g,Desi Organics Dairy,BEVE-000062,890100156933,Beverages,104,pack,325.57,529.88,2027-02-26,Aisle 05,ambient
Golden Mustard Oil Kachi Ghani 12-Pack,Satvik Naturals,PANT-000063,890100156934,Pantry & Dry Goods,153,bottle,103.78,161.69,2026-12-04,Aisle 08,ambient
Pure Boneless Chicken Breast 12-Pack,Amul Dairy,MEAT-000064,890100156935,Meat & Seafood,59,kg,271.71,387.01,2026-08-31,Aisle 04,chilled
Cold-Pressed Golden Ginger Cold-Pressed Groundnut Oil Family Pack,Vedic Fresh Botanicals,PANT-000065,890100156936,Pantry & Dry Goods,55,box,103.56,145.65,2027-02-25,Aisle 07,ambient
Whole-Grain Goat Mince Premium 5kg,Satvik Dairy,MEAT-000066,890100156937,Meat & Seafood,100,kg,791.46,1076.44,2026-08-29,Aisle 04,chilled
Authentic Toasted Sesame Fish Fingers Frozen Family Pack,SunBrite Foods,FROZ-000067,890100156938,Frozen Foods,171,bag,358.06,618.87,2026-08-20,Aisle 08,frozen
Rustic Kesar Pista Granola Health Bars 500ml,Kaveri Farms,SNAC-000068,890100156939,Snacks & Confectionery,21,pack,270.11,408.63,2027-02-15,Aisle 09,ambient
Homestyle Garlic & Herb Jeera Masala Soda Snack Pack,Green Earth Milling,BEVE-000069,890100156940,Beverages,145,pack,232.83,388.28,2026-10-12,Aisle 06,chilled
Organic Fresh Rohu Fish 750g,Nature Harvest Farms,MEAT-000070,890100156941,Meat & Seafood,223,kg,629.04,1005.76,2026-08-30,Aisle 05,chilled
Farm-Fresh Tiger Prawns Jumbo 2-Pack,Bhoomi Farms,MEAT-000071,890100156942,Meat & Seafood,186,kg,530.37,754.22,2026-09-03,Aisle 04,chilled
Crisp Garlic & Herb Buffalo Milk 150ml,Green Earth Springs,DAIR-000072,890100156943,Dairy & Eggs,154,packet,182.60,284.82,2026-09-19,Aisle 02,chilled
Premium Garlic & Herb Butter Croissants 350g,Mother Dairy Goods,BAKE-000073,890100156944,Bakery & Deli,8,box,260.34,434.26,2026-08-30,Aisle 04,ambient
Unpolished Truffle Infused Shampoo Anti-Dandruff 150g,Ganga Mills,HOUS-000074,890100156945,Household & Personal Care,60,tube,213.34,353.77,2028-05-05,Aisle 12,ambient
Stone-Ground Mint Lime Greek Yogurt 10kg,Pure Vedic Botanicals,DAIR-000075,890100156946,Dairy & Eggs,22,box,453.97,766.03,2026-09-08,Aisle 02,chilled
Aged Kachi Ghani Mustard Clove & Mint Toothpaste 400g,Royal Indian Springs,HOUS-000076,890100156947,Household & Personal Care,10,packet,152.01,273.47,2028-09-05,Aisle 11,ambient
Gourmet Lemon Pepper Kabuli Chana Large 5L,Pashmina Naturals,PANT-000077,890100156948,Pantry & Dry Goods,197,box,229.75,381.35,2028-06-29,Aisle 08,ambient
Crisp Frozen Green Peas 5L,Kaveri Organics,FROZ-000078,890100156949,Frozen Foods,56,tub,214.38,374.78,2027-08-24,Aisle 09,frozen
Heritage Toasted Sesame Bananas 330ml,SunBrite Kitchens,FRES-000079,890100156950,Fresh Produce,180,pack,86.92,158.97,2026-09-02,Aisle 02,chilled
Zero-Sugar Pears 50g,Saffola Agro,FRES-000080,890100156951,Fresh Produce,121,kg,155.89,276.91,2026-08-27,Aisle 01,ambient
Valley Fresh Cardamom Spiced Sourdough Loaf 6-Pack,Mother Dairy Dairy,BAKE-000081,890100156952,Bakery & Deli,158,box,53.84,72.10,2026-09-02,Aisle 04,chilled
Smoked Greek Yogurt 330ml,Fortune Springs,DAIR-000082,890100156953,Dairy & Eggs,209,bottle,331.12,418.25,2026-08-30,Aisle 03,chilled
Organic Mozzarella Shredded 250g,Heritage Naturals,DAIR-000083,890100156954,Dairy & Eggs,41,pack,355.83,481.37,2026-09-04,Aisle 03,chilled
Pure Organic Green Tea Value Pack,Nature Harvest Springs,BEVE-000084,890100156955,Beverages,189,pack,23.35,33.13,2027-03-07,Aisle 05,ambient
Sweet Chatpata Masala Bamboo Toothbrush 2pk 250ml,Dabur Dairy,HOUS-000085,890100156956,Household & Personal Care,92,bottle,189.89,270.80,2027-08-29,Aisle 11,ambient
Cured Coconut Milk Canned 8-Pack,Pure Vedic Foods,PANT-000086,890100156957,Pantry & Dry Goods,218,packet,337.18,594.95,2028-07-05,Aisle 06,ambient
Plant-Based Espresso Roast Ground Coffee 10kg,SunBrite Kitchens,BEVE-000087,890100156958,Beverages,154,carton,237.08,346.61,2026-08-29,Aisle 06,chilled
Gluten-Free Nagpur Orange Edamame Pods 8-Pack,Fortune Co.,FROZ-000088,890100156959,Frozen Foods,97,bag,316.11,509.87,2027-02-03,Aisle 09,frozen
Premium Matcha Green Tea Floor Disinfectant Pine 400g,Deccan Mills,HOUS-000089,890100156960,Household & Personal Care,53,pack,209.74,294.89,2028-10-17,Aisle 12,ambient
Plant-Based Heavy Cream 200ml,Saffola Farms,DAIR-000090,890100156961,Dairy & Eggs,185,box,340.14,622.53,2026-09-07,Aisle 02,chilled
Homestyle Organic Sharbati Atta 500g,Nature Harvest Dairy,PANT-000091,890100156962,Pantry & Dry Goods,158,bottle,207.11,376.73,2027-09-18,Aisle 06,ambient
Farm-Fresh Sparkling Mineral Water 2-Pack,Desi Organics Organics,BEVE-000092,890100156963,Beverages,193,carton,240.80,331.70,2027-03-01,Aisle 05,chilled
Select Caramelized Onion Smoked Chicken Slices 750g,Bhoomi Goods,BAKE-000093,890100156964,Bakery & Deli,19,pack,174.99,244.72,2026-09-01,Aisle 03,chilled
Cold-Pressed Nagpur Orange Pomfret Whole 150ml,Dabur Naturals,MEAT-000094,890100156965,Meat & Seafood,237,kg,395.12,602.74,2026-08-29,Aisle 05,chilled
Heritage Rose Infused Organic Green Tea 10-Pack,Kaveri Organics,BEVE-000095,890100156966,Beverages,189,carton,243.75,442.34,2027-05-29,Aisle 05,chilled
Signature Cardamom Spiced Sona Masoori Rice 750g,Dabur Dairy,PANT-000096,890100156967,Pantry & Dry Goods,169,bag,732.76,920.79,2028-02-26,Aisle 08,ambient
Raw Garlic & Herb Mozzarella Shredded Snack Pack,FarmGold Mills,DAIR-000097,890100156968,Dairy & Eggs,122,packet,151.51,200.40,2026-09-17,Aisle 03,chilled
Royal Lemon Pepper Roasted Salted Cashews 1.5L,Urban Roots Naturals,SNAC-000098,890100156969,Snacks & Confectionery,158,bag,274.07,395.37,2026-12-14,Aisle 10,ambient
Natural Dark Chocolate Mutton Chops 1L,Mother Dairy Co.,MEAT-000099,890100156970,Meat & Seafood,173,pack,820.15,1371.70,2026-08-31,Aisle 05,chilled
Country Style Matcha Green Tea Bath Tissue 6-Pack 2kg,Nilgiri Agro,HOUS-000100,890100156971,Household & Personal Care,11,box,292.74,506.71,2028-08-03,Aisle 11,ambient
Gluten-Free Granola Health Bars 150g,Vedic Fresh Farms,SNAC-000101,890100156972,Snacks & Confectionery,6,pack,129.84,233.37,2026-08-27,Aisle 10,ambient
Golden Chatpata Masala Alphonso Kulfi Tub 5L,SunBrite Dairy,FROZ-000102,890100156973,Frozen Foods,204,bag,171.35,310.52,2027-08-26,Aisle 09,frozen
Pure Fabric Softener Floral 2-Pack,Patanjali Springs,HOUS-000103,890100156974,Household & Personal Care,213,pack,105.16,183.32,2027-04-15,Aisle 11,ambient
Select Apples 1.5L,Satvik Plantations,FRES-000104,890100156975,Fresh Produce,16,kg,29.08,51.34,2026-09-14,Aisle 01,chilled
Organic Rose Infused Bagel Plain 4pk 8-Pack,Patanjali Dairy,BAKE-000105,890100156976,Bakery & Deli,53,box,65.44,93.16,2026-08-28,Aisle 04,chilled
Heritage Salted Butter 500ml,Ganga Springs,DAIR-000106,890100156977,Dairy & Eggs,64,carton,168.81,232.36,2026-09-24,Aisle 03,chilled
Free-Range Makhana Crunch Aloo Tikki 8-Pack 350g,Bhoomi Foods,FROZ-000107,890100156978,Frozen Foods,213,pack,290.64,496.56,2027-02-25,Aisle 09,frozen
Golden Garlic & Herb Garlic Bulbs Family Pack,Pashmina Mills,FRES-000108,890100156979,Fresh Produce,204,bag,106.45,165.10,2026-08-29,Aisle 02,chilled
Select Caramelized Onion Bhujia Sev 5L,Patanjali Foods,SNAC-000109,890100156980,Snacks & Confectionery,27,bag,473.69,630.06,2027-04-04,Aisle 10,ambient
Free-Range Coconut Cream Portobello Mushrooms 5L,Saffola Harvest,FRES-000110,890100156981,Fresh Produce,219,bag,58.46,90.29,2026-09-10,Aisle 01,chilled
Farm-Fresh Masala Chai Pita Bread 24-Pack,Satvik Botanicals,BAKE-000111,890100156982,Bakery & Deli,141,box,203.47,277.00,2026-09-03,Aisle 04,chilled
Plant-Based Mixed Berries Frozen 750ml,Catch Plantations,FROZ-000112,890100156983,Frozen Foods,11,packet,299.25,390.71,2027-06-29,Aisle 08,frozen
Raw Cinnamon Spice Whole Wheat Atta Bread 150ml,Vedic Fresh Harvest,BAKE-000113,890100156984,Bakery & Deli,29,box,116.04,154.11,2026-08-30,Aisle 03,ambient
Pure Golden Ginger Cheese Croissant 12-Pack,Desi Organics Dairy,BAKE-000114,890100156985,Bakery & Deli,60,box,220.71,346.02,2026-09-01,Aisle 03,chilled
Extra-Virgin Iced Lemon Tea 1.5L,Deccan Kitchens,BEVE-000115,890100156986,Beverages,197,bottle,128.63,181.22,2027-06-09,Aisle 06,ambient
Stone-Ground Masala CTC Tea 100g,Dabur Goods,BEVE-000116,890100156987,Beverages,146,bag,228.62,382.68,2026-12-03,Aisle 06,chilled
Farm-Fresh Mint Lime Brownie Bites 300g,Pashmina Harvest,BAKE-000117,890100156988,Bakery & Deli,216,box,227.79,320.26,2026-08-31,Aisle 03,ambient
Cured Vanilla Bean Garlic Naan Frozen 4pk 330ml,Vedic Fresh Kitchens,FROZ-000118,890100156989,Frozen Foods,140,tub,333.84,546.10,2027-05-02,Aisle 09,frozen
Aged Rose Infused Mozzarella Shredded 12-Pack,Desi Organics Springs,DAIR-000119,890100156990,Dairy & Eggs,181,bottle,98.93,157.68,2026-08-28,Aisle 03,chilled
Premium Lemon Pepper Tiger Prawns Jumbo 250g,Nature Harvest Naturals,MEAT-000120,890100156991,Meat & Seafood,7,kg,355.27,604.67,2026-09-02,Aisle 05,chilled
Wildcrafted Aloo Tikki 8-Pack 10kg,Himalayan Mills,FROZ-000121,890100156992,Frozen Foods,230,pack,320.63,430.35,2027-01-03,Aisle 08,frozen
Select Chatpata Masala Pav 6-Pack Value Pack,Heritage Foods,BAKE-000122,890100156993,Bakery & Deli,118,pack,177.28,306.50,2026-08-28,Aisle 04,ambient
Sweet Bottle Gourd (Lauki) 150ml,Tata Mills,FRES-000123,890100156994,Fresh Produce,174,pack,99.88,178.84,2026-08-20,Aisle 02,ambient
Free-Range Golden Ginger Salted Butter 2L,Kaveri Foods,DAIR-000124,890100156995,Dairy & Eggs,169,carton,154.58,250.71,2026-09-18,Aisle 03,chilled
Signature Mustard Oil Kachi Ghani Value Pack,Organic Tattva Springs,PANT-000125,890100156996,Pantry & Dry Goods,226,can,227.40,332.71,2027-06-01,Aisle 06,ambient
Crisp Jalapeno Lime Chicken Sausages 10kg,Desi Organics Organics,MEAT-000126,890100156997,Meat & Seafood,73,pack,750.58,1139.99,2026-09-03,Aisle 05,chilled
Raw Jalapeno Lime Bath Tissue 6-Pack 2L,Urban Roots Foods,HOUS-000127,890100156998,Household & Personal Care,108,bottle,452.23,833.86,2027-10-08,Aisle 11,ambient
Whole-Grain Pista Almond Cashew Paste Curry Base 100g,Mother Dairy Botanicals,PANT-000128,890100156999,Pantry & Dry Goods,48,jar,457.83,581.79,2028-05-25,Aisle 06,ambient
Organic Kashmiri Saffron 70% Dark Chocolate Bar 200ml,Himalayan Naturals,SNAC-000129,890100157000,Snacks & Confectionery,161,bag,81.88,106.56,2026-08-23,Aisle 10,ambient
Cold-Pressed Catla Fish Steaks 2L,Ganga Milling,MEAT-000130,890100157001,Meat & Seafood,55,pack,440.99,769.37,2026-08-30,Aisle 04,chilled
Royal Masala Chai Kulcha 4-Pack 200ml,Catch Harvest,BAKE-000131,890100157002,Bakery & Deli,142,pcs,303.28,407.30,2026-09-01,Aisle 03,chilled
Unpolished Cinnamon Spice Cold Brew Coffee 1.5L,FarmGold Harvest,BEVE-000132,890100157003,Beverages,175,box,67.21,95.99,2026-11-28,Aisle 05,ambient
Raw Espresso Roast Ground Coffee 50g,Pure Vedic Mills,BEVE-000133,890100157004,Beverages,45,bag,347.70,435.14,2027-03-27,Aisle 06,chilled
Sun-Dried Aloo Tikki 8-Pack 10kg,Himalayan Botanicals,FROZ-000134,890100157005,Frozen Foods,180,box,310.37,388.64,2027-08-21,Aisle 08,frozen
Country Style Sea Salt Paneer Tikka Deli Snack Pack,Patanjali Harvest,BAKE-000135,890100157006,Bakery & Deli,193,pcs,272.13,409.78,2026-08-30,Aisle 04,ambient
Roasted Red Chilli & Garlic Cinnamon Swirl Buns 6-Pack,Mother Dairy Organics,BAKE-000136,890100157007,Bakery & Deli,34,pack,214.97,278.93,2026-09-06,Aisle 03,chilled
Golden Filter Coffee Beans 200ml,Bhoomi Kitchens,BEVE-000137,890100157008,Beverages,166,can,48.51,72.07,2027-06-11,Aisle 05,ambient
Cold-Pressed Sea Salt Rawa Sooji Snack Pack,Mother Dairy Milling,PANT-000138,890100157009,Pantry & Dry Goods,5,jar,326.57,566.45,2027-12-13,Aisle 08,ambient
Traditional Chicken Salami 4-Pack,Mother Dairy Co.,BAKE-000139,890100157010,Bakery & Deli,150,pcs,241.61,344.07,2026-09-06,Aisle 03,chilled
Wildcrafted Sea Salt Strawberries Snack Pack,Heritage Springs,FRES-000140,890100157011,Fresh Produce,233,kg,48.90,80.83,2026-08-29,Aisle 02,ambient
Select Soan Papdi Box 1L,Nature Harvest Co.,SNAC-000141,890100157012,Snacks & Confectionery,114,packet,220.24,351.58,2026-10-20,Aisle 10,ambient
Traditional Alphonso Mango Mozzarella Shredded 5L,Catch Organics,DAIR-000142,890100157013,Dairy & Eggs,28,box,291.38,413.58,2026-08-27,Aisle 02,chilled
Select Rawa Sooji Value Pack,Heritage Springs,PANT-000143,890100157014,Pantry & Dry Goods,46,bag,738.74,1017.51,2028-05-15,Aisle 07,ambient
Wildcrafted Makhana Crunch Masala CTC Tea Value Pack,Tata Milling,BEVE-000144,890100157015,Beverages,170,bag,305.00,464.22,2026-12-04,Aisle 06,chilled
Cold-Pressed Tandoori Smoked Ricotta Fresh 400g,FarmGold Provisions,DAIR-000145,890100157016,Dairy & Eggs,155,carton,405.06,735.93,2026-09-13,Aisle 02,chilled
Signature Guava Chilli Juice Snack Pack,Vedic Fresh Harvest,BEVE-000146,890100157017,Beverages,96,carton,54.79,81.21,2026-12-22,Aisle 05,ambient
Sun-Dried Kachi Ghani Mustard Bottle Gourd (Lauki) 400g,Deccan Botanicals,FRES-000147,890100157018,Fresh Produce,212,kg,50.60,91.26,2026-09-04,Aisle 01,chilled
Stone-Ground Caramelized Onion Fabric Softener Floral 5kg,FarmGold Naturals,HOUS-000148,890100157019,Household & Personal Care,72,box,234.88,387.96,2028-11-16,Aisle 11,ambient
Pure Red Onions 6-Pack,Deccan Naturals,FRES-000149,890100157020,Fresh Produce,193,bag,15.22,22.72,2026-08-30,Aisle 02,chilled
Pure Sweet Tamarind Surface Floor Cleaner Rose 1L,Pashmina Plantations,HOUS-000150,890100157021,Household & Personal Care,217,tube,502.59,675.87,2028-02-26,Aisle 11,ambient
Valley Fresh Sparkling Mineral Water 2kg,Deccan Agro,BEVE-000151,890100157022,Beverages,111,can,444.63,571.00,2027-08-13,Aisle 05,ambient
Plant-Based Matcha Green Tea Penne Rigate Pasta 200ml,Green Earth Springs,PANT-000152,890100157023,Pantry & Dry Goods,79,bottle,423.16,592.62,2028-08-03,Aisle 07,ambient
Organic Royal Basmati Rice 750g,Vedic Fresh Plantations,PANT-000153,890100157024,Pantry & Dry Goods,7,can,65.27,93.00,2027-04-16,Aisle 08,ambient
Sun-Dried Kashmiri Saffron Soy Milk Protein 2-Pack,Himalayan Dairy,DAIR-000154,890100157025,Dairy & Eggs,184,carton,161.46,225.90,2026-09-24,Aisle 03,chilled
Gluten-Free Toasted Sesame Garlic Naan Frozen 4pk 350g,Nilgiri Milling,FROZ-000155,890100157026,Frozen Foods,17,packet,192.58,310.92,2027-07-11,Aisle 09,frozen
Pure Truffle Infused Moong Dal Washed 200g,Mother Dairy Naturals,PANT-000156,890100157027,Pantry & Dry Goods,156,jar,553.73,845.12,2027-11-08,Aisle 08,ambient
Raw Red Chilli & Garlic Chicken Keema 24-Pack,Heritage Milling,MEAT-000157,890100157028,Meat & Seafood,50,pcs,935.83,1223.71,2026-09-01,Aisle 05,chilled
Stone-Ground Jalapeno Lime Kitchen Paper Towels 4-Roll 1.5L,Amul Harvest,HOUS-000158,890100157029,Household & Personal Care,185,pack,322.00,433.74,2028-02-25,Aisle 11,ambient
Pure Sweet Corn Kernels 2kg,Tata Naturals,FROZ-000159,890100157030,Frozen Foods,16,tub,125.74,223.86,2027-01-25,Aisle 09,frozen
Crisp Strawberries 750g,Desi Organics Provisions,FRES-000160,890100157031,Fresh Produce,197,pack,66.19,116.91,2026-09-04,Aisle 02,chilled
Raw Whole Wheat Atta Bread 12-Pack,Organic Tattva Milling,BAKE-000161,890100157032,Bakery & Deli,245,pcs,80.67,144.42,2026-08-19,Aisle 03,ambient
Artisan Paneer Paratha Frozen Value Pack,Tata Mills,FROZ-000162,890100157033,Frozen Foods,12,tub,183.45,338.93,2027-03-20,Aisle 08,frozen
Artisan Dark Chocolate Greek Yogurt 100g,Nature Harvest Goods,DAIR-000163,890100157034,Dairy & Eggs,131,carton,374.70,491.27,2026-08-16,Aisle 03,chilled
Handcrafted Tandoori Smoked Fish Fingers Frozen 150g,Organic Tattva Foods,FROZ-000164,890100157035,Frozen Foods,91,packet,293.70,441.34,2026-12-01,Aisle 08,frozen
Low-Sodium Dark Chocolate Cold Pressed Orange Juice 300g,Vedic Fresh Harvest,BEVE-000165,890100157036,Beverages,88,carton,196.38,276.84,2026-11-19,Aisle 05,ambient
Select Chatpata Masala Sweet Corn Kernels 24-Pack,Vedic Fresh Plantations,FROZ-000166,890100157037,Frozen Foods,220,pack,296.61,485.84,2027-07-18,Aisle 09,frozen
Grass-Fed Sea Salt Organic Rolled Oats 10kg,Royal Indian Milling,PANT-000167,890100157038,Pantry & Dry Goods,61,box,444.54,779.14,2027-11-07,Aisle 06,ambient
Raw Veg Burger Patties 200g,Tata Dairy,FROZ-000168,890100157039,Frozen Foods,105,box,60.16,77.89,2026-08-25,Aisle 09,frozen
Spiced Kashmiri Saffron Baby Spinach Snack Pack,Amul Harvest,FRES-000169,890100157040,Fresh Produce,143,bunch,88.22,150.37,2026-09-08,Aisle 02,ambient
Unpolished Palak Leaves 330ml,Kaveri Dairy,FRES-000170,890100157041,Fresh Produce,175,bunch,38.88,59.63,2026-08-31,Aisle 01,ambient
Select Caramelized Onion Floor Disinfectant Pine 400g,Nature Harvest Milling,HOUS-000171,890100157042,Household & Personal Care,201,packet,236.10,297.77,2027-06-17,Aisle 11,ambient
Spiced California Almonds 2-Pack,Fortune Botanicals,SNAC-000172,890100157043,Snacks & Confectionery,133,pack,189.77,293.98,2027-02-09,Aisle 09,ambient
Signature Flavored Yogurt 250g,Royal Indian Milling,DAIR-000173,890100157044,Dairy & Eggs,20,bottle,392.38,534.36,2026-09-16,Aisle 03,chilled
Wildcrafted Golden Ginger Garlic Bulbs 250ml,Vedic Fresh Organics,FRES-000174,890100157045,Fresh Produce,200,kg,100.88,149.02,2026-09-16,Aisle 01,chilled
Whole-Grain Rose Infused Lentils Red Masoor 250ml,Nature Harvest Dairy,PANT-000175,890100157046,Pantry & Dry Goods,94,jar,339.66,481.25,2027-05-27,Aisle 06,ambient
Roasted Tulsi Honey Electrolyte Energy Drink 250g,Pashmina Botanicals,BEVE-000176,890100157047,Beverages,114,pack,295.52,514.86,2027-07-06,Aisle 05,ambient
Zero-Sugar Rose Infused Chicken Keema 100g,Nature Harvest Agro,MEAT-000177,890100157048,Meat & Seafood,170,kg,312.47,488.27,2026-09-01,Aisle 04,chilled
Pure Jalapeno Lime Squid Rings Cleaned 2kg,Mother Dairy Organics,MEAT-000178,890100157049,Meat & Seafood,182,pcs,743.20,1180.91,2026-09-03,Aisle 05,chilled
Select Cardamom Spiced Extra Virgin Olive Oil 150ml,Saffola Foods,PANT-000179,890100157050,Pantry & Dry Goods,184,bottle,397.04,701.70,2027-09-11,Aisle 07,ambient
Crisp Pomfret Whole 750ml,Heritage Farms,MEAT-000180,890100157051,Meat & Seafood,65,kg,209.28,293.18,2026-08-29,Aisle 05,chilled
Extra-Virgin Smoked Paprika Green Chillies 400g,Urban Roots Foods,FRES-000181,890100157052,Fresh Produce,109,pcs,55.59,78.77,2026-08-30,Aisle 02,chilled
Gluten-Free Kashmiri Saffron Extra Virgin Olive Oil 750g,Pure Vedic Farms,PANT-000182,890100157053,Pantry & Dry Goods,199,can,377.11,561.87,2028-08-16,Aisle 07,ambient
Plant-Based Red Chilli & Garlic Oat Milk 200ml,Saffola Organics,DAIR-000183,890100157054,Dairy & Eggs,225,carton,508.14,840.21,2026-09-03,Aisle 03,chilled
Heritage Ajwain & Jeera Salted Butter 350g,Nature Harvest Plantations,DAIR-000184,890100157055,Dairy & Eggs,42,bottle,210.46,376.77,2026-09-16,Aisle 02,chilled
Gluten-Free Alphonso Mangoes Value Pack,Nature Harvest Co.,FRES-000185,890100157056,Fresh Produce,172,pack,94.64,124.09,2026-09-07,Aisle 02,chilled
Rustic Lemon Pepper Desi Cow Ghee 150g,Satvik Naturals,DAIR-000186,890100157057,Dairy & Eggs,90,tub,247.60,437.32,2026-09-14,Aisle 03,chilled
Farm-Fresh Jalapeno Lime Stainless Steel Scrubber 3pk Snack Pack,Saffola Provisions,HOUS-000187,890100157058,Household & Personal Care,155,pack,346.25,551.78,2027-11-08,Aisle 12,ambient
Whole-Grain Tandoori Smoked Mozzarella Shredded 4-Pack,Pashmina Milling,DAIR-000188,890100157059,Dairy & Eggs,165,box,115.34,178.02,2026-08-30,Aisle 03,chilled
Wildcrafted Dry Fruits Trail Mix 1L,Catch Harvest,SNAC-000189,890100157060,Snacks & Confectionery,229,pack,532.22,940.68,2026-12-02,Aisle 09,ambient
Aged Cardamom Spiced Tonic Water Premium 10-Pack,Desi Organics Harvest,BEVE-000190,890100157061,Beverages,227,bag,227.68,329.94,2026-09-26,Aisle 05,ambient
Wildcrafted Pista Almond Badam Milk Drink 12-Pack,Bhoomi Harvest,BEVE-000191,890100157062,Beverages,40,box,76.66,125.82,2027-03-24,Aisle 06,ambient
Gourmet Apple Cider Vinegar Drink Value Pack,Satvik Provisions,BEVE-000192,890100157063,Beverages,135,carton,150.16,223.68,2026-08-29,Aisle 06,chilled
Select Wood-Fired Veggie Pizza 100g,Satvik Springs,FROZ-000193,890100157064,Frozen Foods,115,pack,75.66,101.95,2027-05-01,Aisle 08,frozen
Stone-Ground Atlantic Salmon Fillet 300g,Green Earth Mills,MEAT-000194,890100157065,Meat & Seafood,71,pcs,274.83,498.11,2026-08-29,Aisle 05,chilled
Unpolished Paneer Block 6-Pack,Green Earth Goods,DAIR-000195,890100157066,Dairy & Eggs,163,carton,194.92,325.41,2026-09-05,Aisle 02,chilled
Farm-Fresh Garlic & Herb Jeera Masala Soda 24-Pack,Desi Organics Mills,BEVE-000196,890100157067,Beverages,55,pack,278.09,514.08,2027-04-12,Aisle 05,ambient
Free-Range Frozen Samosas 24-Pack,Nilgiri Organics,FROZ-000197,890100157068,Frozen Foods,182,box,77.15,108.21,2027-02-11,Aisle 09,frozen
Signature Tulsi Honey Toned Milk 750g,Patanjali Foods,DAIR-000198,890100157069,Dairy & Eggs,218,box,506.19,838.09,2026-09-08,Aisle 02,chilled
Aged Dark Chocolate Royal Basmati Rice 2-Pack,Dabur Mills,PANT-000199,890100157070,Pantry & Dry Goods,245,bottle,296.26,371.33,2027-09-14,Aisle 07,ambient
Smoked Kashmiri Saffron Kaju Katli Sweet Box 500g,SunBrite Milling,SNAC-000200,890100157071,Snacks & Confectionery,248,packet,224.71,344.53,2027-04-24,Aisle 09,ambient
Gluten-Free Poha Thick Flakes Snack Pack,Bhoomi Agro,PANT-000201,890100157072,Pantry & Dry Goods,18,packet,192.86,266.52,2027-09-19,Aisle 07,ambient
Premium Sea Salt Liquid Laundry Detergent 750g,Urban Roots Organics,HOUS-000202,890100157073,Household & Personal Care,209,pack,593.83,987.58,2026-08-29,Aisle 12,ambient
Gourmet Jalapeno Lime Garlic Naan Frozen 4pk 330ml,Fortune Kitchens,FROZ-000203,890100157074,Frozen Foods,205,packet,342.80,507.75,2026-12-10,Aisle 08,frozen
Cured Vanilla Bean Ciabatta Roll 4-Pack,Deccan Milling,BAKE-000204,890100157075,Bakery & Deli,66,pcs,152.57,261.92,2026-09-06,Aisle 03,ambient
Extra-Virgin Kesar Pista Surmai Steaks 200g,Himalayan Plantations,MEAT-000205,890100157076,Meat & Seafood,126,kg,389.24,577.43,2026-09-02,Aisle 05,chilled
Organic Dishwash Gel Lemon 300g,Amul Co.,HOUS-000206,890100157077,Household & Personal Care,194,bottle,219.84,277.35,2027-06-14,Aisle 11,ambient
Sun-Dried Smoked Paprika Greek Yogurt Snack Pack,Vedic Fresh Plantations,DAIR-000207,890100157078,Dairy & Eggs,116,pack,471.84,634.21,2026-09-17,Aisle 02,chilled
Grass-Fed Caramelized Onion Salted Butter 1.5L,Nilgiri Kitchens,DAIR-000208,890100157079,Dairy & Eggs,34,packet,131.47,226.14,2026-08-30,Aisle 03,chilled
Roasted Lassi Mango Infused 2kg,FarmGold Plantations,DAIR-000209,890100157080,Dairy & Eggs,54,pack,281.82,382.85,2026-09-24,Aisle 03,chilled
Gluten-Free Cardamom Spiced Dry Fruits Trail Mix 300g,Deccan Foods,SNAC-000210,890100157081,Snacks & Confectionery,178,packet,337.63,603.88,2026-11-07,Aisle 10,ambient
Free-Range Wood-Fired Veggie Pizza 750g,Heritage Provisions,FROZ-000211,890100157082,Frozen Foods,148,box,221.62,312.40,2026-12-25,Aisle 08,frozen
Wildcrafted Cinnamon Spice Hash Browns 6pk 300g,Satvik Plantations,FROZ-000212,890100157083,Frozen Foods,164,pack,400.33,527.64,2027-02-06,Aisle 09,frozen
Cured Pure Jaggery Powder (Gud) 300g,Vedic Fresh Organics,PANT-000213,890100157084,Pantry & Dry Goods,51,can,423.93,668.00,2026-08-27,Aisle 08,ambient
Golden Butter Croissants 1kg,Patanjali Provisions,BAKE-000214,890100157085,Bakery & Deli,14,pcs,176.21,325.26,2026-09-01,Aisle 04,chilled
Heritage Matcha Green Tea Flavored Yogurt 330ml,SunBrite Botanicals,DAIR-000215,890100157086,Dairy & Eggs,246,packet,417.37,766.64,2026-09-14,Aisle 02,chilled
Free-Range Caramelized Onion Seedless Grapes Family Pack,Himalayan Milling,FRES-000216,890100157087,Fresh Produce,144,pack,92.74,144.48,2026-09-11,Aisle 02,chilled
Handcrafted Tulsi Honey Catla Fish Steaks 10kg,Fortune Plantations,MEAT-000217,890100157088,Meat & Seafood,232,kg,340.80,537.63,2026-08-31,Aisle 05,chilled
Wildcrafted Jalapeno Lime Papayas 50g,FarmGold Naturals,FRES-000218,890100157089,Fresh Produce,66,bunch,37.49,49.02,2026-09-16,Aisle 02,chilled
Gluten-Free Makhana Crunch Tender Coconut Water 150g,Pashmina Provisions,BEVE-000219,890100157090,Beverages,26,bottle,258.20,426.31,2027-03-07,Aisle 05,chilled
Handcrafted Roasted Makhana Foxnuts 10-Pack,Ganga Co.,SNAC-000220,890100157091,Snacks & Confectionery,139,box,373.72,656.56,2027-06-19,Aisle 10,ambient
Authentic Nagpur Orange 70% Dark Chocolate Bar 2-Pack,Heritage Goods,SNAC-000221,890100157092,Snacks & Confectionery,132,bag,315.77,584.02,2026-08-28,Aisle 10,ambient
Whole-Grain Cardamom Spiced Squid Rings Cleaned 2-Pack,Ganga Dairy,MEAT-000222,890100157093,Meat & Seafood,143,kg,840.67,1086.16,2026-09-02,Aisle 04,chilled
Whole-Grain Vanilla Bean Cold Pressed Orange Juice 400g,Saffola Botanicals,BEVE-000223,890100157094,Beverages,69,carton,308.89,518.24,2026-08-30,Aisle 05,chilled
Wildcrafted Jeera Masala Soda 24-Pack,Organic Tattva Kitchens,BEVE-000224,890100157095,Beverages,4,box,265.53,358.87,2027-04-13,Aisle 05,chilled
Natural Boneless Chicken Breast 6-Pack,Pashmina Botanicals,MEAT-000225,890100157096,Meat & Seafood,16,pack,810.70,1125.94,2026-08-31,Aisle 05,chilled
Raw Sweet Tamarind Smoked Chicken Slices 8-Pack,Saffola Mills,BAKE-000226,890100157097,Bakery & Deli,16,pcs,274.92,356.83,2026-09-03,Aisle 04,ambient
Pure Cardamom Spiced Feta Cheese 50g,Kaveri Springs,DAIR-000227,890100157098,Dairy & Eggs,138,box,267.42,409.41,2026-08-28,Aisle 03,chilled
Organic Double Toned Milk 2kg,Mother Dairy Farms,DAIR-000228,890100157099,Dairy & Eggs,89,pack,167.45,247.20,2026-09-11,Aisle 03,chilled
Organic Garlic & Herb Stainless Steel Scrubber 3pk 12-Pack,Vedic Fresh Springs,HOUS-000229,890100157100,Household & Personal Care,16,bottle,414.36,602.77,2027-12-11,Aisle 12,ambient
Gluten-Free Ajwain & Jeera Chamomile Herbal Tea 250ml,Royal Indian Naturals,BEVE-000230,890100157101,Beverages,76,bag,30.20,53.65,2026-09-17,Aisle 05,ambient
Traditional Whole Wheat Atta Bread 50g,Bhoomi Dairy,BAKE-000231,890100157102,Bakery & Deli,186,pack,254.98,468.89,2026-08-31,Aisle 03,ambient
Sun-Dried Tulsi Honey Unsalted White Butter 24-Pack,Organic Tattva Co.,DAIR-000232,890100157103,Dairy & Eggs,98,box,371.00,664.10,2026-09-25,Aisle 03,chilled
Sweet Truffle Infused Mosquito Vaporizer Refill 5kg,Ganga Harvest,HOUS-000233,890100157104,Household & Personal Care,71,pack,224.91,398.00,2026-08-30,Aisle 11,ambient
Grass-Fed Cinnamon Spice Butter Croissants 1kg,Tata Organics,BAKE-000234,890100157105,Bakery & Deli,246,pcs,143.11,232.40,2026-08-27,Aisle 04,chilled
Stone-Ground Kashmiri Saffron Sona Masoori Rice 150ml,Fortune Botanicals,PANT-000235,890100157106,Pantry & Dry Goods,41,packet,370.51,510.84,2026-08-29,Aisle 08,ambient
Grass-Fed Banana Chips Kerala Style 330ml,Pure Vedic Farms,SNAC-000236,890100157107,Snacks & Confectionery,58,packet,281.18,433.34,2027-04-12,Aisle 10,ambient
Crisp Kachi Ghani Mustard Badam Milk Drink 4-Pack,Mother Dairy Harvest,BEVE-000237,890100157108,Beverages,92,can,265.01,459.38,2027-07-19,Aisle 05,chilled
Golden Ciabatta Roll 5kg,Mother Dairy Goods,BAKE-000238,890100157109,Bakery & Deli,213,pack,279.31,471.27,2026-09-02,Aisle 04,chilled
Low-Sodium Makhana Crunch Gouda Block 2-Pack,Mother Dairy Foods,DAIR-000239,890100157110,Dairy & Eggs,216,tub,426.10,586.32,2026-08-30,Aisle 03,chilled
Traditional Nagpur Orange Cauliflower 24-Pack,Dabur Organics,FRES-000240,890100157111,Fresh Produce,114,bag,105.55,139.69,2026-08-29,Aisle 02,ambient
Royal Mint Lime Ayurvedic Bath Soap 5kg,Nilgiri Organics,HOUS-000241,890100157112,Household & Personal Care,229,packet,339.19,550.71,2027-11-06,Aisle 11,ambient
Organic Truffle Infused Ginger Kombucha 500g,Bhoomi Organics,BEVE-000242,890100157113,Beverages,9,bottle,361.68,505.30,2026-09-18,Aisle 06,ambient
Spiced Vanilla Bean Mutton Curry Cut 50g,Pashmina Provisions,MEAT-000243,890100157114,Meat & Seafood,155,pack,682.05,1211.72,2026-09-01,Aisle 05,chilled
Premium Matcha Green Tea Squid Rings Cleaned 500ml,Heritage Dairy,MEAT-000244,890100157115,Meat & Seafood,110,pack,650.10,1122.81,2026-09-01,Aisle 04,chilled
Unpolished Cinnamon Spice Cauliflower 500ml,Organic Tattva Goods,FRES-000245,890100157116,Fresh Produce,228,bag,106.90,146.93,2026-09-17,Aisle 01,ambient
Cold-Pressed Masala Chai Pomfret Whole 2-Pack,Kaveri Agro,MEAT-000246,890100157117,Meat & Seafood,8,pcs,232.15,300.71,2026-09-03,Aisle 04,chilled
Valley Fresh Veg Spring Rolls 6-Pack,Satvik Goods,FROZ-000247,890100157118,Frozen Foods,242,pack,217.65,397.73,2027-04-04,Aisle 09,frozen
Valley Fresh Mint Lime Paneer Paratha Frozen Family Pack,Dabur Naturals,FROZ-000248,890100157119,Frozen Foods,241,bag,192.14,303.89,2027-04-17,Aisle 08,frozen
Sweet Kachi Ghani Mustard Banana Chips Kerala Style 1.5L,Deccan Botanicals,SNAC-000249,890100157120,Snacks & Confectionery,5,box,356.79,613.58,2027-03-22,Aisle 09,ambient
Aged Himalayan Spring Water 1kg,Organic Tattva Plantations,BEVE-000250,890100157121,Beverages,220,pack,190.90,258.47,2026-08-27,Aisle 05,chilled
Cold-Pressed Jalapeno Lime Feta Cheese Value Pack,Fortune Farms,DAIR-000251,890100157122,Dairy & Eggs,144,tub,259.74,457.59,2026-09-13,Aisle 02,chilled
Stone-Ground 70% Dark Chocolate Bar Snack Pack,Organic Tattva Foods,SNAC-000252,890100157123,Snacks & Confectionery,20,bag,117.02,186.28,2027-03-06,Aisle 09,ambient
Signature Brownie Bites 300g,Heritage Co.,BAKE-000253,890100157124,Bakery & Deli,95,pack,49.22,88.47,2026-08-31,Aisle 03,chilled
Wildcrafted Matcha Green Tea Pears 250ml,Pure Vedic Farms,FRES-000254,890100157125,Fresh Produce,249,bag,145.82,256.23,2026-09-11,Aisle 02,ambient
Grass-Fed Lemon Pepper Curd Tub (Dahi) 50g,Ganga Organics,DAIR-000255,890100157126,Dairy & Eggs,53,packet,498.70,817.07,2026-08-29,Aisle 03,chilled
Spiced Golden Ginger Apple Cider Vinegar Drink 2-Pack,Vedic Fresh Naturals,BEVE-000256,890100157127,Beverages,150,bottle,306.47,498.47,2026-11-14,Aisle 05,ambient
Sweet Garlic Naan Frozen 4pk 1L,Green Earth Plantations,FROZ-000257,890100157128,Frozen Foods,15,packet,201.64,322.97,2026-12-15,Aisle 09,frozen
Spiced Nagpur Orange Toor Dal Premium 500g,Bhoomi Farms,PANT-000258,890100157129,Pantry & Dry Goods,103,jar,391.07,605.70,2026-08-28,Aisle 08,ambient
Free-Range Paneer Block 750ml,Ganga Foods,DAIR-000259,890100157130,Dairy & Eggs,19,packet,130.73,219.75,2026-09-26,Aisle 02,chilled
Gourmet Nagpur Orange Ricotta Fresh 750ml,Nilgiri Goods,DAIR-000260,890100157131,Dairy & Eggs,132,packet,119.05,200.68,2026-08-30,Aisle 02,chilled
Valley Fresh Mosquito Vaporizer Refill 10-Pack,Heritage Dairy,HOUS-000261,890100157132,Household & Personal Care,75,tube,500.77,787.32,2028-05-11,Aisle 11,ambient
Natural Golden Ginger Organic Green Tea 500ml,Urban Roots Kitchens,BEVE-000262,890100157133,Beverages,59,carton,77.16,107.64,2027-02-24,Aisle 06,chilled
Free-Range Urad Dal Whole 400g,Nature Harvest Goods,PANT-000263,890100157134,Pantry & Dry Goods,200,bag,406.33,538.20,2028-06-28,Aisle 06,ambient
Whole-Grain Smoked Paprika Catla Fish Steaks 50g,Pashmina Farms,MEAT-000264,890100157135,Meat & Seafood,33,pack,299.35,386.57,2026-09-02,Aisle 05,chilled
Raw Kesar Pista Pav 6-Pack 2kg,SunBrite Provisions,BAKE-000265,890100157136,Bakery & Deli,213,box,297.20,427.18,2026-09-02,Aisle 04,ambient
Crisp Dark Chocolate Squid Rings Cleaned 24-Pack,Desi Organics Provisions,MEAT-000266,890100157137,Meat & Seafood,16,pack,700.71,999.53,2026-08-30,Aisle 05,chilled
Natural Poha Thick Flakes 6-Pack,Saffola Naturals,PANT-000267,890100157138,Pantry & Dry Goods,9,packet,612.41,912.17,2028-02-10,Aisle 08,ambient
Premium Lentils Red Masoor 750ml,Heritage Goods,PANT-000268,890100157139,Pantry & Dry Goods,150,box,678.67,1086.14,2027-06-29,Aisle 08,ambient
Royal Desi Cow Ghee 2kg,Deccan Plantations,DAIR-000269,890100157140,Dairy & Eggs,61,tub,84.04,127.82,2026-09-08,Aisle 02,chilled
Gluten-Free Bath Tissue 6-Pack 10kg,Urban Roots Dairy,HOUS-000270,890100157141,Household & Personal Care,4,bottle,322.04,508.33,2027-06-01,Aisle 12,ambient
Natural Garlic & Herb Yukon Gold Potatoes 330ml,Catch Agro,FRES-000271,890100157142,Fresh Produce,148,kg,45.71,76.57,2026-08-30,Aisle 01,chilled
Artisan Ajwain & Jeera Mosquito Vaporizer Refill 500g,Catch Mills,HOUS-000272,890100157143,Household & Personal Care,202,packet,273.30,453.75,2027-07-25,Aisle 11,ambient
Extra-Virgin Salted Butter 10-Pack,Urban Roots Springs,DAIR-000273,890100157144,Dairy & Eggs,87,carton,157.53,229.00,2026-09-06,Aisle 03,chilled
Royal Fresh Methi 200g,Bhoomi Botanicals,FRES-000274,890100157145,Fresh Produce,26,kg,99.34,152.76,2026-09-16,Aisle 02,chilled
Premium Royal Basmati Rice 5kg,Green Earth Goods,PANT-000275,890100157146,Pantry & Dry Goods,81,can,530.93,914.44,2027-09-11,Aisle 08,ambient
Rustic Bagel Plain 4pk 10kg,FarmGold Foods,BAKE-000276,890100157147,Bakery & Deli,65,pack,124.30,205.44,2026-08-26,Aisle 03,ambient
Raw Cardamom Spiced Fruit Cake Slice 150g,Pashmina Dairy,BAKE-000277,890100157148,Bakery & Deli,35,pcs,171.36,214.32,2026-09-07,Aisle 03,ambient
Rustic Jalapeno Lime Sourdough Loaf 250g,Catch Kitchens,BAKE-000278,890100157149,Bakery & Deli,231,pack,284.46,463.34,2026-08-28,Aisle 03,chilled
Free-Range Lemon Pepper Nimbu Paani Soda 5kg,Pashmina Agro,BEVE-000279,890100157150,Beverages,205,bottle,356.24,518.30,2027-07-24,Aisle 06,ambient
Premium Wood-Fired Veggie Pizza 2-Pack,Royal Indian Co.,FROZ-000280,890100157151,Frozen Foods,165,tub,360.02,656.73,2026-11-19,Aisle 09,frozen
Aged Nagpur Orange Squid Rings Cleaned 5kg,Fortune Dairy,MEAT-000281,890100157152,Meat & Seafood,58,pcs,435.54,712.09,2026-09-03,Aisle 04,chilled
Artisan Toasted Sesame Dry Fruits Trail Mix 200ml,Green Earth Farms,SNAC-000282,890100157153,Snacks & Confectionery,31,pack,164.32,277.26,2026-11-03,Aisle 10,ambient
Royal Veg Spring Rolls 24-Pack,Urban Roots Foods,FROZ-000283,890100157154,Frozen Foods,143,pack,235.20,405.45,2027-05-11,Aisle 09,frozen
Wildcrafted Poha Thick Flakes 5L,FarmGold Plantations,PANT-000284,890100157155,Pantry & Dry Goods,204,jar,696.75,1137.05,2026-12-15,Aisle 06,ambient
Pure Truffle Infused Crab Meat Fresh 2L,SunBrite Springs,MEAT-000285,890100157156,Meat & Seafood,75,pcs,461.50,655.23,2026-08-31,Aisle 05,chilled
Artisan Red Chilli & Garlic Pomegranates 150g,Mother Dairy Organics,FRES-000286,890100157157,Fresh Produce,204,bag,102.69,166.60,2026-09-04,Aisle 01,chilled
Stone-Ground Mutton Chops 8-Pack,Satvik Dairy,MEAT-000287,890100157158,Meat & Seafood,228,kg,199.24,292.80,2026-08-31,Aisle 05,chilled
Extra-Virgin Vanilla Bean Avocados 150g,Deccan Provisions,FRES-000288,890100157159,Fresh Produce,86,kg,75.03,119.80,2026-08-29,Aisle 02,ambient
Smoked Kesar Pista Frozen Green Peas 6-Pack,Heritage Milling,FROZ-000289,890100157160,Frozen Foods,188,box,53.52,72.53,2027-06-16,Aisle 09,frozen
Golden Mint Lime Frozen Green Peas 2-Pack,FarmGold Goods,FROZ-000290,890100157161,Frozen Foods,96,pack,113.22,178.78,2027-05-17,Aisle 08,frozen
Royal Red Chilli & Garlic Green Chillies 2kg,Vedic Fresh Goods,FRES-000291,890100157162,Fresh Produce,207,bunch,138.78,173.72,2026-08-29,Aisle 01,ambient
Valley Fresh Sourdough Loaf 150ml,Green Earth Organics,BAKE-000292,890100157163,Bakery & Deli,56,pcs,108.72,159.52,2026-09-02,Aisle 04,chilled
Organic Liquid Laundry Detergent 5L,Green Earth Farms,HOUS-000293,890100157164,Household & Personal Care,126,pack,374.54,622.22,2028-10-21,Aisle 11,ambient
Authentic Pista Almond Carrots 200ml,Dabur Goods,FRES-000294,890100157165,Fresh Produce,231,bag,70.54,89.17,2026-08-27,Aisle 01,ambient
Stone-Ground Cinnamon Spice Liquid Laundry Detergent 200ml,Nature Harvest Botanicals,HOUS-000295,890100157166,Household & Personal Care,178,tube,322.57,451.01,2028-04-02,Aisle 12,ambient
Authentic Cinnamon Spice Crab Meat Fresh 6-Pack,Vedic Fresh Mills,MEAT-000296,890100157167,Meat & Seafood,38,kg,760.40,1361.57,2026-08-17,Aisle 05,chilled
Country Style Electrolyte Energy Drink 330ml,Heritage Goods,BEVE-000297,890100157168,Beverages,97,pack,272.04,421.89,2027-06-25,Aisle 06,ambient
Stone-Ground Vanilla Bean Kaju Katli Sweet Box 10-Pack,Ganga Springs,SNAC-000298,890100157169,Snacks & Confectionery,24,packet,482.42,839.60,2026-10-20,Aisle 09,ambient
Gluten-Free Desi Cow Ghee 400g,Tata Harvest,DAIR-000299,890100157170,Dairy & Eggs,204,packet,490.56,796.65,2026-09-18,Aisle 02,chilled
Country Style Garlic & Herb Bath Tissue 6-Pack 2L,Pashmina Farms,HOUS-000300,890100157171,Household & Personal Care,167,tube,436.65,719.70,2028-11-01,Aisle 12,ambient
Extra-Virgin Bhujia Sev 250g,Urban Roots Agro,SNAC-000301,890100157172,Snacks & Confectionery,76,bag,375.60,694.31,2026-08-29,Aisle 10,ambient
Pure Kesar Pista Tender Coconut Water 200g,Satvik Mills,BEVE-000302,890100157173,Beverages,36,bag,393.51,502.75,2026-11-19,Aisle 05,chilled
Golden Sea Salt Wood-Fired Veggie Pizza 2-Pack,Urban Roots Botanicals,FROZ-000303,890100157174,Frozen Foods,143,box,58.86,102.98,2027-07-29,Aisle 08,frozen
Valley Fresh Alphonso Mango Parmigiano-Reggiano 8-Pack,Pashmina Mills,DAIR-000304,890100157175,Dairy & Eggs,218,pack,450.40,570.32,2026-09-16,Aisle 03,chilled
Signature Golden Ginger Bell Peppers Family Pack,Bhoomi Mills,FRES-000305,890100157176,Fresh Produce,99,bag,151.29,247.94,2026-09-09,Aisle 02,chilled
Pure Granola Health Bars 2-Pack,Heritage Harvest,SNAC-000306,890100157177,Snacks & Confectionery,77,packet,231.94,335.66,2027-04-06,Aisle 10,ambient
Signature Cinnamon Spice Espresso Roast Ground Coffee Value Pack,Fortune Co.,BEVE-000307,890100157178,Beverages,27,can,79.56,144.05,2026-11-12,Aisle 05,chilled
Cured Golden Ginger Cauliflower 1L,Tata Goods,FRES-000308,890100157179,Fresh Produce,61,pack,100.69,128.26,2026-08-29,Aisle 02,ambient
Wildcrafted Nagpur Orange Mutton Curry Cut 50g,Nature Harvest Dairy,MEAT-000309,890100157180,Meat & Seafood,39,pcs,641.35,841.83,2026-09-02,Aisle 05,chilled
Whole-Grain Nagpur Orange Green Chillies Family Pack,Deccan Botanicals,FRES-000310,890100157181,Fresh Produce,35,pcs,96.99,159.72,2026-08-22,Aisle 02,chilled
Spiced Truffle Infused Brownie Bites 100g,Ganga Foods,BAKE-000311,890100157182,Bakery & Deli,170,pack,123.75,218.06,2026-09-04,Aisle 04,ambient
Organic Sea Salt Greek Yogurt 10-Pack,Nilgiri Foods,DAIR-000312,890100157183,Dairy & Eggs,65,carton,70.96,115.92,2026-09-13,Aisle 03,chilled
Farm-Fresh Alphonso Mango Multigrain Tortillas 1.5L,Nature Harvest Goods,BAKE-000313,890100157184,Bakery & Deli,227,pcs,85.89,138.41,2026-08-31,Aisle 03,ambient
Stone-Ground Cow Milk 10kg,Organic Tattva Springs,DAIR-000314,890100157185,Dairy & Eggs,137,carton,190.70,325.00,2026-09-16,Aisle 02,chilled
Desi Chicken Frankfurters 5kg,Vedic Fresh Plantations,BAKE-000315,890100157186,Bakery & Deli,57,pack,246.02,422.48,2026-08-30,Aisle 03,ambient
Farm-Fresh Paneer Tikka Deli 150g,Saffola Co.,BAKE-000316,890100157187,Bakery & Deli,139,pack,196.26,295.58,2026-09-01,Aisle 03,ambient
Raw Dishwash Gel Lemon 750g,Fortune Co.,HOUS-000317,890100157188,Household & Personal Care,176,tube,75.92,124.55,2027-08-05,Aisle 11,ambient
Country Style Oranges Nagpur 8-Pack,Organic Tattva Botanicals,FRES-000318,890100157189,Fresh Produce,119,pack,157.11,209.37,2026-09-03,Aisle 02,chilled
Valley Fresh Coconut Cream Alphonso Mangoes Snack Pack,Tata Farms,FRES-000319,890100157190,Fresh Produce,98,pack,98.49,145.71,2026-08-30,Aisle 01,ambient
Gluten-Free Kesar Pista Roasted Makhana Foxnuts 2-Pack,Catch Agro,SNAC-000320,890100157191,Snacks & Confectionery,52,pack,518.10,860.65,2026-11-18,Aisle 09,ambient
Select Mint Lime Fresh Mosambi Juice 6-Pack,Urban Roots Naturals,BEVE-000321,890100157192,Beverages,172,bag,435.62,641.36,2026-12-24,Aisle 06,ambient
Extra-Virgin Cheese Croissant 2L,Mother Dairy Farms,BAKE-000322,890100157193,Bakery & Deli,36,box,56.86,97.36,2026-09-09,Aisle 03,chilled
Traditional Smoked Paprika Organic Sharbati Atta 1.5L,Saffola Springs,PANT-000323,890100157194,Pantry & Dry Goods,160,packet,736.28,1166.10,2027-11-05,Aisle 08,ambient
Smoked Masala Chai Pears 150g,Green Earth Foods,FRES-000324,890100157195,Fresh Produce,85,bunch,98.95,144.46,2026-09-17,Aisle 02,chilled
Wildcrafted Floor Disinfectant Pine 200ml,Kaveri Goods,HOUS-000325,890100157196,Household & Personal Care,159,packet,379.40,657.82,2028-06-25,Aisle 11,ambient
Cured Kesar Pista Tonic Water Premium 10-Pack,Catch Mills,BEVE-000326,890100157197,Beverages,166,pack,316.72,538.70,2027-04-04,Aisle 06,chilled
Stone-Ground Golden Ginger Electrolyte Energy Drink 200ml,Mother Dairy Co.,BEVE-000327,890100157198,Beverages,178,bag,216.95,365.36,2027-08-25,Aisle 05,ambient
Heritage Jalapeno Lime Nimbu Paani Soda 200g,Pashmina Foods,BEVE-000328,890100157199,Beverages,227,can,311.98,529.96,2027-07-07,Aisle 05,chilled
Gluten-Free Golden Ginger Organic Brown Sugar 50g,Bhoomi Provisions,PANT-000329,890100157200,Pantry & Dry Goods,163,jar,31.60,45.14,2027-05-08,Aisle 08,ambient
Sun-Dried Oranges Nagpur 150ml,Amul Botanicals,FRES-000330,890100157201,Fresh Produce,73,pack,146.70,247.67,2026-09-17,Aisle 01,ambient
Valley Fresh Royal Basmati Rice 2L,Amul Provisions,PANT-000331,890100157202,Pantry & Dry Goods,110,jar,137.32,177.90,2026-08-26,Aisle 07,ambient
Authentic Garlic & Herb Sweet Corn Kernels 24-Pack,Everest Springs,FROZ-000332,890100157203,Frozen Foods,224,bag,185.55,241.86,2027-04-30,Aisle 08,frozen
Signature Garlic Focaccia 330ml,Dabur Goods,BAKE-000333,890100157204,Bakery & Deli,111,pcs,168.74,264.26,2026-09-03,Aisle 03,chilled
Premium Sea Salt Organic Green Tea 1L,Tata Dairy,BEVE-000334,890100157205,Beverages,36,can,30.51,50.97,2026-08-30,Aisle 05,chilled
Roasted Cinnamon Spice Surmai Steaks 10-Pack,Royal Indian Co.,MEAT-000335,890100157206,Meat & Seafood,235,pack,456.00,575.31,2026-09-03,Aisle 05,chilled
Raw Masala Chai Ricotta Fresh 10kg,Amul Plantations,DAIR-000336,890100157207,Dairy & Eggs,188,carton,226.80,408.36,2026-09-03,Aisle 02,chilled
Smoked Wood-Fired Veggie Pizza 5L,Tata Harvest,FROZ-000337,890100157208,Frozen Foods,122,tub,394.53,541.80,2027-06-18,Aisle 09,frozen
Stone-Ground Sea Salt Banana Chips Kerala Style 4-Pack,Pure Vedic Dairy,SNAC-000338,890100157209,Snacks & Confectionery,191,bar,100.94,138.90,2027-02-15,Aisle 09,ambient
Valley Fresh Rose Infused Frozen Green Peas 10-Pack,Himalayan Mills,FROZ-000339,890100157210,Frozen Foods,204,bag,366.53,610.12,2027-02-10,Aisle 08,frozen
Crisp Golden Ginger Sweet Corn Kernels 150ml,Nilgiri Co.,FROZ-000340,890100157211,Frozen Foods,214,box,191.48,257.62,2027-04-12,Aisle 09,frozen
Aged Kashmiri Saffron Oranges Nagpur 10kg,Patanjali Dairy,FRES-000341,890100157212,Fresh Produce,239,pack,93.18,152.54,2026-09-13,Aisle 01,ambient
Pure Vanilla Bean Double Toned Milk 2kg,Satvik Milling,DAIR-000342,890100157213,Dairy & Eggs,117,packet,126.96,199.84,2026-09-15,Aisle 02,chilled
Cold-Pressed Tandoori Smoked Frozen Green Peas 150g,Fortune Goods,FROZ-000343,890100157214,Frozen Foods,4,pack,61.45,92.53,2027-05-01,Aisle 09,frozen
Raw Nagpur Orange Banana Chips Kerala Style 6-Pack,Everest Naturals,SNAC-000344,890100157215,Snacks & Confectionery,85,tub,163.84,253.71,2027-01-12,Aisle 10,ambient
Country Style Tandoori Smoked Mixed Berries Frozen 350g,Bhoomi Agro,FROZ-000345,890100157216,Frozen Foods,248,packet,205.37,258.53,2027-08-07,Aisle 08,frozen
Aged Aloo Tikki 8-Pack 8-Pack,Amul Naturals,FROZ-000346,890100157217,Frozen Foods,18,packet,386.06,546.89,2027-04-21,Aisle 08,frozen
Cured Tandoori Smoked Portobello Mushrooms 1L,Deccan Dairy,FRES-000347,890100157218,Fresh Produce,204,pack,138.94,241.59,2026-09-09,Aisle 01,chilled
Golden 70% Dark Chocolate Bar Value Pack,Organic Tattva Organics,SNAC-000348,890100157219,Snacks & Confectionery,74,box,239.37,382.06,2026-11-01,Aisle 09,ambient
Valley Fresh Chicken Keema 10kg,Deccan Agro,MEAT-000349,890100157220,Meat & Seafood,134,pack,771.44,1362.67,2026-09-01,Aisle 04,chilled
Desi Caramelized Onion California Almonds 1.5L,Dabur Springs,SNAC-000350,890100157221,Snacks & Confectionery,58,pack,97.06,130.03,2026-10-22,Aisle 09,ambient
Sweet Himalayan Spring Water 10kg,Nature Harvest Foods,BEVE-000351,890100157222,Beverages,125,pack,379.52,685.10,2027-05-19,Aisle 05,chilled
Royal Tandoori Smoked Ricotta Fresh 5L,Mother Dairy Provisions,DAIR-000352,890100157223,Dairy & Eggs,165,packet,250.96,320.99,2026-08-20,Aisle 02,chilled
Wildcrafted Kachi Ghani Mustard Double Toned Milk 2-Pack,Kaveri Farms,DAIR-000353,890100157224,Dairy & Eggs,82,pack,290.56,435.77,2026-09-04,Aisle 03,chilled
Roasted Squid Rings Cleaned 10-Pack,Royal Indian Harvest,MEAT-000354,890100157225,Meat & Seafood,169,kg,841.05,1429.92,2026-08-31,Aisle 05,chilled
Handcrafted Jalapeno Lime Frozen Veg Momos 1kg,Dabur Organics,FROZ-000355,890100157226,Frozen Foods,31,bag,165.90,224.55,2027-05-15,Aisle 09,frozen
Low-Sodium Lemon Pepper Organic Sharbati Atta 12-Pack,Organic Tattva Springs,PANT-000356,890100157227,Pantry & Dry Goods,96,box,101.95,154.16,2028-02-21,Aisle 08,ambient
Crisp Jalapeno Lime Tender Coconut Water 500ml,SunBrite Farms,BEVE-000357,890100157228,Beverages,104,pack,229.51,353.06,2026-08-29,Aisle 06,ambient
Homestyle Tandoori Smoked Moong Dal Namkeen 350g,Amul Botanicals,SNAC-000358,890100157229,Snacks & Confectionery,194,pack,240.66,386.18,2026-11-24,Aisle 10,ambient
Cold-Pressed Golden Ginger California Almonds 150g,Heritage Mills,SNAC-000359,890100157230,Snacks & Confectionery,229,bar,394.38,521.40,2027-05-11,Aisle 10,ambient
Homestyle Sea Salt Goat Mince Premium 150ml,Desi Organics Milling,MEAT-000360,890100157231,Meat & Seafood,32,pcs,861.38,1510.59,2026-08-31,Aisle 05,chilled
Plant-Based Dark Chocolate Cold-Pressed Groundnut Oil 1L,Urban Roots Harvest,PANT-000361,890100157232,Pantry & Dry Goods,182,bag,494.60,911.27,2028-02-27,Aisle 07,ambient
Wildcrafted Lentils Red Masoor 250ml,Fortune Agro,PANT-000362,890100157233,Pantry & Dry Goods,125,bag,55.01,85.87,2027-10-04,Aisle 08,ambient
Valley Fresh Floor Disinfectant Pine 1kg,Ganga Co.,HOUS-000363,890100157234,Household & Personal Care,8,packet,88.52,118.21,2027-04-13,Aisle 11,ambient
Select Kashmiri Saffron Raw Wildflower Honey 24-Pack,Patanjali Harvest,PANT-000364,890100157235,Pantry & Dry Goods,145,packet,372.38,529.79,2027-02-11,Aisle 07,ambient
Smoked French Fries Crispy 750ml,Tata Foods,FROZ-000365,890100157236,Frozen Foods,124,box,235.62,390.05,2026-12-21,Aisle 08,frozen
Handcrafted Ajwain & Jeera Coriander Leaves 2L,Catch Foods,FRES-000366,890100157237,Fresh Produce,173,bag,106.11,172.90,2026-09-02,Aisle 02,chilled
Signature Herbal Hand Wash Neem Family Pack,FarmGold Kitchens,HOUS-000367,890100157238,Household & Personal Care,71,packet,232.31,315.97,2027-11-19,Aisle 12,ambient
Aged Sweet Tamarind Edamame Pods 2-Pack,FarmGold Co.,FROZ-000368,890100157239,Frozen Foods,237,packet,337.47,451.21,2027-08-10,Aisle 08,frozen
Whole-Grain Kashmiri Saffron Liquid Laundry Detergent 2-Pack,Amul Botanicals,HOUS-000369,890100157240,Household & Personal Care,161,box,273.50,353.48,2028-03-23,Aisle 11,ambient
Rustic Alphonso Mango Toned Milk 50g,Nature Harvest Foods,DAIR-000370,890100157241,Dairy & Eggs,79,pack,275.30,391.50,2026-08-16,Aisle 03,chilled
Gluten-Free Moong Dal Namkeen 5kg,Pure Vedic Milling,SNAC-000371,890100157242,Snacks & Confectionery,183,bag,132.67,178.97,2027-06-05,Aisle 09,ambient
Cured Butter Murukku 150ml,Bhoomi Farms,SNAC-000372,890100157243,Snacks & Confectionery,247,tub,211.59,304.58,2026-12-14,Aisle 10,ambient
Plant-Based Pineapples Family Pack,Organic Tattva Harvest,FRES-000373,890100157244,Fresh Produce,36,pcs,112.16,190.27,2026-08-31,Aisle 02,chilled
Wildcrafted Green Peas Fresh 24-Pack,Satvik Kitchens,FRES-000374,890100157245,Fresh Produce,104,pcs,123.14,154.17,2026-09-15,Aisle 02,chilled
Artisan Electrolyte Energy Drink Family Pack,Organic Tattva Co.,BEVE-000375,890100157246,Beverages,45,box,229.92,369.53,2027-03-05,Aisle 06,chilled
Organic Alphonso Mango Frozen Paneer Cubes Value Pack,Dabur Foods,FROZ-000376,890100157247,Frozen Foods,209,box,228.08,381.07,2027-03-13,Aisle 09,frozen
Sweet Sea Salt Bananas 2kg,Mother Dairy Botanicals,FRES-000377,890100157248,Fresh Produce,125,pcs,149.68,223.93,2026-08-30,Aisle 01,ambient
Valley Fresh Herbal Hand Wash Neem 10kg,Ganga Naturals,HOUS-000378,890100157249,Household & Personal Care,38,pack,110.39,160.65,2026-08-15,Aisle 12,ambient
Artisan Guavas 10-Pack,Nature Harvest Harvest,FRES-000379,890100157250,Fresh Produce,180,bunch,159.10,256.13,2026-09-16,Aisle 02,ambient
Signature Smoked Paprika Atlantic Salmon Fillet 330ml,Satvik Provisions,MEAT-000380,890100157251,Meat & Seafood,157,pack,398.62,586.11,2026-09-03,Aisle 05,chilled
Organic Jalapeno Lime Gourmet Cookies Choco-Chip 50g,Tata Milling,SNAC-000381,890100157252,Snacks & Confectionery,36,pack,299.51,440.40,2027-04-09,Aisle 09,ambient
Farm-Fresh Smoked Paprika Veg Spring Rolls 150ml,Kaveri Naturals,FROZ-000382,890100157253,Frozen Foods,233,box,116.58,207.01,2026-11-22,Aisle 08,frozen
Raw Jalapeno Lime Strawberries Family Pack,Nilgiri Farms,FRES-000383,890100157254,Fresh Produce,10,bunch,63.04,108.92,2026-08-29,Aisle 01,chilled
Low-Sodium Hash Browns 6pk 150g,Deccan Goods,FROZ-000384,890100157255,Frozen Foods,53,bag,276.54,375.99,2027-05-17,Aisle 09,frozen
Spiced Bagel Plain 4pk 350g,Kaveri Kitchens,BAKE-000385,890100157256,Bakery & Deli,19,pack,276.23,447.45,2026-08-31,Aisle 04,chilled
Smoked Chatpata Masala Kitchen Paper Towels 4-Roll 1L,Amul Agro,HOUS-000386,890100157257,Household & Personal Care,164,pack,396.85,506.46,2028-12-22,Aisle 12,ambient
Cured Sea Salt Mustard Oil Kachi Ghani 6-Pack,Nilgiri Co.,PANT-000387,890100157258,Pantry & Dry Goods,139,can,571.29,897.49,2027-10-04,Aisle 08,ambient
Whole-Grain Nagpur Orange Brioche Burger Buns 150g,Everest Plantations,BAKE-000388,890100157259,Bakery & Deli,212,pack,73.88,134.86,2026-09-08,Aisle 03,chilled
Sun-Dried Veg Spring Rolls 200g,Deccan Co.,FROZ-000389,890100157260,Frozen Foods,165,box,288.84,494.51,2027-03-04,Aisle 08,frozen
Extra-Virgin Gulab Jamun Tin 250g,Vedic Fresh Plantations,SNAC-000390,890100157261,Snacks & Confectionery,180,pack,539.69,820.25,2027-05-09,Aisle 09,ambient
Artisan Frozen Veg Momos Family Pack,Kaveri Farms,FROZ-000391,890100157262,Frozen Foods,42,pack,51.10,78.94,2027-07-17,Aisle 09,frozen
Smoked Hash Browns 6pk 750g,Urban Roots Botanicals,FROZ-000392,890100157263,Frozen Foods,115,packet,180.88,270.04,2026-11-14,Aisle 09,frozen
Stone-Ground Nagpur Orange Lentils Red Masoor 8-Pack,Desi Organics Naturals,PANT-000393,890100157264,Pantry & Dry Goods,41,packet,494.27,851.41,2028-06-22,Aisle 06,ambient
Aged Poha Thick Flakes 330ml,Pure Vedic Organics,PANT-000394,890100157265,Pantry & Dry Goods,199,can,582.17,885.82,2027-07-16,Aisle 07,ambient
Crisp Mutton Curry Cut 24-Pack,Organic Tattva Foods,MEAT-000395,890100157266,Meat & Seafood,133,kg,335.03,572.63,2026-08-29,Aisle 04,chilled
Pure Brownie Bites 2kg,Mother Dairy Dairy,BAKE-000396,890100157267,Bakery & Deli,45,box,165.05,281.08,2026-09-03,Aisle 03,chilled
Golden Sweet Tamarind Raw Wildflower Honey 2L,Everest Goods,PANT-000397,890100157268,Pantry & Dry Goods,144,box,358.61,583.60,2027-09-12,Aisle 06,ambient
Natural Pomfret Whole Value Pack,Organic Tattva Agro,MEAT-000398,890100157269,Meat & Seafood,196,kg,332.93,601.26,2026-09-01,Aisle 04,chilled
Whole-Grain California Almonds Family Pack,Nature Harvest Goods,SNAC-000399,890100157270,Snacks & Confectionery,106,pack,211.14,349.51,2026-10-27,Aisle 09,ambient
Pure Cardamom Spiced Crab Meat Fresh 5kg,Urban Roots Foods,MEAT-000400,890100157271,Meat & Seafood,177,pack,577.60,1047.31,2026-08-18,Aisle 05,chilled
Gluten-Free Kashmiri Saffron Hash Browns 6pk 8-Pack,Nature Harvest Goods,FROZ-000401,890100157272,Frozen Foods,85,tub,228.43,332.61,2027-02-08,Aisle 08,frozen
Golden Sea Salt Aloo Tikki 8-Pack 6-Pack,Vedic Fresh Kitchens,FROZ-000402,890100157273,Frozen Foods,213,pack,63.32,116.13,2026-08-29,Aisle 08,frozen
Roasted Paneer Tikka Deli 1kg,Mother Dairy Co.,BAKE-000403,890100157274,Bakery & Deli,158,box,235.59,351.60,2026-08-30,Aisle 04,ambient
Royal Cardamom Spiced Roasted Salted Cashews 150ml,Fortune Plantations,SNAC-000404,890100157275,Snacks & Confectionery,158,box,320.09,439.90,2026-10-24,Aisle 10,ambient
Select Gourmet Cookies Choco-Chip 150ml,Mother Dairy Kitchens,SNAC-000405,890100157276,Snacks & Confectionery,157,bag,369.24,588.95,2027-04-17,Aisle 09,ambient
Pure Kashmiri Saffron Kitchen Paper Towels 4-Roll 8-Pack,Catch Foods,HOUS-000406,890100157277,Household & Personal Care,128,bottle,251.86,352.89,2026-08-27,Aisle 11,ambient
Organic Garlic Naan Frozen 4pk 150ml,Nilgiri Plantations,FROZ-000407,890100157278,Frozen Foods,109,pack,348.78,443.08,2027-05-26,Aisle 09,frozen
Wildcrafted Masala Chai Masala Potato Chips 750ml,Bhoomi Milling,SNAC-000408,890100157279,Snacks & Confectionery,122,packet,505.03,714.59,2026-11-21,Aisle 10,ambient
Wildcrafted Cinnamon Spice Fresh Chicken Curry Cut 2-Pack,Patanjali Plantations,MEAT-000409,890100157280,Meat & Seafood,166,kg,592.98,856.89,2026-09-02,Aisle 05,chilled
Whole-Grain Roasted Makhana Foxnuts 2kg,Vedic Fresh Agro,SNAC-000410,890100157281,Snacks & Confectionery,222,bag,431.91,765.46,2027-03-05,Aisle 10,ambient
Premium Surface Floor Cleaner Rose 24-Pack,Urban Roots Farms,HOUS-000411,890100157282,Household & Personal Care,249,bottle,262.64,444.10,2029-04-12,Aisle 11,ambient
Extra-Virgin Garlic & Herb Mixed Berries Frozen 500ml,Kaveri Botanicals,FROZ-000412,890100157283,Frozen Foods,245,bag,126.79,187.35,2027-01-25,Aisle 08,frozen
Roasted Garlic & Herb Multigrain Tortillas 500ml,Amul Harvest,BAKE-000413,890100157284,Bakery & Deli,52,box,283.24,466.44,2026-09-10,Aisle 03,chilled
Premium Pink Himalayan Salt 250g,Deccan Springs,PANT-000414,890100157285,Pantry & Dry Goods,106,can,73.80,134.25,2026-08-28,Aisle 06,ambient
Cold-Pressed Bagel Plain 4pk 500g,Royal Indian Plantations,BAKE-000415,890100157286,Bakery & Deli,170,pack,207.94,378.39,2026-09-09,Aisle 03,ambient
Homestyle Smoked Paprika Desi Cow Ghee 330ml,Desi Organics Kitchens,DAIR-000416,890100157287,Dairy & Eggs,208,packet,218.16,393.29,2026-09-21,Aisle 03,chilled
Plant-Based Organic Rolled Oats 500ml,Vedic Fresh Mills,PANT-000417,890100157288,Pantry & Dry Goods,152,bottle,440.81,578.62,2027-09-20,Aisle 06,ambient
Low-Sodium Pista Almond French Fries Crispy Family Pack,Tata Farms,FROZ-000418,890100157289,Frozen Foods,146,box,264.40,426.09,2027-02-06,Aisle 08,frozen
Rustic Edamame Pods 750g,Fortune Farms,FROZ-000419,890100157290,Frozen Foods,77,packet,304.13,504.62,2026-12-16,Aisle 09,frozen
Grass-Fed Matcha Green Tea Seedless Grapes 150ml,Desi Organics Botanicals,FRES-000420,890100157291,Fresh Produce,172,bag,88.03,130.37,2026-09-10,Aisle 02,chilled
Artisan Cinnamon Swirl Buns 10kg,Patanjali Mills,BAKE-000421,890100157292,Bakery & Deli,102,pcs,81.31,108.40,2026-09-09,Aisle 03,ambient
Smoked Cardamom Spiced Dishwash Gel Lemon 12-Pack,Bhoomi Springs,HOUS-000422,890100157293,Household & Personal Care,229,tube,318.05,527.56,2028-02-01,Aisle 11,ambient
Zero-Sugar Garlic & Herb Diet Mixture Namkeen 50g,Pure Vedic Goods,SNAC-000423,890100157294,Snacks & Confectionery,9,box,441.55,758.14,2027-02-19,Aisle 10,ambient
Stone-Ground Diet Mixture Namkeen 1.5L,Patanjali Botanicals,SNAC-000424,890100157295,Snacks & Confectionery,192,box,421.42,528.82,2026-08-17,Aisle 09,ambient
Organic Truffle Infused Urad Dal Whole 24-Pack,Green Earth Mills,PANT-000425,890100157296,Pantry & Dry Goods,232,box,323.38,539.92,2027-12-05,Aisle 07,ambient
Authentic Lemon Pepper Organic Sharbati Atta 1.5L,Fortune Co.,PANT-000426,890100157297,Pantry & Dry Goods,86,box,35.36,58.78,2027-09-05,Aisle 06,ambient
Gluten-Free Royal Basmati Rice 500ml,Satvik Plantations,PANT-000427,890100157298,Pantry & Dry Goods,15,bag,549.33,840.58,2027-11-13,Aisle 07,ambient
Desi Boneless Chicken Breast 200g,Bhoomi Foods,MEAT-000428,890100157299,Meat & Seafood,210,kg,204.05,353.23,2026-08-31,Aisle 04,chilled
Cured Vanilla Bean Pomegranates 500g,Pashmina Dairy,FRES-000429,890100157300,Fresh Produce,44,kg,101.96,164.17,2026-09-03,Aisle 01,ambient
Royal Rose Infused Smoked Chicken Slices 10kg,Heritage Farms,BAKE-000430,890100157301,Bakery & Deli,220,box,46.71,64.97,2026-09-09,Aisle 04,chilled
Stone-Ground Golden Ginger Fresh Methi 200g,Satvik Plantations,FRES-000431,890100157302,Fresh Produce,5,pcs,129.07,226.33,2026-08-31,Aisle 01,chilled
Desi Kokum Sharbat 24-Pack,Saffola Farms,BEVE-000432,890100157303,Beverages,152,pack,160.44,213.14,2026-12-29,Aisle 05,chilled
Extra-Virgin Smoked Paprika Heavy Cream 750g,Patanjali Foods,DAIR-000433,890100157304,Dairy & Eggs,245,box,467.81,701.37,2026-09-14,Aisle 02,chilled
Free-Range Electrolyte Energy Drink 300g,Himalayan Milling,BEVE-000434,890100157305,Beverages,228,box,202.79,355.89,2026-10-02,Aisle 06,ambient
Grass-Fed Cream Cheese 4-Pack,Mother Dairy Naturals,DAIR-000435,890100157306,Dairy & Eggs,58,tub,124.39,228.94,2026-09-13,Aisle 03,chilled
Crisp Mint Lime Liquid Laundry Detergent 330ml,Bhoomi Milling,HOUS-000436,890100157307,Household & Personal Care,152,box,263.81,483.78,2027-03-18,Aisle 11,ambient
Country Style Jalapeno Lime Extra Virgin Olive Oil 5kg,Mother Dairy Organics,PANT-000437,890100157308,Pantry & Dry Goods,60,box,487.32,674.99,2026-08-29,Aisle 07,ambient
Artisan Matcha Green Tea Dishwash Gel Lemon 750g,Catch Mills,HOUS-000438,890100157309,Household & Personal Care,37,packet,404.01,743.41,2028-12-12,Aisle 11,ambient
Handcrafted Clove & Mint Toothpaste 750ml,Ganga Provisions,HOUS-000439,890100157310,Household & Personal Care,214,box,298.65,400.38,2028-10-21,Aisle 11,ambient
Farm-Fresh Whole Wheat Atta Bread 1kg,Royal Indian Plantations,BAKE-000440,890100157311,Bakery & Deli,15,pack,124.78,205.11,2026-09-06,Aisle 04,chilled
Farm-Fresh Pista Almond Pure Jaggery Powder (Gud) 8-Pack,Dabur Dairy,PANT-000441,890100157312,Pantry & Dry Goods,206,bag,682.72,1104.64,2027-04-08,Aisle 08,ambient
Roasted Mint Lime Biodegradable Garbage Bags 1L,Saffola Plantations,HOUS-000442,890100157313,Household & Personal Care,48,pack,336.66,493.75,2026-08-17,Aisle 12,ambient
Crisp Bagel Plain 4pk 200ml,Nilgiri Co.,BAKE-000443,890100157314,Bakery & Deli,8,pcs,150.59,211.43,2026-09-04,Aisle 03,ambient
Handcrafted Frozen Green Peas 1.5L,Nature Harvest Harvest,FROZ-000444,890100157315,Frozen Foods,104,pack,121.92,177.35,2026-11-13,Aisle 09,frozen
Authentic Cream Cheese 330ml,Pure Vedic Co.,DAIR-000445,890100157316,Dairy & Eggs,76,packet,265.53,417.51,2026-09-01,Aisle 02,chilled
Stone-Ground Kesar Pista Organic Sharbati Atta 150ml,Himalayan Kitchens,PANT-000446,890100157317,Pantry & Dry Goods,37,can,343.32,521.15,2028-07-27,Aisle 08,ambient
Wildcrafted Dry Fruits Trail Mix 300g,Catch Agro,SNAC-000447,890100157318,Snacks & Confectionery,103,box,230.98,314.73,2027-03-09,Aisle 10,ambient
Cold-Pressed Kashmiri Saffron Multigrain Tortillas 4-Pack,Urban Roots Provisions,BAKE-000448,890100157319,Bakery & Deli,26,pcs,171.65,249.96,2026-09-02,Aisle 03,chilled
Signature Sweet Tamarind 70% Dark Chocolate Bar 350g,Urban Roots Plantations,SNAC-000449,890100157320,Snacks & Confectionery,133,bar,95.41,162.38,2026-08-16,Aisle 09,ambient
Handcrafted California Almonds 2kg,Royal Indian Mills,SNAC-000450,890100157321,Snacks & Confectionery,129,box,350.14,629.21,2026-11-09,Aisle 09,ambient
Royal Parmigiano-Reggiano 10kg,Royal Indian Foods,DAIR-000451,890100157322,Dairy & Eggs,233,carton,352.51,632.96,2026-08-30,Aisle 03,chilled
Aged Caramelized Onion Bath Tissue 6-Pack 150g,Organic Tattva Plantations,HOUS-000452,890100157323,Household & Personal Care,81,tube,259.28,462.65,2027-08-27,Aisle 11,ambient
Extra-Virgin Coconut Cream Pure Jaggery Powder (Gud) 2-Pack,Catch Springs,PANT-000453,890100157324,Pantry & Dry Goods,55,jar,108.60,194.73,2026-08-21,Aisle 07,ambient
Grass-Fed Jalapeno Lime Flavored Yogurt Value Pack,Tata Dairy,DAIR-000454,890100157325,Dairy & Eggs,246,bottle,252.70,371.88,2026-09-06,Aisle 02,chilled
Rustic French Fries Crispy 330ml,Kaveri Mills,FROZ-000455,890100157326,Frozen Foods,82,packet,215.15,357.32,2027-05-06,Aisle 08,frozen
Cold-Pressed Jalapeno Lime Cinnamon Swirl Buns 10-Pack,Desi Organics Mills,BAKE-000456,890100157327,Bakery & Deli,163,box,153.98,249.22,2026-09-05,Aisle 04,chilled
Roasted Tulsi Honey Floor Disinfectant Pine 2kg,Kaveri Co.,HOUS-000457,890100157328,Household & Personal Care,225,pack,128.85,188.63,2027-06-29,Aisle 11,ambient
Cold-Pressed Crab Meat Fresh 750g,Satvik Plantations,MEAT-000458,890100157329,Meat & Seafood,161,kg,783.11,1116.79,2026-09-03,Aisle 04,chilled
Crisp Bitter Gourd (Karela) 400g,Pashmina Mills,FRES-000459,890100157330,Fresh Produce,41,bunch,51.22,89.69,2026-08-28,Aisle 01,chilled
Rustic Organic Green Tea 5L,Saffola Mills,BEVE-000460,890100157331,Beverages,23,carton,242.77,390.37,2027-08-13,Aisle 05,ambient
Wildcrafted Makhana Crunch Custard Apple (Sitaphal) 12-Pack,Patanjali Goods,FRES-000461,890100157332,Fresh Produce,45,kg,32.24,49.37,2026-09-11,Aisle 02,chilled
Pure Alphonso Mango Aloo Tikki 8-Pack 500ml,Desi Organics Foods,FROZ-000462,890100157333,Frozen Foods,119,pack,97.81,153.89,2027-03-19,Aisle 09,frozen
Stone-Ground Tulsi Honey Apples 6-Pack,Saffola Milling,FRES-000463,890100157334,Fresh Produce,178,kg,145.37,258.62,2026-08-30,Aisle 02,ambient
Zero-Sugar Matcha Green Tea Frozen Samosas 500g,Dabur Kitchens,FROZ-000464,890100157335,Frozen Foods,5,pack,357.46,459.35,2027-06-06,Aisle 09,frozen
Unpolished Caramelized Onion Bell Peppers 250g,Royal Indian Plantations,FRES-000465,890100157336,Fresh Produce,124,bag,26.49,37.33,2026-08-29,Aisle 01,chilled
Premium Fruit Cake Slice 24-Pack,Royal Indian Foods,BAKE-000466,890100157337,Bakery & Deli,69,pack,157.06,201.19,2026-09-03,Aisle 04,ambient
Pure Garlic & Herb Diet Mixture Namkeen 1.5L,Dabur Milling,SNAC-000467,890100157338,Snacks & Confectionery,94,box,379.03,596.30,2026-08-23,Aisle 10,ambient
Authentic Tulsi Honey Bamboo Toothbrush 2pk 10-Pack,Satvik Milling,HOUS-000468,890100157339,Household & Personal Care,35,pack,68.48,115.31,2026-08-30,Aisle 12,ambient
Heritage Cauliflower 300g,Nilgiri Dairy,FRES-000469,890100157340,Fresh Produce,83,kg,53.55,71.19,2026-09-10,Aisle 01,chilled
Plant-Based Kashmiri Saffron Badam Milk Drink 2kg,Royal Indian Organics,BEVE-000470,890100157341,Beverages,15,box,62.24,98.13,2027-02-04,Aisle 05,chilled
Gourmet Chicken Keema 5L,FarmGold Organics,MEAT-000471,890100157342,Meat & Seafood,220,kg,843.68,1327.42,2026-09-03,Aisle 05,chilled
Roasted Smoked Paprika Bagel Plain 4pk 330ml,Fortune Springs,BAKE-000472,890100157343,Bakery & Deli,137,box,135.81,205.87,2026-09-04,Aisle 04,chilled
Stone-Ground Golden Ginger Granola Health Bars 2-Pack,Catch Naturals,SNAC-000473,890100157344,Snacks & Confectionery,164,packet,338.58,531.58,2027-04-04,Aisle 09,ambient
Plant-Based Smoked Paprika Spicy Peanut Chikki 8-Pack,Nature Harvest Dairy,SNAC-000474,890100157345,Snacks & Confectionery,27,box,542.14,882.95,2026-12-21,Aisle 10,ambient
Unpolished Himalayan Spring Water 6-Pack,SunBrite Agro,BEVE-000475,890100157346,Beverages,97,pack,328.14,544.67,2027-03-05,Aisle 06,chilled
Unpolished Coconut Cream Jeera Masala Soda 500g,Vedic Fresh Mills,BEVE-000476,890100157347,Beverages,232,carton,422.92,571.77,2027-01-29,Aisle 05,ambient
Spiced Tandoori Smoked Moong Dal Washed 350g,Nature Harvest Mills,PANT-000477,890100157348,Pantry & Dry Goods,160,can,709.70,1167.11,2027-06-09,Aisle 06,ambient
Authentic Toasted Sesame Pav 6-Pack 6-Pack,Royal Indian Plantations,BAKE-000478,890100157349,Bakery & Deli,49,box,206.36,380.08,2026-09-02,Aisle 03,ambient
Wildcrafted Cardamom Spiced Brioche Burger Buns 2kg,Bhoomi Naturals,BAKE-000479,890100157350,Bakery & Deli,231,pcs,116.96,155.31,2026-08-29,Aisle 04,chilled
Desi Masala Chai Bell Peppers 330ml,Deccan Naturals,FRES-000480,890100157351,Fresh Produce,145,bunch,19.23,29.10,2026-09-11,Aisle 02,chilled
Organic Apple Cider Vinegar Drink Snack Pack,Himalayan Harvest,BEVE-000481,890100157352,Beverages,30,pack,68.04,116.43,2027-01-11,Aisle 06,chilled
Valley Fresh Papayas 500g,Amul Harvest,FRES-000482,890100157353,Fresh Produce,12,pack,79.27,138.70,2026-09-06,Aisle 02,chilled
Select Alphonso Mango Seedless Grapes 400g,Pashmina Mills,FRES-000483,890100157354,Fresh Produce,163,kg,33.29,45.91,2026-09-05,Aisle 01,chilled
Select Golden Ginger Electrolyte Energy Drink 150g,Bhoomi Springs,BEVE-000484,890100157355,Beverages,37,can,178.33,227.31,2027-01-03,Aisle 05,ambient
Rustic Mint Lime Paneer Paratha Frozen 10-Pack,FarmGold Goods,FROZ-000485,890100157356,Frozen Foods,150,pack,367.37,460.85,2026-12-05,Aisle 09,frozen
Signature Watermelon 1L,FarmGold Foods,FRES-000486,890100157357,Fresh Produce,53,bunch,117.00,180.27,2026-09-03,Aisle 01,ambient
Roasted Pista Almond Paneer Paratha Frozen 5L,Dabur Provisions,FROZ-000487,890100157358,Frozen Foods,197,pack,404.92,621.50,2026-12-24,Aisle 08,frozen
Royal Pista Almond Goat Mince Premium 400g,Saffola Dairy,MEAT-000488,890100157359,Meat & Seafood,224,pack,715.41,1054.48,2026-09-03,Aisle 04,chilled
Handcrafted Alphonso Mango Cream Cheese 500ml,Pashmina Organics,DAIR-000489,890100157360,Dairy & Eggs,229,packet,250.09,394.17,2026-09-08,Aisle 03,chilled
Country Style Rose Infused Pineapples 6-Pack,Heritage Milling,FRES-000490,890100157361,Fresh Produce,228,pack,27.44,35.41,2026-08-21,Aisle 01,ambient
Homestyle Kachi Ghani Mustard Oat Milk 10-Pack,Patanjali Kitchens,DAIR-000491,890100157362,Dairy & Eggs,117,bottle,40.72,60.75,2026-09-25,Aisle 03,chilled
Spiced Vanilla Bean Pomegranates 8-Pack,Bhoomi Provisions,FRES-000492,890100157363,Fresh Produce,135,pcs,90.09,128.81,2026-08-31,Aisle 01,ambient
Grass-Fed Coconut Cream Wood-Fired Veggie Pizza Value Pack,Bhoomi Springs,FROZ-000493,890100157364,Frozen Foods,231,bag,132.92,225.07,2027-06-14,Aisle 08,frozen
Traditional Chatpata Masala California Almonds 200g,Tata Naturals,SNAC-000494,890100157365,Snacks & Confectionery,250,pack,22.06,39.03,2027-05-19,Aisle 09,ambient
Plant-Based 70% Dark Chocolate Bar 10-Pack,Satvik Harvest,SNAC-000495,890100157366,Snacks & Confectionery,67,box,28.60,40.35,2027-01-29,Aisle 10,ambient
Gluten-Free Lemon Pepper Surface Floor Cleaner Rose 750ml,Pashmina Agro,HOUS-000496,890100157367,Household & Personal Care,118,bottle,339.74,564.15,2028-09-14,Aisle 11,ambient
Spiced Cinnamon Swirl Buns 150g,Amul Goods,BAKE-000497,890100157368,Bakery & Deli,93,pack,62.90,105.24,2026-09-05,Aisle 03,chilled
Artisan Cow Milk 400g,Tata Milling,DAIR-000498,890100157369,Dairy & Eggs,79,box,303.86,494.56,2026-09-02,Aisle 03,chilled
Artisan Mint Lime Kokum Sharbat 8-Pack,Dabur Mills,BEVE-000499,890100157370,Beverages,168,carton,150.91,260.06,2027-07-29,Aisle 06,ambient
Heritage Chatpata Masala Fabric Softener Floral 8-Pack,Vedic Fresh Co.,HOUS-000500,890100157371,Household & Personal Care,76,bottle,345.28,455.86,2027-07-31,Aisle 11,ambient
Homestyle Red Chilli & Garlic Blueberries 50g,Mother Dairy Springs,FRES-000501,890100157372,Fresh Produce,50,kg,35.58,50.53,2026-09-14,Aisle 01,ambient
Aged Cinnamon Spice Catla Fish Steaks 6-Pack,Kaveri Springs,MEAT-000502,890100157373,Meat & Seafood,159,pcs,740.98,1271.12,2026-09-01,Aisle 04,chilled
Wildcrafted Cardamom Spiced Surmai Steaks 10-Pack,Organic Tattva Foods,MEAT-000503,890100157374,Meat & Seafood,90,kg,608.59,964.27,2026-09-02,Aisle 04,chilled
Artisan Vanilla Bean Pasture Eggs Value Pack,Desi Organics Foods,DAIR-000504,890100157375,Dairy & Eggs,65,tub,281.10,514.65,2026-09-21,Aisle 02,chilled
Traditional Jalapeno Lime Coconut Milk Canned 400g,Himalayan Agro,PANT-000505,890100157376,Pantry & Dry Goods,80,bag,122.98,205.29,2027-09-25,Aisle 07,ambient
Grass-Fed Electrolyte Energy Drink Snack Pack,Mother Dairy Harvest,BEVE-000506,890100157377,Beverages,57,pack,262.39,449.25,2027-02-22,Aisle 05,chilled
Signature Ginger Kombucha 10kg,Organic Tattva Naturals,BEVE-000507,890100157378,Beverages,176,carton,282.78,467.53,2026-11-03,Aisle 06,ambient
Roasted Bath Tissue 6-Pack 200ml,Royal Indian Harvest,HOUS-000508,890100157379,Household & Personal Care,178,packet,392.36,688.23,2028-04-11,Aisle 11,ambient
Handcrafted Frozen Paneer Cubes 6-Pack,Vedic Fresh Co.,FROZ-000509,890100157380,Frozen Foods,144,pack,372.49,469.36,2027-06-02,Aisle 09,frozen
Zero-Sugar Tulsi Honey Chicken Drumsticks 8-Pack,Urban Roots Goods,MEAT-000510,890100157381,Meat & Seafood,245,kg,549.55,729.71,2026-09-03,Aisle 05,chilled
Roasted Greek Yogurt 200ml,Nilgiri Co.,DAIR-000511,890100157382,Dairy & Eggs,135,carton,89.56,135.72,2026-09-19,Aisle 02,chilled
Royal Cardamom Spiced Ayurvedic Bath Soap 330ml,Vedic Fresh Mills,HOUS-000512,890100157383,Household & Personal Care,180,pack,56.84,101.88,2028-01-12,Aisle 11,ambient
Extra-Virgin Garlic Bulbs Snack Pack,Catch Co.,FRES-000513,890100157384,Fresh Produce,229,bag,17.57,31.78,2026-09-05,Aisle 01,ambient
Authentic Sweet Tamarind Organic Rolled Oats 250ml,Vedic Fresh Botanicals,PANT-000514,890100157385,Pantry & Dry Goods,11,can,414.03,759.40,2027-08-08,Aisle 08,ambient
Rustic Garlic & Herb Kabuli Chana Large 50g,Everest Organics,PANT-000515,890100157386,Pantry & Dry Goods,53,bottle,167.87,271.59,2027-04-13,Aisle 08,ambient
Sweet Kashmiri Saffron Brownie Bites 6-Pack,Fortune Kitchens,BAKE-000516,890100157387,Bakery & Deli,197,box,95.04,132.56,2026-09-05,Aisle 03,chilled
Farm-Fresh Red Chilli & Garlic Amla Juice Pure 24-Pack,Tata Springs,BEVE-000517,890100157388,Beverages,140,bag,77.17,137.03,2026-11-16,Aisle 06,ambient
Rustic Masala Chai Kabuli Chana Large 750g,Nilgiri Dairy,PANT-000518,890100157389,Pantry & Dry Goods,68,box,512.06,896.70,2028-02-21,Aisle 07,ambient
Premium Nagpur Orange Feta Cheese 100g,Dabur Harvest,DAIR-000519,890100157390,Dairy & Eggs,81,packet,300.99,489.12,2026-09-11,Aisle 02,chilled
Handcrafted Garlic Naan Frozen 4pk 500ml,FarmGold Harvest,FROZ-000520,890100157391,Frozen Foods,121,bag,65.03,91.01,2027-02-20,Aisle 09,frozen
Sweet Flavored Yogurt 250ml,Pure Vedic Springs,DAIR-000521,890100157392,Dairy & Eggs,236,tub,376.27,512.88,2026-09-22,Aisle 02,chilled
Organic Caramelized Onion Surface Floor Cleaner Rose 12-Pack,Tata Milling,HOUS-000522,890100157393,Household & Personal Care,133,bottle,178.09,229.76,2028-01-12,Aisle 12,ambient
Premium Lavash Crackers 10kg,Urban Roots Plantations,BAKE-000523,890100157394,Bakery & Deli,155,box,198.14,320.12,2026-09-02,Aisle 04,chilled
Sweet Smoked Chicken Slices 6-Pack,Himalayan Provisions,BAKE-000524,890100157395,Bakery & Deli,40,box,301.10,420.13,2026-09-06,Aisle 04,ambient
Cured Kaju Katli Sweet Box 250ml,Kaveri Dairy,SNAC-000525,890100157396,Snacks & Confectionery,158,box,314.32,571.38,2027-03-11,Aisle 09,ambient
Signature Sona Masoori Rice 750g,Everest Mills,PANT-000526,890100157397,Pantry & Dry Goods,211,jar,211.75,338.57,2027-04-27,Aisle 07,ambient
Gourmet Filter Coffee Beans 250g,Fortune Kitchens,BEVE-000527,890100157398,Beverages,73,bottle,324.86,551.60,2027-07-01,Aisle 06,chilled
Artisan Matcha Green Tea Whole Wheat Atta Bread 150g,Deccan Agro,BAKE-000528,890100157399,Bakery & Deli,228,pack,312.92,578.16,2026-08-30,Aisle 04,ambient
Royal Kokum Sharbat 200ml,Bhoomi Dairy,BEVE-000529,890100157400,Beverages,184,bottle,291.85,450.02,2027-04-23,Aisle 06,chilled
Traditional Urad Dal Whole 100g,Nature Harvest Dairy,PANT-000530,890100157401,Pantry & Dry Goods,110,bag,696.01,1109.44,2027-05-15,Aisle 06,ambient
Handcrafted Tonic Water Premium 12-Pack,Saffola Farms,BEVE-000531,890100157402,Beverages,154,can,38.84,52.82,2027-03-31,Aisle 06,chilled
Low-Sodium Edamame Pods 200ml,FarmGold Farms,FROZ-000532,890100157403,Frozen Foods,198,packet,274.40,366.02,2027-07-02,Aisle 09,frozen
Sweet Pista Almond Dry Fruits Trail Mix 250ml,Mother Dairy Mills,SNAC-000533,890100157404,Snacks & Confectionery,168,packet,210.32,358.18,2027-05-05,Aisle 09,ambient
Smoked Alphonso Mango Clove & Mint Toothpaste 5kg,Nilgiri Harvest,HOUS-000534,890100157405,Household & Personal Care,194,tube,143.23,258.31,2028-03-17,Aisle 11,ambient
Natural Tulsi Honey Boneless Chicken Breast 10kg,Kaveri Dairy,MEAT-000535,890100157406,Meat & Seafood,19,pcs,554.89,863.24,2026-08-29,Aisle 05,chilled
Select Curd Tub (Dahi) 350g,Satvik Harvest,DAIR-000536,890100157407,Dairy & Eggs,111,pack,96.07,142.19,2026-09-17,Aisle 03,chilled
Homestyle Dark Chocolate Heavy Cream 4-Pack,Desi Organics Kitchens,DAIR-000537,890100157408,Dairy & Eggs,79,pack,267.62,381.25,2026-09-18,Aisle 03,chilled
Country Style Masala Chai Bhujia Sev 250ml,SunBrite Plantations,SNAC-000538,890100157409,Snacks & Confectionery,49,bag,303.38,534.06,2027-05-26,Aisle 09,ambient
Traditional Sea Salt Organic Sharbati Atta 24-Pack,Satvik Botanicals,PANT-000539,890100157410,Pantry & Dry Goods,93,bottle,575.62,732.54,2027-06-18,Aisle 07,ambient
Heritage Cinnamon Spice Fruit Muffins 300g,Mother Dairy Botanicals,BAKE-000540,890100157411,Bakery & Deli,28,pcs,172.50,293.30,2026-09-03,Aisle 04,chilled
Signature Toor Dal Premium 400g,Organic Tattva Milling,PANT-000541,890100157412,Pantry & Dry Goods,99,jar,512.92,853.87,2028-06-24,Aisle 07,ambient
Handcrafted Sweet Corn Kernels 1L,Pure Vedic Springs,FROZ-000542,890100157413,Frozen Foods,70,tub,149.98,220.36,2026-11-09,Aisle 09,frozen
Grass-Fed Cardamom Spiced Jeera Masala Soda 150g,Mother Dairy Milling,BEVE-000543,890100157414,Beverages,140,pack,183.31,242.52,2027-04-12,Aisle 05,ambient
Aged Cardamom Spiced Boneless Chicken Breast 250ml,Patanjali Springs,MEAT-000544,890100157415,Meat & Seafood,110,pcs,171.01,296.89,2026-09-03,Aisle 05,chilled
Sweet Vanilla Bean Garlic Focaccia 200g,Pashmina Organics,BAKE-000545,890100157416,Bakery & Deli,168,pack,172.76,292.18,2026-09-02,Aisle 04,chilled
Grass-Fed Kitchen Paper Towels 4-Roll 50g,Pashmina Goods,HOUS-000546,890100157417,Household & Personal Care,231,packet,578.78,908.46,2027-11-18,Aisle 12,ambient
Homestyle Wood-Fired Veggie Pizza Family Pack,SunBrite Organics,FROZ-000547,890100157418,Frozen Foods,210,packet,178.32,316.26,2027-01-10,Aisle 09,frozen
Handcrafted Makhana Crunch Whole Wheat Atta Bread 200ml,FarmGold Dairy,BAKE-000548,890100157419,Bakery & Deli,175,pcs,108.92,183.07,2026-09-05,Aisle 03,chilled
Unpolished Cinnamon Swirl Buns 200g,Royal Indian Dairy,BAKE-000549,890100157420,Bakery & Deli,224,pcs,111.54,204.91,2026-09-05,Aisle 04,ambient
Zero-Sugar Nagpur Orange Liquid Laundry Detergent 6-Pack,Organic Tattva Kitchens,HOUS-000550,890100157421,Household & Personal Care,169,bottle,224.10,362.27,2027-03-07,Aisle 12,ambient
Grass-Fed Paneer Paratha Frozen 50g,Catch Botanicals,FROZ-000551,890100157422,Frozen Foods,187,bag,118.43,156.16,2027-07-04,Aisle 08,frozen
Plant-Based Truffle Infused Mosquito Vaporizer Refill 300g,Catch Foods,HOUS-000552,890100157423,Household & Personal Care,202,packet,282.25,395.69,2028-01-26,Aisle 12,ambient
Free-Range Bath Tissue 6-Pack 4-Pack,Mother Dairy Kitchens,HOUS-000553,890100157424,Household & Personal Care,192,pack,107.41,168.77,2028-10-07,Aisle 11,ambient
Traditional Moong Dal Washed 24-Pack,Saffola Dairy,PANT-000554,890100157425,Pantry & Dry Goods,19,box,683.99,1038.11,2028-05-18,Aisle 06,ambient
Farm-Fresh Caramelized Onion Strawberries 1kg,Nilgiri Naturals,FRES-000555,890100157426,Fresh Produce,55,bunch,131.03,221.10,2026-09-04,Aisle 02,ambient
Plant-Based Ciabatta Roll 1L,Fortune Milling,BAKE-000556,890100157427,Bakery & Deli,59,pcs,39.43,67.84,2026-09-07,Aisle 04,chilled
Traditional Garlic & Herb Pasture Eggs 500g,Fortune Goods,DAIR-000557,890100157428,Dairy & Eggs,68,pack,35.42,62.45,2026-09-07,Aisle 03,chilled
Farm-Fresh Palak Leaves 750ml,Nature Harvest Naturals,FRES-000558,890100157429,Fresh Produce,7,pcs,104.77,162.47,2026-08-29,Aisle 01,ambient
Premium Tiger Prawns Jumbo 250ml,Satvik Dairy,MEAT-000559,890100157430,Meat & Seafood,38,pcs,673.32,977.77,2026-09-01,Aisle 05,chilled
Signature Garlic Bulbs 750g,Pashmina Harvest,FRES-000560,890100157431,Fresh Produce,172,bag,97.28,125.14,2026-09-01,Aisle 01,ambient
Country Style Granola Health Bars 200ml,Ganga Agro,SNAC-000561,890100157432,Snacks & Confectionery,122,tub,360.01,546.13,2026-10-31,Aisle 09,ambient
Heritage Alphonso Kulfi Tub 750g,Nature Harvest Co.,FROZ-000562,890100157433,Frozen Foods,89,pack,63.96,97.61,2027-07-14,Aisle 08,frozen
Select Garlic & Herb Whole Wheat Atta Bread 330ml,Desi Organics Mills,BAKE-000563,890100157434,Bakery & Deli,243,box,117.18,202.54,2026-09-02,Aisle 04,ambient
Plant-Based Vanilla Bean Brownie Bites 1L,Saffola Milling,BAKE-000564,890100157435,Bakery & Deli,82,pcs,315.37,516.17,2026-08-29,Aisle 03,chilled
Plant-Based Kashmiri Saffron Fresh Rohu Fish 100g,Himalayan Goods,MEAT-000565,890100157436,Meat & Seafood,69,pcs,916.03,1479.02,2026-08-27,Aisle 04,chilled
Natural Sweet Tamarind Fresh Mint (Pudina) Family Pack,Organic Tattva Dairy,FRES-000566,890100157437,Fresh Produce,153,pcs,25.05,44.60,2026-09-13,Aisle 02,ambient
Traditional Organic Green Tea 5L,Kaveri Foods,BEVE-000567,890100157438,Beverages,178,pack,129.17,166.55,2026-10-10,Aisle 05,ambient
Cured Chicken Sausages 330ml,Patanjali Provisions,MEAT-000568,890100157439,Meat & Seafood,12,kg,351.89,468.01,2026-09-02,Aisle 04,chilled
Roasted Mint Lime Pita Bread 250g,Himalayan Farms,BAKE-000569,890100157440,Bakery & Deli,217,pack,223.37,340.19,2026-09-07,Aisle 04,chilled
Aged Dark Chocolate Veg Burger Patties 12-Pack,Green Earth Harvest,FROZ-000570,890100157441,Frozen Foods,200,tub,221.82,319.13,2026-08-25,Aisle 09,frozen
Select Makhana Crunch Fish Fingers Frozen 200g,Pashmina Agro,FROZ-000571,890100157442,Frozen Foods,125,tub,92.26,123.47,2027-07-26,Aisle 09,frozen
Zero-Sugar Fresh Chicken Curry Cut 500ml,Nilgiri Springs,MEAT-000572,890100157443,Meat & Seafood,27,pcs,378.70,644.82,2026-09-03,Aisle 04,chilled
Unpolished Sourdough Loaf 4-Pack,Catch Agro,BAKE-000573,890100157444,Bakery & Deli,89,pcs,304.66,495.04,2026-08-29,Aisle 03,chilled
Country Style Makhana Crunch Crab Meat Fresh 5L,Ganga Milling,MEAT-000574,890100157445,Meat & Seafood,230,pack,247.52,345.56,2026-08-29,Aisle 05,chilled
Select Moong Dal Namkeen 150ml,Dabur Organics,SNAC-000575,890100157446,Snacks & Confectionery,81,tub,150.81,210.30,2027-06-12,Aisle 09,ambient
Whole-Grain Iced Lemon Tea 5L,Nilgiri Plantations,BEVE-000576,890100157447,Beverages,194,can,56.93,73.22,2027-07-29,Aisle 05,ambient
Gourmet Green Peas Fresh 5L,Amul Milling,FRES-000577,890100157448,Fresh Produce,152,bunch,96.16,172.74,2026-09-05,Aisle 01,ambient
Pure Frozen Veg Momos 250g,Amul Mills,FROZ-000578,890100157449,Frozen Foods,235,box,235.92,369.31,2026-11-22,Aisle 08,frozen
Royal Gulab Jamun Tin 1kg,Desi Organics Milling,SNAC-000579,890100157450,Snacks & Confectionery,113,tub,129.66,187.15,2027-03-18,Aisle 09,ambient
Premium Kashmiri Saffron Green Chillies 200g,Nature Harvest Agro,FRES-000580,890100157451,Fresh Produce,120,pack,37.75,50.61,2026-09-03,Aisle 01,chilled
Plant-Based Paneer Paratha Frozen 100g,Kaveri Co.,FROZ-000581,890100157452,Frozen Foods,197,pack,217.62,276.31,2027-06-30,Aisle 08,frozen
Cold-Pressed Sweet Tamarind Moong Dal Namkeen 10kg,Nature Harvest Co.,SNAC-000582,890100157453,Snacks & Confectionery,79,packet,246.61,341.37,2027-02-24,Aisle 10,ambient
Signature Lavash Crackers 2kg,Satvik Botanicals,BAKE-000583,890100157454,Bakery & Deli,16,pcs,193.61,264.94,2026-09-04,Aisle 04,chilled
Artisan Smoked Paprika Cold-Pressed Groundnut Oil 10-Pack,Pashmina Milling,PANT-000584,890100157455,Pantry & Dry Goods,63,bag,349.65,469.81,2028-08-06,Aisle 08,ambient
Traditional Diet Mixture Namkeen 350g,Fortune Springs,SNAC-000585,890100157456,Snacks & Confectionery,202,bar,57.50,97.70,2027-02-10,Aisle 09,ambient
Pure Carrots 1.5L,Pashmina Foods,FRES-000586,890100157457,Fresh Produce,238,pcs,108.93,164.55,2026-08-31,Aisle 01,chilled
Pure Sourdough Loaf 500g,Everest Milling,BAKE-000587,890100157458,Bakery & Deli,61,pcs,88.84,164.26,2026-08-31,Aisle 03,ambient
Desi Caramelized Onion Garlic Focaccia 1L,FarmGold Goods,BAKE-000588,890100157459,Bakery & Deli,32,pack,315.05,536.06,2026-08-28,Aisle 04,chilled
Cured Red Chilli & Garlic Fresh Mint (Pudina) 10kg,Patanjali Plantations,FRES-000589,890100157460,Fresh Produce,143,pack,108.28,151.03,2026-08-30,Aisle 02,ambient
Valley Fresh Fresh Chicken Curry Cut 2kg,Satvik Springs,MEAT-000590,890100157461,Meat & Seafood,174,pcs,869.52,1469.16,2026-08-31,Aisle 04,chilled
Raw Dry Fruits Trail Mix 24-Pack,Royal Indian Dairy,SNAC-000591,890100157462,Snacks & Confectionery,44,bag,155.54,247.64,2026-10-20,Aisle 10,ambient
Natural Alphonso Mangoes 1kg,Everest Mills,FRES-000592,890100157463,Fresh Produce,19,pack,98.91,132.87,2026-09-04,Aisle 02,ambient
Country Style Chicken Keema 12-Pack,Pure Vedic Farms,MEAT-000593,890100157464,Meat & Seafood,216,kg,384.18,483.71,2026-08-29,Aisle 04,chilled
Spiced Sweet Tamarind Butter Croissants 250ml,Himalayan Mills,BAKE-000594,890100157465,Bakery & Deli,239,box,71.11,104.32,2026-08-28,Aisle 04,ambient
Premium Lemon Pepper Palak Leaves 5L,FarmGold Foods,FRES-000595,890100157466,Fresh Produce,127,bunch,84.78,143.04,2026-09-16,Aisle 01,ambient
Golden Tandoori Smoked Atlantic Salmon Fillet 8-Pack,Tata Agro,MEAT-000596,890100157467,Meat & Seafood,17,pack,931.63,1481.28,2026-09-03,Aisle 04,chilled
Traditional Kachi Ghani Mustard Pomegranates 330ml,Satvik Co.,FRES-000597,890100157468,Fresh Produce,61,bag,89.76,124.55,2026-09-08,Aisle 02,ambient
Extra-Virgin Matcha Green Tea Roasted Salted Cashews 2L,Pashmina Co.,SNAC-000598,890100157469,Snacks & Confectionery,249,packet,296.36,539.21,2026-08-30,Aisle 09,ambient
Desi Basa Fish Fillets 250ml,Satvik Foods,MEAT-000599,890100157470,Meat & Seafood,30,pcs,324.33,470.46,2026-08-30,Aisle 05,chilled
Unpolished Mint Lime Apple Cider Vinegar Drink 150g,Vedic Fresh Goods,BEVE-000600,890100157471,Beverages,131,can,428.05,648.94,2027-01-19,Aisle 05,chilled
Wildcrafted Alphonso Kulfi Tub 330ml,Nature Harvest Farms,FROZ-000601,890100157472,Frozen Foods,47,box,104.54,154.26,2026-12-09,Aisle 08,frozen
Cold-Pressed Biodegradable Garbage Bags 50g,Catch Co.,HOUS-000602,890100157473,Household & Personal Care,78,box,35.59,48.84,2027-05-19,Aisle 11,ambient
Grass-Fed Fabric Softener Floral 2kg,Desi Organics Harvest,HOUS-000603,890100157474,Household & Personal Care,83,bottle,241.76,322.08,2029-02-05,Aisle 12,ambient
Sun-Dried Tulsi Honey Kokum Sharbat 200ml,Vedic Fresh Mills,BEVE-000604,890100157475,Beverages,30,bottle,138.75,176.89,2027-01-07,Aisle 06,chilled
Raw Vanilla Bean Coriander Leaves 1kg,Ganga Botanicals,FRES-000605,890100157476,Fresh Produce,247,bag,73.99,115.67,2026-09-08,Aisle 02,chilled
Crisp Masala Chai Granola Health Bars 10kg,Kaveri Dairy,SNAC-000606,890100157477,Snacks & Confectionery,199,bar,62.06,82.81,2027-05-21,Aisle 09,ambient
Sweet Soan Papdi Box 5L,SunBrite Plantations,SNAC-000607,890100157478,Snacks & Confectionery,248,box,112.64,156.34,2027-01-30,Aisle 09,ambient
Crisp Pista Almond Herbal Hand Wash Neem 6-Pack,Catch Farms,HOUS-000608,890100157479,Household & Personal Care,78,packet,102.30,167.97,2028-11-22,Aisle 12,ambient
Extra-Virgin Bath Tissue 6-Pack 8-Pack,Urban Roots Goods,HOUS-000609,890100157480,Household & Personal Care,30,packet,497.41,895.77,2028-12-19,Aisle 11,ambient
Unpolished Kashmiri Saffron Poha Thick Flakes 10-Pack,Green Earth Agro,PANT-000610,890100157481,Pantry & Dry Goods,176,bag,108.68,158.21,2027-06-20,Aisle 08,ambient
Crisp Sweet Tamarind Soy Milk Protein 100g,Urban Roots Co.,DAIR-000611,890100157482,Dairy & Eggs,241,packet,267.51,416.54,2026-09-08,Aisle 03,chilled
Free-Range Pista Almond Fresh Chicken Curry Cut 1.5L,Kaveri Kitchens,MEAT-000612,890100157483,Meat & Seafood,70,pcs,666.32,1145.40,2026-09-01,Aisle 05,chilled
Low-Sodium Truffle Infused Bhujia Sev 250ml,Fortune Dairy,SNAC-000613,890100157484,Snacks & Confectionery,27,tub,155.42,231.55,2026-10-30,Aisle 09,ambient
Traditional Garlic & Herb Filter Coffee Beans 150g,Pashmina Farms,BEVE-000614,890100157485,Beverages,156,pack,112.65,167.17,2027-08-16,Aisle 05,chilled
Extra-Virgin Toasted Sesame Organic Sharbati Atta 10-Pack,Urban Roots Plantations,PANT-000615,890100157486,Pantry & Dry Goods,48,can,536.57,929.32,2026-08-16,Aisle 07,ambient
Whole-Grain Alphonso Mango Cinnamon Swirl Buns 200ml,Pashmina Plantations,BAKE-000616,890100157487,Bakery & Deli,164,pcs,318.62,442.05,2026-09-06,Aisle 03,ambient
Artisan Diet Mixture Namkeen 24-Pack,Deccan Foods,SNAC-000617,890100157488,Snacks & Confectionery,39,pack,504.22,702.72,2027-06-09,Aisle 10,ambient
Smoked Cinnamon Swirl Buns 2kg,Organic Tattva Milling,BAKE-000618,890100157489,Bakery & Deli,152,box,62.46,105.68,2026-09-09,Aisle 03,chilled
Cured Kashmiri Saffron Dishwash Gel Lemon 330ml,Heritage Farms,HOUS-000619,890100157490,Household & Personal Care,110,box,342.55,611.35,2028-12-06,Aisle 11,ambient
Gluten-Free Truffle Infused Basa Fish Fillets 150g,Tata Agro,MEAT-000620,890100157491,Meat & Seafood,136,kg,754.59,1030.27,2026-08-29,Aisle 05,chilled
Heritage Moong Dal Namkeen 50g,Green Earth Plantations,SNAC-000621,890100157492,Snacks & Confectionery,214,bag,228.48,338.24,2027-03-06,Aisle 09,ambient
Valley Fresh Sweet Tamarind Cheese Croissant 24-Pack,Urban Roots Naturals,BAKE-000622,890100157493,Bakery & Deli,26,pcs,271.40,392.55,2026-09-06,Aisle 04,chilled
Cold-Pressed Mint Lime Roasted Makhana Foxnuts Value Pack,Everest Co.,SNAC-000623,890100157494,Snacks & Confectionery,100,bar,402.07,664.84,2027-05-13,Aisle 10,ambient
Premium Cauliflower 200g,Bhoomi Goods,FRES-000624,890100157495,Fresh Produce,48,kg,124.50,221.66,2026-08-29,Aisle 02,ambient
Grass-Fed Tonic Water Premium 150g,Fortune Plantations,BEVE-000625,890100157496,Beverages,221,can,437.69,627.77,2027-05-02,Aisle 06,ambient
Zero-Sugar Vanilla Bean Ciabatta Roll 100g,Patanjali Provisions,BAKE-000626,890100157497,Bakery & Deli,228,box,99.62,153.12,2026-09-10,Aisle 03,chilled
Free-Range Buffalo Milk 4-Pack,Organic Tattva Organics,DAIR-000627,890100157498,Dairy & Eggs,85,pack,294.90,511.63,2026-09-25,Aisle 03,chilled
Homestyle Red Chilli & Garlic Fresh Mint (Pudina) 5kg,Nature Harvest Springs,FRES-000628,890100157499,Fresh Produce,91,kg,142.41,243.33,2026-09-09,Aisle 02,chilled
Gourmet Ajwain & Jeera Fresh Methi 10-Pack,Organic Tattva Mills,FRES-000629,890100157500,Fresh Produce,202,bag,60.73,105.04,2026-09-08,Aisle 01,ambient
Authentic Makhana Crunch Himalayan Spring Water 750g,Bhoomi Plantations,BEVE-000630,890100157501,Beverages,82,bag,70.51,115.44,2027-08-12,Aisle 06,chilled
Premium Golden Ginger Butter Croissants 500ml,Patanjali Farms,BAKE-000631,890100157502,Bakery & Deli,127,pack,187.95,257.31,2026-09-09,Aisle 03,chilled
Sweet Cardamom Spiced Roasted Makhana Foxnuts Snack Pack,Amul Kitchens,SNAC-000632,890100157503,Snacks & Confectionery,4,packet,254.02,382.22,2026-11-26,Aisle 10,ambient
Heritage Kesar Pista Paneer Paratha Frozen 10-Pack,Satvik Provisions,FROZ-000633,890100157504,Frozen Foods,141,tub,268.01,429.84,2027-08-05,Aisle 08,frozen
Valley Fresh Sweet Tamarind Filter Coffee Beans 24-Pack,Desi Organics Farms,BEVE-000634,890100157505,Beverages,110,bottle,265.56,413.55,2027-03-20,Aisle 06,chilled
Cured Sea Salt Roma Tomatoes 350g,Heritage Goods,FRES-000635,890100157506,Fresh Produce,44,kg,58.66,79.49,2026-09-13,Aisle 01,ambient
Stone-Ground Nagpur Orange Papayas 2kg,Amul Goods,FRES-000636,890100157507,Fresh Produce,201,bag,120.60,220.68,2026-08-25,Aisle 01,chilled
Country Style Ciabatta Roll 12-Pack,Tata Botanicals,BAKE-000637,890100157508,Bakery & Deli,141,box,42.08,58.98,2026-09-07,Aisle 03,ambient
Extra-Virgin Fabric Softener Floral 150ml,Tata Plantations,HOUS-000638,890100157509,Household & Personal Care,84,pack,349.44,482.59,2028-04-02,Aisle 12,ambient
Spiced Pita Bread 5L,Pure Vedic Botanicals,BAKE-000639,890100157510,Bakery & Deli,208,box,134.51,192.64,2026-09-01,Aisle 04,ambient
Traditional Garlic & Herb Basa Fish Fillets 500g,Pure Vedic Agro,MEAT-000640,890100157511,Meat & Seafood,223,kg,675.87,1207.76,2026-09-03,Aisle 05,chilled
Cured Kachi Ghani Mustard Amla Juice Pure 50g,Ganga Mills,BEVE-000641,890100157512,Beverages,9,box,105.83,184.65,2027-07-01,Aisle 06,ambient
Gourmet Kesar Pista Butter Croissants 500g,Royal Indian Milling,BAKE-000642,890100157513,Bakery & Deli,101,pack,152.50,281.64,2026-08-29,Aisle 04,ambient
Desi Masala Chai Chicken Keema 150g,Patanjali Foods,MEAT-000643,890100157514,Meat & Seafood,193,kg,143.83,183.61,2026-09-02,Aisle 04,chilled
Farm-Fresh Dishwash Gel Lemon 150g,Saffola Foods,HOUS-000644,890100157515,Household & Personal Care,185,bottle,312.92,514.76,2028-04-23,Aisle 11,ambient
Low-Sodium Banana Chips Kerala Style 5kg,Nilgiri Milling,SNAC-000645,890100157516,Snacks & Confectionery,108,pack,258.75,326.83,2026-08-27,Aisle 10,ambient
Rustic Nagpur Orange Herbal Hand Wash Neem 6-Pack,Ganga Springs,HOUS-000646,890100157517,Household & Personal Care,98,packet,47.02,74.29,2027-04-19,Aisle 11,ambient
Crisp Sona Masoori Rice 500ml,Dabur Kitchens,PANT-000647,890100157518,Pantry & Dry Goods,183,jar,432.61,629.14,2028-02-22,Aisle 07,ambient
Free-Range Kashmiri Saffron Paneer Paratha Frozen Snack Pack,FarmGold Goods,FROZ-000648,890100157519,Frozen Foods,197,packet,413.43,709.19,2027-07-15,Aisle 09,frozen
Farm-Fresh Truffle Infused Herbal Hand Wash Neem 6-Pack,Bhoomi Plantations,HOUS-000649,890100157520,Household & Personal Care,29,packet,32.91,51.97,2028-07-23,Aisle 11,ambient
Whole-Grain Matcha Green Tea Filter Coffee Beans 200g,FarmGold Farms,BEVE-000650,890100157521,Beverages,189,bottle,78.56,107.63,2026-11-13,Aisle 05,chilled
Farm-Fresh Sea Salt Boneless Chicken Breast 2kg,Pashmina Milling,MEAT-000651,890100157522,Meat & Seafood,159,pcs,410.49,676.24,2026-09-02,Aisle 04,chilled
Premium Mixed Berries Frozen 12-Pack,Saffola Agro,FROZ-000652,890100157523,Frozen Foods,96,tub,412.97,689.68,2026-11-19,Aisle 08,frozen
Desi Kitchen Paper Towels 4-Roll Snack Pack,Everest Farms,HOUS-000653,890100157524,Household & Personal Care,21,box,400.93,555.08,2026-08-29,Aisle 11,ambient
Heritage Mustard Oil Kachi Ghani 100g,Pure Vedic Kitchens,PANT-000654,890100157525,Pantry & Dry Goods,184,box,387.41,547.66,2028-03-04,Aisle 07,ambient
Raw California Almonds 2L,Pure Vedic Kitchens,SNAC-000655,890100157526,Snacks & Confectionery,181,bag,247.02,395.04,2027-03-03,Aisle 09,ambient
Heritage Cinnamon Spice Kitchen Paper Towels 4-Roll 750ml,Deccan Dairy,HOUS-000656,890100157527,Household & Personal Care,203,bottle,364.10,575.77,2028-07-07,Aisle 11,ambient
Gourmet Heavy Cream 10-Pack,Himalayan Plantations,DAIR-000657,890100157528,Dairy & Eggs,115,box,343.48,619.72,2026-08-31,Aisle 02,chilled
Zero-Sugar Pista Almond Kokum Sharbat 10-Pack,Catch Farms,BEVE-000658,890100157529,Beverages,12,bag,387.57,672.02,2027-01-31,Aisle 06,ambient
Desi Truffle Infused Fresh Chicken Curry Cut Snack Pack,Heritage Naturals,MEAT-000659,890100157530,Meat & Seafood,160,pcs,189.44,290.06,2026-08-24,Aisle 04,chilled
Grass-Fed Alphonso Mango Frozen Samosas 250ml,Heritage Co.,FROZ-000660,890100157531,Frozen Foods,112,tub,85.10,136.58,2026-12-27,Aisle 08,frozen
Smoked Strawberries 150ml,FarmGold Provisions,FRES-000661,890100157532,Fresh Produce,67,pack,119.82,213.29,2026-09-13,Aisle 01,ambient
Artisan Red Chilli & Garlic Ricotta Fresh 750g,Ganga Goods,DAIR-000662,890100157533,Dairy & Eggs,205,bottle,127.55,219.98,2026-09-10,Aisle 03,chilled
Extra-Virgin Red Chilli & Garlic Coconut Milk Canned 250g,Mother Dairy Kitchens,PANT-000663,890100157534,Pantry & Dry Goods,127,bag,419.87,665.87,2028-03-19,Aisle 08,ambient
Cured Himalayan Spring Water 250ml,Nature Harvest Co.,BEVE-000664,890100157535,Beverages,111,box,226.73,407.86,2026-12-15,Aisle 05,ambient
Raw Granola Health Bars 1kg,Kaveri Co.,SNAC-000665,890100157536,Snacks & Confectionery,202,tub,221.33,328.57,2027-05-03,Aisle 10,ambient
Zero-Sugar Lemon Pepper 70% Dark Chocolate Bar 300g,Pashmina Dairy,SNAC-000666,890100157537,Snacks & Confectionery,46,box,287.47,490.54,2026-10-28,Aisle 10,ambient
Desi 70% Dark Chocolate Bar 6-Pack,Ganga Springs,SNAC-000667,890100157538,Snacks & Confectionery,172,packet,514.40,735.31,2027-06-23,Aisle 10,ambient
Zero-Sugar Coconut Cream Shampoo Anti-Dandruff 750ml,Heritage Kitchens,HOUS-000668,890100157539,Household & Personal Care,214,pack,61.68,97.27,2027-08-13,Aisle 11,ambient
Country Style Cold Brew Coffee 6-Pack,Pashmina Farms,BEVE-000669,890100157540,Beverages,213,bag,38.47,53.55,2026-12-31,Aisle 05,ambient
Country Style Organic Rolled Oats 200g,Dabur Agro,PANT-000670,890100157541,Pantry & Dry Goods,188,can,329.44,518.61,2027-06-03,Aisle 06,ambient
Wildcrafted Alphonso Mango 70% Dark Chocolate Bar 5L,SunBrite Agro,SNAC-000671,890100157542,Snacks & Confectionery,241,bag,399.16,605.35,2027-06-14,Aisle 10,ambient
Homestyle Cardamom Spiced Ciabatta Roll 150g,Green Earth Farms,BAKE-000672,890100157543,Bakery & Deli,171,pcs,102.93,165.19,2026-08-31,Aisle 03,chilled
Sun-Dried Atlantic Salmon Fillet 500g,Pashmina Plantations,MEAT-000673,890100157544,Meat & Seafood,208,kg,346.20,541.16,2026-08-26,Aisle 04,chilled
Homestyle Portobello Mushrooms 330ml,Vedic Fresh Milling,FRES-000674,890100157545,Fresh Produce,152,pack,98.41,145.98,2026-09-03,Aisle 02,ambient
Golden Pista Almond Veg Burger Patties 500ml,Catch Naturals,FROZ-000675,890100157546,Frozen Foods,119,box,321.08,442.26,2026-08-28,Aisle 09,frozen
Zero-Sugar Heavy Cream 5kg,Organic Tattva Naturals,DAIR-000676,890100157547,Dairy & Eggs,21,carton,323.82,412.82,2026-09-25,Aisle 03,chilled
Pure Rose Infused Fresh Methi 8-Pack,Nilgiri Botanicals,FRES-000677,890100157548,Fresh Produce,77,pcs,15.68,28.15,2026-08-30,Aisle 02,ambient
Signature Mint Lime Salted Butter 400g,Patanjali Plantations,DAIR-000678,890100157549,Dairy & Eggs,173,packet,487.62,616.50,2026-09-14,Aisle 02,chilled
Cured Tulsi Honey Fabric Softener Floral 2L,Green Earth Agro,HOUS-000679,890100157550,Household & Personal Care,38,bottle,411.84,531.58,2027-04-27,Aisle 11,ambient
Spiced Lassi Mango Infused 10kg,Dabur Milling,DAIR-000680,890100157551,Dairy & Eggs,42,pack,517.70,819.52,2026-09-04,Aisle 02,chilled
Sun-Dried Vanilla Bean Guavas 1L,Organic Tattva Agro,FRES-000681,890100157552,Fresh Produce,78,pcs,74.02,112.48,2026-09-11,Aisle 02,ambient
Desi Tandoori Smoked Pineapples 250ml,Himalayan Milling,FRES-000682,890100157553,Fresh Produce,84,pcs,34.39,51.01,2026-08-29,Aisle 02,chilled
Farm-Fresh Whole Wheat Atta Bread 200g,SunBrite Farms,BAKE-000683,890100157554,Bakery & Deli,221,pcs,300.68,425.87,2026-08-30,Aisle 03,chilled
Cured Tonic Water Premium 1kg,Deccan Dairy,BEVE-000684,890100157555,Beverages,25,box,437.99,714.72,2027-03-29,Aisle 06,ambient
Stone-Ground Rose Infused Surmai Steaks 330ml,Saffola Springs,MEAT-000685,890100157556,Meat & Seafood,166,pcs,730.49,1136.38,2026-08-31,Aisle 05,chilled
Plant-Based Red Chilli & Garlic Roasted Makhana Foxnuts 750ml,Green Earth Agro,SNAC-000686,890100157557,Snacks & Confectionery,105,bar,212.96,318.63,2027-03-17,Aisle 10,ambient
Smoked Alphonso Mango Granola Health Bars 4-Pack,Organic Tattva Provisions,SNAC-000687,890100157558,Snacks & Confectionery,23,tub,189.01,299.42,2027-04-23,Aisle 10,ambient
Heritage Golden Ginger Nimbu Paani Soda 250g,Desi Organics Plantations,BEVE-000688,890100157559,Beverages,108,bottle,112.51,143.93,2027-03-22,Aisle 06,ambient
Gluten-Free Garlic & Herb Badam Milk Drink 150g,Urban Roots Plantations,BEVE-000689,890100157560,Beverages,69,bag,287.05,422.55,2027-02-06,Aisle 05,ambient
Extra-Virgin Kesar Pista Paneer Block Snack Pack,Desi Organics Kitchens,DAIR-000690,890100157561,Dairy & Eggs,67,carton,214.18,334.68,2026-09-02,Aisle 03,chilled
Low-Sodium Jalapeno Lime Catla Fish Steaks 8-Pack,Patanjali Kitchens,MEAT-000691,890100157562,Meat & Seafood,157,pack,680.31,892.70,2026-08-31,Aisle 04,chilled
Gourmet Bottle Gourd (Lauki) 5L,Green Earth Agro,FRES-000692,890100157563,Fresh Produce,222,pack,40.38,59.86,2026-09-12,Aisle 02,chilled
Heritage Tandoori Smoked Himalayan Spring Water 2kg,Green Earth Foods,BEVE-000693,890100157564,Beverages,186,pack,169.94,252.55,2027-07-30,Aisle 06,chilled
Premium Coconut Cream Moong Dal Namkeen 5L,Green Earth Dairy,SNAC-000694,890100157565,Snacks & Confectionery,67,packet,195.75,323.80,2026-12-20,Aisle 10,ambient
Valley Fresh Portobello Mushrooms 4-Pack,Catch Milling,FRES-000695,890100157566,Fresh Produce,115,bunch,25.51,38.19,2026-09-12,Aisle 01,ambient
Gourmet Avocados 24-Pack,Organic Tattva Milling,FRES-000696,890100157567,Fresh Produce,230,pack,39.63,58.26,2026-09-17,Aisle 02,chilled
Desi Truffle Infused Cream Cheese 8-Pack,Nature Harvest Goods,DAIR-000697,890100157568,Dairy & Eggs,180,packet,365.85,542.38,2026-09-05,Aisle 03,chilled
Grass-Fed Surmai Steaks 2kg,Mother Dairy Naturals,MEAT-000698,890100157569,Meat & Seafood,240,pcs,325.64,410.20,2026-09-03,Aisle 04,chilled
Grass-Fed Mint Lime Bananas 400g,Heritage Naturals,FRES-000699,890100157570,Fresh Produce,129,kg,29.97,54.58,2026-09-10,Aisle 01,ambient
Royal Clove & Mint Toothpaste 350g,Nilgiri Springs,HOUS-000700,890100157571,Household & Personal Care,206,pack,564.90,909.01,2028-11-14,Aisle 12,ambient
Cold-Pressed Matcha Green Tea Gouda Block 6-Pack,Organic Tattva Milling,DAIR-000701,890100157572,Dairy & Eggs,194,packet,467.66,747.13,2026-08-19,Aisle 03,chilled
Traditional Kashmiri Saffron Chicken Sausages 400g,Fortune Co.,MEAT-000702,890100157573,Meat & Seafood,97,pcs,218.78,315.53,2026-09-02,Aisle 04,chilled
Spiced Pista Almond Malai Kulfi Bar 50g,Desi Organics Organics,FROZ-000703,890100157574,Frozen Foods,120,tub,225.24,357.41,2027-03-08,Aisle 08,frozen
Cured Kesar Pista Mutton Chops 2-Pack,Fortune Mills,MEAT-000704,890100157575,Meat & Seafood,19,pcs,688.87,1103.21,2026-08-30,Aisle 04,chilled
Desi Pista Almond French Fries Crispy 400g,Saffola Plantations,FROZ-000705,890100157576,Frozen Foods,60,bag,413.99,544.54,2027-07-29,Aisle 08,frozen
Cold-Pressed Dark Chocolate Flavored Yogurt 50g,Patanjali Springs,DAIR-000706,890100157577,Dairy & Eggs,232,packet,164.70,230.23,2026-09-15,Aisle 02,chilled
Signature Mishri Mawa 330ml,Urban Roots Organics,DAIR-000707,890100157578,Dairy & Eggs,212,packet,377.63,624.57,2026-09-01,Aisle 03,chilled
Gourmet Bananas 250ml,Royal Indian Provisions,FRES-000708,890100157579,Fresh Produce,244,bunch,81.67,144.64,2026-09-09,Aisle 02,ambient
Stone-Ground Pav 6-Pack 1.5L,Royal Indian Agro,BAKE-000709,890100157580,Bakery & Deli,14,pcs,161.87,230.79,2026-09-04,Aisle 03,ambient
Zero-Sugar Paneer Tikka Deli 2kg,Nilgiri Organics,BAKE-000710,890100157581,Bakery & Deli,130,box,266.32,387.52,2026-09-09,Aisle 04,chilled
Plant-Based Pista Almond Roasted Salted Cashews 200ml,Amul Foods,SNAC-000711,890100157582,Snacks & Confectionery,224,bag,225.55,295.68,2027-05-02,Aisle 09,ambient
Natural Cinnamon Swirl Buns 330ml,Himalayan Provisions,BAKE-000712,890100157583,Bakery & Deli,198,pcs,167.52,291.38,2026-09-06,Aisle 03,ambient
Heritage Paneer Tikka Deli 6-Pack,Pure Vedic Agro,BAKE-000713,890100157584,Bakery & Deli,205,pcs,267.72,411.30,2026-08-30,Aisle 04,ambient
Free-Range Kesar Pista Guavas 12-Pack,Mother Dairy Agro,FRES-000714,890100157585,Fresh Produce,135,pcs,116.06,151.67,2026-09-12,Aisle 02,ambient
Traditional Surface Floor Cleaner Rose 8-Pack,Green Earth Milling,HOUS-000715,890100157586,Household & Personal Care,154,box,479.39,832.22,2027-03-28,Aisle 11,ambient
Aged Mint Lime Sourdough Loaf 5L,Patanjali Organics,BAKE-000716,890100157587,Bakery & Deli,11,pcs,258.83,460.93,2026-09-03,Aisle 04,chilled
Grass-Fed Toned Milk 2kg,Royal Indian Harvest,DAIR-000717,890100157588,Dairy & Eggs,91,tub,349.33,452.15,2026-09-19,Aisle 03,chilled
Roasted Sourdough Loaf 10-Pack,Urban Roots Provisions,BAKE-000718,890100157589,Bakery & Deli,16,pack,169.18,279.70,2026-09-06,Aisle 03,ambient
Free-Range Coconut Milk Canned 2-Pack,Kaveri Mills,PANT-000719,890100157590,Pantry & Dry Goods,218,bottle,652.20,847.98,2028-06-19,Aisle 07,ambient
Artisan Caramelized Onion Ciabatta Roll 200g,Desi Organics Milling,BAKE-000720,890100157591,Bakery & Deli,129,pack,118.19,208.18,2026-09-04,Aisle 04,ambient
Premium Fresh Chicken Curry Cut 200ml,Nilgiri Dairy,MEAT-000721,890100157592,Meat & Seafood,148,kg,879.19,1619.45,2026-09-03,Aisle 05,chilled
Grass-Fed Garlic Focaccia Family Pack,Dabur Organics,BAKE-000722,890100157593,Bakery & Deli,27,box,229.19,371.53,2026-09-09,Aisle 03,chilled
Grass-Fed Sea Salt Kulcha 4-Pack 12-Pack,Royal Indian Plantations,BAKE-000723,890100157594,Bakery & Deli,28,pcs,92.79,117.80,2026-08-29,Aisle 03,ambient
Raw Kashmiri Saffron Green Peas Fresh 400g,Green Earth Co.,FRES-000724,890100157595,Fresh Produce,81,pack,27.98,41.39,2026-09-08,Aisle 01,ambient
Cold-Pressed Rose Infused Gulab Jamun Tin 300g,Bhoomi Plantations,SNAC-000725,890100157596,Snacks & Confectionery,194,bar,247.80,394.57,2027-01-11,Aisle 09,ambient
Gluten-Free Tulsi Honey Roasted Makhana Foxnuts 10-Pack,Fortune Provisions,SNAC-000726,890100157597,Snacks & Confectionery,153,pack,79.77,140.40,2026-11-01,Aisle 09,ambient
Traditional Coconut Cream Bhujia Sev 24-Pack,FarmGold Organics,SNAC-000727,890100157598,Snacks & Confectionery,59,box,246.28,395.29,2026-11-02,Aisle 10,ambient
Cold-Pressed Rose Infused Paneer Paratha Frozen 200g,Pashmina Harvest,FROZ-000728,890100157599,Frozen Foods,78,packet,417.37,546.98,2027-02-08,Aisle 08,frozen
Grass-Fed Mishri Mawa 2kg,Green Earth Provisions,DAIR-000729,890100157600,Dairy & Eggs,196,pack,188.68,262.80,2026-09-13,Aisle 03,chilled
Farm-Fresh Kachi Ghani Mustard Masala Potato Chips 300g,Tata Dairy,SNAC-000730,890100157601,Snacks & Confectionery,22,packet,272.16,363.54,2027-05-24,Aisle 09,ambient
Extra-Virgin Paneer Paratha Frozen 250g,Himalayan Harvest,FROZ-000731,890100157602,Frozen Foods,63,box,393.78,694.35,2027-03-31,Aisle 09,frozen
Traditional Matcha Green Tea Jeera Masala Soda 150g,Catch Kitchens,BEVE-000732,890100157603,Beverages,99,bottle,275.28,400.91,2027-08-20,Aisle 06,ambient
Pure Rawa Sooji 10kg,Bhoomi Botanicals,PANT-000733,890100157604,Pantry & Dry Goods,101,bottle,107.31,137.65,2027-01-30,Aisle 07,ambient
Plant-Based Sweet Tamarind Kabuli Chana Large 150ml,Fortune Botanicals,PANT-000734,890100157605,Pantry & Dry Goods,128,bottle,644.59,1149.10,2027-06-11,Aisle 06,ambient
Unpolished Chatpata Masala Fresh Mosambi Juice 10kg,Deccan Kitchens,BEVE-000735,890100157606,Beverages,95,pack,161.77,286.61,2026-10-04,Aisle 05,ambient
Gluten-Free Cardamom Spiced Fresh Rohu Fish 150ml,Satvik Harvest,MEAT-000736,890100157607,Meat & Seafood,225,kg,355.96,496.22,2026-08-29,Aisle 05,chilled
Smoked Chatpata Masala Basa Fish Fillets 8-Pack,Organic Tattva Milling,MEAT-000737,890100157608,Meat & Seafood,188,kg,386.67,560.88,2026-08-30,Aisle 04,chilled
Extra-Virgin Kachi Ghani Mustard Cashew Paste Curry Base Family Pack,Saffola Agro,PANT-000738,890100157609,Pantry & Dry Goods,211,box,75.66,105.70,2027-01-23,Aisle 07,ambient
Raw Mint Lime Chicken Sausages Value Pack,Fortune Provisions,MEAT-000739,890100157610,Meat & Seafood,8,pack,231.86,359.71,2026-08-30,Aisle 04,chilled
Sweet Pasture Eggs 1kg,Everest Goods,DAIR-000740,890100157611,Dairy & Eggs,247,bottle,128.88,163.75,2026-09-07,Aisle 03,chilled
Traditional Frozen Samosas 1.5L,Ganga Foods,FROZ-000741,890100157612,Frozen Foods,88,packet,181.49,323.97,2027-04-28,Aisle 09,frozen
Roasted Flavored Yogurt 500g,Desi Organics Harvest,DAIR-000742,890100157613,Dairy & Eggs,90,box,500.11,750.82,2026-08-18,Aisle 02,chilled
Organic Nagpur Orange Guavas 250g,Desi Organics Goods,FRES-000743,890100157614,Fresh Produce,103,bunch,142.46,189.51,2026-09-08,Aisle 02,chilled
Traditional Cardamom Spiced Espresso Roast Ground Coffee 2L,Everest Dairy,BEVE-000744,890100157615,Beverages,133,carton,71.03,105.94,2027-01-10,Aisle 06,ambient
Free-Range Cardamom Spiced Guavas 2kg,Patanjali Botanicals,FRES-000745,890100157616,Fresh Produce,74,bag,127.94,213.81,2026-09-04,Aisle 01,ambient
Sun-Dried Smoked Paprika Masala Potato Chips 5L,Organic Tattva Plantations,SNAC-000746,890100157617,Snacks & Confectionery,35,bag,144.91,228.62,2026-10-18,Aisle 10,ambient
Organic Vanilla Bean Bhujia Sev 150g,Nature Harvest Provisions,SNAC-000747,890100157618,Snacks & Confectionery,49,bar,452.22,598.30,2026-10-31,Aisle 09,ambient
Rustic Lavash Crackers 1kg,Royal Indian Naturals,BAKE-000748,890100157619,Bakery & Deli,178,box,100.91,141.57,2026-08-29,Aisle 03,ambient
Free-Range Salted Butter 1L,Amul Goods,DAIR-000749,890100157620,Dairy & Eggs,44,carton,452.34,643.70,2026-09-06,Aisle 02,chilled
Crisp Rose Infused Bitter Gourd (Karela) 200g,Green Earth Farms,FRES-000750,890100157621,Fresh Produce,101,kg,94.76,133.70,2026-09-06,Aisle 01,chilled
Signature Red Chilli & Garlic Ricotta Fresh 10-Pack,Nature Harvest Milling,DAIR-000751,890100157622,Dairy & Eggs,129,carton,376.14,600.24,2026-09-10,Aisle 02,chilled
Smoked Chatpata Masala Papayas 10-Pack,Green Earth Agro,FRES-000752,890100157623,Fresh Produce,61,kg,26.40,48.15,2026-09-13,Aisle 01,ambient
Royal Rose Infused Raw Wildflower Honey 330ml,FarmGold Foods,PANT-000753,890100157624,Pantry & Dry Goods,33,packet,58.33,89.36,2027-11-29,Aisle 07,ambient
Roasted Makhana Crunch Gourmet Cookies Choco-Chip 1kg,Green Earth Plantations,SNAC-000754,890100157625,Snacks & Confectionery,216,bag,56.45,91.05,2027-01-14,Aisle 10,ambient
Homestyle Parmigiano-Reggiano 10kg,Green Earth Farms,DAIR-000755,890100157626,Dairy & Eggs,16,box,57.05,98.77,2026-08-26,Aisle 02,chilled
Plant-Based Golden Ginger Chicken Salami 200g,Desi Organics Mills,BAKE-000756,890100157627,Bakery & Deli,183,pcs,310.90,464.73,2026-09-07,Aisle 03,chilled
Premium Kesar Pista Salted Butter 330ml,Saffola Co.,DAIR-000757,890100157628,Dairy & Eggs,86,box,210.35,296.87,2026-09-15,Aisle 03,chilled
Farm-Fresh Squid Rings Cleaned 6-Pack,Heritage Provisions,MEAT-000758,890100157629,Meat & Seafood,132,kg,164.36,238.86,2026-08-30,Aisle 05,chilled
Free-Range Matcha Green Tea Bagel Plain 4pk 1.5L,Tata Foods,BAKE-000759,890100157630,Bakery & Deli,7,pcs,123.55,167.50,2026-08-28,Aisle 03,ambient
Premium Kashmiri Saffron Paneer Paratha Frozen 750g,Amul Agro,FROZ-000760,890100157631,Frozen Foods,9,tub,272.20,450.29,2027-05-26,Aisle 08,frozen
Cold-Pressed Bottle Gourd (Lauki) 2-Pack,Ganga Organics,FRES-000761,890100157632,Fresh Produce,219,kg,157.94,243.49,2026-09-11,Aisle 01,chilled
Cold-Pressed Greek Yogurt 10-Pack,Royal Indian Harvest,DAIR-000762,890100157633,Dairy & Eggs,55,pack,290.96,505.32,2026-08-29,Aisle 03,chilled
Rustic Caramelized Onion Oat Milk 12-Pack,Green Earth Foods,DAIR-000763,890100157634,Dairy & Eggs,244,packet,190.17,285.27,2026-09-22,Aisle 02,chilled
Gluten-Free Masala Potato Chips 2L,Green Earth Goods,SNAC-000764,890100157635,Snacks & Confectionery,163,bar,150.72,194.93,2027-04-27,Aisle 10,ambient
Cured Tulsi Honey Bhujia Sev 2L,Pashmina Co.,SNAC-000765,890100157636,Snacks & Confectionery,163,bag,280.45,442.86,2026-12-27,Aisle 10,ambient
Grass-Fed Bamboo Toothbrush 2pk 8-Pack,Catch Milling,HOUS-000766,890100157637,Household & Personal Care,29,packet,117.01,205.88,2027-09-01,Aisle 12,ambient
Unpolished Cardamom Spiced Rawa Sooji 6-Pack,Urban Roots Harvest,PANT-000767,890100157638,Pantry & Dry Goods,43,packet,607.63,992.42,2026-12-10,Aisle 08,ambient
Smoked Cinnamon Spice Pav 6-Pack 5L,Deccan Botanicals,BAKE-000768,890100157639,Bakery & Deli,6,pcs,69.54,87.30,2026-09-07,Aisle 03,chilled
Royal Basa Fish Fillets 500ml,FarmGold Provisions,MEAT-000769,890100157640,Meat & Seafood,42,kg,275.08,438.04,2026-08-30,Aisle 04,chilled
Artisan Pista Almond Custard Apple (Sitaphal) 24-Pack,Green Earth Goods,FRES-000770,890100157641,Fresh Produce,222,bag,63.75,82.53,2026-09-05,Aisle 02,ambient
Natural Cold-Pressed Groundnut Oil 400g,Satvik Farms,PANT-000771,890100157642,Pantry & Dry Goods,132,jar,40.29,57.85,2027-09-23,Aisle 08,ambient
Select Paneer Tikka Deli 1.5L,Green Earth Goods,BAKE-000772,890100157643,Bakery & Deli,166,box,76.21,121.48,2026-08-30,Aisle 03,ambient
Whole-Grain Matcha Green Tea Oat Milk 250g,Royal Indian Co.,DAIR-000773,890100157644,Dairy & Eggs,126,pack,67.24,95.11,2026-09-07,Aisle 02,chilled
Gourmet 70% Dark Chocolate Bar 5L,Desi Organics Milling,SNAC-000774,890100157645,Snacks & Confectionery,181,box,121.59,202.71,2027-06-08,Aisle 09,ambient
Homestyle Apples 250g,Himalayan Milling,FRES-000775,890100157646,Fresh Produce,185,pack,126.49,230.14,2026-09-16,Aisle 01,ambient
Rustic Smoked Chicken Slices 200g,Vedic Fresh Farms,BAKE-000776,890100157647,Bakery & Deli,220,pack,149.51,249.04,2026-09-03,Aisle 04,chilled
Crisp Edamame Pods 200g,Nature Harvest Organics,FROZ-000777,890100157648,Frozen Foods,91,tub,290.78,453.16,2027-04-27,Aisle 08,frozen
Royal Mint Lime Surmai Steaks 12-Pack,Catch Harvest,MEAT-000778,890100157649,Meat & Seafood,52,pcs,748.06,998.00,2026-09-02,Aisle 05,chilled
Sun-Dried Urad Dal Whole 1kg,Pure Vedic Kitchens,PANT-000779,890100157650,Pantry & Dry Goods,165,can,384.19,707.55,2027-02-06,Aisle 06,ambient
Extra-Virgin Desi Cow Ghee 1L,Everest Kitchens,DAIR-000780,890100157651,Dairy & Eggs,207,packet,83.37,117.56,2026-09-12,Aisle 02,chilled
Crisp Lentils Red Masoor 8-Pack,Mother Dairy Plantations,PANT-000781,890100157652,Pantry & Dry Goods,107,can,272.58,380.32,2028-06-24,Aisle 08,ambient
Desi Multigrain Tortillas 12-Pack,Desi Organics Provisions,BAKE-000782,890100157653,Bakery & Deli,180,box,139.58,217.95,2026-08-20,Aisle 04,chilled
Free-Range Hash Browns 6pk 350g,Pashmina Springs,FROZ-000783,890100157654,Frozen Foods,117,box,334.28,477.12,2027-03-21,Aisle 09,frozen
Handcrafted Granola Health Bars 250ml,Urban Roots Goods,SNAC-000784,890100157655,Snacks & Confectionery,104,box,515.60,697.40,2027-04-09,Aisle 09,ambient
Farm-Fresh Rose Infused Fabric Softener Floral 1kg,SunBrite Foods,HOUS-000785,890100157656,Household & Personal Care,98,box,485.41,608.05,2028-10-15,Aisle 12,ambient
Plant-Based Kulcha 4-Pack 2-Pack,Fortune Kitchens,BAKE-000786,890100157657,Bakery & Deli,78,pcs,87.68,118.64,2026-09-06,Aisle 03,chilled
Roasted Toasted Sesame Chicken Drumsticks 150ml,Urban Roots Springs,MEAT-000787,890100157658,Meat & Seafood,218,pcs,792.47,1404.55,2026-08-21,Aisle 05,chilled
Golden Mint Lime Rawa Sooji 24-Pack,Bhoomi Provisions,PANT-000788,890100157659,Pantry & Dry Goods,233,bag,438.11,589.14,2027-10-25,Aisle 06,ambient
Organic Pista Almond Surface Floor Cleaner Rose 200ml,Satvik Organics,HOUS-000789,890100157660,Household & Personal Care,209,tube,432.48,693.40,2028-04-19,Aisle 11,ambient
Country Style Pista Almond Feta Cheese 250g,Pashmina Botanicals,DAIR-000790,890100157661,Dairy & Eggs,86,bottle,475.71,753.52,2026-09-08,Aisle 03,chilled
Low-Sodium Green Chillies 2-Pack,Vedic Fresh Harvest,FRES-000791,890100157662,Fresh Produce,66,kg,123.37,200.44,2026-09-02,Aisle 01,chilled
Country Style Goat Mince Premium 1kg,Fortune Provisions,MEAT-000792,890100157663,Meat & Seafood,216,pack,506.60,837.58,2026-08-30,Aisle 04,chilled
Whole-Grain Tandoori Smoked Floor Disinfectant Pine 500g,Nilgiri Farms,HOUS-000793,890100157664,Household & Personal Care,26,packet,537.71,917.71,2028-04-14,Aisle 12,ambient
Sweet Truffle Infused Ricotta Fresh 10kg,Himalayan Dairy,DAIR-000794,890100157665,Dairy & Eggs,36,packet,121.27,160.34,2026-09-17,Aisle 03,chilled
Extra-Virgin Stainless Steel Scrubber 3pk 6-Pack,Mother Dairy Farms,HOUS-000795,890100157666,Household & Personal Care,81,bottle,173.89,245.81,2027-10-06,Aisle 11,ambient
Farm-Fresh Chatpata Masala Paneer Tikka Deli 750ml,Kaveri Organics,BAKE-000796,890100157667,Bakery & Deli,38,pack,146.20,258.74,2026-09-06,Aisle 03,chilled
Homestyle Bath Tissue 6-Pack 300g,Ganga Organics,HOUS-000797,890100157668,Household & Personal Care,31,bottle,403.53,577.36,2028-04-01,Aisle 12,ambient
Traditional Unsalted White Butter 6-Pack,Fortune Plantations,DAIR-000798,890100157669,Dairy & Eggs,19,tub,168.13,269.54,2026-09-05,Aisle 02,chilled
Valley Fresh Cardamom Spiced Granola Health Bars Family Pack,Dabur Kitchens,SNAC-000799,890100157670,Snacks & Confectionery,203,bar,119.44,184.40,2026-11-04,Aisle 10,ambient
Desi Atlantic Salmon Fillet 150g,Pashmina Organics,MEAT-000800,890100157671,Meat & Seafood,109,pcs,535.33,819.99,2026-08-31,Aisle 05,chilled
Whole-Grain Lemon Pepper Tonic Water Premium 4-Pack,Ganga Foods,BEVE-000801,890100157672,Beverages,12,box,307.67,500.59,2027-07-27,Aisle 06,chilled
Unpolished Sea Salt Cinnamon Swirl Buns 400g,Pure Vedic Farms,BAKE-000802,890100157673,Bakery & Deli,212,pack,201.36,262.67,2026-09-01,Aisle 04,chilled
Plant-Based Garlic & Herb Moong Dal Namkeen 12-Pack,Amul Co.,SNAC-000803,890100157674,Snacks & Confectionery,56,packet,134.63,170.61,2027-05-24,Aisle 09,ambient
Cured Ginger Root 50g,Everest Farms,FRES-000804,890100157675,Fresh Produce,29,pack,26.07,39.92,2026-09-04,Aisle 01,ambient
Organic Alphonso Mango Wood-Fired Veggie Pizza 150ml,Fortune Kitchens,FROZ-000805,890100157676,Frozen Foods,23,packet,135.56,192.07,2026-08-19,Aisle 09,frozen
Rustic Soy Milk Protein 50g,Green Earth Kitchens,DAIR-000806,890100157677,Dairy & Eggs,226,tub,438.41,674.33,2026-09-13,Aisle 03,chilled
Farm-Fresh Masala Chai Roma Tomatoes 5kg,Ganga Agro,FRES-000807,890100157678,Fresh Produce,239,pcs,98.96,157.73,2026-09-02,Aisle 01,ambient
Pure Cinnamon Spice Tender Coconut Water 50g,Urban Roots Organics,BEVE-000808,890100157679,Beverages,145,bag,424.15,691.70,2027-02-22,Aisle 06,ambient
Raw Tandoori Smoked Mishri Mawa Family Pack,Bhoomi Dairy,DAIR-000809,890100157680,Dairy & Eggs,195,packet,511.43,900.66,2026-08-31,Aisle 03,chilled
Unpolished Brownie Bites 500ml,Pure Vedic Kitchens,BAKE-000810,890100157681,Bakery & Deli,136,pack,86.23,133.70,2026-09-10,Aisle 04,chilled
Desi Lassi Mango Infused 10-Pack,Pure Vedic Organics,DAIR-000811,890100157682,Dairy & Eggs,209,carton,355.40,656.59,2026-09-17,Aisle 03,chilled
Whole-Grain Cinnamon Spice Kitchen Paper Towels 4-Roll 250ml,SunBrite Organics,HOUS-000812,890100157683,Household & Personal Care,101,box,48.06,64.76,2029-05-16,Aisle 11,ambient
Stone-Ground Kesar Pista Crab Meat Fresh 12-Pack,Organic Tattva Dairy,MEAT-000813,890100157684,Meat & Seafood,77,pcs,945.39,1451.59,2026-09-02,Aisle 05,chilled
Extra-Virgin Cashew Paste Curry Base Snack Pack,Catch Mills,PANT-000814,890100157685,Pantry & Dry Goods,130,box,495.94,650.59,2027-08-19,Aisle 08,ambient
Farm-Fresh Mustard Oil Kachi Ghani 10kg,SunBrite Botanicals,PANT-000815,890100157686,Pantry & Dry Goods,152,jar,456.80,805.32,2028-01-02,Aisle 06,ambient
Authentic Nagpur Orange Edamame Pods 200ml,Desi Organics Springs,FROZ-000816,890100157687,Frozen Foods,178,tub,218.05,361.00,2027-08-27,Aisle 09,frozen
Spiced Kashmiri Saffron Cashew Paste Curry Base 1.5L,Ganga Milling,PANT-000817,890100157688,Pantry & Dry Goods,208,box,670.71,1041.37,2027-01-01,Aisle 08,ambient
Premium Sweet Tamarind Double Toned Milk 2-Pack,Pashmina Dairy,DAIR-000818,890100157689,Dairy & Eggs,73,pack,421.18,577.69,2026-09-16,Aisle 03,chilled
Spiced Cardamom Spiced Frozen Samosas 50g,Himalayan Goods,FROZ-000819,890100157690,Frozen Foods,11,box,111.67,177.52,2027-03-30,Aisle 09,frozen
Artisan Tonic Water Premium 1.5L,Royal Indian Goods,BEVE-000820,890100157691,Beverages,188,bottle,85.78,137.08,2027-07-02,Aisle 05,ambient
Smoked Chatpata Masala Lassi Mango Infused 12-Pack,Patanjali Botanicals,DAIR-000821,890100157692,Dairy & Eggs,147,box,230.83,360.67,2026-09-24,Aisle 02,chilled
Traditional Dark Chocolate Roasted Makhana Foxnuts 5kg,Saffola Springs,SNAC-000822,890100157693,Snacks & Confectionery,26,packet,111.09,163.43,2026-08-27,Aisle 09,ambient
Sweet Kashmiri Saffron Ayurvedic Bath Soap 330ml,Himalayan Co.,HOUS-000823,890100157694,Household & Personal Care,239,tube,443.39,736.18,2028-02-29,Aisle 12,ambient
Traditional Roasted Salted Cashews 2-Pack,Patanjali Dairy,SNAC-000824,890100157695,Snacks & Confectionery,190,box,422.71,595.63,2027-05-11,Aisle 10,ambient
Select Pista Almond French Fries Crispy 150g,Organic Tattva Organics,FROZ-000825,890100157696,Frozen Foods,232,packet,155.62,264.05,2026-11-05,Aisle 09,frozen
Homestyle Lemon Pepper Ladyfinger (Bhindi) 2L,Heritage Co.,FRES-000826,890100157697,Fresh Produce,231,bunch,119.89,203.98,2026-08-31,Aisle 02,chilled
Sweet Toor Dal Premium 200g,Fortune Provisions,PANT-000827,890100157698,Pantry & Dry Goods,242,bottle,163.92,223.93,2027-12-02,Aisle 07,ambient
Cold-Pressed Jalapeno Lime Espresso Roast Ground Coffee 150g,Nature Harvest Mills,BEVE-000828,890100157699,Beverages,102,pack,259.10,394.48,2026-08-29,Aisle 05,chilled
Low-Sodium Frozen Samosas 12-Pack,Mother Dairy Mills,FROZ-000829,890100157700,Frozen Foods,218,bag,313.55,555.10,2026-12-09,Aisle 08,frozen
Cured Rose Infused Bananas 200ml,Kaveri Dairy,FRES-000830,890100157701,Fresh Produce,218,pcs,28.04,44.70,2026-09-09,Aisle 01,ambient
Artisan Tandoori Smoked Frozen Green Peas 500ml,Nature Harvest Milling,FROZ-000831,890100157702,Frozen Foods,147,box,147.54,188.01,2027-05-14,Aisle 08,frozen
Golden Veg Burger Patties 10-Pack,Nilgiri Agro,FROZ-000832,890100157703,Frozen Foods,95,packet,97.07,154.65,2026-12-09,Aisle 08,frozen
Valley Fresh Raw Wildflower Honey 300g,Mother Dairy Plantations,PANT-000833,890100157704,Pantry & Dry Goods,228,bag,81.22,140.49,2027-02-22,Aisle 06,ambient
Grass-Fed Gourmet Cookies Choco-Chip 150g,Ganga Agro,SNAC-000834,890100157705,Snacks & Confectionery,204,pack,222.64,356.32,2026-12-02,Aisle 10,ambient
Unpolished Pista Almond Roma Tomatoes 1kg,Nilgiri Dairy,FRES-000835,890100157706,Fresh Produce,130,bag,79.02,115.14,2026-09-16,Aisle 02,ambient
Aged Kachi Ghani Mustard Flavored Yogurt 300g,Green Earth Agro,DAIR-000836,890100157707,Dairy & Eggs,250,packet,359.15,566.58,2026-09-26,Aisle 03,chilled
Grass-Fed Garlic & Herb Atlantic Salmon Fillet 8-Pack,Pashmina Provisions,MEAT-000837,890100157708,Meat & Seafood,85,kg,444.07,739.09,2026-08-31,Aisle 05,chilled
Farm-Fresh Tulsi Honey Mutton Chops 250ml,Kaveri Harvest,MEAT-000838,890100157709,Meat & Seafood,57,kg,753.05,973.06,2026-08-29,Aisle 05,chilled
Raw Pista Almond Atlantic Salmon Fillet 1.5L,Desi Organics Milling,MEAT-000839,890100157710,Meat & Seafood,150,pack,608.49,1084.17,2026-09-02,Aisle 04,chilled
Plant-Based Boneless Chicken Breast 200ml,Desi Organics Milling,MEAT-000840,890100157711,Meat & Seafood,119,pack,262.77,386.21,2026-08-29,Aisle 04,chilled
Organic Garlic & Herb Lavash Crackers 6-Pack,Tata Mills,BAKE-000841,890100157712,Bakery & Deli,80,pcs,232.63,344.59,2026-08-16,Aisle 04,ambient
Pure Fruit Muffins Family Pack,Mother Dairy Agro,BAKE-000842,890100157713,Bakery & Deli,80,pack,25.75,41.83,2026-08-30,Aisle 03,ambient
Sun-Dried Squid Rings Cleaned 50g,Royal Indian Dairy,MEAT-000843,890100157714,Meat & Seafood,10,kg,847.35,1277.06,2026-09-02,Aisle 05,chilled
Whole-Grain Chatpata Masala Organic Brown Sugar 750g,Catch Foods,PANT-000844,890100157715,Pantry & Dry Goods,22,can,309.17,560.42,2026-11-28,Aisle 08,ambient
Premium Mixed Berries Frozen 1L,Dabur Botanicals,FROZ-000845,890100157716,Frozen Foods,41,bag,247.76,405.65,2027-07-30,Aisle 09,frozen
Rustic Ajwain & Jeera Unsalted White Butter 5kg,Amul Naturals,DAIR-000846,890100157717,Dairy & Eggs,16,bottle,58.24,95.58,2026-09-02,Aisle 02,chilled
Premium Alphonso Mangoes 12-Pack,Mother Dairy Kitchens,FRES-000847,890100157718,Fresh Produce,117,pack,84.71,112.82,2026-09-13,Aisle 01,chilled
Pure Garlic & Herb Granola Health Bars Family Pack,FarmGold Plantations,SNAC-000848,890100157719,Snacks & Confectionery,132,tub,232.01,418.41,2027-05-12,Aisle 10,ambient
Aged Dark Chocolate Hash Browns 6pk 100g,Everest Kitchens,FROZ-000849,890100157720,Frozen Foods,47,bag,226.44,416.89,2027-02-21,Aisle 08,frozen
Handcrafted Fruit Cake Slice 2-Pack,Ganga Co.,BAKE-000850,890100157721,Bakery & Deli,136,box,190.12,309.64,2026-08-30,Aisle 04,chilled
Traditional Cardamom Spiced Rawa Sooji 200ml,Fortune Foods,PANT-000851,890100157722,Pantry & Dry Goods,191,can,495.37,874.94,2027-01-27,Aisle 08,ambient
Select Alphonso Mango Kaju Katli Sweet Box 12-Pack,Everest Co.,SNAC-000852,890100157723,Snacks & Confectionery,85,packet,258.94,446.18,2027-01-25,Aisle 09,ambient
Gluten-Free Tender Coconut Water 500ml,Bhoomi Springs,BEVE-000853,890100157724,Beverages,91,box,293.65,456.88,2026-08-29,Aisle 05,ambient
Country Style Soy Milk Protein 200ml,Deccan Foods,DAIR-000854,890100157725,Dairy & Eggs,220,box,504.25,882.93,2026-09-13,Aisle 02,chilled
Premium Golden Ginger Butter Murukku 6-Pack,Catch Co.,SNAC-000855,890100157726,Snacks & Confectionery,134,bag,531.02,850.22,2026-08-28,Aisle 09,ambient
Select Clove & Mint Toothpaste 250g,Ganga Co.,HOUS-000856,890100157727,Household & Personal Care,86,box,504.36,868.71,2027-12-26,Aisle 12,ambient
Unpolished Bitter Gourd (Karela) 250g,Vedic Fresh Agro,FRES-000857,890100157728,Fresh Produce,202,kg,79.99,142.45,2026-08-30,Aisle 01,ambient
Whole-Grain Garlic & Herb Badam Milk Drink 200g,Desi Organics Farms,BEVE-000858,890100157729,Beverages,241,bottle,68.87,105.23,2027-05-16,Aisle 06,chilled
Desi Jalapeno Lime Espresso Roast Ground Coffee 50g,Deccan Springs,BEVE-000859,890100157730,Beverages,45,pack,398.60,722.47,2027-03-15,Aisle 05,ambient
Premium Kachi Ghani Mustard Mosquito Vaporizer Refill 10-Pack,Pure Vedic Dairy,HOUS-000860,890100157731,Household & Personal Care,172,box,231.89,297.82,2027-03-24,Aisle 12,ambient
Rustic Chatpata Masala Spicy Peanut Chikki 12-Pack,Nature Harvest Naturals,SNAC-000861,890100157732,Snacks & Confectionery,78,packet,462.92,768.39,2027-06-16,Aisle 09,ambient
Sweet Kesar Pista Soan Papdi Box 750g,FarmGold Organics,SNAC-000862,890100157733,Snacks & Confectionery,26,box,64.72,113.81,2027-01-19,Aisle 09,ambient
Organic Sweet Corn Kernels 750ml,Heritage Mills,FROZ-000863,890100157734,Frozen Foods,121,box,288.69,370.46,2027-04-13,Aisle 09,frozen
Low-Sodium Dark Chocolate Mixed Berries Frozen 350g,Fortune Plantations,FROZ-000864,890100157735,Frozen Foods,173,tub,199.93,332.91,2026-08-29,Aisle 08,frozen
Smoked Roasted Salted Cashews 750ml,Everest Springs,SNAC-000865,890100157736,Snacks & Confectionery,99,box,177.54,302.52,2027-05-31,Aisle 10,ambient
Extra-Virgin Cardamom Spiced Veg Burger Patties 250ml,Royal Indian Co.,FROZ-000866,890100157737,Frozen Foods,232,box,167.60,215.84,2026-12-09,Aisle 09,frozen
Valley Fresh Tandoori Smoked Crab Meat Fresh 200ml,Urban Roots Harvest,MEAT-000867,890100157738,Meat & Seafood,138,pcs,550.79,971.57,2026-08-27,Aisle 05,chilled
Country Style Surface Floor Cleaner Rose 1.5L,Nature Harvest Botanicals,HOUS-000868,890100157739,Household & Personal Care,97,tube,396.09,631.49,2027-11-01,Aisle 12,ambient
Whole-Grain Rose Infused Almond Milk 250g,Saffola Harvest,DAIR-000869,890100157740,Dairy & Eggs,71,carton,316.88,417.92,2026-09-21,Aisle 03,chilled
Select Cashew Paste Curry Base 10kg,Deccan Foods,PANT-000870,890100157741,Pantry & Dry Goods,220,packet,252.89,323.60,2027-02-03,Aisle 07,ambient
Cured Edamame Pods 1L,Catch Kitchens,FROZ-000871,890100157742,Frozen Foods,127,pack,126.27,231.63,2027-04-16,Aisle 09,frozen
Authentic Sweet Tamarind Sparkling Mineral Water 1L,Patanjali Dairy,BEVE-000872,890100157743,Beverages,85,carton,103.76,149.61,2027-07-27,Aisle 05,ambient
Cold-Pressed Poha Thick Flakes 200g,Heritage Agro,PANT-000873,890100157744,Pantry & Dry Goods,184,can,37.58,67.35,2027-11-28,Aisle 07,ambient
Premium Pineapples 200ml,Nature Harvest Harvest,FRES-000874,890100157745,Fresh Produce,86,pack,63.02,96.85,2026-08-30,Aisle 01,ambient
Country Style Matcha Green Tea Gouda Block Snack Pack,Green Earth Plantations,DAIR-000875,890100157746,Dairy & Eggs,221,box,241.50,378.72,2026-09-07,Aisle 02,chilled
Cured Hash Browns 6pk 2-Pack,Bhoomi Milling,FROZ-000876,890100157747,Frozen Foods,219,pack,50.47,66.19,2026-11-21,Aisle 08,frozen
Authentic Tiger Prawns Jumbo 150g,Himalayan Mills,MEAT-000877,890100157748,Meat & Seafood,92,pcs,685.42,1097.67,2026-09-02,Aisle 05,chilled
Stone-Ground Garlic & Herb Smoked Chicken Slices 250g,Himalayan Agro,BAKE-000878,890100157749,Bakery & Deli,165,box,186.01,279.41,2026-09-10,Aisle 03,chilled
Farm-Fresh Fruit Muffins 400g,Urban Roots Dairy,BAKE-000879,890100157750,Bakery & Deli,192,pcs,185.81,283.81,2026-09-08,Aisle 03,ambient
Smoked Alphonso Mango Fresh Chicken Curry Cut 10-Pack,Amul Springs,MEAT-000880,890100157751,Meat & Seafood,5,pcs,675.33,1207.82,2026-09-01,Aisle 05,chilled
Gourmet Smoked Paprika Ayurvedic Bath Soap 750ml,Urban Roots Milling,HOUS-000881,890100157752,Household & Personal Care,98,pack,202.96,317.92,2028-12-27,Aisle 11,ambient
Wildcrafted Pista Almond Basa Fish Fillets 8-Pack,Mother Dairy Botanicals,MEAT-000882,890100157753,Meat & Seafood,49,kg,332.64,610.99,2026-09-03,Aisle 05,chilled
Natural Ajwain & Jeera Frozen Paneer Cubes Value Pack,Amul Goods,FROZ-000883,890100157754,Frozen Foods,244,tub,341.01,510.64,2027-04-11,Aisle 09,frozen
Low-Sodium Sourdough Loaf 200g,Ganga Plantations,BAKE-000884,890100157755,Bakery & Deli,170,pack,251.02,370.91,2026-08-30,Aisle 03,ambient
Aged Frozen Veg Momos 5L,Everest Dairy,FROZ-000885,890100157756,Frozen Foods,215,bag,362.59,528.76,2027-05-25,Aisle 08,frozen
Rustic Organic Rolled Oats 1L,FarmGold Agro,PANT-000886,890100157757,Pantry & Dry Goods,115,box,34.84,54.09,2026-08-15,Aisle 06,ambient
Traditional Garlic & Herb Frozen Paneer Cubes 2L,Urban Roots Botanicals,FROZ-000887,890100157758,Frozen Foods,173,tub,239.86,326.82,2026-12-29,Aisle 08,frozen
Pure Tulsi Honey Diet Mixture Namkeen 4-Pack,Heritage Plantations,SNAC-000888,890100157759,Snacks & Confectionery,233,box,66.11,116.61,2026-12-10,Aisle 10,ambient
Aged Bell Peppers 750g,Fortune Milling,FRES-000889,890100157760,Fresh Produce,216,bunch,41.61,67.70,2026-09-17,Aisle 01,chilled
Zero-Sugar Sweet Tamarind Papayas 350g,Ganga Harvest,FRES-000890,890100157761,Fresh Produce,135,pack,136.09,235.73,2026-09-01,Aisle 01,ambient
Cold-Pressed Truffle Infused Sourdough Loaf Snack Pack,Dabur Dairy,BAKE-000891,890100157762,Bakery & Deli,104,pcs,215.07,371.04,2026-08-31,Aisle 04,chilled
Plant-Based Toasted Sesame Fruit Muffins 400g,Organic Tattva Dairy,BAKE-000892,890100157763,Bakery & Deli,34,box,201.14,353.34,2026-09-05,Aisle 03,ambient
Zero-Sugar Masala Chai Chaash / Buttermilk 24-Pack,Urban Roots Co.,DAIR-000893,890100157764,Dairy & Eggs,98,box,391.16,632.15,2026-08-27,Aisle 02,chilled
Plant-Based Truffle Infused Mixed Berries Frozen 50g,Tata Mills,FROZ-000894,890100157765,Frozen Foods,156,tub,46.23,64.02,2027-02-02,Aisle 08,frozen
Natural Dishwash Gel Lemon 1L,Himalayan Farms,HOUS-000895,890100157766,Household & Personal Care,5,pack,347.76,440.08,2026-08-27,Aisle 12,ambient
Organic Lemon Pepper Jeera Masala Soda 6-Pack,Mother Dairy Goods,BEVE-000896,890100157767,Beverages,143,carton,368.68,628.76,2027-06-24,Aisle 06,chilled
Rustic Spicy Peanut Chikki 100g,Himalayan Agro,SNAC-000897,890100157768,Snacks & Confectionery,41,box,138.99,180.64,2026-12-20,Aisle 10,ambient
Desi Red Chilli & Garlic Fish Fingers Frozen 1.5L,Heritage Organics,FROZ-000898,890100157769,Frozen Foods,90,tub,389.70,646.40,2027-06-14,Aisle 08,frozen
Handcrafted Catla Fish Steaks 1L,Kaveri Farms,MEAT-000899,890100157770,Meat & Seafood,84,pack,808.55,1282.08,2026-09-02,Aisle 04,chilled
Heritage Bhujia Sev 200g,Saffola Dairy,SNAC-000900,890100157771,Snacks & Confectionery,180,packet,432.79,777.42,2026-12-11,Aisle 09,ambient
Homestyle Wood-Fired Veggie Pizza 10-Pack,Amul Provisions,FROZ-000901,890100157772,Frozen Foods,185,tub,330.63,444.77,2027-05-31,Aisle 09,frozen
Stone-Ground Green Chillies 150ml,Desi Organics Farms,FRES-000902,890100157773,Fresh Produce,119,kg,102.98,160.21,2026-09-17,Aisle 02,ambient
Plant-Based Dark Chocolate Coconut Milk Canned 330ml,Tata Kitchens,PANT-000903,890100157774,Pantry & Dry Goods,74,bag,170.10,298.98,2027-12-13,Aisle 06,ambient
Cold-Pressed Dark Chocolate Parmigiano-Reggiano 330ml,Amul Provisions,DAIR-000904,890100157775,Dairy & Eggs,127,packet,379.45,554.62,2026-09-08,Aisle 02,chilled
Artisan Matcha Green Tea Goat Mince Premium 200ml,Urban Roots Dairy,MEAT-000905,890100157776,Meat & Seafood,205,pcs,317.95,459.94,2026-09-02,Aisle 04,chilled
Low-Sodium Cardamom Spiced Poha Thick Flakes 10-Pack,Satvik Provisions,PANT-000906,890100157777,Pantry & Dry Goods,18,bag,402.90,731.53,2027-08-21,Aisle 07,ambient
Wildcrafted Vanilla Bean Fruit Cake Slice 6-Pack,Tata Milling,BAKE-000907,890100157778,Bakery & Deli,40,box,81.46,148.16,2026-09-06,Aisle 03,ambient
Whole-Grain Sweet Tamarind Organic Green Tea 1kg,Fortune Plantations,BEVE-000908,890100157779,Beverages,57,pack,418.49,772.28,2026-11-28,Aisle 06,ambient
Premium Kesar Pista Cashew Paste Curry Base 1kg,Amul Farms,PANT-000909,890100157780,Pantry & Dry Goods,235,box,275.19,366.37,2027-03-23,Aisle 06,ambient
Traditional Clove & Mint Toothpaste 2L,SunBrite Botanicals,HOUS-000910,890100157781,Household & Personal Care,148,packet,556.05,761.72,2027-06-06,Aisle 11,ambient
Cold-Pressed Mint Lime Pink Himalayan Salt 10kg,Bhoomi Harvest,PANT-000911,890100157782,Pantry & Dry Goods,44,packet,141.95,203.99,2028-05-27,Aisle 06,ambient
Signature California Almonds 4-Pack,Mother Dairy Foods,SNAC-000912,890100157783,Snacks & Confectionery,41,bag,509.10,796.36,2026-10-30,Aisle 10,ambient
Premium Masala Potato Chips Snack Pack,Himalayan Botanicals,SNAC-000913,890100157784,Snacks & Confectionery,56,box,327.37,474.57,2026-12-16,Aisle 09,ambient
Crisp Coconut Cream Brioche Burger Buns 1kg,Nature Harvest Mills,BAKE-000914,890100157785,Bakery & Deli,225,pack,93.16,126.77,2026-08-20,Aisle 03,chilled
Artisan Veg Burger Patties Snack Pack,Urban Roots Farms,FROZ-000915,890100157786,Frozen Foods,55,box,173.51,233.89,2026-11-22,Aisle 08,frozen
Traditional Sweet Tamarind Chicken Frankfurters 10kg,Pure Vedic Milling,BAKE-000916,890100157787,Bakery & Deli,176,box,315.48,560.63,2026-09-09,Aisle 03,chilled
Gourmet Sweet Tamarind Buffalo Milk 5kg,Bhoomi Plantations,DAIR-000917,890100157788,Dairy & Eggs,49,packet,28.34,39.54,2026-09-18,Aisle 03,chilled
Royal Spicy Peanut Chikki 1.5L,Satvik Goods,SNAC-000918,890100157789,Snacks & Confectionery,60,bag,177.67,230.19,2027-04-17,Aisle 10,ambient
Aged Chicken Keema 500ml,Desi Organics Kitchens,MEAT-000919,890100157790,Meat & Seafood,110,pack,497.62,881.05,2026-09-01,Aisle 05,chilled
Whole-Grain Nagpur Orange Chicken Keema Value Pack,Pure Vedic Co.,MEAT-000920,890100157791,Meat & Seafood,187,pack,480.89,816.01,2026-08-30,Aisle 05,chilled
Plant-Based Matcha Green Tea Sona Masoori Rice 350g,Nilgiri Milling,PANT-000921,890100157792,Pantry & Dry Goods,216,packet,561.60,738.52,2028-04-02,Aisle 07,ambient
Extra-Virgin Matcha Green Tea Diet Mixture Namkeen 10-Pack,Urban Roots Dairy,SNAC-000922,890100157793,Snacks & Confectionery,74,packet,414.89,679.76,2027-03-22,Aisle 09,ambient
Sun-Dried Mint Lime Himalayan Spring Water 5L,Heritage Provisions,BEVE-000923,890100157794,Beverages,76,carton,439.11,559.99,2027-07-18,Aisle 05,ambient
Heritage Nagpur Orange California Almonds 400g,Kaveri Naturals,SNAC-000924,890100157795,Snacks & Confectionery,48,pack,231.69,347.20,2026-10-12,Aisle 09,ambient
Pure Makhana Crunch Chicken Sausages 300g,Urban Roots Kitchens,MEAT-000925,890100157796,Meat & Seafood,150,pcs,442.95,768.24,2026-08-29,Aisle 04,chilled
Signature Lemon Pepper Masala Potato Chips 250g,Pashmina Springs,SNAC-000926,890100157797,Snacks & Confectionery,75,packet,183.07,246.02,2026-12-18,Aisle 09,ambient
Artisan Fish Fingers Frozen 4-Pack,Urban Roots Provisions,FROZ-000927,890100157798,Frozen Foods,231,pack,82.28,116.94,2026-11-24,Aisle 08,frozen
Traditional Lemon Pepper Smoked Chicken Slices 350g,Nilgiri Co.,BAKE-000928,890100157799,Bakery & Deli,164,box,40.84,62.52,2026-08-30,Aisle 04,ambient
Sun-Dried Cow Milk 250g,Pure Vedic Kitchens,DAIR-000929,890100157800,Dairy & Eggs,206,box,400.15,508.47,2026-09-13,Aisle 03,chilled
Raw Penne Rigate Pasta 2kg,Bhoomi Provisions,PANT-000930,890100157801,Pantry & Dry Goods,161,jar,412.82,533.66,2026-08-30,Aisle 07,ambient
Signature Soan Papdi Box 150g,Vedic Fresh Co.,SNAC-000931,890100157802,Snacks & Confectionery,248,pack,458.23,773.09,2026-12-18,Aisle 09,ambient
Handcrafted Golden Ginger Guava Chilli Juice 1.5L,Satvik Foods,BEVE-000932,890100157803,Beverages,32,can,434.23,589.35,2027-06-14,Aisle 05,ambient
Cold-Pressed Catla Fish Steaks 750ml,Pure Vedic Organics,MEAT-000933,890100157804,Meat & Seafood,250,pcs,539.02,925.17,2026-08-30,Aisle 04,chilled
Homestyle Roma Tomatoes 500ml,Deccan Dairy,FRES-000934,890100157805,Fresh Produce,95,pcs,61.43,88.41,2026-09-01,Aisle 02,chilled
Free-Range Sweet Tamarind Chaash / Buttermilk 1kg,Dabur Provisions,DAIR-000935,890100157806,Dairy & Eggs,116,packet,449.94,792.26,2026-09-10,Aisle 03,chilled
Gourmet Lavash Crackers 50g,Heritage Organics,BAKE-000936,890100157807,Bakery & Deli,5,box,187.47,288.11,2026-08-29,Aisle 03,chilled
Raw Cinnamon Spice Papayas 24-Pack,Pashmina Naturals,FRES-000937,890100157808,Fresh Produce,214,pcs,142.87,242.54,2026-09-03,Aisle 01,ambient
Valley Fresh Smoked Paprika Palak Leaves 150g,Amul Kitchens,FRES-000938,890100157809,Fresh Produce,132,pack,129.90,180.01,2026-08-23,Aisle 01,chilled
Sweet Shampoo Anti-Dandruff 50g,Everest Co.,HOUS-000939,890100157810,Household & Personal Care,112,bottle,49.59,84.88,2026-08-28,Aisle 12,ambient
Gourmet Tiger Prawns Jumbo 300g,Deccan Milling,MEAT-000940,890100157811,Meat & Seafood,44,kg,669.70,886.71,2026-08-30,Aisle 04,chilled
Royal Pomegranates 500g,Bhoomi Goods,FRES-000941,890100157812,Fresh Produce,106,pcs,110.84,147.05,2026-09-03,Aisle 02,chilled
Pure Boneless Chicken Breast 330ml,Pashmina Organics,MEAT-000942,890100157813,Meat & Seafood,108,kg,827.24,1138.62,2026-09-03,Aisle 05,chilled
Roasted Makhana Crunch Parmigiano-Reggiano 1L,Royal Indian Botanicals,DAIR-000943,890100157814,Dairy & Eggs,104,bottle,286.27,428.28,2026-09-15,Aisle 02,chilled
Organic Tulsi Honey Mosquito Vaporizer Refill 300g,Amul Botanicals,HOUS-000944,890100157815,Household & Personal Care,179,packet,557.68,746.08,2028-10-13,Aisle 12,ambient
Artisan Filter Coffee Beans 10-Pack,Pashmina Farms,BEVE-000945,890100157816,Beverages,196,box,289.95,364.65,2027-05-10,Aisle 06,chilled
Organic Ajwain & Jeera Soan Papdi Box 150ml,Organic Tattva Mills,SNAC-000946,890100157817,Snacks & Confectionery,50,box,243.63,407.29,2027-01-31,Aisle 10,ambient
Farm-Fresh Greek Yogurt 4-Pack,Catch Agro,DAIR-000947,890100157818,Dairy & Eggs,68,tub,323.90,598.88,2026-09-06,Aisle 02,chilled
Crisp Sea Salt Gulab Jamun Tin Snack Pack,Ganga Provisions,SNAC-000948,890100157819,Snacks & Confectionery,45,tub,53.73,75.07,2026-08-30,Aisle 10,ambient
Spiced Bell Peppers Snack Pack,Green Earth Organics,FRES-000949,890100157820,Fresh Produce,207,pack,115.37,148.54,2026-09-13,Aisle 02,ambient
Artisan Nagpur Orange Butter Murukku 1kg,Tata Springs,SNAC-000950,890100157821,Snacks & Confectionery,147,pack,59.37,75.80,2027-01-07,Aisle 10,ambient
Signature Jalapeno Lime Ciabatta Roll 10kg,Desi Organics Provisions,BAKE-000951,890100157822,Bakery & Deli,69,pcs,197.41,357.07,2026-08-28,Aisle 04,chilled
Rustic Surface Floor Cleaner Rose 1L,Amul Kitchens,HOUS-000952,890100157823,Household & Personal Care,102,box,41.67,62.99,2027-12-09,Aisle 12,ambient
Royal Custard Apple (Sitaphal) 10-Pack,Patanjali Foods,FRES-000953,890100157824,Fresh Produce,199,kg,114.76,193.00,2026-09-03,Aisle 02,ambient
Low-Sodium Urad Dal Whole 50g,Vedic Fresh Springs,PANT-000954,890100157825,Pantry & Dry Goods,33,jar,519.61,744.99,2026-11-30,Aisle 08,ambient
Valley Fresh Cardamom Spiced Biodegradable Garbage Bags 1L,Tata Springs,HOUS-000955,890100157826,Household & Personal Care,35,pack,70.20,111.72,2029-03-22,Aisle 11,ambient
Low-Sodium Fabric Softener Floral 750ml,Royal Indian Harvest,HOUS-000956,890100157827,Household & Personal Care,231,packet,99.61,169.16,2027-11-06,Aisle 11,ambient
Signature Salted Butter 1kg,Royal Indian Botanicals,DAIR-000957,890100157828,Dairy & Eggs,21,bottle,262.96,467.88,2026-08-28,Aisle 02,chilled
Grass-Fed Cucumbers 100g,Vedic Fresh Harvest,FRES-000958,890100157829,Fresh Produce,137,bag,73.93,122.17,2026-09-11,Aisle 02,ambient
Gluten-Free Dark Chocolate Soy Milk Protein 2-Pack,Royal Indian Organics,DAIR-000959,890100157830,Dairy & Eggs,25,box,412.50,631.84,2026-09-12,Aisle 02,chilled
Royal Sourdough Loaf 250g,Nature Harvest Plantations,BAKE-000960,890100157831,Bakery & Deli,40,pcs,32.46,48.15,2026-08-28,Aisle 04,chilled
Heritage Nimbu Paani Soda 200g,Mother Dairy Mills,BEVE-000961,890100157832,Beverages,213,pack,197.48,319.91,2027-02-17,Aisle 05,chilled
Smoked Bhujia Sev 4-Pack,Bhoomi Foods,SNAC-000962,890100157833,Snacks & Confectionery,96,bag,464.37,730.43,2026-11-23,Aisle 09,ambient
Desi Coconut Cream Portobello Mushrooms 5kg,Organic Tattva Botanicals,FRES-000963,890100157834,Fresh Produce,32,bunch,81.07,146.16,2026-09-04,Aisle 01,chilled
Extra-Virgin Tulsi Honey Soy Milk Protein 150ml,Everest Mills,DAIR-000964,890100157835,Dairy & Eggs,30,carton,91.15,155.87,2026-09-26,Aisle 02,chilled
Zero-Sugar Chatpata Masala Soy Milk Protein 2L,FarmGold Plantations,DAIR-000965,890100157836,Dairy & Eggs,68,packet,50.31,92.31,2026-09-08,Aisle 02,chilled
Grass-Fed Toor Dal Premium 200g,Amul Dairy,PANT-000966,890100157837,Pantry & Dry Goods,22,bag,249.84,372.24,2027-04-06,Aisle 08,ambient
Royal Kachi Ghani Mustard Mosquito Vaporizer Refill 8-Pack,Catch Co.,HOUS-000967,890100157838,Household & Personal Care,171,bottle,544.49,887.76,2028-02-18,Aisle 11,ambient
Artisan Sweet Tamarind Kabuli Chana Large 500g,Pure Vedic Goods,PANT-000968,890100157839,Pantry & Dry Goods,74,packet,667.88,1132.35,2027-12-17,Aisle 06,ambient
Low-Sodium Kesar Pista Herbal Hand Wash Neem 500g,Royal Indian Organics,HOUS-000969,890100157840,Household & Personal Care,96,pack,335.76,583.54,2027-07-16,Aisle 12,ambient
Premium Dark Chocolate Surmai Steaks 5kg,Organic Tattva Kitchens,MEAT-000970,890100157841,Meat & Seafood,46,pcs,931.84,1704.76,2026-09-03,Aisle 04,chilled
Country Style Mint Lime Bamboo Toothbrush 2pk Family Pack,Bhoomi Farms,HOUS-000971,890100157842,Household & Personal Care,170,packet,326.42,414.20,2027-07-04,Aisle 12,ambient
Premium Tulsi Honey Pomegranates Value Pack,Heritage Milling,FRES-000972,890100157843,Fresh Produce,18,pack,40.62,64.49,2026-08-16,Aisle 01,ambient
Smoked Paneer Tikka Deli 2L,Green Earth Milling,BAKE-000973,890100157844,Bakery & Deli,109,pcs,260.56,373.66,2026-08-30,Aisle 04,chilled
Organic Sweet Tamarind Floor Disinfectant Pine 24-Pack,Patanjali Goods,HOUS-000974,890100157845,Household & Personal Care,173,box,115.18,204.96,2028-01-28,Aisle 11,ambient
Plant-Based Tulsi Honey Pomegranates 1.5L,Pashmina Mills,FRES-000975,890100157846,Fresh Produce,172,pcs,129.99,218.66,2026-09-10,Aisle 01,ambient
Roasted Curd Tub (Dahi) Value Pack,Desi Organics Harvest,DAIR-000976,890100157847,Dairy & Eggs,60,pack,437.52,656.27,2026-08-15,Aisle 03,chilled
Authentic Cold-Pressed Groundnut Oil 330ml,Patanjali Springs,PANT-000977,890100157848,Pantry & Dry Goods,160,packet,525.79,670.03,2027-08-06,Aisle 07,ambient
Golden Sea Salt Fresh Chicken Curry Cut 400g,Fortune Organics,MEAT-000978,890100157849,Meat & Seafood,36,kg,456.31,747.10,2026-09-02,Aisle 05,chilled
Golden Tulsi Honey Royal Basmati Rice 100g,Satvik Naturals,PANT-000979,890100157850,Pantry & Dry Goods,92,can,286.49,407.18,2027-12-13,Aisle 07,ambient
Smoked Garlic & Herb Mixed Berries Frozen 200g,Royal Indian Springs,FROZ-000980,890100157851,Frozen Foods,6,bag,50.05,72.92,2026-11-16,Aisle 08,frozen
Signature Roasted Makhana Foxnuts 250g,Heritage Agro,SNAC-000981,890100157852,Snacks & Confectionery,7,bar,334.91,504.30,2027-02-27,Aisle 10,ambient
Sun-Dried Dark Chocolate Alphonso Kulfi Tub 400g,Urban Roots Co.,FROZ-000982,890100157853,Frozen Foods,89,packet,230.27,359.87,2026-11-22,Aisle 08,frozen
Organic Vanilla Bean Chicken Sausages 300g,Organic Tattva Co.,MEAT-000983,890100157854,Meat & Seafood,98,pcs,260.19,478.44,2026-08-31,Aisle 04,chilled
Zero-Sugar Soan Papdi Box 4-Pack,SunBrite Kitchens,SNAC-000984,890100157855,Snacks & Confectionery,240,bar,452.18,809.31,2027-02-21,Aisle 10,ambient
Sun-Dried Roasted Salted Cashews 400g,Patanjali Organics,SNAC-000985,890100157856,Snacks & Confectionery,181,box,493.23,898.05,2027-03-01,Aisle 10,ambient
Valley Fresh Fresh Mosambi Juice 6-Pack,Heritage Milling,BEVE-000986,890100157857,Beverages,35,box,364.36,528.38,2027-05-27,Aisle 06,ambient
Authentic Kashmiri Saffron Ladyfinger (Bhindi) 1kg,Himalayan Agro,FRES-000987,890100157858,Fresh Produce,134,pcs,19.33,26.98,2026-08-22,Aisle 02,ambient
Aged Mutton Chops 10-Pack,Fortune Naturals,MEAT-000988,890100157859,Meat & Seafood,68,kg,776.27,1189.08,2026-09-02,Aisle 04,chilled
Homestyle Kesar Pista Double Toned Milk 250ml,Everest Goods,DAIR-000989,890100157860,Dairy & Eggs,197,carton,268.15,491.40,2026-09-25,Aisle 03,chilled
Desi Tiger Prawns Jumbo 250g,Pashmina Milling,MEAT-000990,890100157861,Meat & Seafood,174,kg,848.32,1502.30,2026-08-29,Aisle 04,chilled
Farm-Fresh Parmigiano-Reggiano 5kg,Royal Indian Agro,DAIR-000991,890100157862,Dairy & Eggs,37,pack,127.88,190.43,2026-08-30,Aisle 03,chilled
Sweet Masala Potato Chips 300g,Heritage Springs,SNAC-000992,890100157863,Snacks & Confectionery,95,bar,104.94,180.23,2027-03-16,Aisle 09,ambient
Organic Ajwain & Jeera Fresh Chicken Curry Cut 750ml,Dabur Kitchens,MEAT-000993,890100157864,Meat & Seafood,131,pcs,872.08,1542.99,2026-09-01,Aisle 05,chilled
Sun-Dried Vanilla Bean Stainless Steel Scrubber 3pk 250ml,Dabur Provisions,HOUS-000994,890100157865,Household & Personal Care,187,pack,254.76,351.68,2026-08-23,Aisle 12,ambient
Stone-Ground Bhujia Sev 2L,Vedic Fresh Goods,SNAC-000995,890100157866,Snacks & Confectionery,205,bar,471.05,596.85,2027-04-10,Aisle 09,ambient
Sweet Smoked Paprika Frozen Paneer Cubes 200g,Himalayan Plantations,FROZ-000996,890100157867,Frozen Foods,208,tub,240.58,417.67,2027-05-01,Aisle 08,frozen
Authentic Cardamom Spiced Mustard Oil Kachi Ghani 5L,Pure Vedic Co.,PANT-000997,890100157868,Pantry & Dry Goods,63,can,653.27,1069.99,2027-06-11,Aisle 08,ambient
Zero-Sugar Electrolyte Energy Drink 4-Pack,Pure Vedic Milling,BEVE-000998,890100157869,Beverages,20,pack,195.75,276.13,2026-10-01,Aisle 06,ambient
Wildcrafted Broccoli Crowns 10kg,Himalayan Kitchens,FRES-000999,890100157870,Fresh Produce,119,pcs,98.93,137.91,2026-09-02,Aisle 02,ambient
Authentic Matcha Green Tea Chicken Frankfurters 10-Pack,Mother Dairy Organics,BAKE-001000,890100157871,Bakery & Deli,188,pack,182.22,313.01,2026-09-02,Aisle 03,chilled
Smoked Sona Masoori Rice 150ml,Organic Tattva Farms,PANT-001001,890100157872,Pantry & Dry Goods,113,bottle,216.92,355.80,2028-05-14,Aisle 08,ambient
Royal Fish Fingers Frozen Value Pack,Urban Roots Milling,FROZ-001002,890100157873,Frozen Foods,58,packet,246.59,415.59,2027-06-01,Aisle 09,frozen
Heritage Lemon Pepper Baby Spinach 350g,Vedic Fresh Foods,FRES-001003,890100157874,Fresh Produce,5,pcs,48.82,65.47,2026-09-03,Aisle 01,chilled
Extra-Virgin Biodegradable Garbage Bags 4-Pack,Urban Roots Mills,HOUS-001004,890100157875,Household & Personal Care,57,packet,517.38,823.19,2028-03-28,Aisle 12,ambient
Pure Rose Infused Organic Green Tea 5kg,Deccan Organics,BEVE-001005,890100157876,Beverages,194,bottle,56.05,97.36,2027-01-17,Aisle 06,chilled
Select Smoked Paprika Fruit Muffins 300g,SunBrite Kitchens,BAKE-001006,890100157877,Bakery & Deli,84,box,150.57,264.30,2026-09-07,Aisle 03,ambient
Stone-Ground Organic Green Tea 750ml,Urban Roots Botanicals,BEVE-001007,890100157878,Beverages,185,carton,290.16,501.63,2027-04-21,Aisle 05,chilled
Valley Fresh Bagel Plain 4pk 8-Pack,Heritage Farms,BAKE-001008,890100157879,Bakery & Deli,42,box,246.10,405.43,2026-09-06,Aisle 04,chilled
Artisan Makhana Crunch Himalayan Spring Water 500ml,Saffola Dairy,BEVE-001009,890100157880,Beverages,142,pack,431.91,578.66,2026-12-15,Aisle 05,chilled
Farm-Fresh Matcha Green Tea Herbal Hand Wash Neem 1L,Desi Organics Plantations,HOUS-001010,890100157881,Household & Personal Care,32,tube,250.40,362.51,2027-07-27,Aisle 12,ambient
Crisp Dark Chocolate Kaju Katli Sweet Box 6-Pack,Organic Tattva Foods,SNAC-001011,890100157882,Snacks & Confectionery,40,box,211.48,361.98,2027-01-25,Aisle 10,ambient
Cold-Pressed Blueberries 300g,Green Earth Foods,FRES-001012,890100157883,Fresh Produce,91,bag,47.17,60.44,2026-09-10,Aisle 02,ambient
Heritage Kulcha 4-Pack 50g,Deccan Plantations,BAKE-001013,890100157884,Bakery & Deli,60,box,254.33,333.22,2026-08-31,Aisle 04,ambient
Authentic Goat Mince Premium 1.5L,Tata Provisions,MEAT-001014,890100157885,Meat & Seafood,180,pack,682.96,965.32,2026-08-29,Aisle 04,chilled
Extra-Virgin Sea Salt Mosquito Vaporizer Refill 10kg,Patanjali Harvest,HOUS-001015,890100157886,Household & Personal Care,227,box,158.82,254.08,2029-01-12,Aisle 11,ambient
Crisp Pista Almond Mosquito Vaporizer Refill 2L,Saffola Farms,HOUS-001016,890100157887,Household & Personal Care,222,pack,509.48,637.11,2027-03-17,Aisle 12,ambient
Wildcrafted Vanilla Bean Veg Burger Patties 1kg,Bhoomi Goods,FROZ-001017,890100157888,Frozen Foods,241,box,318.60,501.30,2027-08-25,Aisle 08,frozen
Homestyle Chicken Keema 1L,Desi Organics Naturals,MEAT-001018,890100157889,Meat & Seafood,85,kg,789.74,1083.45,2026-09-02,Aisle 05,chilled
Cured Matcha Green Tea Lemons 500ml,Fortune Mills,FRES-001019,890100157890,Fresh Produce,11,pack,157.29,240.57,2026-09-04,Aisle 01,chilled
Premium Garlic & Herb Bamboo Toothbrush 2pk 500ml,Himalayan Kitchens,HOUS-001020,890100157891,Household & Personal Care,233,tube,79.79,113.65,2027-11-07,Aisle 12,ambient
Desi Red Chilli & Garlic Sona Masoori Rice 500g,Nilgiri Provisions,PANT-001021,890100157892,Pantry & Dry Goods,59,jar,688.60,1196.09,2027-09-19,Aisle 08,ambient
Crisp Surmai Steaks 250g,Amul Kitchens,MEAT-001022,890100157893,Meat & Seafood,19,pcs,396.63,525.24,2026-09-02,Aisle 04,chilled
Cured Pista Almond Badam Milk Drink 1kg,Organic Tattva Foods,BEVE-001023,890100157894,Beverages,108,can,107.47,195.96,2027-04-11,Aisle 05,ambient
Heritage Roasted Salted Cashews Snack Pack,Pure Vedic Springs,SNAC-001024,890100157895,Snacks & Confectionery,245,tub,266.55,412.33,2026-10-18,Aisle 09,ambient
Cold-Pressed Ladyfinger (Bhindi) 50g,Dabur Milling,FRES-001025,890100157896,Fresh Produce,55,kg,122.44,196.23,2026-09-05,Aisle 01,ambient
Raw Fruit Cake Slice 200ml,Vedic Fresh Kitchens,BAKE-001026,890100157897,Bakery & Deli,161,pack,82.64,117.18,2026-09-01,Aisle 03,chilled
Artisan Kesar Pista Soy Milk Protein 500ml,Pashmina Organics,DAIR-001027,890100157898,Dairy & Eggs,83,carton,335.75,607.16,2026-09-26,Aisle 03,chilled
Roasted Cardamom Spiced Badam Milk Drink 200ml,Dabur Agro,BEVE-001028,890100157899,Beverages,219,pack,334.59,447.57,2027-08-27,Aisle 05,chilled
Crisp Makhana Crunch Kulcha 4-Pack 24-Pack,Amul Dairy,BAKE-001029,890100157900,Bakery & Deli,219,box,308.34,524.40,2026-09-08,Aisle 04,chilled
Gluten-Free Sea Salt Basa Fish Fillets 330ml,Mother Dairy Goods,MEAT-001030,890100157901,Meat & Seafood,209,pcs,546.48,770.26,2026-08-25,Aisle 04,chilled
Gluten-Free Golden Ginger Masala CTC Tea Snack Pack,Patanjali Co.,BEVE-001031,890100157902,Beverages,193,box,213.73,389.00,2026-08-27,Aisle 06,ambient
Sun-Dried Dark Chocolate Almond Milk 8-Pack,Amul Farms,DAIR-001032,890100157903,Dairy & Eggs,59,carton,442.21,747.37,2026-09-17,Aisle 02,chilled
Zero-Sugar Cinnamon Spice Frozen Veg Momos 10-Pack,Royal Indian Milling,FROZ-001033,890100157904,Frozen Foods,120,box,58.00,90.64,2026-08-21,Aisle 09,frozen
Stone-Ground Pasture Eggs Snack Pack,Deccan Dairy,DAIR-001034,890100157905,Dairy & Eggs,44,bottle,33.50,55.61,2026-09-11,Aisle 03,chilled
Country Style Lemon Pepper Basa Fish Fillets 1L,Fortune Kitchens,MEAT-001035,890100157906,Meat & Seafood,143,kg,502.06,794.40,2026-08-31,Aisle 05,chilled
Pure Custard Apple (Sitaphal) 500g,Amul Harvest,FRES-001036,890100157907,Fresh Produce,27,bag,15.76,21.65,2026-09-15,Aisle 02,ambient
Cold-Pressed Spicy Peanut Chikki 4-Pack,Mother Dairy Springs,SNAC-001037,890100157908,Snacks & Confectionery,233,box,487.01,627.71,2027-06-05,Aisle 09,ambient
Rustic Roasted Makhana Foxnuts 4-Pack,Pure Vedic Springs,SNAC-001038,890100157909,Snacks & Confectionery,7,packet,253.87,347.18,2027-06-04,Aisle 09,ambient
Cured Jalapeno Lime Fresh Rohu Fish 200ml,SunBrite Organics,MEAT-001039,890100157910,Meat & Seafood,192,pcs,920.73,1417.50,2026-08-30,Aisle 05,chilled
Select Chatpata Masala Mishri Mawa 4-Pack,Royal Indian Springs,DAIR-001040,890100157911,Dairy & Eggs,155,packet,159.15,281.99,2026-09-23,Aisle 02,chilled
Smoked Lemon Pepper Papayas 150ml,SunBrite Harvest,FRES-001041,890100157912,Fresh Produce,191,bunch,23.65,39.98,2026-08-27,Aisle 01,chilled
Natural Coconut Cream Chana Dal Polished 400g,Himalayan Farms,PANT-001042,890100157913,Pantry & Dry Goods,217,can,447.44,657.51,2027-10-21,Aisle 08,ambient
Cold-Pressed Mint Lime Chicken Sausages Value Pack,Deccan Plantations,MEAT-001043,890100157914,Meat & Seafood,154,kg,904.41,1520.33,2026-09-01,Aisle 05,chilled
Traditional Iced Lemon Tea 750g,Everest Naturals,BEVE-001044,890100157915,Beverages,17,can,268.86,414.27,2027-03-04,Aisle 06,ambient
Select Caramelized Onion Liquid Laundry Detergent 400g,Green Earth Botanicals,HOUS-001045,890100157916,Household & Personal Care,166,box,541.61,802.64,2028-11-21,Aisle 12,ambient
Traditional Frozen Paneer Cubes 1L,Mother Dairy Kitchens,FROZ-001046,890100157917,Frozen Foods,39,tub,239.68,311.72,2027-06-05,Aisle 08,frozen
Farm-Fresh Stainless Steel Scrubber 3pk 5kg,Heritage Springs,HOUS-001047,890100157918,Household & Personal Care,158,pack,399.03,530.64,2027-11-23,Aisle 11,ambient
Sun-Dried Banana Chips Kerala Style 400g,Pashmina Goods,SNAC-001048,890100157919,Snacks & Confectionery,124,bar,487.95,862.77,2027-02-26,Aisle 09,ambient
Heritage Pista Almond Masala Potato Chips Snack Pack,Deccan Co.,SNAC-001049,890100157920,Snacks & Confectionery,59,bar,75.64,95.54,2026-10-23,Aisle 09,ambient
Crisp Masala Chai Portobello Mushrooms Family Pack,Bhoomi Harvest,FRES-001050,890100157921,Fresh Produce,68,bag,15.52,26.79,2026-08-20,Aisle 02,chilled
Artisan Red Chilli & Garlic Dry Fruits Trail Mix 200ml,Satvik Milling,SNAC-001051,890100157922,Snacks & Confectionery,187,pack,317.20,441.96,2026-08-29,Aisle 10,ambient
Spiced Alphonso Mango Jeera Masala Soda 500g,Pashmina Organics,BEVE-001052,890100157923,Beverages,80,bag,167.05,274.41,2026-11-17,Aisle 06,ambient
Royal Tulsi Honey Organic Green Tea 750ml,Organic Tattva Organics,BEVE-001053,890100157924,Beverages,212,can,350.07,548.74,2027-02-07,Aisle 05,ambient
Desi Alphonso Mango Chicken Keema 10-Pack,Nilgiri Mills,MEAT-001054,890100157925,Meat & Seafood,67,pack,284.59,422.66,2026-08-30,Aisle 04,chilled
Cold-Pressed Toned Milk 350g,Heritage Kitchens,DAIR-001055,890100157926,Dairy & Eggs,154,box,230.82,387.76,2026-09-24,Aisle 02,chilled
Stone-Ground Tonic Water Premium Value Pack,Amul Co.,BEVE-001056,890100157927,Beverages,162,pack,148.09,192.49,2027-05-01,Aisle 06,ambient
Gluten-Free Toasted Sesame Ginger Kombucha 5L,Nilgiri Harvest,BEVE-001057,890100157928,Beverages,181,carton,203.07,307.23,2026-12-01,Aisle 05,ambient
Gluten-Free Jalapeno Lime Chicken Keema 6-Pack,Vedic Fresh Botanicals,MEAT-001058,890100157929,Meat & Seafood,64,pcs,266.44,379.72,2026-09-03,Aisle 05,chilled
Free-Range Truffle Infused Bagel Plain 4pk 4-Pack,Himalayan Mills,BAKE-001059,890100157930,Bakery & Deli,90,pack,256.00,382.39,2026-09-02,Aisle 04,chilled
Desi Nimbu Paani Soda Snack Pack,Nature Harvest Provisions,BEVE-001060,890100157931,Beverages,195,carton,184.18,286.88,2027-08-09,Aisle 06,chilled
Aged Liquid Laundry Detergent 500g,Vedic Fresh Co.,HOUS-001061,890100157932,Household & Personal Care,179,bottle,498.25,857.59,2027-11-09,Aisle 11,ambient
Wildcrafted Red Chilli & Garlic Garlic Focaccia 5kg,Satvik Milling,BAKE-001062,890100157933,Bakery & Deli,59,box,267.70,385.82,2026-08-31,Aisle 04,chilled
Crisp Pista Almond Urad Dal Whole 150ml,Deccan Dairy,PANT-001063,890100157934,Pantry & Dry Goods,43,bag,79.26,101.01,2027-12-09,Aisle 08,ambient
Spiced Ginger Kombucha 350g,Saffola Plantations,BEVE-001064,890100157935,Beverages,191,bag,270.62,373.08,2027-08-09,Aisle 05,chilled
Roasted Moong Dal Washed 250ml,Dabur Co.,PANT-001065,890100157936,Pantry & Dry Goods,50,box,331.94,583.56,2027-09-09,Aisle 06,ambient
Stone-Ground Makhana Crunch Urad Dal Whole 4-Pack,Fortune Harvest,PANT-001066,890100157937,Pantry & Dry Goods,180,box,221.98,337.76,2027-11-19,Aisle 07,ambient
Golden Himalayan Spring Water 350g,Bhoomi Mills,BEVE-001067,890100157938,Beverages,201,carton,294.57,381.95,2026-12-05,Aisle 05,chilled
Signature Tulsi Honey Surmai Steaks 250ml,Royal Indian Botanicals,MEAT-001068,890100157939,Meat & Seafood,107,pcs,773.66,1285.36,2026-09-03,Aisle 04,chilled
Signature Roasted Salted Cashews 200g,Urban Roots Farms,SNAC-001069,890100157940,Snacks & Confectionery,226,packet,65.55,88.48,2027-06-04,Aisle 10,ambient
Aged Tandoori Smoked Bell Peppers 750ml,Amul Agro,FRES-001070,890100157941,Fresh Produce,105,pcs,145.95,269.55,2026-08-30,Aisle 01,ambient
Whole-Grain Matcha Green Tea Whole Wheat Atta Bread 500ml,Saffola Goods,BAKE-001071,890100157942,Bakery & Deli,58,pack,153.17,236.30,2026-08-27,Aisle 04,ambient
Free-Range Smoked Paprika Ricotta Fresh 250ml,Green Earth Kitchens,DAIR-001072,890100157943,Dairy & Eggs,9,carton,458.30,782.29,2026-09-24,Aisle 02,chilled
Natural Jalapeno Lime Ricotta Fresh 330ml,Deccan Milling,DAIR-001073,890100157944,Dairy & Eggs,55,packet,517.20,709.43,2026-08-28,Aisle 02,chilled
Gourmet Tulsi Honey Ciabatta Roll 2-Pack,Tata Harvest,BAKE-001074,890100157945,Bakery & Deli,135,box,295.02,390.46,2026-09-06,Aisle 03,ambient
Zero-Sugar Cold-Pressed Groundnut Oil 250ml,Mother Dairy Agro,PANT-001075,890100157946,Pantry & Dry Goods,241,bag,189.49,350.51,2027-04-03,Aisle 08,ambient
Whole-Grain Pista Almond Ciabatta Roll Value Pack,Urban Roots Harvest,BAKE-001076,890100157947,Bakery & Deli,145,box,119.33,169.03,2026-09-10,Aisle 04,chilled
Premium Buffalo Milk 2L,SunBrite Goods,DAIR-001077,890100157948,Dairy & Eggs,119,box,39.29,67.10,2026-09-24,Aisle 02,chilled
Heritage Granola Health Bars 5kg,Tata Springs,SNAC-001078,890100157949,Snacks & Confectionery,153,pack,239.91,370.40,2026-11-19,Aisle 09,ambient
Country Style Paneer Tikka Deli 24-Pack,Saffola Harvest,BAKE-001079,890100157950,Bakery & Deli,133,pack,137.31,211.60,2026-09-03,Aisle 04,ambient
Zero-Sugar Kesar Pista Roasted Makhana Foxnuts 1L,Green Earth Agro,SNAC-001080,890100157951,Snacks & Confectionery,231,bag,260.61,459.76,2027-04-08,Aisle 09,ambient
Aged Cardamom Spiced Stainless Steel Scrubber 3pk 150ml,Ganga Goods,HOUS-001081,890100157952,Household & Personal Care,197,packet,243.22,391.98,2026-08-28,Aisle 11,ambient
Free-Range Tiger Prawns Jumbo 6-Pack,Amul Provisions,MEAT-001082,890100157953,Meat & Seafood,198,kg,774.19,973.13,2026-08-29,Aisle 05,chilled
Cured Floor Disinfectant Pine Family Pack,Saffola Plantations,HOUS-001083,890100157954,Household & Personal Care,167,pack,37.69,52.27,2026-08-28,Aisle 12,ambient
Handcrafted Cucumbers 250g,FarmGold Co.,FRES-001084,890100157955,Fresh Produce,117,pcs,146.40,267.34,2026-09-08,Aisle 02,ambient
Raw Goat Mince Premium 2L,Catch Provisions,MEAT-001085,890100157956,Meat & Seafood,24,kg,473.21,700.91,2026-09-01,Aisle 04,chilled
Sun-Dried Toasted Sesame Multigrain Tortillas 330ml,Patanjali Farms,BAKE-001086,890100157957,Bakery & Deli,5,box,115.35,206.14,2026-09-08,Aisle 04,ambient
Wildcrafted Matcha Green Tea Organic Sharbati Atta 8-Pack,Saffola Foods,PANT-001087,890100157958,Pantry & Dry Goods,163,bag,698.84,1164.54,2028-07-21,Aisle 08,ambient
Authentic Butter Croissants 5L,Mother Dairy Kitchens,BAKE-001088,890100157959,Bakery & Deli,66,box,162.98,247.35,2026-08-29,Aisle 04,ambient
Gourmet Moong Dal Namkeen 400g,Everest Dairy,SNAC-001089,890100157960,Snacks & Confectionery,121,tub,424.83,610.00,2026-10-13,Aisle 10,ambient
Homestyle Tonic Water Premium 300g,Patanjali Organics,BEVE-001090,890100157961,Beverages,10,can,354.73,636.01,2027-07-08,Aisle 05,ambient
Sweet Rose Infused Green Chillies Family Pack,Pure Vedic Kitchens,FRES-001091,890100157962,Fresh Produce,187,pack,118.42,211.95,2026-08-31,Aisle 02,chilled
Whole-Grain Rawa Sooji 200ml,Satvik Plantations,PANT-001092,890100157963,Pantry & Dry Goods,42,box,680.16,907.30,2028-02-02,Aisle 08,ambient
Crisp Red Chilli & Garlic Cashew Paste Curry Base 200ml,Nilgiri Organics,PANT-001093,890100157964,Pantry & Dry Goods,176,box,73.90,112.77,2026-12-31,Aisle 06,ambient
Spiced Organic Brown Sugar 2kg,Tata Co.,PANT-001094,890100157965,Pantry & Dry Goods,93,bag,377.96,603.65,2028-07-18,Aisle 08,ambient
Valley Fresh Apple Cider Vinegar Drink 12-Pack,Desi Organics Mills,BEVE-001095,890100157966,Beverages,11,bottle,232.58,427.73,2026-10-09,Aisle 06,chilled
Handcrafted Rose Infused Amla Juice Pure 330ml,Green Earth Foods,BEVE-001096,890100157967,Beverages,100,box,382.25,697.72,2027-06-01,Aisle 05,ambient
Roasted Truffle Infused Basa Fish Fillets Snack Pack,Ganga Co.,MEAT-001097,890100157968,Meat & Seafood,87,kg,324.50,419.51,2026-08-28,Aisle 05,chilled
Plant-Based Cardamom Spiced Garlic Focaccia 200g,Urban Roots Springs,BAKE-001098,890100157969,Bakery & Deli,163,pcs,245.30,332.49,2026-09-04,Aisle 03,chilled
Zero-Sugar Paneer Tikka Deli 6-Pack,Patanjali Springs,BAKE-001099,890100157970,Bakery & Deli,141,pack,56.59,75.50,2026-08-31,Aisle 04,chilled
Plant-Based Tulsi Honey Electrolyte Energy Drink 250g,Satvik Provisions,BEVE-001100,890100157971,Beverages,38,box,256.59,348.80,2027-03-01,Aisle 06,chilled
Premium Vanilla Bean Ricotta Fresh 330ml,Fortune Co.,DAIR-001101,890100157972,Dairy & Eggs,83,tub,234.75,294.20,2026-09-05,Aisle 03,chilled
Zero-Sugar Truffle Infused Roasted Makhana Foxnuts 10kg,Amul Naturals,SNAC-001102,890100157973,Snacks & Confectionery,239,tub,330.71,516.64,2027-05-20,Aisle 09,ambient
Plant-Based Matcha Green Tea Aloo Tikki 8-Pack 10-Pack,Deccan Provisions,FROZ-001103,890100157974,Frozen Foods,247,pack,383.28,528.25,2026-11-05,Aisle 08,frozen
Smoked Kachi Ghani Mustard Cold Brew Coffee 150ml,Everest Botanicals,BEVE-001104,890100157975,Beverages,208,box,124.52,218.64,2027-07-11,Aisle 05,ambient
Whole-Grain Cold Pressed Orange Juice 2L,Pashmina Kitchens,BEVE-001105,890100157976,Beverages,244,bag,188.22,270.31,2027-02-23,Aisle 05,ambient
Gluten-Free Crab Meat Fresh 1kg,Vedic Fresh Agro,MEAT-001106,890100157977,Meat & Seafood,168,pack,870.55,1467.49,2026-08-30,Aisle 05,chilled
Premium Tandoori Smoked Yukon Gold Potatoes 1L,Ganga Goods,FRES-001107,890100157978,Fresh Produce,112,bunch,92.76,155.35,2026-09-04,Aisle 01,chilled
Whole-Grain Rose Infused Wood-Fired Veggie Pizza 150g,Desi Organics Foods,FROZ-001108,890100157979,Frozen Foods,49,bag,293.67,402.80,2027-07-07,Aisle 08,frozen
Cured Sweet Tamarind Cold-Pressed Groundnut Oil 12-Pack,Pashmina Springs,PANT-001109,890100157980,Pantry & Dry Goods,227,can,279.39,496.20,2027-03-16,Aisle 08,ambient
Zero-Sugar Tulsi Honey Kitchen Paper Towels 4-Roll 5kg,Saffola Botanicals,HOUS-001110,890100157981,Household & Personal Care,215,tube,298.87,383.66,2028-11-17,Aisle 11,ambient
Aged Cinnamon Spice Goat Mince Premium 1kg,Himalayan Kitchens,MEAT-001111,890100157982,Meat & Seafood,71,pcs,391.49,564.16,2026-09-03,Aisle 05,chilled
Traditional Portobello Mushrooms 2kg,Satvik Dairy,FRES-001112,890100157983,Fresh Produce,29,pcs,125.51,170.35,2026-08-26,Aisle 02,chilled
Low-Sodium Ajwain & Jeera Sweet Potatoes 750g,Pure Vedic Springs,FRES-001113,890100157984,Fresh Produce,56,bunch,86.39,139.54,2026-08-27,Aisle 02,ambient
Pure Sweet Tamarind Poha Thick Flakes 10kg,Tata Dairy,PANT-001114,890100157985,Pantry & Dry Goods,158,can,511.69,787.02,2026-08-29,Aisle 08,ambient
Natural Cold Pressed Orange Juice Snack Pack,Ganga Farms,BEVE-001115,890100157986,Beverages,79,bottle,66.69,93.92,2027-08-15,Aisle 06,chilled
Cured Garlic & Herb Chicken Frankfurters 4-Pack,Vedic Fresh Farms,BAKE-001116,890100157987,Bakery & Deli,142,pcs,192.37,281.15,2026-08-28,Aisle 03,chilled
Sweet 70% Dark Chocolate Bar 50g,Satvik Kitchens,SNAC-001117,890100157988,Snacks & Confectionery,17,pack,127.34,189.42,2026-12-30,Aisle 10,ambient
Crisp Rose Infused Clove & Mint Toothpaste 150ml,Vedic Fresh Botanicals,HOUS-001118,890100157989,Household & Personal Care,101,pack,343.97,633.05,2028-10-10,Aisle 11,ambient
Country Style Paneer Tikka Deli Value Pack,Satvik Provisions,BAKE-001119,890100157990,Bakery & Deli,204,pack,240.37,374.04,2026-09-02,Aisle 03,ambient
Desi Strawberries 350g,Green Earth Co.,FRES-001120,890100157991,Fresh Produce,249,bag,127.21,163.14,2026-09-14,Aisle 02,chilled
Raw Dark Chocolate Masala Potato Chips 10-Pack,Amul Dairy,SNAC-001121,890100157992,Snacks & Confectionery,45,bar,198.92,311.72,2027-04-07,Aisle 09,ambient
Free-Range Organic Rolled Oats 4-Pack,Amul Goods,PANT-001122,890100157993,Pantry & Dry Goods,210,jar,640.15,1066.55,2028-06-14,Aisle 07,ambient
Natural Rose Infused Soan Papdi Box 10kg,Green Earth Botanicals,SNAC-001123,890100157994,Snacks & Confectionery,57,pack,502.84,923.35,2026-11-23,Aisle 09,ambient
Authentic Fruit Muffins 6-Pack,Nature Harvest Naturals,BAKE-001124,890100157995,Bakery & Deli,7,box,214.46,394.06,2026-08-31,Aisle 03,ambient
Select Red Chilli & Garlic Toned Milk 2kg,Vedic Fresh Naturals,DAIR-001125,890100157996,Dairy & Eggs,206,tub,512.30,880.93,2026-08-30,Aisle 03,chilled
Free-Range Cardamom Spiced Surface Floor Cleaner Rose 750ml,Fortune Harvest,HOUS-001126,890100157997,Household & Personal Care,55,pack,158.89,260.93,2026-08-17,Aisle 11,ambient
Authentic Ajwain & Jeera Aloo Tikki 8-Pack 150ml,Nature Harvest Foods,FROZ-001127,890100157998,Frozen Foods,51,pack,244.63,435.29,2027-02-01,Aisle 08,frozen
Spiced Garlic Naan Frozen 4pk 50g,Royal Indian Organics,FROZ-001128,890100157999,Frozen Foods,219,box,112.78,170.66,2027-04-10,Aisle 08,frozen
Smoked Truffle Infused Lavash Crackers 250ml,Urban Roots Mills,BAKE-001129,890100158000,Bakery & Deli,133,pcs,134.69,190.38,2026-08-31,Aisle 04,chilled
Raw Matcha Green Tea Butter Murukku 150ml,SunBrite Harvest,SNAC-001130,890100158001,Snacks & Confectionery,92,packet,324.49,447.85,2027-03-10,Aisle 10,ambient
Country Style Cinnamon Spice Garlic Naan Frozen 4pk 330ml,Bhoomi Mills,FROZ-001131,890100158002,Frozen Foods,66,pack,46.03,77.08,2027-06-02,Aisle 09,frozen
Organic Lemon Pepper Iced Lemon Tea 4-Pack,Organic Tattva Goods,BEVE-001132,890100158003,Beverages,40,box,201.88,364.37,2027-02-20,Aisle 06,chilled
Country Style Kulcha 4-Pack 2L,Everest Provisions,BAKE-001133,890100158004,Bakery & Deli,97,pack,278.87,414.68,2026-09-04,Aisle 03,ambient
Gluten-Free Moong Dal Washed 500g,Royal Indian Co.,PANT-001134,890100158005,Pantry & Dry Goods,197,jar,707.44,1177.23,2026-08-15,Aisle 06,ambient
Pure Clove & Mint Toothpaste 150ml,Everest Dairy,HOUS-001135,890100158006,Household & Personal Care,210,box,285.36,454.14,2029-03-25,Aisle 11,ambient
Select Kesar Pista Espresso Roast Ground Coffee 100g,Nature Harvest Farms,BEVE-001136,890100158007,Beverages,189,bottle,68.62,121.09,2026-08-27,Aisle 06,ambient
Natural Makhana Crunch Pasture Eggs Value Pack,Pure Vedic Organics,DAIR-001137,890100158008,Dairy & Eggs,185,pack,122.76,191.72,2026-09-14,Aisle 03,chilled
Artisan Dark Chocolate Multigrain Tortillas Value Pack,Himalayan Goods,BAKE-001138,890100158009,Bakery & Deli,233,box,81.16,124.12,2026-08-29,Aisle 03,chilled
Artisan Pav 6-Pack 200ml,Organic Tattva Mills,BAKE-001139,890100158010,Bakery & Deli,157,box,192.02,273.61,2026-08-28,Aisle 03,ambient
Free-Range Garlic & Herb Tonic Water Premium 8-Pack,Himalayan Springs,BEVE-001140,890100158011,Beverages,147,carton,180.27,246.70,2027-07-03,Aisle 05,chilled
Signature Lemon Pepper Ricotta Fresh 10kg,Deccan Plantations,DAIR-001141,890100158012,Dairy & Eggs,80,carton,456.38,814.14,2026-09-06,Aisle 02,chilled
Homestyle Sea Salt Fresh Chicken Curry Cut 4-Pack,FarmGold Goods,MEAT-001142,890100158013,Meat & Seafood,135,pcs,299.83,484.07,2026-08-18,Aisle 05,chilled
Zero-Sugar Ajwain & Jeera Masala CTC Tea 1.5L,Deccan Provisions,BEVE-001143,890100158014,Beverages,46,pack,380.32,529.64,2027-05-03,Aisle 06,chilled
Stone-Ground Apple Cider Vinegar Drink 150g,Heritage Kitchens,BEVE-001144,890100158015,Beverages,32,bag,371.10,625.05,2027-04-11,Aisle 05,ambient
Grass-Fed Cashew Paste Curry Base 200ml,Himalayan Dairy,PANT-001145,890100158016,Pantry & Dry Goods,194,can,379.42,574.30,2027-06-13,Aisle 06,ambient
Unpolished Nagpur Orange Pure Jaggery Powder (Gud) Family Pack,Organic Tattva Goods,PANT-001146,890100158017,Pantry & Dry Goods,206,bag,708.08,1176.98,2027-10-14,Aisle 07,ambient
Premium Cold Pressed Orange Juice Value Pack,Fortune Dairy,BEVE-001147,890100158018,Beverages,26,carton,77.47,133.79,2027-05-04,Aisle 05,chilled
Wildcrafted Caramelized Onion Royal Basmati Rice 330ml,Pure Vedic Kitchens,PANT-001148,890100158019,Pantry & Dry Goods,246,box,408.43,552.87,2028-01-11,Aisle 07,ambient
Organic Matcha Green Tea Catla Fish Steaks 4-Pack,Deccan Co.,MEAT-001149,890100158020,Meat & Seafood,182,pcs,283.38,442.81,2026-08-30,Aisle 05,chilled
Spiced Guava Chilli Juice 500g,Tata Mills,BEVE-001150,890100158021,Beverages,93,bag,49.54,63.15,2027-03-29,Aisle 05,ambient
Cold-Pressed Ajwain & Jeera Ciabatta Roll 100g,Amul Agro,BAKE-001151,890100158022,Bakery & Deli,56,box,241.34,380.77,2026-09-08,Aisle 04,ambient
Traditional Penne Rigate Pasta 100g,Fortune Agro,PANT-001152,890100158023,Pantry & Dry Goods,80,jar,371.33,482.98,2027-01-03,Aisle 08,ambient
Premium Tandoori Smoked Chaash / Buttermilk 8-Pack,Nature Harvest Farms,DAIR-001153,890100158024,Dairy & Eggs,132,bottle,407.29,691.90,2026-09-21,Aisle 03,chilled
Cold-Pressed Surmai Steaks Value Pack,Organic Tattva Botanicals,MEAT-001154,890100158025,Meat & Seafood,111,pcs,612.69,944.70,2026-08-31,Aisle 04,chilled
Wildcrafted Kesar Pista Extra Virgin Olive Oil 1.5L,Deccan Farms,PANT-001155,890100158026,Pantry & Dry Goods,174,packet,749.47,1356.41,2027-11-19,Aisle 08,ambient
Sweet Rose Infused Chicken Drumsticks 12-Pack,Mother Dairy Milling,MEAT-001156,890100158027,Meat & Seafood,236,pack,203.52,313.93,2026-09-03,Aisle 04,chilled
Roasted Coconut Milk Canned 750ml,Everest Co.,PANT-001157,890100158028,Pantry & Dry Goods,197,packet,172.34,232.13,2026-12-13,Aisle 08,ambient
Pure Sea Salt Fresh Mint (Pudina) 150g,Vedic Fresh Plantations,FRES-001158,890100158029,Fresh Produce,208,kg,129.34,231.96,2026-09-14,Aisle 01,chilled
Desi Makhana Crunch Toor Dal Premium 300g,Pure Vedic Kitchens,PANT-001159,890100158030,Pantry & Dry Goods,64,jar,406.16,707.18,2028-02-14,Aisle 07,ambient
Artisan Raw Wildflower Honey 1kg,Pashmina Kitchens,PANT-001160,890100158031,Pantry & Dry Goods,210,can,230.65,334.68,2027-01-28,Aisle 08,ambient
Plant-Based Cinnamon Spice Ladyfinger (Bhindi) 150ml,SunBrite Botanicals,FRES-001161,890100158032,Fresh Produce,206,bag,66.76,116.59,2026-09-14,Aisle 01,ambient
Traditional Rose Infused Frozen Veg Momos Snack Pack,Nature Harvest Naturals,FROZ-001162,890100158033,Frozen Foods,144,pack,176.64,326.52,2027-01-01,Aisle 08,frozen
Authentic Chatpata Masala Clove & Mint Toothpaste 8-Pack,Dabur Springs,HOUS-001163,890100158034,Household & Personal Care,131,packet,137.01,186.53,2028-07-19,Aisle 11,ambient
Sweet Lemon Pepper Bamboo Toothbrush 2pk Value Pack,Fortune Botanicals,HOUS-001164,890100158035,Household & Personal Care,68,packet,149.97,267.84,2029-04-13,Aisle 12,ambient
Whole-Grain Veg Spring Rolls 750g,Vedic Fresh Foods,FROZ-001165,890100158036,Frozen Foods,131,pack,360.38,511.98,2027-07-11,Aisle 08,frozen
Grass-Fed Basa Fish Fillets 8-Pack,Kaveri Organics,MEAT-001166,890100158037,Meat & Seafood,224,pcs,543.64,955.26,2026-08-31,Aisle 04,chilled
Signature Vanilla Bean Seedless Grapes 300g,Desi Organics Mills,FRES-001167,890100158038,Fresh Produce,100,pack,22.68,32.79,2026-08-28,Aisle 02,chilled
Heritage Alphonso Mango Chicken Sausages 250ml,Catch Co.,MEAT-001168,890100158039,Meat & Seafood,136,pack,456.93,748.22,2026-09-02,Aisle 04,chilled
Valley Fresh Pav 6-Pack 2kg,Pashmina Co.,BAKE-001169,890100158040,Bakery & Deli,44,pcs,179.27,260.43,2026-09-01,Aisle 04,chilled
Signature Seedless Grapes Snack Pack,Saffola Mills,FRES-001170,890100158041,Fresh Produce,143,bag,40.68,70.52,2026-09-10,Aisle 01,chilled
Cold-Pressed Matcha Green Tea Surmai Steaks 10kg,Heritage Springs,MEAT-001171,890100158042,Meat & Seafood,167,kg,540.85,914.50,2026-09-01,Aisle 04,chilled
Cold-Pressed Amla Juice Pure 200ml,FarmGold Organics,BEVE-001172,890100158043,Beverages,66,can,393.07,550.77,2027-03-07,Aisle 06,chilled
Cured Mint Lime Mixed Berries Frozen 150g,Catch Milling,FROZ-001173,890100158044,Frozen Foods,122,packet,223.38,313.80,2027-06-19,Aisle 09,frozen
Golden Fabric Softener Floral 2-Pack,Kaveri Goods,HOUS-001174,890100158045,Household & Personal Care,41,pack,239.91,338.43,2028-07-20,Aisle 12,ambient
Crisp Matcha Green Tea Clove & Mint Toothpaste 1.5L,FarmGold Springs,HOUS-001175,890100158046,Household & Personal Care,142,box,202.07,372.37,2027-06-15,Aisle 12,ambient
Grass-Fed Apple Cider Vinegar Drink 5L,Ganga Mills,BEVE-001176,890100158047,Beverages,200,box,173.56,245.52,2027-03-17,Aisle 06,ambient
Authentic Kashmiri Saffron Penne Rigate Pasta 300g,Everest Co.,PANT-001177,890100158048,Pantry & Dry Goods,201,bottle,520.18,792.26,2028-02-24,Aisle 08,ambient
Cold-Pressed Rose Infused Broccoli Crowns 500g,Fortune Agro,FRES-001178,890100158049,Fresh Produce,121,pack,152.58,221.80,2026-09-14,Aisle 01,ambient
Unpolished Vanilla Bean Rusk Toast 150g,Urban Roots Dairy,BAKE-001179,890100158050,Bakery & Deli,239,box,314.19,460.77,2026-08-29,Aisle 04,chilled
Desi Lemon Pepper Greek Yogurt 200ml,Himalayan Mills,DAIR-001180,890100158051,Dairy & Eggs,34,tub,516.79,815.51,2026-09-20,Aisle 02,chilled
Signature Liquid Laundry Detergent 750g,Satvik Mills,HOUS-001181,890100158052,Household & Personal Care,238,box,385.55,664.59,2028-04-09,Aisle 11,ambient
Unpolished Jalapeno Lime Surface Floor Cleaner Rose 200ml,Nature Harvest Co.,HOUS-001182,890100158053,Household & Personal Care,75,tube,181.14,258.34,2028-10-06,Aisle 11,ambient
Sun-Dried Herbal Hand Wash Neem 1.5L,Nature Harvest Kitchens,HOUS-001183,890100158054,Household & Personal Care,68,packet,502.62,801.36,2027-12-29,Aisle 11,ambient
Natural Chatpata Masala Crab Meat Fresh 5L,Vedic Fresh Milling,MEAT-001184,890100158055,Meat & Seafood,244,pack,807.28,1316.13,2026-09-02,Aisle 05,chilled
Homestyle Kachi Ghani Mustard Spicy Peanut Chikki 1kg,Patanjali Dairy,SNAC-001185,890100158056,Snacks & Confectionery,29,packet,22.67,40.19,2027-02-12,Aisle 09,ambient
Gluten-Free Pista Almond Cow Milk 24-Pack,Everest Milling,DAIR-001186,890100158057,Dairy & Eggs,9,tub,328.74,587.98,2026-09-22,Aisle 02,chilled
Organic Jalapeno Lime Chicken Keema 12-Pack,Fortune Dairy,MEAT-001187,890100158058,Meat & Seafood,45,kg,620.30,1064.40,2026-09-02,Aisle 04,chilled
Pure Kesar Pista Soan Papdi Box 2kg,Kaveri Co.,SNAC-001188,890100158059,Snacks & Confectionery,22,pack,36.28,60.44,2027-04-23,Aisle 10,ambient
Raw Edamame Pods 10-Pack,Mother Dairy Plantations,FROZ-001189,890100158060,Frozen Foods,99,pack,277.82,382.81,2027-07-14,Aisle 08,frozen
Pure Tonic Water Premium 100g,Mother Dairy Dairy,BEVE-001190,890100158061,Beverages,75,carton,444.22,580.70,2026-08-27,Aisle 06,chilled
Handcrafted Sea Salt Paneer Paratha Frozen 6-Pack,Everest Agro,FROZ-001191,890100158062,Frozen Foods,104,pack,182.68,271.87,2026-08-28,Aisle 08,frozen
Country Style Mint Lime Dry Fruits Trail Mix 200ml,Ganga Dairy,SNAC-001192,890100158063,Snacks & Confectionery,76,box,339.85,566.57,2027-03-19,Aisle 10,ambient
Smoked Ajwain & Jeera Aloo Tikki 8-Pack 10-Pack,Dabur Naturals,FROZ-001193,890100158064,Frozen Foods,151,packet,68.12,111.71,2026-11-12,Aisle 09,frozen
Golden Pav 6-Pack Snack Pack,Patanjali Co.,BAKE-001194,890100158065,Bakery & Deli,76,box,94.13,146.33,2026-09-07,Aisle 03,chilled
Sun-Dried Lemon Pepper Fabric Softener Floral 2-Pack,Royal Indian Harvest,HOUS-001195,890100158066,Household & Personal Care,217,packet,563.20,776.85,2029-04-11,Aisle 12,ambient
Valley Fresh Tulsi Honey Granola Health Bars 8-Pack,SunBrite Co.,SNAC-001196,890100158067,Snacks & Confectionery,230,pack,274.70,435.16,2026-10-25,Aisle 09,ambient
Smoked Apples 400g,Dabur Co.,FRES-001197,890100158068,Fresh Produce,237,bunch,32.80,41.71,2026-08-29,Aisle 01,chilled
Spiced Cardamom Spiced Cinnamon Swirl Buns 330ml,Bhoomi Kitchens,BAKE-001198,890100158069,Bakery & Deli,192,box,187.85,326.72,2026-09-05,Aisle 04,ambient
Artisan Garlic & Herb Custard Apple (Sitaphal) 2L,SunBrite Goods,FRES-001199,890100158070,Fresh Produce,204,kg,56.72,102.16,2026-09-01,Aisle 01,ambient
Desi Rose Infused Cow Milk 5L,Urban Roots Goods,DAIR-001200,890100158071,Dairy & Eggs,210,box,511.55,944.68,2026-08-27,Aisle 03,chilled
Natural Truffle Infused Catla Fish Steaks 750g,Fortune Farms,MEAT-001201,890100158072,Meat & Seafood,215,pack,186.50,260.31,2026-09-01,Aisle 05,chilled
Gourmet Poha Thick Flakes 500g,Nature Harvest Botanicals,PANT-001202,890100158073,Pantry & Dry Goods,195,jar,508.64,904.69,2027-02-12,Aisle 06,ambient
Free-Range Mint Lime Apple Cider Vinegar Drink 2kg,Heritage Springs,BEVE-001203,890100158074,Beverages,127,pack,60.98,106.11,2027-05-22,Aisle 06,chilled
Unpolished Edamame Pods Family Pack,Urban Roots Goods,FROZ-001204,890100158075,Frozen Foods,156,box,226.25,309.12,2027-06-20,Aisle 08,frozen
Whole-Grain Caramelized Onion Atlantic Salmon Fillet 250g,Royal Indian Co.,MEAT-001205,890100158076,Meat & Seafood,87,pack,481.29,648.81,2026-09-02,Aisle 04,chilled
Sun-Dried Chana Dal Polished 10-Pack,Fortune Farms,PANT-001206,890100158077,Pantry & Dry Goods,108,bag,681.89,1233.28,2028-04-11,Aisle 06,ambient
Extra-Virgin Tonic Water Premium 2L,Patanjali Foods,BEVE-001207,890100158078,Beverages,32,bottle,249.97,388.75,2026-11-14,Aisle 06,chilled
Roasted Rusk Toast 10kg,Green Earth Foods,BAKE-001208,890100158079,Bakery & Deli,11,pack,256.09,391.45,2026-09-09,Aisle 04,ambient
Aged Rose Infused Chicken Frankfurters Snack Pack,Himalayan Milling,BAKE-001209,890100158080,Bakery & Deli,238,pack,240.24,310.97,2026-09-09,Aisle 04,chilled
Rustic Ajwain & Jeera Desi Cow Ghee 250ml,Organic Tattva Foods,DAIR-001210,890100158081,Dairy & Eggs,42,packet,450.70,694.61,2026-09-11,Aisle 02,chilled
Free-Range Alphonso Mango 70% Dark Chocolate Bar 750g,SunBrite Botanicals,SNAC-001211,890100158082,Snacks & Confectionery,80,packet,399.95,517.63,2027-05-19,Aisle 10,ambient
Premium Kashmiri Saffron Chicken Salami 10kg,Urban Roots Co.,BAKE-001212,890100158083,Bakery & Deli,230,box,155.09,275.05,2026-08-28,Aisle 03,chilled
Sweet Nimbu Paani Soda 500ml,Dabur Agro,BEVE-001213,890100158084,Beverages,12,box,303.73,426.98,2027-01-27,Aisle 05,chilled
Aged Fabric Softener Floral 5kg,Pashmina Dairy,HOUS-001214,890100158085,Household & Personal Care,57,bottle,145.58,241.60,2028-11-20,Aisle 11,ambient
Natural Mint Lime Granola Health Bars 12-Pack,SunBrite Dairy,SNAC-001215,890100158086,Snacks & Confectionery,245,tub,276.06,435.72,2026-10-18,Aisle 09,ambient
Authentic Jalapeno Lime Curd Tub (Dahi) 300g,Bhoomi Organics,DAIR-001216,890100158087,Dairy & Eggs,97,tub,437.78,681.22,2026-09-18,Aisle 02,chilled
Roasted Vanilla Bean Bhujia Sev 2L,Nature Harvest Plantations,SNAC-001217,890100158088,Snacks & Confectionery,113,pack,200.74,274.35,2027-04-11,Aisle 09,ambient
Premium Sweet Tamarind Toor Dal Premium 2-Pack,Himalayan Kitchens,PANT-001218,890100158089,Pantry & Dry Goods,215,can,704.52,925.11,2026-08-27,Aisle 07,ambient
Low-Sodium Kachi Ghani Mustard Cheese Croissant 200g,Satvik Co.,BAKE-001219,890100158090,Bakery & Deli,248,pcs,28.76,41.92,2026-09-05,Aisle 03,ambient
Grass-Fed Ajwain & Jeera Moong Dal Namkeen 2-Pack,Deccan Goods,SNAC-001220,890100158091,Snacks & Confectionery,59,bag,302.52,415.07,2027-05-05,Aisle 09,ambient
Royal Coconut Cream Biodegradable Garbage Bags 330ml,Deccan Botanicals,HOUS-001221,890100158092,Household & Personal Care,113,tube,180.43,319.53,2026-08-29,Aisle 12,ambient
Homestyle Tandoori Smoked Kabuli Chana Large 2-Pack,Himalayan Plantations,PANT-001222,890100158093,Pantry & Dry Goods,148,bag,581.19,852.70,2026-08-27,Aisle 06,ambient
Select Rose Infused Surmai Steaks 250g,Patanjali Harvest,MEAT-001223,890100158094,Meat & Seafood,225,pcs,612.30,1115.51,2026-08-29,Aisle 04,chilled
Gluten-Free Ajwain & Jeera Mixed Berries Frozen 500g,Pashmina Agro,FROZ-001224,890100158095,Frozen Foods,65,pack,50.12,76.48,2027-05-10,Aisle 09,frozen
Extra-Virgin Mint Lime Raw Wildflower Honey 200ml,Kaveri Agro,PANT-001225,890100158096,Pantry & Dry Goods,98,packet,331.29,553.32,2027-04-14,Aisle 08,ambient
Premium Toasted Sesame Broccoli Crowns 750ml,FarmGold Naturals,FRES-001226,890100158097,Fresh Produce,44,pack,26.54,33.63,2026-09-16,Aisle 01,ambient
Extra-Virgin Cashew Paste Curry Base 10-Pack,Patanjali Foods,PANT-001227,890100158098,Pantry & Dry Goods,123,box,688.79,1063.08,2028-06-15,Aisle 07,ambient
Raw Golden Ginger Oranges Nagpur 200g,FarmGold Milling,FRES-001228,890100158099,Fresh Produce,192,bunch,60.51,92.67,2026-09-08,Aisle 01,chilled
Low-Sodium Oat Milk 750ml,Deccan Co.,DAIR-001229,890100158100,Dairy & Eggs,118,box,393.37,683.18,2026-09-10,Aisle 03,chilled
Pure Cashew Paste Curry Base 500ml,Urban Roots Springs,PANT-001230,890100158101,Pantry & Dry Goods,104,bag,366.11,675.76,2028-01-20,Aisle 08,ambient
Extra-Virgin Masala Chai Chamomile Herbal Tea 150g,FarmGold Botanicals,BEVE-001231,890100158102,Beverages,17,pack,79.39,123.23,2027-01-31,Aisle 06,ambient
Farm-Fresh Yukon Gold Potatoes 5kg,Organic Tattva Provisions,FRES-001232,890100158103,Fresh Produce,245,pack,41.74,58.74,2026-09-04,Aisle 01,ambient
Whole-Grain Smoked Paprika Chicken Drumsticks 50g,Satvik Farms,MEAT-001233,890100158104,Meat & Seafood,162,pack,650.16,825.07,2026-09-03,Aisle 05,chilled
Desi Carrots 5kg,Saffola Farms,FRES-001234,890100158105,Fresh Produce,25,pcs,52.71,96.16,2026-09-08,Aisle 01,chilled
Premium California Almonds 150ml,Pure Vedic Goods,SNAC-001235,890100158106,Snacks & Confectionery,35,box,311.84,426.83,2027-04-12,Aisle 10,ambient
Pure Sea Salt Chicken Sausages 500ml,Amul Naturals,MEAT-001236,890100158107,Meat & Seafood,188,kg,759.79,1330.83,2026-09-01,Aisle 04,chilled
Traditional Chicken Drumsticks 5L,Dabur Provisions,MEAT-001237,890100158108,Meat & Seafood,27,pack,798.05,1413.51,2026-09-01,Aisle 04,chilled
Aged Coconut Cream Seedless Grapes 150ml,Urban Roots Mills,FRES-001238,890100158109,Fresh Produce,139,bag,127.31,165.77,2026-09-09,Aisle 01,ambient
Smoked Red Chilli & Garlic Filter Coffee Beans 10-Pack,Pure Vedic Farms,BEVE-001239,890100158110,Beverages,190,pack,82.58,112.72,2027-06-04,Aisle 06,ambient
Select Truffle Infused Kabuli Chana Large 200ml,Nature Harvest Mills,PANT-001240,890100158111,Pantry & Dry Goods,206,bag,388.68,528.96,2028-07-21,Aisle 08,ambient
Heritage Tandoori Smoked Veg Spring Rolls 5L,Pure Vedic Springs,FROZ-001241,890100158112,Frozen Foods,72,bag,415.79,702.58,2027-06-28,Aisle 08,frozen
Heritage Sweet Tamarind Electrolyte Energy Drink 150ml,Tata Goods,BEVE-001242,890100158113,Beverages,234,carton,282.67,391.42,2027-06-29,Aisle 05,chilled
Whole-Grain Chatpata Masala Lentils Red Masoor 100g,Dabur Plantations,PANT-001243,890100158114,Pantry & Dry Goods,126,can,712.84,1119.42,2028-03-24,Aisle 07,ambient
Country Style Chicken Salami 10kg,Kaveri Farms,BAKE-001244,890100158115,Bakery & Deli,72,pcs,313.22,396.69,2026-08-30,Aisle 04,ambient
Sun-Dried Jalapeno Lime Malai Kulfi Bar 200g,Dabur Farms,FROZ-001245,890100158116,Frozen Foods,193,bag,339.70,501.10,2027-04-11,Aisle 08,frozen
Roasted Mint Lime Pasture Eggs 24-Pack,Nature Harvest Goods,DAIR-001246,890100158117,Dairy & Eggs,122,box,78.71,143.49,2026-09-24,Aisle 02,chilled
Farm-Fresh Ajwain & Jeera Liquid Laundry Detergent 1kg,Vedic Fresh Dairy,HOUS-001247,890100158118,Household & Personal Care,34,box,106.85,137.30,2028-06-24,Aisle 12,ambient
Low-Sodium Pasture Eggs 1.5L,Patanjali Botanicals,DAIR-001248,890100158119,Dairy & Eggs,216,box,303.54,551.34,2026-09-23,Aisle 02,chilled
Smoked Kashmiri Saffron Tender Coconut Water Value Pack,Organic Tattva Kitchens,BEVE-001249,890100158120,Beverages,205,box,32.18,59.07,2026-12-20,Aisle 06,ambient
Country Style French Fries Crispy 2kg,SunBrite Harvest,FROZ-001250,890100158121,Frozen Foods,61,pack,297.03,541.40,2027-01-25,Aisle 08,frozen
Sun-Dried Masala CTC Tea 1.5L,Kaveri Organics,BEVE-001251,890100158122,Beverages,79,can,448.50,790.94,2027-08-19,Aisle 05,chilled
Roasted Golden Ginger Pomegranates 24-Pack,Royal Indian Goods,FRES-001252,890100158123,Fresh Produce,15,bag,19.81,27.82,2026-09-07,Aisle 01,ambient
Homestyle Kachi Ghani Mustard Frozen Samosas 12-Pack,Catch Harvest,FROZ-001253,890100158124,Frozen Foods,153,bag,363.49,485.36,2027-01-27,Aisle 09,frozen
Smoked Cheese Croissant 4-Pack,Pure Vedic Plantations,BAKE-001254,890100158125,Bakery & Deli,17,pcs,223.27,358.77,2026-08-16,Aisle 03,ambient
Aged Rose Infused Kitchen Paper Towels 4-Roll 250ml,Patanjali Botanicals,HOUS-001255,890100158126,Household & Personal Care,132,bottle,39.91,69.56,2028-06-02,Aisle 12,ambient
Sun-Dried Tender Coconut Water 6-Pack,Nature Harvest Mills,BEVE-001256,890100158127,Beverages,73,bag,36.87,68.12,2026-11-21,Aisle 06,ambient
Farm-Fresh Garlic & Herb Moong Dal Namkeen 330ml,Urban Roots Organics,SNAC-001257,890100158128,Snacks & Confectionery,58,pack,366.17,514.74,2027-02-18,Aisle 10,ambient
Sweet California Almonds 500g,FarmGold Agro,SNAC-001258,890100158129,Snacks & Confectionery,123,bag,110.41,173.57,2027-01-31,Aisle 10,ambient
Cold-Pressed Pista Almond Paneer Paratha Frozen 2L,Vedic Fresh Dairy,FROZ-001259,890100158130,Frozen Foods,119,box,230.67,348.98,2026-11-14,Aisle 08,frozen
Smoked Edamame Pods 24-Pack,Tata Springs,FROZ-001260,890100158131,Frozen Foods,123,tub,103.02,145.85,2027-04-21,Aisle 09,frozen
Cold-Pressed Nagpur Orange Soan Papdi Box 250ml,Patanjali Agro,SNAC-001261,890100158132,Snacks & Confectionery,131,box,77.99,130.07,2026-11-25,Aisle 09,ambient
Traditional Cardamom Spiced Ladyfinger (Bhindi) 1L,Urban Roots Botanicals,FRES-001262,890100158133,Fresh Produce,168,pcs,34.08,58.79,2026-09-03,Aisle 01,chilled
Farm-Fresh Smoked Paprika Mozzarella Shredded Snack Pack,Green Earth Goods,DAIR-001263,890100158134,Dairy & Eggs,58,carton,480.57,827.54,2026-09-05,Aisle 02,chilled
Royal Lemon Pepper Amla Juice Pure 1kg,Mother Dairy Goods,BEVE-001264,890100158135,Beverages,93,box,354.98,628.11,2026-08-28,Aisle 06,chilled
Sun-Dried Tandoori Smoked Cauliflower 750ml,Urban Roots Botanicals,FRES-001265,890100158136,Fresh Produce,114,bag,114.96,188.43,2026-09-15,Aisle 02,ambient
Whole-Grain Garlic Naan Frozen 4pk 100g,Royal Indian Kitchens,FROZ-001266,890100158137,Frozen Foods,250,tub,280.97,456.10,2027-08-10,Aisle 09,frozen
Unpolished Kesar Pista Chicken Keema 8-Pack,Mother Dairy Naturals,MEAT-001267,890100158138,Meat & Seafood,193,pcs,588.02,972.38,2026-09-01,Aisle 04,chilled
Valley Fresh Ajwain & Jeera Shampoo Anti-Dandruff 200ml,Pashmina Plantations,HOUS-001268,890100158139,Household & Personal Care,129,bottle,401.02,615.07,2029-02-24,Aisle 12,ambient
Grass-Fed Cold Pressed Orange Juice 8-Pack,Green Earth Milling,BEVE-001269,890100158140,Beverages,26,can,198.25,341.10,2027-06-06,Aisle 05,chilled
Whole-Grain Garlic & Herb Dry Fruits Trail Mix 1kg,Mother Dairy Agro,SNAC-001270,890100158141,Snacks & Confectionery,200,bar,76.54,118.35,2027-03-02,Aisle 09,ambient
Homestyle Catla Fish Steaks 8-Pack,Catch Farms,MEAT-001271,890100158142,Meat & Seafood,147,pack,228.39,312.13,2026-09-03,Aisle 05,chilled
Sun-Dried Biodegradable Garbage Bags 750g,Tata Harvest,HOUS-001272,890100158143,Household & Personal Care,16,packet,213.22,298.18,2027-06-11,Aisle 11,ambient
Natural Greek Yogurt 2-Pack,Ganga Naturals,DAIR-001273,890100158144,Dairy & Eggs,26,packet,400.66,564.60,2026-09-17,Aisle 03,chilled
Grass-Fed Ricotta Fresh 1L,Amul Harvest,DAIR-001274,890100158145,Dairy & Eggs,124,packet,487.54,813.48,2026-08-29,Aisle 03,chilled
Rustic Lemon Pepper Fabric Softener Floral 250g,Fortune Harvest,HOUS-001275,890100158146,Household & Personal Care,70,pack,140.09,243.46,2028-10-06,Aisle 12,ambient
Wildcrafted Cinnamon Swirl Buns 200g,Patanjali Foods,BAKE-001276,890100158147,Bakery & Deli,133,pack,100.46,166.79,2026-09-07,Aisle 03,ambient
Free-Range Ajwain & Jeera Fresh Chicken Curry Cut 150g,Nature Harvest Milling,MEAT-001277,890100158148,Meat & Seafood,8,pack,236.85,395.13,2026-08-29,Aisle 05,chilled
Homestyle Rose Infused Rusk Toast 8-Pack,Bhoomi Agro,BAKE-001278,890100158149,Bakery & Deli,103,box,192.68,347.58,2026-09-07,Aisle 04,chilled
Royal Coconut Cream Squid Rings Cleaned 5L,Amul Farms,MEAT-001279,890100158150,Meat & Seafood,118,pack,714.24,1158.84,2026-08-28,Aisle 04,chilled
Wildcrafted Kesar Pista Kabuli Chana Large 10kg,Fortune Milling,PANT-001280,890100158151,Pantry & Dry Goods,180,box,184.35,330.59,2028-07-04,Aisle 06,ambient
Low-Sodium Tulsi Honey Curd Tub (Dahi) 250ml,Deccan Farms,DAIR-001281,890100158152,Dairy & Eggs,224,tub,299.79,471.35,2026-09-16,Aisle 02,chilled
Grass-Fed Espresso Roast Ground Coffee 2kg,Himalayan Foods,BEVE-001282,890100158153,Beverages,176,can,151.51,208.65,2026-08-30,Aisle 06,chilled
Authentic Toned Milk 2-Pack,Nature Harvest Foods,DAIR-001283,890100158154,Dairy & Eggs,32,box,74.46,114.53,2026-08-28,Aisle 03,chilled
Valley Fresh Garlic & Herb Cauliflower 150g,Mother Dairy Springs,FRES-001284,890100158155,Fresh Produce,165,kg,39.00,50.85,2026-09-04,Aisle 02,ambient
Plant-Based Golden Ginger Smoked Chicken Slices 1L,Green Earth Foods,BAKE-001285,890100158156,Bakery & Deli,105,box,90.89,157.14,2026-09-03,Aisle 03,chilled
Grass-Fed Espresso Roast Ground Coffee 350g,Tata Goods,BEVE-001286,890100158157,Beverages,144,carton,101.76,146.63,2026-08-28,Aisle 05,chilled
Artisan Cinnamon Spice Double Toned Milk 1.5L,Kaveri Kitchens,DAIR-001287,890100158158,Dairy & Eggs,139,tub,394.69,599.54,2026-09-20,Aisle 03,chilled
Select Roasted Makhana Foxnuts 500ml,Fortune Kitchens,SNAC-001288,890100158159,Snacks & Confectionery,179,bag,93.28,124.95,2026-08-18,Aisle 09,ambient
Country Style Matcha Green Tea Apples Family Pack,Bhoomi Organics,FRES-001289,890100158160,Fresh Produce,120,bag,106.94,188.52,2026-09-11,Aisle 01,ambient
Stone-Ground Golden Ginger Frozen Veg Momos 5kg,Satvik Agro,FROZ-001290,890100158161,Frozen Foods,154,bag,139.82,239.37,2027-01-25,Aisle 09,frozen
Grass-Fed Truffle Infused Cream Cheese 330ml,Urban Roots Kitchens,DAIR-001291,890100158162,Dairy & Eggs,27,pack,299.41,505.27,2026-08-30,Aisle 02,chilled
Unpolished Salted Butter 12-Pack,Pure Vedic Farms,DAIR-001292,890100158163,Dairy & Eggs,220,bottle,469.28,614.71,2026-09-13,Aisle 02,chilled
Crisp Ricotta Fresh 12-Pack,Pashmina Agro,DAIR-001293,890100158164,Dairy & Eggs,201,carton,195.69,254.20,2026-09-16,Aisle 03,chilled
Pure Sweet Tamarind Seedless Grapes 8-Pack,Nilgiri Springs,FRES-001294,890100158165,Fresh Produce,163,bunch,46.27,82.12,2026-09-04,Aisle 02,chilled
Desi Chicken Keema 500ml,Pashmina Provisions,MEAT-001295,890100158166,Meat & Seafood,17,kg,829.80,1132.48,2026-09-03,Aisle 04,chilled
Natural Jeera Masala Soda 12-Pack,Catch Milling,BEVE-001296,890100158167,Beverages,48,can,104.20,142.57,2027-05-03,Aisle 05,ambient
Whole-Grain Masala Chai Feta Cheese 2-Pack,Urban Roots Botanicals,DAIR-001297,890100158168,Dairy & Eggs,203,packet,136.54,236.63,2026-09-01,Aisle 03,chilled
Heritage Feta Cheese 6-Pack,Royal Indian Naturals,DAIR-001298,890100158169,Dairy & Eggs,243,carton,67.78,125.23,2026-09-16,Aisle 03,chilled
Stone-Ground Matcha Green Tea Frozen Paneer Cubes 5kg,Royal Indian Foods,FROZ-001299,890100158170,Frozen Foods,8,bag,148.57,232.57,2027-08-09,Aisle 09,frozen
Signature Organic Brown Sugar 500ml,Heritage Harvest,PANT-001300,890100158171,Pantry & Dry Goods,159,can,78.28,142.83,2027-12-21,Aisle 06,ambient
Country Style Sourdough Loaf 500g,Heritage Dairy,BAKE-001301,890100158172,Bakery & Deli,100,pcs,142.08,221.15,2026-08-27,Aisle 04,ambient
Unpolished Smoked Paprika Greek Yogurt 6-Pack,Ganga Foods,DAIR-001302,890100158173,Dairy & Eggs,36,carton,179.10,259.41,2026-09-11,Aisle 02,chilled
Royal Mint Lime Frozen Samosas 500ml,Ganga Harvest,FROZ-001303,890100158174,Frozen Foods,217,packet,371.88,511.17,2027-04-14,Aisle 08,frozen
Homestyle Bamboo Toothbrush 2pk 250g,Patanjali Farms,HOUS-001304,890100158175,Household & Personal Care,154,box,430.07,649.73,2028-07-17,Aisle 12,ambient
Rustic Kachi Ghani Mustard Pomegranates 2kg,Tata Milling,FRES-001305,890100158176,Fresh Produce,35,pack,31.04,47.71,2026-08-31,Aisle 01,chilled
Roasted Pista Almond Goat Mince Premium 8-Pack,Pure Vedic Provisions,MEAT-001306,890100158177,Meat & Seafood,136,pcs,549.26,818.09,2026-09-01,Aisle 05,chilled
Sweet Tiger Prawns Jumbo 200g,Kaveri Farms,MEAT-001307,890100158178,Meat & Seafood,219,pack,324.48,432.57,2026-09-03,Aisle 05,chilled
Smoked Smoked Paprika Mixed Berries Frozen 150g,Fortune Springs,FROZ-001308,890100158179,Frozen Foods,120,tub,158.96,289.10,2026-12-26,Aisle 08,frozen
Golden Veg Spring Rolls 50g,Everest Dairy,FROZ-001309,890100158180,Frozen Foods,86,box,279.74,460.30,2027-07-30,Aisle 09,frozen
Homestyle Vanilla Bean Frozen Green Peas Family Pack,Satvik Harvest,FROZ-001310,890100158181,Frozen Foods,128,bag,250.37,423.08,2026-12-12,Aisle 09,frozen
Gluten-Free Tulsi Honey Iced Lemon Tea 2-Pack,Deccan Provisions,BEVE-001311,890100158182,Beverages,170,pack,321.34,531.34,2026-12-02,Aisle 05,ambient
Authentic Chatpata Masala California Almonds 150g,Ganga Mills,SNAC-001312,890100158183,Snacks & Confectionery,199,pack,197.74,319.51,2026-08-30,Aisle 09,ambient
Sweet Toasted Sesame Extra Virgin Olive Oil 750g,Fortune Goods,PANT-001313,890100158184,Pantry & Dry Goods,10,can,411.58,649.11,2027-01-14,Aisle 07,ambient
Traditional Coconut Cream Apple Cider Vinegar Drink 100g,Bhoomi Harvest,BEVE-001314,890100158185,Beverages,32,can,210.86,352.38,2026-08-25,Aisle 05,ambient
Extra-Virgin Butter Murukku Value Pack,Organic Tattva Botanicals,SNAC-001315,890100158186,Snacks & Confectionery,89,tub,170.54,296.80,2027-05-17,Aisle 09,ambient
Sun-Dried Pista Almond Paneer Block 200ml,Heritage Milling,DAIR-001316,890100158187,Dairy & Eggs,76,box,385.01,574.52,2026-09-14,Aisle 02,chilled
Organic Golden Ginger Ginger Root 400g,Catch Dairy,FRES-001317,890100158188,Fresh Produce,13,pack,70.27,121.39,2026-09-01,Aisle 01,chilled
Raw Urad Dal Whole 5kg,Amul Dairy,PANT-001318,890100158189,Pantry & Dry Goods,22,bottle,575.29,921.07,2027-11-24,Aisle 06,ambient
Grass-Fed Cream Cheese 1kg,Mother Dairy Milling,DAIR-001319,890100158190,Dairy & Eggs,176,box,40.77,68.21,2026-09-16,Aisle 02,chilled
Free-Range Tulsi Honey Organic Green Tea 1L,Tata Kitchens,BEVE-001320,890100158191,Beverages,178,can,264.09,439.14,2026-08-26,Aisle 06,ambient
Unpolished French Fries Crispy 50g,Green Earth Botanicals,FROZ-001321,890100158192,Frozen Foods,40,packet,297.91,412.26,2027-01-19,Aisle 09,frozen
Natural Masala Potato Chips 750ml,Desi Organics Milling,SNAC-001322,890100158193,Snacks & Confectionery,213,bar,522.08,661.68,2026-08-21,Aisle 10,ambient
Sweet Mixed Berries Frozen 4-Pack,Royal Indian Goods,FROZ-001323,890100158194,Frozen Foods,42,tub,48.43,82.80,2027-03-24,Aisle 09,frozen
Aged Kabuli Chana Large 1.5L,Nature Harvest Kitchens,PANT-001324,890100158195,Pantry & Dry Goods,124,bag,631.23,869.45,2027-01-22,Aisle 07,ambient
Rustic Frozen Green Peas 1L,Himalayan Farms,FROZ-001325,890100158196,Frozen Foods,114,tub,314.38,574.66,2026-08-28,Aisle 08,frozen
Rustic Truffle Infused Mutton Chops 200ml,Bhoomi Botanicals,MEAT-001326,890100158197,Meat & Seafood,207,pack,475.07,805.35,2026-08-31,Aisle 05,chilled
Stone-Ground Ladyfinger (Bhindi) 350g,FarmGold Mills,FRES-001327,890100158198,Fresh Produce,11,kg,110.49,167.51,2026-08-30,Aisle 01,ambient
Extra-Virgin Mint Lime Banana Chips Kerala Style 350g,Desi Organics Co.,SNAC-001328,890100158199,Snacks & Confectionery,121,bar,116.29,189.13,2027-02-15,Aisle 09,ambient
Valley Fresh Alphonso Mango Penne Rigate Pasta 150g,Deccan Organics,PANT-001329,890100158200,Pantry & Dry Goods,75,bag,259.16,445.73,2027-04-19,Aisle 07,ambient
Zero-Sugar Diet Mixture Namkeen 750g,Tata Harvest,SNAC-001330,890100158201,Snacks & Confectionery,47,bag,501.56,702.42,2027-06-11,Aisle 10,ambient
Stone-Ground Butter Croissants 100g,Catch Organics,BAKE-001331,890100158202,Bakery & Deli,183,pcs,154.37,210.24,2026-09-08,Aisle 04,ambient
Valley Fresh Vanilla Bean Frozen Green Peas 500g,Organic Tattva Milling,FROZ-001332,890100158203,Frozen Foods,20,packet,127.55,211.48,2027-01-28,Aisle 08,frozen
Country Style Chatpata Masala Sparkling Mineral Water 1L,Kaveri Milling,BEVE-001333,890100158204,Beverages,105,carton,29.33,41.17,2026-08-29,Aisle 06,chilled
Wildcrafted Yukon Gold Potatoes 5kg,Heritage Plantations,FRES-001334,890100158205,Fresh Produce,221,bunch,59.63,101.04,2026-09-09,Aisle 02,chilled
Desi Kachi Ghani Mustard Edamame Pods 400g,Himalayan Dairy,FROZ-001335,890100158206,Frozen Foods,67,packet,104.16,176.52,2027-06-18,Aisle 09,frozen
Gourmet Truffle Infused Extra Virgin Olive Oil 250g,Nilgiri Farms,PANT-001336,890100158207,Pantry & Dry Goods,85,jar,222.91,403.90,2027-02-01,Aisle 08,ambient
Desi Moong Dal Namkeen 1.5L,Urban Roots Naturals,SNAC-001337,890100158208,Snacks & Confectionery,104,packet,273.49,469.48,2027-05-05,Aisle 10,ambient
Traditional Smoked Paprika Hash Browns 6pk 2L,Saffola Provisions,FROZ-001338,890100158209,Frozen Foods,79,bag,364.26,508.60,2027-03-24,Aisle 09,frozen
Country Style Alphonso Mango Filter Coffee Beans 200g,FarmGold Naturals,BEVE-001339,890100158210,Beverages,198,box,353.50,499.07,2026-08-27,Aisle 05,chilled
Select Matcha Green Tea Cashew Paste Curry Base 750ml,Mother Dairy Co.,PANT-001340,890100158211,Pantry & Dry Goods,200,box,637.43,1021.05,2027-08-02,Aisle 07,ambient
Grass-Fed Kachi Ghani Mustard Chaash / Buttermilk 350g,Tata Plantations,DAIR-001341,890100158212,Dairy & Eggs,244,packet,190.31,350.24,2026-08-30,Aisle 03,chilled
Homestyle Golden Ginger Sourdough Loaf 330ml,Fortune Provisions,BAKE-001342,890100158213,Bakery & Deli,11,pack,313.07,457.34,2026-08-17,Aisle 04,chilled
Heritage Fresh Rohu Fish 5kg,Fortune Goods,MEAT-001343,890100158214,Meat & Seafood,233,pack,168.58,256.84,2026-09-02,Aisle 05,chilled
Grass-Fed Sea Salt Fabric Softener Floral 12-Pack,Mother Dairy Goods,HOUS-001344,890100158215,Household & Personal Care,186,pack,280.24,367.45,2027-09-26,Aisle 11,ambient
Sweet Alphonso Mango Espresso Roast Ground Coffee 250ml,SunBrite Goods,BEVE-001345,890100158216,Beverages,170,pack,256.94,416.90,2026-12-07,Aisle 06,chilled
Valley Fresh Vanilla Bean Organic Rolled Oats 1L,Patanjali Milling,PANT-001346,890100158217,Pantry & Dry Goods,161,bag,724.66,995.61,2028-02-09,Aisle 08,ambient
Rustic Kitchen Paper Towels 4-Roll 24-Pack,Everest Kitchens,HOUS-001347,890100158218,Household & Personal Care,186,box,117.90,189.70,2028-11-01,Aisle 11,ambient
Plant-Based Oranges Nagpur 750ml,Urban Roots Plantations,FRES-001348,890100158219,Fresh Produce,230,bunch,147.05,235.46,2026-09-14,Aisle 01,chilled
Whole-Grain Cinnamon Spice Mozzarella Shredded 2-Pack,Mother Dairy Kitchens,DAIR-001349,890100158220,Dairy & Eggs,204,box,212.30,267.92,2026-09-12,Aisle 03,chilled
Whole-Grain Chatpata Masala Cow Milk 2L,Ganga Dairy,DAIR-001350,890100158221,Dairy & Eggs,238,packet,398.03,555.01,2026-09-03,Aisle 02,chilled
Homestyle Jalapeno Lime Catla Fish Steaks Snack Pack,Patanjali Kitchens,MEAT-001351,890100158222,Meat & Seafood,126,kg,645.42,852.88,2026-09-03,Aisle 04,chilled
Cured Ajwain & Jeera Paneer Tikka Deli 12-Pack,Nature Harvest Co.,BAKE-001352,890100158223,Bakery & Deli,246,pcs,59.95,83.04,2026-08-30,Aisle 04,chilled
Grass-Fed Dark Chocolate Himalayan Spring Water 10-Pack,Fortune Goods,BEVE-001353,890100158224,Beverages,61,pack,372.78,661.28,2026-10-13,Aisle 05,ambient
Select Ajwain & Jeera Butter Murukku 200g,Nilgiri Organics,SNAC-001354,890100158225,Snacks & Confectionery,74,bag,114.52,185.20,2026-12-03,Aisle 10,ambient
Traditional Blueberries 50g,Tata Foods,FRES-001355,890100158226,Fresh Produce,76,pack,71.03,101.77,2026-09-12,Aisle 02,ambient
Low-Sodium Mutton Chops 2kg,Catch Co.,MEAT-001356,890100158227,Meat & Seafood,39,pack,888.75,1173.92,2026-09-02,Aisle 05,chilled
Handcrafted Apple Cider Vinegar Drink 2L,Organic Tattva Co.,BEVE-001357,890100158228,Beverages,168,bag,264.92,343.59,2027-05-14,Aisle 05,chilled
Cured Curd Tub (Dahi) 24-Pack,Fortune Plantations,DAIR-001358,890100158229,Dairy & Eggs,19,bottle,402.39,523.11,2026-09-05,Aisle 03,chilled
Handcrafted Bagel Plain 4pk 1kg,Pure Vedic Mills,BAKE-001359,890100158230,Bakery & Deli,237,box,288.53,384.90,2026-09-02,Aisle 03,chilled
Spiced Vanilla Bean Roasted Makhana Foxnuts 12-Pack,Nature Harvest Provisions,SNAC-001360,890100158231,Snacks & Confectionery,138,bag,37.99,69.48,2027-06-17,Aisle 09,ambient
Spiced Sweet Corn Kernels 24-Pack,Heritage Foods,FROZ-001361,890100158232,Frozen Foods,70,tub,212.10,335.38,2026-11-30,Aisle 08,frozen
Plant-Based Garlic & Herb Basa Fish Fillets 400g,Saffola Provisions,MEAT-001362,890100158233,Meat & Seafood,148,pcs,594.29,955.71,2026-09-03,Aisle 05,chilled
Spiced Matcha Green Tea Banana Chips Kerala Style 6-Pack,FarmGold Springs,SNAC-001363,890100158234,Snacks & Confectionery,66,box,149.92,247.00,2027-03-11,Aisle 10,ambient
Valley Fresh Bhujia Sev 1.5L,Patanjali Mills,SNAC-001364,890100158235,Snacks & Confectionery,65,tub,207.30,263.08,2026-11-06,Aisle 10,ambient
Authentic Alphonso Mango Coriander Leaves 1L,Pure Vedic Plantations,FRES-001365,890100158236,Fresh Produce,68,pack,22.12,37.42,2026-09-16,Aisle 02,chilled
Desi Sea Salt Moong Dal Namkeen 1.5L,Organic Tattva Botanicals,SNAC-001366,890100158237,Snacks & Confectionery,67,tub,212.59,353.57,2027-02-27,Aisle 09,ambient
Desi Mosquito Vaporizer Refill 750ml,Saffola Mills,HOUS-001367,890100158238,Household & Personal Care,202,box,526.98,681.46,2027-12-06,Aisle 12,ambient
Unpolished Cashew Paste Curry Base 2L,Catch Plantations,PANT-001368,890100158239,Pantry & Dry Goods,235,jar,67.98,88.13,2027-11-24,Aisle 06,ambient
Smoked Royal Basmati Rice 1L,Satvik Botanicals,PANT-001369,890100158240,Pantry & Dry Goods,205,bottle,186.32,256.77,2026-12-18,Aisle 07,ambient
Heritage Rose Infused Veg Spring Rolls 500g,Kaveri Goods,FROZ-001370,890100158241,Frozen Foods,147,pack,167.04,263.94,2027-08-18,Aisle 09,frozen
Heritage Cheese Croissant 150ml,Fortune Botanicals,BAKE-001371,890100158242,Bakery & Deli,54,box,95.05,137.25,2026-08-29,Aisle 04,chilled
Pure Bagel Plain 4pk 750ml,Heritage Milling,BAKE-001372,890100158243,Bakery & Deli,7,pcs,317.53,448.37,2026-08-29,Aisle 04,ambient
Signature Multigrain Tortillas 6-Pack,Tata Agro,BAKE-001373,890100158244,Bakery & Deli,227,box,258.55,451.54,2026-09-03,Aisle 03,ambient
Natural Alphonso Mango Moong Dal Washed Value Pack,Amul Dairy,PANT-001374,890100158245,Pantry & Dry Goods,212,bottle,339.93,492.12,2027-03-13,Aisle 07,ambient
Stone-Ground Mustard Oil Kachi Ghani 24-Pack,Fortune Co.,PANT-001375,890100158246,Pantry & Dry Goods,239,can,696.42,877.40,2026-08-29,Aisle 06,ambient
Handcrafted Seedless Grapes 250g,Amul Milling,FRES-001376,890100158247,Fresh Produce,78,bag,151.00,266.68,2026-09-17,Aisle 02,ambient
Plant-Based Gourmet Cookies Choco-Chip Family Pack,Himalayan Botanicals,SNAC-001377,890100158248,Snacks & Confectionery,167,bar,367.70,502.62,2027-01-29,Aisle 10,ambient
Sun-Dried Surface Floor Cleaner Rose 150g,Bhoomi Foods,HOUS-001378,890100158249,Household & Personal Care,193,tube,359.82,636.45,2027-09-15,Aisle 11,ambient
Signature Fruit Cake Slice 5L,Mother Dairy Milling,BAKE-001379,890100158250,Bakery & Deli,217,pcs,117.99,154.42,2026-09-08,Aisle 03,ambient
Raw Garlic & Herb Veg Burger Patties 350g,Saffola Dairy,FROZ-001380,890100158251,Frozen Foods,88,tub,313.24,537.90,2027-07-06,Aisle 08,frozen
Spiced Caramelized Onion Granola Health Bars 4-Pack,Himalayan Foods,SNAC-001381,890100158252,Snacks & Confectionery,189,pack,229.46,368.53,2027-05-23,Aisle 09,ambient
Gluten-Free Mint Lime Badam Milk Drink Snack Pack,Kaveri Foods,BEVE-001382,890100158253,Beverages,61,pack,61.55,92.55,2027-06-03,Aisle 06,chilled
Gourmet Cardamom Spiced Roma Tomatoes 2-Pack,Patanjali Provisions,FRES-001383,890100158254,Fresh Produce,250,bunch,129.91,188.02,2026-09-10,Aisle 01,chilled
Aged Apples 300g,Organic Tattva Botanicals,FRES-001384,890100158255,Fresh Produce,222,bag,37.02,50.08,2026-09-12,Aisle 02,chilled
Organic Nagpur Orange Frozen Samosas Snack Pack,Vedic Fresh Naturals,FROZ-001385,890100158256,Frozen Foods,84,box,127.45,219.21,2026-11-30,Aisle 09,frozen
Natural Fruit Cake Slice 400g,Pure Vedic Foods,BAKE-001386,890100158257,Bakery & Deli,185,box,155.54,207.84,2026-08-28,Aisle 04,ambient
Premium Squid Rings Cleaned 250ml,Kaveri Dairy,MEAT-001387,890100158258,Meat & Seafood,54,pack,425.89,576.18,2026-09-01,Aisle 04,chilled
Handcrafted Roasted Salted Cashews 200g,Urban Roots Springs,SNAC-001388,890100158259,Snacks & Confectionery,69,pack,447.53,680.90,2027-02-12,Aisle 10,ambient
Country Style Penne Rigate Pasta 100g,Fortune Dairy,PANT-001389,890100158260,Pantry & Dry Goods,61,bag,692.13,954.52,2026-08-24,Aisle 07,ambient
Royal Cinnamon Spice Bamboo Toothbrush 2pk 1kg,Pure Vedic Goods,HOUS-001390,890100158261,Household & Personal Care,243,box,341.98,621.78,2029-01-02,Aisle 12,ambient
Traditional Biodegradable Garbage Bags 500ml,Patanjali Organics,HOUS-001391,890100158262,Household & Personal Care,243,pack,260.84,358.32,2027-09-20,Aisle 11,ambient
Royal Cheese Croissant 400g,Vedic Fresh Foods,BAKE-001392,890100158263,Bakery & Deli,138,pcs,223.23,363.80,2026-08-28,Aisle 04,ambient
Cold-Pressed Crab Meat Fresh 500g,Ganga Harvest,MEAT-001393,890100158264,Meat & Seafood,80,kg,410.99,675.87,2026-09-02,Aisle 04,chilled
Smoked Vanilla Bean Sourdough Loaf Value Pack,Desi Organics Goods,BAKE-001394,890100158265,Bakery & Deli,134,pcs,236.19,365.17,2026-08-28,Aisle 03,chilled
Gluten-Free 70% Dark Chocolate Bar 5kg,Ganga Goods,SNAC-001395,890100158266,Snacks & Confectionery,15,bag,43.05,54.64,2027-01-05,Aisle 10,ambient
Heritage Vanilla Bean Sparkling Mineral Water Family Pack,Himalayan Botanicals,BEVE-001396,890100158267,Beverages,28,carton,332.40,561.59,2027-04-04,Aisle 05,ambient
Low-Sodium Sparkling Mineral Water 1kg,FarmGold Goods,BEVE-001397,890100158268,Beverages,111,bag,424.26,580.73,2027-03-02,Aisle 06,chilled
Traditional Paneer Tikka Deli 1.5L,Green Earth Farms,BAKE-001398,890100158269,Bakery & Deli,134,pack,130.10,178.00,2026-09-07,Aisle 04,chilled
Sweet Dark Chocolate Frozen Green Peas Snack Pack,Satvik Springs,FROZ-001399,890100158270,Frozen Foods,158,tub,80.74,106.66,2027-04-09,Aisle 09,frozen
Crisp Cheese Croissant 12-Pack,Urban Roots Farms,BAKE-001400,890100158271,Bakery & Deli,184,pack,203.91,312.42,2026-08-31,Aisle 03,chilled
Rustic Lemon Pepper Paneer Tikka Deli 1.5L,Pashmina Mills,BAKE-001401,890100158272,Bakery & Deli,143,pcs,245.55,386.04,2026-08-30,Aisle 03,chilled
Golden Matcha Green Tea Clove & Mint Toothpaste 2-Pack,Fortune Agro,HOUS-001402,890100158273,Household & Personal Care,66,box,74.42,100.13,2029-02-26,Aisle 12,ambient
Stone-Ground Tulsi Honey Ayurvedic Bath Soap 150ml,Catch Organics,HOUS-001403,890100158274,Household & Personal Care,182,pack,69.16,93.19,2028-11-04,Aisle 11,ambient
Heritage Bamboo Toothbrush 2pk 10kg,Vedic Fresh Agro,HOUS-001404,890100158275,Household & Personal Care,127,bottle,91.34,150.48,2028-08-14,Aisle 11,ambient
Unpolished Lemon Pepper Liquid Laundry Detergent 350g,Saffola Springs,HOUS-001405,890100158276,Household & Personal Care,173,bottle,161.86,264.94,2027-03-01,Aisle 12,ambient
Natural Coconut Cream Squid Rings Cleaned 250g,Nature Harvest Co.,MEAT-001406,890100158277,Meat & Seafood,65,pack,213.93,364.01,2026-08-21,Aisle 04,chilled
Handcrafted Smoked Paprika Cream Cheese 400g,Nilgiri Organics,DAIR-001407,890100158278,Dairy & Eggs,7,packet,264.99,434.71,2026-09-05,Aisle 03,chilled
Aged Sea Salt Granola Health Bars 6-Pack,Pashmina Co.,SNAC-001408,890100158279,Snacks & Confectionery,51,bar,441.54,567.72,2027-03-24,Aisle 09,ambient
Sweet Broccoli Crowns 500ml,Vedic Fresh Provisions,FRES-001409,890100158280,Fresh Produce,75,bag,29.18,40.75,2026-08-29,Aisle 01,chilled
Traditional Garlic & Herb Extra Virgin Olive Oil Value Pack,Desi Organics Milling,PANT-001410,890100158281,Pantry & Dry Goods,111,jar,75.84,118.38,2028-01-06,Aisle 06,ambient
Grass-Fed Lemon Pepper Garlic Naan Frozen 4pk 500ml,Kaveri Farms,FROZ-001411,890100158282,Frozen Foods,39,tub,98.22,178.89,2026-08-30,Aisle 08,frozen
Sweet Sea Salt Ayurvedic Bath Soap 24-Pack,Organic Tattva Foods,HOUS-001412,890100158283,Household & Personal Care,135,tube,45.48,67.62,2029-03-20,Aisle 12,ambient
Raw Nagpur Orange California Almonds 8-Pack,Heritage Naturals,SNAC-001413,890100158284,Snacks & Confectionery,215,tub,186.87,345.17,2027-05-19,Aisle 09,ambient
Low-Sodium Tandoori Smoked Organic Sharbati Atta 50g,Fortune Kitchens,PANT-001414,890100158285,Pantry & Dry Goods,240,can,747.81,1062.36,2027-06-21,Aisle 07,ambient
Cold-Pressed Tender Coconut Water 200ml,Himalayan Naturals,BEVE-001415,890100158286,Beverages,201,bottle,108.34,136.80,2027-04-11,Aisle 05,chilled
Traditional Chicken Keema 200g,Tata Springs,MEAT-001416,890100158287,Meat & Seafood,222,pack,848.54,1300.90,2026-09-01,Aisle 05,chilled
Royal Herbal Hand Wash Neem 10-Pack,Everest Milling,HOUS-001417,890100158288,Household & Personal Care,155,tube,341.88,562.97,2028-08-10,Aisle 12,ambient
Pure Garlic & Herb Heavy Cream 1.5L,SunBrite Provisions,DAIR-001418,890100158289,Dairy & Eggs,206,pack,410.68,550.84,2026-09-22,Aisle 03,chilled
Sun-Dried Chatpata Masala Crab Meat Fresh 200g,Fortune Organics,MEAT-001419,890100158290,Meat & Seafood,196,pack,592.22,1000.64,2026-08-30,Aisle 05,chilled
Low-Sodium Salted Butter 200ml,Fortune Naturals,DAIR-001420,890100158291,Dairy & Eggs,114,carton,79.65,136.92,2026-08-31,Aisle 02,chilled
Raw Smoked Paprika Cold Pressed Orange Juice 4-Pack,Satvik Harvest,BEVE-001421,890100158292,Beverages,44,carton,430.60,631.73,2027-01-17,Aisle 06,chilled
Gourmet Pista Almond Soy Milk Protein 24-Pack,Dabur Dairy,DAIR-001422,890100158293,Dairy & Eggs,102,tub,487.05,729.03,2026-09-11,Aisle 02,chilled
Gluten-Free Bananas 500ml,Organic Tattva Botanicals,FRES-001423,890100158294,Fresh Produce,12,pack,38.20,53.48,2026-09-07,Aisle 01,chilled
Unpolished Dry Fruits Trail Mix 4-Pack,Organic Tattva Springs,SNAC-001424,890100158295,Snacks & Confectionery,4,packet,442.35,758.90,2026-12-14,Aisle 10,ambient
Natural Surmai Steaks Value Pack,Desi Organics Dairy,MEAT-001425,890100158296,Meat & Seafood,244,pcs,378.23,541.79,2026-08-30,Aisle 05,chilled
Select Tender Coconut Water 4-Pack,Catch Organics,BEVE-001426,890100158297,Beverages,48,box,426.93,644.36,2027-07-19,Aisle 06,ambient
Extra-Virgin Wood-Fired Veggie Pizza 330ml,Mother Dairy Organics,FROZ-001427,890100158298,Frozen Foods,212,box,151.91,241.28,2027-07-31,Aisle 08,frozen
Cured Jalapeno Lime Veg Spring Rolls 300g,Dabur Goods,FROZ-001428,890100158299,Frozen Foods,119,pack,272.97,400.71,2027-01-27,Aisle 09,frozen
Aged Fresh Rohu Fish Family Pack,Everest Provisions,MEAT-001429,890100158300,Meat & Seafood,121,pcs,666.46,835.27,2026-09-01,Aisle 05,chilled
Authentic Pista Almond Clove & Mint Toothpaste Value Pack,Deccan Organics,HOUS-001430,890100158301,Household & Personal Care,213,pack,155.68,223.78,2027-12-26,Aisle 11,ambient
Zero-Sugar Sourdough Loaf 100g,Amul Botanicals,BAKE-001431,890100158302,Bakery & Deli,87,box,67.05,97.06,2026-08-18,Aisle 04,chilled
Artisan Truffle Infused Mozzarella Shredded 750ml,Nilgiri Foods,DAIR-001432,890100158303,Dairy & Eggs,234,tub,50.39,88.48,2026-09-17,Aisle 03,chilled
Unpolished Mutton Curry Cut 12-Pack,Bhoomi Springs,MEAT-001433,890100158304,Meat & Seafood,218,kg,590.26,862.84,2026-09-02,Aisle 04,chilled
Signature Kachi Ghani Mustard Cheese Croissant 350g,Tata Farms,BAKE-001434,890100158305,Bakery & Deli,119,pack,271.97,461.20,2026-08-28,Aisle 04,ambient
Golden Rose Infused Cream Cheese 50g,Green Earth Milling,DAIR-001435,890100158306,Dairy & Eggs,10,carton,317.91,409.24,2026-09-01,Aisle 02,chilled
Organic Cardamom Spiced Frozen Paneer Cubes 12-Pack,Himalayan Foods,FROZ-001436,890100158307,Frozen Foods,241,packet,295.15,529.03,2027-04-27,Aisle 08,frozen
Gluten-Free Nagpur Orange Spicy Peanut Chikki 400g,Bhoomi Foods,SNAC-001437,890100158308,Snacks & Confectionery,238,bar,225.50,360.22,2027-01-11,Aisle 10,ambient
Stone-Ground Fish Fingers Frozen 300g,Everest Botanicals,FROZ-001438,890100158309,Frozen Foods,168,tub,322.38,566.84,2027-04-27,Aisle 08,frozen
Low-Sodium Brioche Burger Buns 200g,Everest Kitchens,BAKE-001439,890100158310,Bakery & Deli,209,pcs,103.28,170.56,2026-08-31,Aisle 03,ambient
Handcrafted Sweet Corn Kernels 300g,Amul Milling,FROZ-001440,890100158311,Frozen Foods,141,tub,336.46,570.69,2026-12-02,Aisle 09,frozen
Spiced Masala Chai Cold-Pressed Groundnut Oil 12-Pack,Nature Harvest Milling,PANT-001441,890100158312,Pantry & Dry Goods,39,bag,515.84,775.71,2027-11-17,Aisle 07,ambient
Artisan Nagpur Orange Fabric Softener Floral 750g,Organic Tattva Agro,HOUS-001442,890100158313,Household & Personal Care,162,packet,208.97,291.23,2028-02-12,Aisle 11,ambient
Unpolished Ajwain & Jeera Cow Milk 200g,FarmGold Kitchens,DAIR-001443,890100158314,Dairy & Eggs,189,packet,435.81,679.76,2026-09-06,Aisle 02,chilled
Plant-Based Organic Green Tea 4-Pack,Green Earth Co.,BEVE-001444,890100158315,Beverages,87,carton,87.50,156.50,2027-05-03,Aisle 05,chilled
Natural Sweet Corn Kernels 300g,Himalayan Foods,FROZ-001445,890100158316,Frozen Foods,70,pack,198.40,248.75,2026-12-24,Aisle 09,frozen
Organic Sweet Corn Kernels 8-Pack,Heritage Provisions,FROZ-001446,890100158317,Frozen Foods,239,box,53.58,85.16,2027-04-19,Aisle 08,frozen
Cured Masala Chai Organic Rolled Oats 2L,Pure Vedic Foods,PANT-001447,890100158318,Pantry & Dry Goods,77,bag,515.62,684.42,2027-11-11,Aisle 06,ambient
Grass-Fed Double Toned Milk 24-Pack,Pure Vedic Organics,DAIR-001448,890100158319,Dairy & Eggs,235,box,224.05,374.03,2026-09-05,Aisle 03,chilled
Sun-Dried Chana Dal Polished 250ml,Fortune Dairy,PANT-001449,890100158320,Pantry & Dry Goods,183,jar,323.24,491.85,2027-06-12,Aisle 08,ambient
Sweet Toor Dal Premium 2L,FarmGold Milling,PANT-001450,890100158321,Pantry & Dry Goods,167,jar,402.59,711.89,2028-02-08,Aisle 07,ambient
Whole-Grain Mint Lime Feta Cheese 150ml,Desi Organics Plantations,DAIR-001451,890100158322,Dairy & Eggs,213,tub,327.13,574.45,2026-09-26,Aisle 02,chilled
Golden Tandoori Smoked Portobello Mushrooms 5L,Pashmina Springs,FRES-001452,890100158323,Fresh Produce,215,pcs,121.77,199.37,2026-09-06,Aisle 01,chilled
Sweet Mustard Oil Kachi Ghani Snack Pack,SunBrite Botanicals,PANT-001453,890100158324,Pantry & Dry Goods,117,can,352.72,515.84,2028-07-26,Aisle 08,ambient
Heritage Extra Virgin Olive Oil 150ml,Deccan Plantations,PANT-001454,890100158325,Pantry & Dry Goods,7,bottle,321.58,550.86,2027-09-20,Aisle 07,ambient
Signature Catla Fish Steaks 750ml,Everest Plantations,MEAT-001455,890100158326,Meat & Seafood,46,pcs,629.70,1060.11,2026-08-30,Aisle 04,chilled
Gourmet Pista Almond Custard Apple (Sitaphal) 400g,Fortune Provisions,FRES-001456,890100158327,Fresh Produce,12,bag,85.63,120.19,2026-09-02,Aisle 01,ambient
Wildcrafted Ajwain & Jeera Gourmet Cookies Choco-Chip 10-Pack,Satvik Naturals,SNAC-001457,890100158328,Snacks & Confectionery,225,bag,185.01,329.46,2027-05-27,Aisle 09,ambient
Gluten-Free Caramelized Onion Brownie Bites 100g,Heritage Provisions,BAKE-001458,890100158329,Bakery & Deli,103,pcs,108.08,179.11,2026-09-04,Aisle 04,ambient
Natural Masala Chai Paneer Block 200ml,Ganga Goods,DAIR-001459,890100158330,Dairy & Eggs,74,tub,268.13,453.63,2026-09-19,Aisle 02,chilled
Handcrafted Cinnamon Spice Rusk Toast 400g,Fortune Goods,BAKE-001460,890100158331,Bakery & Deli,188,pcs,250.49,412.47,2026-09-06,Aisle 03,chilled
Roasted Crab Meat Fresh 24-Pack,Urban Roots Mills,MEAT-001461,890100158332,Meat & Seafood,172,pcs,232.82,344.27,2026-08-19,Aisle 05,chilled
Desi Atlantic Salmon Fillet 200ml,Organic Tattva Milling,MEAT-001462,890100158333,Meat & Seafood,206,pack,468.04,688.64,2026-09-01,Aisle 04,chilled
Sun-Dried Ginger Kombucha 12-Pack,Fortune Foods,BEVE-001463,890100158334,Beverages,64,bottle,314.42,526.50,2027-03-17,Aisle 06,ambient
Roasted Cardamom Spiced Cucumbers 1.5L,FarmGold Milling,FRES-001464,890100158335,Fresh Produce,56,pack,112.08,160.49,2026-09-03,Aisle 02,chilled
Farm-Fresh Watermelon Snack Pack,Mother Dairy Milling,FRES-001465,890100158336,Fresh Produce,11,bag,136.42,202.74,2026-09-06,Aisle 02,ambient
Handcrafted Multigrain Tortillas 250ml,Kaveri Provisions,BAKE-001466,890100158337,Bakery & Deli,76,pack,205.38,334.64,2026-08-28,Aisle 04,ambient
Heritage Nagpur Orange Mutton Chops 250g,Ganga Kitchens,MEAT-001467,890100158338,Meat & Seafood,248,pcs,311.21,572.91,2026-09-01,Aisle 04,chilled
Aged Matcha Green Tea Heavy Cream Value Pack,Ganga Provisions,DAIR-001468,890100158339,Dairy & Eggs,115,tub,442.78,773.92,2026-09-02,Aisle 03,chilled
Desi Sea Salt Edamame Pods Family Pack,Desi Organics Harvest,FROZ-001469,890100158340,Frozen Foods,165,packet,342.56,492.25,2027-03-04,Aisle 08,frozen
Desi Frozen Paneer Cubes 200ml,Satvik Provisions,FROZ-001470,890100158341,Frozen Foods,116,tub,142.12,244.97,2027-08-14,Aisle 08,frozen
Low-Sodium Chicken Frankfurters 1.5L,Nature Harvest Springs,BAKE-001471,890100158342,Bakery & Deli,144,pcs,218.60,403.94,2026-08-30,Aisle 03,chilled
Desi Pista Almond Lavash Crackers 5L,Nilgiri Kitchens,BAKE-001472,890100158343,Bakery & Deli,68,pcs,43.93,76.70,2026-09-08,Aisle 03,ambient
Wildcrafted Bamboo Toothbrush 2pk Snack Pack,FarmGold Farms,HOUS-001473,890100158344,Household & Personal Care,117,tube,462.33,731.10,2028-11-03,Aisle 11,ambient
Grass-Fed Soy Milk Protein 750g,Bhoomi Milling,DAIR-001474,890100158345,Dairy & Eggs,70,box,300.54,524.38,2026-09-09,Aisle 03,chilled
Low-Sodium Flavored Yogurt 2kg,Nature Harvest Farms,DAIR-001475,890100158346,Dairy & Eggs,141,carton,45.32,67.72,2026-09-05,Aisle 02,chilled
Golden Greek Yogurt 250ml,Green Earth Provisions,DAIR-001476,890100158347,Dairy & Eggs,239,carton,175.57,304.40,2026-08-29,Aisle 03,chilled
Cured Rose Infused Goat Mince Premium 500g,Fortune Plantations,MEAT-001477,890100158348,Meat & Seafood,183,pack,751.74,956.43,2026-08-31,Aisle 05,chilled
Rustic Truffle Infused Boneless Chicken Breast 2-Pack,Bhoomi Milling,MEAT-001478,890100158349,Meat & Seafood,243,pack,217.80,338.33,2026-08-28,Aisle 05,chilled
Sun-Dried Kashmiri Saffron Avocados 400g,Heritage Naturals,FRES-001479,890100158350,Fresh Produce,32,pack,51.95,77.98,2026-09-12,Aisle 02,ambient
Natural Kachi Ghani Mustard Butter Murukku 150ml,Desi Organics Co.,SNAC-001480,890100158351,Snacks & Confectionery,222,packet,161.65,217.21,2026-08-30,Aisle 09,ambient
Handcrafted Lassi Mango Infused 250ml,Tata Mills,DAIR-001481,890100158352,Dairy & Eggs,166,tub,417.68,677.71,2026-09-01,Aisle 03,chilled
Unpolished Toasted Sesame Apple Cider Vinegar Drink 1kg,Himalayan Farms,BEVE-001482,890100158353,Beverages,21,bag,242.26,440.20,2026-12-13,Aisle 06,ambient
Crisp Lemon Pepper Mixed Berries Frozen 250g,Pashmina Springs,FROZ-001483,890100158354,Frozen Foods,197,box,211.30,326.73,2027-07-06,Aisle 09,frozen
Grass-Fed Squid Rings Cleaned 2L,SunBrite Kitchens,MEAT-001484,890100158355,Meat & Seafood,70,pcs,256.36,354.02,2026-08-29,Aisle 04,chilled
Raw Butter Murukku 750g,SunBrite Kitchens,SNAC-001485,890100158356,Snacks & Confectionery,139,pack,210.93,370.72,2026-12-24,Aisle 10,ambient
Whole-Grain Coconut Cream Surmai Steaks 500ml,Catch Springs,MEAT-001486,890100158357,Meat & Seafood,241,pack,633.06,869.41,2026-08-29,Aisle 05,chilled
Aged Rose Infused Lentils Red Masoor 500ml,Ganga Agro,PANT-001487,890100158358,Pantry & Dry Goods,172,packet,499.05,675.00,2027-11-06,Aisle 07,ambient
Free-Range Sweet Tamarind Mixed Berries Frozen 500g,Vedic Fresh Dairy,FROZ-001488,890100158359,Frozen Foods,22,pack,99.98,183.96,2026-12-29,Aisle 09,frozen
Premium Amla Juice Pure 400g,Fortune Farms,BEVE-001489,890100158360,Beverages,248,box,102.93,169.49,2026-08-30,Aisle 06,chilled
Cured Makhana Crunch Fresh Mint (Pudina) 250g,Pashmina Agro,FRES-001490,890100158361,Fresh Produce,62,bunch,31.91,41.17,2026-09-05,Aisle 02,ambient
Pure Mint Lime Pure Jaggery Powder (Gud) 200ml,Ganga Plantations,PANT-001491,890100158362,Pantry & Dry Goods,115,packet,265.02,394.82,2027-11-20,Aisle 08,ambient
Spiced Coconut Cream Raw Wildflower Honey 750g,Patanjali Provisions,PANT-001492,890100158363,Pantry & Dry Goods,183,packet,204.29,321.37,2028-04-03,Aisle 06,ambient
Heritage Mint Lime Oat Milk 150ml,Dabur Naturals,DAIR-001493,890100158364,Dairy & Eggs,114,box,467.53,728.36,2026-09-04,Aisle 03,chilled
Spiced Sea Salt Dishwash Gel Lemon 150g,FarmGold Organics,HOUS-001494,890100158365,Household & Personal Care,32,bottle,434.04,716.69,2028-07-21,Aisle 11,ambient
Signature Brownie Bites 100g,Saffola Plantations,BAKE-001495,890100158366,Bakery & Deli,14,pcs,262.43,336.66,2026-08-28,Aisle 03,ambient
Organic Vanilla Bean 70% Dark Chocolate Bar 200ml,Heritage Springs,SNAC-001496,890100158367,Snacks & Confectionery,11,packet,362.20,509.16,2026-12-27,Aisle 09,ambient
Valley Fresh Cardamom Spiced Floor Disinfectant Pine 100g,Urban Roots Co.,HOUS-001497,890100158368,Household & Personal Care,250,packet,244.68,318.75,2029-01-07,Aisle 12,ambient
Stone-Ground Almond Milk 300g,Dabur Kitchens,DAIR-001498,890100158369,Dairy & Eggs,154,bottle,155.81,221.93,2026-09-11,Aisle 03,chilled
Spiced Chicken Sausages 1kg,SunBrite Provisions,MEAT-001499,890100158370,Meat & Seafood,105,pack,228.95,345.07,2026-09-01,Aisle 04,chilled
Free-Range Sweet Tamarind Frozen Samosas 5L,Desi Organics Milling,FROZ-001500,890100158371,Frozen Foods,12,packet,335.90,582.94,2027-05-28,Aisle 09,frozen
Roasted Nagpur Orange Garlic Naan Frozen 4pk 8-Pack,Mother Dairy Farms,FROZ-001501,890100158372,Frozen Foods,51,tub,198.14,362.46,2027-06-14,Aisle 08,frozen
Heritage Rose Infused Rawa Sooji 2-Pack,Vedic Fresh Foods,PANT-001502,890100158373,Pantry & Dry Goods,122,bag,382.95,587.23,2028-04-17,Aisle 08,ambient
Authentic Gourmet Cookies Choco-Chip Family Pack,Catch Kitchens,SNAC-001503,890100158374,Snacks & Confectionery,60,bar,484.68,761.18,2027-04-09,Aisle 09,ambient
Farm-Fresh Jalapeno Lime Bagel Plain 4pk 2-Pack,Royal Indian Goods,BAKE-001504,890100158375,Bakery & Deli,116,pcs,292.84,438.86,2026-08-21,Aisle 04,ambient
Signature Caramelized Onion Granola Health Bars 300g,Deccan Dairy,SNAC-001505,890100158376,Snacks & Confectionery,184,box,506.74,790.87,2027-05-25,Aisle 09,ambient
Valley Fresh Jalapeno Lime Oranges Nagpur 150g,Royal Indian Farms,FRES-001506,890100158377,Fresh Produce,197,pack,76.93,115.61,2026-09-14,Aisle 01,chilled
Unpolished Nimbu Paani Soda 750g,Catch Mills,BEVE-001507,890100158378,Beverages,169,pack,203.54,353.99,2027-05-23,Aisle 05,chilled
Raw Golden Ginger Urad Dal Whole 8-Pack,Green Earth Milling,PANT-001508,890100158379,Pantry & Dry Goods,38,packet,301.76,476.09,2027-08-25,Aisle 07,ambient
Authentic Mutton Curry Cut 24-Pack,Pashmina Kitchens,MEAT-001509,890100158380,Meat & Seafood,202,kg,224.79,381.84,2026-09-02,Aisle 05,chilled
Aged Rose Infused Blueberries 5kg,Satvik Kitchens,FRES-001510,890100158381,Fresh Produce,83,kg,117.68,165.41,2026-09-06,Aisle 01,chilled
Roasted Dark Chocolate Pasture Eggs 200ml,Mother Dairy Foods,DAIR-001511,890100158382,Dairy & Eggs,126,tub,73.55,100.94,2026-09-24,Aisle 03,chilled
Traditional Tender Coconut Water 250ml,Pure Vedic Springs,BEVE-001512,890100158383,Beverages,109,bag,216.15,282.58,2027-01-24,Aisle 06,ambient
Organic Dry Fruits Trail Mix 150ml,Pashmina Botanicals,SNAC-001513,890100158384,Snacks & Confectionery,163,packet,519.90,709.22,2027-05-10,Aisle 09,ambient
Free-Range Poha Thick Flakes 50g,Patanjali Botanicals,PANT-001514,890100158385,Pantry & Dry Goods,158,jar,491.59,697.62,2026-08-27,Aisle 07,ambient
Sweet Red Chilli & Garlic Cold Pressed Orange Juice 12-Pack,Amul Harvest,BEVE-001515,890100158386,Beverages,148,box,306.97,516.59,2027-06-09,Aisle 05,chilled
Authentic Chicken Sausages 10-Pack,Mother Dairy Plantations,MEAT-001516,890100158387,Meat & Seafood,139,kg,930.96,1226.06,2026-08-30,Aisle 05,chilled
Handcrafted Green Peas Fresh 4-Pack,FarmGold Agro,FRES-001517,890100158388,Fresh Produce,102,kg,122.73,218.67,2026-09-16,Aisle 01,ambient
Handcrafted Poha Thick Flakes 24-Pack,Catch Goods,PANT-001518,890100158389,Pantry & Dry Goods,63,bag,627.12,1145.94,2028-05-12,Aisle 06,ambient
Whole-Grain Masala Chai Ladyfinger (Bhindi) 5kg,Amul Harvest,FRES-001519,890100158390,Fresh Produce,47,bag,149.04,219.43,2026-08-31,Aisle 02,ambient
Farm-Fresh Poha Thick Flakes Family Pack,Nilgiri Springs,PANT-001520,890100158391,Pantry & Dry Goods,164,bag,541.36,685.15,2028-01-09,Aisle 06,ambient
Low-Sodium Sea Salt Mixed Berries Frozen 2kg,Organic Tattva Foods,FROZ-001521,890100158392,Frozen Foods,118,box,324.75,479.67,2027-03-12,Aisle 09,frozen
Unpolished Chamomile Herbal Tea 24-Pack,Nilgiri Organics,BEVE-001522,890100158393,Beverages,92,carton,129.48,177.48,2027-05-25,Aisle 05,chilled
Extra-Virgin Sea Salt Dry Fruits Trail Mix 100g,Pashmina Harvest,SNAC-001523,890100158394,Snacks & Confectionery,97,bag,345.05,590.02,2026-08-30,Aisle 09,ambient
Valley Fresh Nimbu Paani Soda 50g,Vedic Fresh Co.,BEVE-001524,890100158395,Beverages,208,can,389.90,697.23,2027-03-23,Aisle 06,chilled
Golden Butter Murukku 10kg,Amul Co.,SNAC-001525,890100158396,Snacks & Confectionery,228,packet,340.05,553.08,2027-06-21,Aisle 10,ambient
Sweet Masala Chai Tiger Prawns Jumbo 300g,SunBrite Naturals,MEAT-001526,890100158397,Meat & Seafood,11,kg,625.33,902.53,2026-09-02,Aisle 04,chilled
Whole-Grain Lemon Pepper Bhujia Sev 10-Pack,Everest Organics,SNAC-001527,890100158398,Snacks & Confectionery,97,bar,160.34,271.22,2027-03-14,Aisle 09,ambient
Golden Toasted Sesame Unsalted White Butter 350g,Royal Indian Harvest,DAIR-001528,890100158399,Dairy & Eggs,23,packet,108.97,171.70,2026-08-30,Aisle 03,chilled
Traditional Masala Potato Chips Value Pack,Pashmina Dairy,SNAC-001529,890100158400,Snacks & Confectionery,164,box,29.56,42.11,2027-02-17,Aisle 09,ambient
Extra-Virgin Bhujia Sev 6-Pack,Amul Botanicals,SNAC-001530,890100158401,Snacks & Confectionery,68,bar,70.80,124.03,2027-06-15,Aisle 10,ambient
Homestyle Kesar Pista Sourdough Loaf 400g,Heritage Kitchens,BAKE-001531,890100158402,Bakery & Deli,230,box,238.71,390.91,2026-09-03,Aisle 04,ambient
Farm-Fresh Fish Fingers Frozen 5L,Ganga Foods,FROZ-001532,890100158403,Frozen Foods,111,box,269.85,429.04,2027-08-17,Aisle 08,frozen
Aged Crab Meat Fresh 2L,Deccan Agro,MEAT-001533,890100158404,Meat & Seafood,94,pcs,608.27,1045.71,2026-08-31,Aisle 05,chilled
Authentic Alphonso Mango Custard Apple (Sitaphal) 150g,Urban Roots Foods,FRES-001534,890100158405,Fresh Produce,39,pack,158.88,270.92,2026-08-29,Aisle 01,ambient
Traditional Coconut Cream Butter Murukku 10-Pack,Royal Indian Farms,SNAC-001535,890100158406,Snacks & Confectionery,15,bar,18.35,26.56,2027-02-26,Aisle 10,ambient
Cured Tandoori Smoked Brioche Burger Buns 200g,Kaveri Milling,BAKE-001536,890100158407,Bakery & Deli,83,pcs,170.45,281.23,2026-08-27,Aisle 04,chilled
Zero-Sugar Ginger Root Family Pack,Urban Roots Plantations,FRES-001537,890100158408,Fresh Produce,82,bag,76.64,109.34,2026-09-17,Aisle 01,ambient
Golden Makhana Crunch Gourmet Cookies Choco-Chip 5kg,Patanjali Agro,SNAC-001538,890100158409,Snacks & Confectionery,208,pack,114.54,187.22,2027-04-02,Aisle 10,ambient
Spiced Tandoori Smoked Soy Milk Protein 2-Pack,Satvik Mills,DAIR-001539,890100158410,Dairy & Eggs,118,pack,380.08,518.09,2026-09-08,Aisle 03,chilled
Desi Cinnamon Spice Dishwash Gel Lemon 1kg,Deccan Springs,HOUS-001540,890100158411,Household & Personal Care,80,packet,103.10,186.58,2028-02-03,Aisle 12,ambient
Low-Sodium Chamomile Herbal Tea 750ml,Patanjali Agro,BEVE-001541,890100158412,Beverages,181,can,419.54,690.85,2026-12-22,Aisle 05,ambient
Spiced Diet Mixture Namkeen 150g,Satvik Mills,SNAC-001542,890100158413,Snacks & Confectionery,180,tub,507.08,692.32,2027-03-21,Aisle 10,ambient
Natural Tulsi Honey Pears 1kg,Green Earth Botanicals,FRES-001543,890100158414,Fresh Produce,176,bag,67.62,94.08,2026-08-31,Aisle 01,ambient
Cured Tandoori Smoked Oat Milk 10-Pack,Tata Naturals,DAIR-001544,890100158415,Dairy & Eggs,113,box,255.03,422.13,2026-09-17,Aisle 03,chilled
Spiced Tulsi Honey Portobello Mushrooms 750ml,Ganga Foods,FRES-001545,890100158416,Fresh Produce,176,kg,114.61,153.55,2026-08-30,Aisle 02,chilled
Organic Oranges Nagpur 2kg,Amul Foods,FRES-001546,890100158417,Fresh Produce,48,pcs,117.67,187.29,2026-09-06,Aisle 02,ambient
Cured Sweet Potatoes 250g,Green Earth Goods,FRES-001547,890100158418,Fresh Produce,176,pcs,125.82,160.93,2026-08-29,Aisle 01,ambient
Pure Heavy Cream 12-Pack,Bhoomi Organics,DAIR-001548,890100158419,Dairy & Eggs,236,box,378.51,608.64,2026-09-12,Aisle 03,chilled
Organic Pista Almond Sweet Corn Kernels 8-Pack,Catch Plantations,FROZ-001549,890100158420,Frozen Foods,143,packet,414.50,597.99,2027-04-26,Aisle 08,frozen
Gluten-Free Toasted Sesame Cold-Pressed Groundnut Oil 100g,Nilgiri Milling,PANT-001550,890100158421,Pantry & Dry Goods,241,bottle,168.80,255.80,2028-03-12,Aisle 07,ambient
Homestyle Makhana Crunch Organic Brown Sugar Family Pack,Dabur Milling,PANT-001551,890100158422,Pantry & Dry Goods,225,bag,575.49,801.03,2028-06-11,Aisle 06,ambient
Sweet Penne Rigate Pasta 250g,Ganga Provisions,PANT-001552,890100158423,Pantry & Dry Goods,95,bag,370.87,626.67,2028-06-12,Aisle 07,ambient
Homestyle Salted Butter 10-Pack,Nilgiri Mills,DAIR-001553,890100158424,Dairy & Eggs,141,tub,103.44,157.89,2026-09-05,Aisle 02,chilled
Rustic Rose Infused Ayurvedic Bath Soap 150g,Catch Springs,HOUS-001554,890100158425,Household & Personal Care,218,box,463.44,825.94,2028-04-07,Aisle 11,ambient
Grass-Fed Red Chilli & Garlic Urad Dal Whole 50g,Kaveri Farms,PANT-001555,890100158426,Pantry & Dry Goods,121,bag,382.82,635.51,2028-05-24,Aisle 06,ambient
Artisan Tulsi Honey Butter Croissants Value Pack,Fortune Naturals,BAKE-001556,890100158427,Bakery & Deli,102,pack,245.22,435.49,2026-09-09,Aisle 04,ambient
Handcrafted Ayurvedic Bath Soap Value Pack,FarmGold Co.,HOUS-001557,890100158428,Household & Personal Care,250,packet,421.40,602.32,2028-09-19,Aisle 12,ambient
Gluten-Free Cashew Paste Curry Base 1.5L,Urban Roots Agro,PANT-001558,890100158429,Pantry & Dry Goods,76,bag,358.32,472.22,2027-08-16,Aisle 07,ambient
Handcrafted Kachi Ghani Mustard Mustard Oil Kachi Ghani 500g,Amul Milling,PANT-001559,890100158430,Pantry & Dry Goods,175,packet,31.17,49.89,2027-11-09,Aisle 06,ambient
Wildcrafted Cream Cheese 24-Pack,FarmGold Kitchens,DAIR-001560,890100158431,Dairy & Eggs,249,tub,64.53,88.27,2026-08-23,Aisle 03,chilled
Wildcrafted Pista Almond Espresso Roast Ground Coffee 50g,Kaveri Organics,BEVE-001561,890100158432,Beverages,138,carton,401.35,563.42,2026-08-22,Aisle 06,chilled
Cold-Pressed Shampoo Anti-Dandruff 6-Pack,Fortune Milling,HOUS-001562,890100158433,Household & Personal Care,153,packet,435.01,722.61,2027-05-19,Aisle 12,ambient
Natural Garlic & Herb Strawberries 6-Pack,Mother Dairy Springs,FRES-001563,890100158434,Fresh Produce,146,kg,100.49,138.79,2026-09-03,Aisle 02,chilled
Plant-Based Jalapeno Lime Cream Cheese Value Pack,Ganga Foods,DAIR-001564,890100158435,Dairy & Eggs,31,packet,299.77,515.02,2026-09-18,Aisle 03,chilled
Traditional Bagel Plain 4pk 12-Pack,SunBrite Foods,BAKE-001565,890100158436,Bakery & Deli,224,box,174.39,305.39,2026-09-02,Aisle 03,ambient
Grass-Fed Nagpur Orange Frozen Green Peas 750ml,Everest Plantations,FROZ-001566,890100158437,Frozen Foods,248,box,324.51,565.22,2026-08-26,Aisle 09,frozen
Unpolished Smoked Paprika Granola Health Bars 500g,Bhoomi Harvest,SNAC-001567,890100158438,Snacks & Confectionery,11,box,545.63,835.21,2026-08-15,Aisle 09,ambient
Artisan Mustard Oil Kachi Ghani 1kg,Vedic Fresh Dairy,PANT-001568,890100158439,Pantry & Dry Goods,64,bag,680.25,923.55,2027-07-04,Aisle 08,ambient
Gluten-Free Ajwain & Jeera Boneless Chicken Breast 100g,SunBrite Provisions,MEAT-001569,890100158440,Meat & Seafood,198,kg,739.45,1202.99,2026-08-28,Aisle 04,chilled
Rustic Stainless Steel Scrubber 3pk 10kg,Pure Vedic Mills,HOUS-001570,890100158441,Household & Personal Care,177,box,491.78,751.83,2028-01-22,Aisle 12,ambient
Low-Sodium Tulsi Honey Guava Chilli Juice 150ml,Amul Springs,BEVE-001571,890100158442,Beverages,70,pack,382.67,692.29,2027-01-10,Aisle 06,ambient
Cured Chatpata Masala Portobello Mushrooms 150ml,Pashmina Co.,FRES-001572,890100158443,Fresh Produce,70,pcs,96.31,165.80,2026-09-16,Aisle 01,ambient
Crisp Jalapeno Lime Banana Chips Kerala Style 250g,Pashmina Provisions,SNAC-001573,890100158444,Snacks & Confectionery,169,packet,246.35,333.14,2026-10-21,Aisle 09,ambient
Authentic Smoked Paprika Cow Milk 1L,Himalayan Naturals,DAIR-001574,890100158445,Dairy & Eggs,234,tub,505.78,886.59,2026-09-15,Aisle 02,chilled
Unpolished Coconut Cream Surmai Steaks 12-Pack,Everest Dairy,MEAT-001575,890100158446,Meat & Seafood,213,kg,778.70,1304.28,2026-08-31,Aisle 05,chilled
Pure Tandoori Smoked Organic Sharbati Atta 2kg,Green Earth Co.,PANT-001576,890100158447,Pantry & Dry Goods,210,bottle,60.15,87.32,2028-08-10,Aisle 07,ambient
Pure Toasted Sesame Sona Masoori Rice 10-Pack,Pashmina Naturals,PANT-001577,890100158448,Pantry & Dry Goods,216,jar,455.31,807.98,2026-08-30,Aisle 06,ambient
Cold-Pressed Cinnamon Spice Kitchen Paper Towels 4-Roll 1L,Heritage Co.,HOUS-001578,890100158449,Household & Personal Care,147,box,293.69,401.13,2028-06-17,Aisle 12,ambient
Sun-Dried Herbal Hand Wash Neem 10kg,Nature Harvest Mills,HOUS-001579,890100158450,Household & Personal Care,101,pack,198.72,328.27,2027-03-19,Aisle 12,ambient
Roasted Kashmiri Saffron Kitchen Paper Towels 4-Roll 1.5L,Organic Tattva Naturals,HOUS-001580,890100158451,Household & Personal Care,135,packet,45.48,78.55,2026-08-16,Aisle 12,ambient
Valley Fresh Ayurvedic Bath Soap 200g,Amul Springs,HOUS-001581,890100158452,Household & Personal Care,80,pack,219.82,311.16,2026-08-15,Aisle 12,ambient
Extra-Virgin Cinnamon Spice Bottle Gourd (Lauki) 4-Pack,Saffola Plantations,FRES-001582,890100158453,Fresh Produce,104,bunch,107.99,145.80,2026-08-29,Aisle 01,ambient
Heritage Moong Dal Namkeen 200g,Pashmina Co.,SNAC-001583,890100158454,Snacks & Confectionery,22,packet,184.07,249.61,2026-12-24,Aisle 10,ambient
Extra-Virgin Banana Chips Kerala Style 24-Pack,Ganga Plantations,SNAC-001584,890100158455,Snacks & Confectionery,133,packet,267.82,427.26,2026-12-14,Aisle 09,ambient
Stone-Ground Butter Croissants 150ml,Pure Vedic Dairy,BAKE-001585,890100158456,Bakery & Deli,152,pcs,260.80,365.59,2026-09-02,Aisle 04,ambient
Valley Fresh Masala Chai Lavash Crackers 50g,Amul Plantations,BAKE-001586,890100158457,Bakery & Deli,72,pcs,287.58,432.63,2026-08-31,Aisle 03,ambient
Artisan Truffle Infused Whole Wheat Atta Bread 750g,Catch Farms,BAKE-001587,890100158458,Bakery & Deli,33,pcs,185.32,305.58,2026-09-03,Aisle 03,ambient
Free-Range Pav 6-Pack 750ml,Royal Indian Springs,BAKE-001588,890100158459,Bakery & Deli,129,box,167.85,231.62,2026-09-02,Aisle 04,chilled
Gluten-Free Dark Chocolate Desi Cow Ghee 2kg,Patanjali Foods,DAIR-001589,890100158460,Dairy & Eggs,109,bottle,435.65,581.97,2026-09-01,Aisle 02,chilled
Grass-Fed Dry Fruits Trail Mix 500ml,Dabur Farms,SNAC-001590,890100158461,Snacks & Confectionery,96,bar,329.47,520.64,2026-08-21,Aisle 10,ambient
Heritage Atlantic Salmon Fillet 10-Pack,Ganga Foods,MEAT-001591,890100158462,Meat & Seafood,200,pcs,610.42,963.89,2026-08-30,Aisle 05,chilled
Pure Truffle Infused Garlic Bulbs 250g,Bhoomi Mills,FRES-001592,890100158463,Fresh Produce,161,pack,106.14,148.82,2026-09-14,Aisle 01,ambient
Sweet Rawa Sooji 750ml,Vedic Fresh Kitchens,PANT-001593,890100158464,Pantry & Dry Goods,7,jar,65.61,119.86,2027-07-27,Aisle 08,ambient
Premium Cashew Paste Curry Base 250g,Royal Indian Agro,PANT-001594,890100158465,Pantry & Dry Goods,148,bottle,204.97,276.75,2028-01-21,Aisle 06,ambient
Wildcrafted Lemon Pepper 70% Dark Chocolate Bar 10-Pack,Bhoomi Harvest,SNAC-001595,890100158466,Snacks & Confectionery,168,bag,366.90,617.75,2027-02-06,Aisle 09,ambient
Farm-Fresh Amla Juice Pure 250g,Green Earth Organics,BEVE-001596,890100158467,Beverages,227,can,215.05,354.14,2027-07-15,Aisle 05,ambient
Farm-Fresh Garlic & Herb Mutton Chops 330ml,Pure Vedic Milling,MEAT-001597,890100158468,Meat & Seafood,143,pcs,187.04,338.82,2026-09-03,Aisle 04,chilled
Crisp Fabric Softener Floral 12-Pack,Ganga Foods,HOUS-001598,890100158469,Household & Personal Care,67,box,362.87,611.77,2027-12-13,Aisle 11,ambient
Low-Sodium Nagpur Orange Mustard Oil Kachi Ghani 2kg,Kaveri Harvest,PANT-001599,890100158470,Pantry & Dry Goods,244,bag,185.66,265.55,2027-09-30,Aisle 06,ambient
Desi Tulsi Honey Fresh Chicken Curry Cut 100g,Dabur Organics,MEAT-001600,890100158471,Meat & Seafood,215,kg,300.32,515.45,2026-08-31,Aisle 04,chilled
Whole-Grain Kachi Ghani Mustard Butter Croissants 150ml,Saffola Agro,BAKE-001601,890100158472,Bakery & Deli,46,pack,236.86,300.66,2026-09-04,Aisle 03,ambient
Plant-Based California Almonds 1kg,Ganga Goods,SNAC-001602,890100158473,Snacks & Confectionery,149,tub,288.33,532.95,2027-03-10,Aisle 09,ambient
Cold-Pressed Vanilla Bean Garlic Naan Frozen 4pk 500g,Kaveri Dairy,FROZ-001603,890100158474,Frozen Foods,133,tub,264.27,357.60,2027-07-28,Aisle 08,frozen
Homestyle Cashew Paste Curry Base Snack Pack,Royal Indian Kitchens,PANT-001604,890100158475,Pantry & Dry Goods,72,bottle,592.68,1015.22,2027-05-13,Aisle 07,ambient
Stone-Ground Pista Almond Curd Tub (Dahi) 6-Pack,Patanjali Plantations,DAIR-001605,890100158476,Dairy & Eggs,192,packet,461.47,788.11,2026-09-03,Aisle 02,chilled
Heritage Rose Infused Ricotta Fresh 4-Pack,Green Earth Mills,DAIR-001606,890100158477,Dairy & Eggs,6,carton,508.75,936.98,2026-09-03,Aisle 02,chilled
Farm-Fresh Red Chilli & Garlic Granola Health Bars 150ml,Urban Roots Dairy,SNAC-001607,890100158478,Snacks & Confectionery,126,tub,120.00,173.69,2027-04-27,Aisle 09,ambient
Cured Toasted Sesame Chicken Sausages 4-Pack,Green Earth Plantations,MEAT-001608,890100158479,Meat & Seafood,56,kg,503.43,655.56,2026-08-29,Aisle 04,chilled
Gluten-Free Red Chilli & Garlic Liquid Laundry Detergent 10-Pack,Ganga Naturals,HOUS-001609,890100158480,Household & Personal Care,230,tube,65.38,107.34,2027-08-19,Aisle 11,ambient
Wildcrafted Cow Milk 10-Pack,Royal Indian Dairy,DAIR-001610,890100158481,Dairy & Eggs,204,pack,35.00,46.11,2026-09-23,Aisle 03,chilled
Sweet Floor Disinfectant Pine 100g,Bhoomi Harvest,HOUS-001611,890100158482,Household & Personal Care,64,pack,441.46,615.86,2028-05-21,Aisle 11,ambient
Sweet Kesar Pista Lentils Red Masoor 500ml,Everest Goods,PANT-001612,890100158483,Pantry & Dry Goods,137,packet,651.26,1010.18,2027-05-16,Aisle 08,ambient
Signature Dark Chocolate Feta Cheese 200g,Amul Naturals,DAIR-001613,890100158484,Dairy & Eggs,200,bottle,431.74,737.37,2026-09-21,Aisle 03,chilled
Royal Golden Ginger Mozzarella Shredded 750g,Himalayan Organics,DAIR-001614,890100158485,Dairy & Eggs,53,pack,380.76,629.31,2026-09-05,Aisle 03,chilled
Rustic Chatpata Masala Fresh Mosambi Juice 10kg,Kaveri Goods,BEVE-001615,890100158486,Beverages,127,box,434.33,548.21,2026-12-22,Aisle 05,ambient
Unpolished Chatpata Masala Rawa Sooji 8-Pack,Patanjali Harvest,PANT-001616,890100158487,Pantry & Dry Goods,173,box,476.10,822.06,2027-07-05,Aisle 07,ambient
Signature Kashmiri Saffron Chicken Keema 1L,Bhoomi Milling,MEAT-001617,890100158488,Meat & Seafood,192,pcs,634.70,1016.62,2026-09-03,Aisle 05,chilled
Aged Pista Almond French Fries Crispy 200ml,Organic Tattva Provisions,FROZ-001618,890100158489,Frozen Foods,23,pack,333.49,424.74,2027-04-05,Aisle 09,frozen
Spiced Golden Ginger Lassi Mango Infused 750g,Pure Vedic Provisions,DAIR-001619,890100158490,Dairy & Eggs,111,box,427.10,541.55,2026-09-13,Aisle 03,chilled
Artisan Nagpur Orange Bath Tissue 6-Pack 500ml,Heritage Kitchens,HOUS-001620,890100158491,Household & Personal Care,147,bottle,43.79,65.10,2028-02-19,Aisle 11,ambient
Desi Vanilla Bean Double Toned Milk 250g,Pure Vedic Naturals,DAIR-001621,890100158492,Dairy & Eggs,57,bottle,98.08,158.67,2026-09-22,Aisle 03,chilled
Unpolished Jalapeno Lime Roma Tomatoes 400g,Bhoomi Springs,FRES-001622,890100158493,Fresh Produce,152,pcs,22.57,36.93,2026-09-08,Aisle 01,chilled
Smoked French Fries Crispy 350g,Nature Harvest Kitchens,FROZ-001623,890100158494,Frozen Foods,233,pack,143.66,201.67,2026-12-17,Aisle 08,frozen
Rustic Fresh Mosambi Juice 400g,Dabur Foods,BEVE-001624,890100158495,Beverages,48,can,342.66,495.98,2026-08-25,Aisle 05,chilled
Whole-Grain Frozen Samosas 5L,Dabur Springs,FROZ-001625,890100158496,Frozen Foods,142,box,255.78,421.63,2027-06-21,Aisle 09,frozen
Low-Sodium Masala Chai Aloo Tikki 8-Pack 150g,Urban Roots Plantations,FROZ-001626,890100158497,Frozen Foods,164,pack,256.38,369.21,2027-04-02,Aisle 09,frozen
Smoked Tulsi Honey Custard Apple (Sitaphal) 100g,SunBrite Goods,FRES-001627,890100158498,Fresh Produce,104,pack,74.26,125.76,2026-09-12,Aisle 01,chilled
Farm-Fresh Matcha Green Tea Basa Fish Fillets 500g,Vedic Fresh Botanicals,MEAT-001628,890100158499,Meat & Seafood,196,pack,482.49,654.20,2026-08-29,Aisle 05,chilled
Smoked Butter Murukku 4-Pack,Deccan Naturals,SNAC-001629,890100158500,Snacks & Confectionery,205,packet,249.00,342.09,2026-08-28,Aisle 10,ambient
Cold-Pressed Butter Murukku 250g,Nilgiri Goods,SNAC-001630,890100158501,Snacks & Confectionery,118,pack,144.71,209.71,2027-05-02,Aisle 09,ambient
Premium French Fries Crispy 10kg,Nature Harvest Harvest,FROZ-001631,890100158502,Frozen Foods,118,bag,135.13,248.35,2027-01-07,Aisle 09,frozen
Artisan Goat Mince Premium Family Pack,Vedic Fresh Dairy,MEAT-001632,890100158503,Meat & Seafood,186,pack,834.07,1092.66,2026-09-03,Aisle 04,chilled
Organic Mosquito Vaporizer Refill 250ml,Desi Organics Agro,HOUS-001633,890100158504,Household & Personal Care,128,packet,313.21,558.17,2027-04-13,Aisle 11,ambient
Gourmet Malai Kulfi Bar 4-Pack,Green Earth Milling,FROZ-001634,890100158505,Frozen Foods,44,packet,238.01,399.32,2027-05-08,Aisle 09,frozen
Sweet Paneer Paratha Frozen 2L,Bhoomi Farms,FROZ-001635,890100158506,Frozen Foods,198,pack,139.61,183.74,2027-05-09,Aisle 09,frozen
Handcrafted Brownie Bites 5kg,Royal Indian Kitchens,BAKE-001636,890100158507,Bakery & Deli,242,pack,152.39,250.40,2026-09-10,Aisle 03,ambient
Raw Masala Chai Pomfret Whole 2L,Bhoomi Springs,MEAT-001637,890100158508,Meat & Seafood,19,pcs,692.65,1130.01,2026-09-01,Aisle 04,chilled
Plant-Based Kachi Ghani Mustard Lemons 8-Pack,Pashmina Kitchens,FRES-001638,890100158509,Fresh Produce,229,kg,38.27,50.79,2026-08-29,Aisle 02,ambient
Country Style Lemon Pepper Apple Cider Vinegar Drink 350g,Pure Vedic Provisions,BEVE-001639,890100158510,Beverages,42,carton,238.06,373.48,2027-02-05,Aisle 06,chilled
Homestyle Guavas 4-Pack,Tata Springs,FRES-001640,890100158511,Fresh Produce,244,kg,148.57,225.84,2026-09-15,Aisle 02,chilled
Pure Sea Salt Ayurvedic Bath Soap 1kg,Ganga Organics,HOUS-001641,890100158512,Household & Personal Care,158,box,239.67,307.67,2027-04-21,Aisle 12,ambient
Stone-Ground Vanilla Bean Feta Cheese 500g,Dabur Dairy,DAIR-001642,890100158513,Dairy & Eggs,123,carton,105.12,179.60,2026-08-30,Aisle 03,chilled
Crisp Mint Lime Moong Dal Washed Value Pack,Pure Vedic Agro,PANT-001643,890100158514,Pantry & Dry Goods,153,packet,431.27,686.07,2027-01-13,Aisle 06,ambient
Natural Matcha Green Tea Oat Milk 5kg,Pashmina Farms,DAIR-001644,890100158515,Dairy & Eggs,89,box,135.17,181.57,2026-08-18,Aisle 02,chilled
Grass-Fed Chatpata Masala Ciabatta Roll 6-Pack,SunBrite Goods,BAKE-001645,890100158516,Bakery & Deli,52,pcs,154.41,271.66,2026-08-29,Aisle 03,chilled
Homestyle Truffle Infused Cashew Paste Curry Base 12-Pack,Heritage Plantations,PANT-001646,890100158517,Pantry & Dry Goods,196,packet,454.94,794.58,2026-08-27,Aisle 07,ambient
Spiced Liquid Laundry Detergent 8-Pack,Himalayan Springs,HOUS-001647,890100158518,Household & Personal Care,200,tube,567.30,1043.43,2028-04-13,Aisle 11,ambient
Rustic Chatpata Masala Gulab Jamun Tin 500g,Catch Springs,SNAC-001648,890100158519,Snacks & Confectionery,249,bar,386.32,559.36,2027-04-15,Aisle 09,ambient
Traditional Chicken Salami Value Pack,Nature Harvest Organics,BAKE-001649,890100158520,Bakery & Deli,55,box,172.76,227.34,2026-09-10,Aisle 04,ambient
Artisan Vanilla Bean Jeera Masala Soda 8-Pack,Green Earth Farms,BEVE-001650,890100158521,Beverages,7,carton,188.57,303.02,2027-08-04,Aisle 05,chilled
Cured Alphonso Mango Whole Wheat Atta Bread 2-Pack,Nature Harvest Springs,BAKE-001651,890100158522,Bakery & Deli,101,pcs,236.11,351.92,2026-09-03,Aisle 04,chilled
Homestyle Fresh Chicken Curry Cut 300g,Dabur Plantations,MEAT-001652,890100158523,Meat & Seafood,93,pcs,256.65,397.80,2026-08-28,Aisle 05,chilled
Gluten-Free Soan Papdi Box 6-Pack,Nilgiri Farms,SNAC-001653,890100158524,Snacks & Confectionery,53,pack,284.93,419.66,2027-05-10,Aisle 10,ambient
Organic Toasted Sesame Fresh Mosambi Juice 500g,Saffola Naturals,BEVE-001654,890100158525,Beverages,108,box,314.85,508.80,2027-02-03,Aisle 06,chilled
Extra-Virgin Jalapeno Lime Diet Mixture Namkeen 5kg,Urban Roots Foods,SNAC-001655,890100158526,Snacks & Confectionery,197,tub,83.59,154.09,2026-08-28,Aisle 10,ambient
Traditional Chatpata Masala Cinnamon Swirl Buns 2kg,Everest Provisions,BAKE-001656,890100158527,Bakery & Deli,93,pack,58.99,84.93,2026-09-04,Aisle 03,ambient
Artisan Caramelized Onion Kokum Sharbat 8-Pack,Nilgiri Organics,BEVE-001657,890100158528,Beverages,112,bottle,343.93,546.48,2026-12-24,Aisle 06,ambient
Desi Coconut Cream Guava Chilli Juice 50g,Deccan Naturals,BEVE-001658,890100158529,Beverages,67,can,238.78,368.17,2027-08-12,Aisle 06,chilled
Unpolished Cinnamon Spice Cinnamon Swirl Buns Snack Pack,Satvik Botanicals,BAKE-001659,890100158530,Bakery & Deli,154,box,316.95,562.14,2026-09-02,Aisle 04,ambient
Grass-Fed Sea Salt Stainless Steel Scrubber 3pk 1kg,Everest Harvest,HOUS-001660,890100158531,Household & Personal Care,97,packet,572.71,750.37,2029-05-12,Aisle 11,ambient
Aged Masala Chai Herbal Hand Wash Neem 12-Pack,Tata Foods,HOUS-001661,890100158532,Household & Personal Care,234,packet,278.99,415.95,2027-08-12,Aisle 12,ambient
Organic Nagpur Orange Aloo Tikki 8-Pack 10kg,Ganga Milling,FROZ-001662,890100158533,Frozen Foods,74,bag,230.35,349.20,2026-12-06,Aisle 09,frozen
Spiced Electrolyte Energy Drink 150g,Desi Organics Organics,BEVE-001663,890100158534,Beverages,26,carton,430.78,549.29,2026-08-29,Aisle 05,chilled
Crisp Makhana Crunch Kaju Katli Sweet Box 500ml,Bhoomi Foods,SNAC-001664,890100158535,Snacks & Confectionery,115,bar,187.65,238.38,2027-06-08,Aisle 09,ambient
Unpolished Roasted Makhana Foxnuts 330ml,Heritage Botanicals,SNAC-001665,890100158536,Snacks & Confectionery,39,packet,509.49,753.42,2027-05-23,Aisle 10,ambient
Pure Curd Tub (Dahi) 2L,Everest Mills,DAIR-001666,890100158537,Dairy & Eggs,166,box,163.96,207.85,2026-09-04,Aisle 02,chilled
Signature Frozen Paneer Cubes 150g,Patanjali Springs,FROZ-001667,890100158538,Frozen Foods,202,packet,326.96,518.31,2027-06-01,Aisle 08,frozen
Cured Paneer Paratha Frozen 2kg,Organic Tattva Co.,FROZ-001668,890100158539,Frozen Foods,168,packet,350.66,476.77,2027-07-20,Aisle 08,frozen
Plant-Based Masala Chai Fresh Rohu Fish 2kg,Pashmina Botanicals,MEAT-001669,890100158540,Meat & Seafood,121,pcs,892.71,1628.31,2026-08-30,Aisle 04,chilled
Rustic Caramelized Onion Veg Burger Patties 300g,Saffola Kitchens,FROZ-001670,890100158541,Frozen Foods,45,packet,165.82,268.82,2026-11-07,Aisle 08,frozen
Sweet Masala CTC Tea 50g,Vedic Fresh Goods,BEVE-001671,890100158542,Beverages,46,bag,177.13,302.32,2027-07-14,Aisle 06,ambient
Artisan Ayurvedic Bath Soap 1kg,Heritage Provisions,HOUS-001672,890100158543,Household & Personal Care,23,bottle,37.88,63.35,2026-08-27,Aisle 11,ambient
Royal Tulsi Honey Chicken Salami 350g,Fortune Goods,BAKE-001673,890100158544,Bakery & Deli,113,box,65.67,97.36,2026-09-01,Aisle 03,chilled
Unpolished Guava Chilli Juice 400g,Ganga Kitchens,BEVE-001674,890100158545,Beverages,206,pack,384.44,708.12,2026-12-25,Aisle 05,ambient
Golden Ajwain & Jeera Strawberries 500g,Kaveri Mills,FRES-001675,890100158546,Fresh Produce,139,pcs,143.53,262.24,2026-09-09,Aisle 01,chilled
Farm-Fresh Kashmiri Saffron Cold-Pressed Groundnut Oil 150g,Nilgiri Agro,PANT-001676,890100158547,Pantry & Dry Goods,194,packet,510.11,902.77,2027-06-02,Aisle 08,ambient
Unpolished Garlic Focaccia 200g,Catch Farms,BAKE-001677,890100158548,Bakery & Deli,41,pcs,44.12,70.89,2026-08-28,Aisle 03,chilled
Royal Vanilla Bean Carrots 250g,Fortune Organics,FRES-001678,890100158549,Fresh Produce,197,bag,92.81,160.26,2026-09-05,Aisle 02,chilled
Free-Range Chicken Drumsticks 400g,Pure Vedic Dairy,MEAT-001679,890100158550,Meat & Seafood,92,pcs,220.30,337.82,2026-09-03,Aisle 04,chilled
Pure Smoked Paprika Gulab Jamun Tin 400g,Mother Dairy Springs,SNAC-001680,890100158551,Snacks & Confectionery,214,pack,358.15,578.89,2026-10-30,Aisle 09,ambient
Wildcrafted Paneer Tikka Deli 1L,Bhoomi Agro,BAKE-001681,890100158552,Bakery & Deli,38,pack,162.99,276.64,2026-09-10,Aisle 03,ambient
Golden Lemon Pepper Guava Chilli Juice 12-Pack,FarmGold Kitchens,BEVE-001682,890100158553,Beverages,163,can,196.90,268.60,2027-06-12,Aisle 06,ambient
Sweet Makhana Crunch Roasted Makhana Foxnuts Snack Pack,Himalayan Naturals,SNAC-001683,890100158554,Snacks & Confectionery,124,bag,235.03,393.86,2027-06-19,Aisle 10,ambient
Plant-Based Kokum Sharbat 400g,Ganga Naturals,BEVE-001684,890100158555,Beverages,61,carton,128.89,230.77,2027-08-02,Aisle 05,ambient
Handcrafted Smoked Paprika Flavored Yogurt 12-Pack,Dabur Provisions,DAIR-001685,890100158556,Dairy & Eggs,126,pack,41.95,74.12,2026-09-21,Aisle 03,chilled
Low-Sodium Smoked Paprika Pure Jaggery Powder (Gud) 5L,Himalayan Naturals,PANT-001686,890100158557,Pantry & Dry Goods,79,packet,50.64,66.22,2027-12-29,Aisle 06,ambient
Whole-Grain Toasted Sesame Surmai Steaks 500ml,Pashmina Co.,MEAT-001687,890100158558,Meat & Seafood,184,pcs,710.31,899.10,2026-08-29,Aisle 04,chilled
Desi Golden Ginger Fruit Cake Slice 150ml,Himalayan Naturals,BAKE-001688,890100158559,Bakery & Deli,100,box,139.64,250.00,2026-08-28,Aisle 03,ambient
Roasted Garlic Focaccia 10kg,Deccan Mills,BAKE-001689,890100158560,Bakery & Deli,224,box,194.23,246.23,2026-09-10,Aisle 04,chilled
Gluten-Free Edamame Pods 500g,Tata Kitchens,FROZ-001690,890100158561,Frozen Foods,77,tub,321.26,475.57,2027-01-08,Aisle 08,frozen
Crisp Frozen Veg Momos 5L,Ganga Dairy,FROZ-001691,890100158562,Frozen Foods,234,bag,90.86,118.81,2027-02-07,Aisle 08,frozen
Heritage Nagpur Orange Electrolyte Energy Drink 100g,Royal Indian Harvest,BEVE-001692,890100158563,Beverages,89,bag,449.87,624.96,2027-05-27,Aisle 05,chilled
Sun-Dried Tulsi Honey Wood-Fired Veggie Pizza 5kg,Green Earth Provisions,FROZ-001693,890100158564,Frozen Foods,205,tub,386.88,533.89,2026-08-29,Aisle 09,frozen
Organic Matcha Green Tea Greek Yogurt 150g,Heritage Farms,DAIR-001694,890100158565,Dairy & Eggs,49,pack,394.68,537.58,2026-08-29,Aisle 03,chilled
Smoked Caramelized Onion Fruit Cake Slice 50g,Everest Goods,BAKE-001695,890100158566,Bakery & Deli,144,box,60.61,111.18,2026-08-28,Aisle 04,chilled
Desi Smoked Paprika Mosquito Vaporizer Refill 750ml,Green Earth Foods,HOUS-001696,890100158567,Household & Personal Care,115,bottle,169.22,305.17,2027-09-19,Aisle 12,ambient
Pure Fabric Softener Floral 4-Pack,Everest Provisions,HOUS-001697,890100158568,Household & Personal Care,220,bottle,584.12,751.01,2028-04-29,Aisle 12,ambient
Free-Range Amla Juice Pure 200ml,SunBrite Farms,BEVE-001698,890100158569,Beverages,214,box,272.65,426.30,2027-04-06,Aisle 06,ambient
Stone-Ground California Almonds 350g,Mother Dairy Agro,SNAC-001699,890100158570,Snacks & Confectionery,75,bag,473.88,597.84,2027-01-31,Aisle 09,ambient
Handcrafted Chicken Sausages 10-Pack,Patanjali Co.,MEAT-001700,890100158571,Meat & Seafood,207,kg,814.50,1095.96,2026-08-30,Aisle 04,chilled
Rustic Whole Wheat Atta Bread 5kg,Mother Dairy Provisions,BAKE-001701,890100158572,Bakery & Deli,154,pcs,151.12,199.62,2026-08-28,Aisle 04,chilled
Extra-Virgin Sea Salt Kitchen Paper Towels 4-Roll 5kg,Tata Naturals,HOUS-001702,890100158573,Household & Personal Care,97,packet,68.73,86.40,2028-09-19,Aisle 12,ambient
Whole-Grain Dark Chocolate Iced Lemon Tea 400g,Himalayan Milling,BEVE-001703,890100158574,Beverages,49,bottle,109.58,155.36,2027-05-22,Aisle 06,chilled
Premium Cinnamon Spice Himalayan Spring Water 330ml,Catch Naturals,BEVE-001704,890100158575,Beverages,177,pack,171.35,309.08,2027-06-29,Aisle 05,chilled
Plant-Based Jalapeno Lime Gourmet Cookies Choco-Chip 5kg,Satvik Botanicals,SNAC-001705,890100158576,Snacks & Confectionery,151,pack,137.19,179.60,2027-03-31,Aisle 10,ambient
Royal Sea Salt Toned Milk 330ml,Ganga Naturals,DAIR-001706,890100158577,Dairy & Eggs,38,packet,477.99,671.34,2026-08-24,Aisle 02,chilled
Royal Bath Tissue 6-Pack 2kg,Desi Organics Organics,HOUS-001707,890100158578,Household & Personal Care,10,box,316.72,440.23,2028-02-12,Aisle 12,ambient
Organic Red Chilli & Garlic Chicken Keema 750g,Deccan Organics,MEAT-001708,890100158579,Meat & Seafood,204,pack,204.55,291.13,2026-08-30,Aisle 05,chilled
Free-Range Fresh Methi 500ml,Green Earth Foods,FRES-001709,890100158580,Fresh Produce,163,pack,158.20,230.01,2026-09-02,Aisle 02,chilled
Valley Fresh Mozzarella Shredded 400g,Pashmina Co.,DAIR-001710,890100158581,Dairy & Eggs,230,box,317.34,512.59,2026-09-22,Aisle 02,chilled
Handcrafted Biodegradable Garbage Bags 400g,Heritage Farms,HOUS-001711,890100158582,Household & Personal Care,17,bottle,70.27,116.92,2026-08-27,Aisle 11,ambient
Cured Garlic & Herb Herbal Hand Wash Neem 10kg,Royal Indian Naturals,HOUS-001712,890100158583,Household & Personal Care,122,bottle,90.36,146.62,2026-08-29,Aisle 11,ambient
Free-Range Truffle Infused Gulab Jamun Tin 12-Pack,Dabur Farms,SNAC-001713,890100158584,Snacks & Confectionery,172,packet,123.34,171.78,2027-05-10,Aisle 10,ambient
Extra-Virgin Cold Brew Coffee 350g,Himalayan Farms,BEVE-001714,890100158585,Beverages,37,carton,379.23,562.27,2027-01-21,Aisle 06,ambient
Heritage Aloo Tikki 8-Pack 350g,SunBrite Agro,FROZ-001715,890100158586,Frozen Foods,207,packet,282.87,391.31,2026-11-18,Aisle 08,frozen
Unpolished Poha Thick Flakes 330ml,Patanjali Kitchens,PANT-001716,890100158587,Pantry & Dry Goods,27,bottle,414.33,659.80,2027-10-19,Aisle 06,ambient
Crisp Edamame Pods 10-Pack,Fortune Farms,FROZ-001717,890100158588,Frozen Foods,183,packet,127.52,227.13,2026-08-18,Aisle 08,frozen
Unpolished Truffle Infused Catla Fish Steaks 300g,FarmGold Foods,MEAT-001718,890100158589,Meat & Seafood,214,pcs,778.42,995.85,2026-09-03,Aisle 04,chilled
Smoked Gourmet Cookies Choco-Chip 750g,Organic Tattva Harvest,SNAC-001719,890100158590,Snacks & Confectionery,146,bag,462.07,707.30,2026-08-28,Aisle 09,ambient
Zero-Sugar Dark Chocolate Boneless Chicken Breast 2-Pack,Heritage Botanicals,MEAT-001720,890100158591,Meat & Seafood,91,pcs,534.58,928.96,2026-08-31,Aisle 05,chilled
Organic Chicken Frankfurters 250g,Tata Springs,BAKE-001721,890100158592,Bakery & Deli,109,box,107.66,152.36,2026-08-30,Aisle 04,chilled
Golden Floor Disinfectant Pine 150g,Urban Roots Goods,HOUS-001722,890100158593,Household & Personal Care,55,packet,294.36,497.15,2027-11-13,Aisle 12,ambient
Unpolished Red Chilli & Garlic Aloo Tikki 8-Pack 100g,Royal Indian Organics,FROZ-001723,890100158594,Frozen Foods,68,box,177.63,307.04,2026-12-15,Aisle 08,frozen
Desi Curd Tub (Dahi) 750ml,SunBrite Dairy,DAIR-001724,890100158595,Dairy & Eggs,117,bottle,332.09,416.30,2026-09-06,Aisle 03,chilled
Smoked Pure Jaggery Powder (Gud) 100g,FarmGold Harvest,PANT-001725,890100158596,Pantry & Dry Goods,247,jar,468.29,672.58,2027-12-12,Aisle 08,ambient
Select Kesar Pista Organic Brown Sugar 1L,Saffola Dairy,PANT-001726,890100158597,Pantry & Dry Goods,128,box,515.53,878.88,2027-04-16,Aisle 08,ambient
Plant-Based Whole Wheat Atta Bread 500ml,Satvik Farms,BAKE-001727,890100158598,Bakery & Deli,187,pack,205.41,363.98,2026-08-29,Aisle 03,ambient
Handcrafted Caramelized Onion Stainless Steel Scrubber 3pk 500ml,Pashmina Milling,HOUS-001728,890100158599,Household & Personal Care,24,packet,140.24,218.68,2027-07-14,Aisle 11,ambient
Organic Kesar Pista Gourmet Cookies Choco-Chip 2L,Everest Plantations,SNAC-001729,890100158600,Snacks & Confectionery,13,bag,468.04,729.94,2026-11-07,Aisle 10,ambient
Golden Cardamom Spiced Pomfret Whole 400g,Mother Dairy Agro,MEAT-001730,890100158601,Meat & Seafood,113,pcs,545.46,860.38,2026-08-30,Aisle 05,chilled
Roasted Lemon Pepper Mutton Chops 5L,FarmGold Naturals,MEAT-001731,890100158602,Meat & Seafood,121,kg,579.51,937.87,2026-08-30,Aisle 05,chilled
Heritage Biodegradable Garbage Bags 4-Pack,Patanjali Co.,HOUS-001732,890100158603,Household & Personal Care,238,tube,290.71,382.61,2027-12-05,Aisle 12,ambient
Valley Fresh Smoked Paprika Soy Milk Protein 200g,Catch Mills,DAIR-001733,890100158604,Dairy & Eggs,175,pack,316.30,526.52,2026-08-30,Aisle 02,chilled
Roasted Vanilla Bean Whole Wheat Atta Bread 750ml,Urban Roots Farms,BAKE-001734,890100158605,Bakery & Deli,200,box,58.11,96.74,2026-08-31,Aisle 03,ambient
Cured Vanilla Bean Ricotta Fresh 1kg,Saffola Botanicals,DAIR-001735,890100158606,Dairy & Eggs,92,pack,429.17,640.81,2026-08-24,Aisle 03,chilled
Aged Red Chilli & Garlic Organic Rolled Oats 400g,Pure Vedic Agro,PANT-001736,890100158607,Pantry & Dry Goods,245,bottle,97.90,172.72,2027-08-26,Aisle 06,ambient
Stone-Ground Bananas 500ml,Heritage Farms,FRES-001737,890100158608,Fresh Produce,46,pcs,143.24,234.63,2026-08-29,Aisle 02,ambient
Smoked Alphonso Mango Fresh Mint (Pudina) Family Pack,Urban Roots Botanicals,FRES-001738,890100158609,Fresh Produce,84,bag,101.66,173.16,2026-09-09,Aisle 02,chilled
Golden Cold Brew Coffee 200g,Ganga Co.,BEVE-001739,890100158610,Beverages,238,pack,345.57,598.69,2027-06-02,Aisle 05,chilled
Aged Kesar Pista Kabuli Chana Large 750g,Vedic Fresh Foods,PANT-001740,890100158611,Pantry & Dry Goods,139,packet,407.25,657.25,2026-11-27,Aisle 06,ambient
Farm-Fresh Tulsi Honey Hash Browns 6pk 150g,Tata Springs,FROZ-001741,890100158612,Frozen Foods,167,bag,381.94,491.44,2027-01-21,Aisle 08,frozen
Signature Royal Basmati Rice Value Pack,Kaveri Foods,PANT-001742,890100158613,Pantry & Dry Goods,172,can,745.10,1110.14,2027-07-05,Aisle 07,ambient
Sweet Dry Fruits Trail Mix 400g,Nature Harvest Foods,SNAC-001743,890100158614,Snacks & Confectionery,208,bag,323.29,496.50,2026-12-14,Aisle 10,ambient
Crisp Alphonso Mango Guava Chilli Juice 6-Pack,Desi Organics Mills,BEVE-001744,890100158615,Beverages,41,carton,248.43,320.56,2026-08-22,Aisle 06,ambient
Select Makhana Crunch Fabric Softener Floral 24-Pack,Pashmina Agro,HOUS-001745,890100158616,Household & Personal Care,156,pack,225.83,290.26,2028-12-06,Aisle 11,ambient
Heritage Fabric Softener Floral 6-Pack,Heritage Milling,HOUS-001746,890100158617,Household & Personal Care,208,box,399.20,620.30,2028-06-29,Aisle 11,ambient
Crisp Rose Infused Organic Brown Sugar 150g,Catch Dairy,PANT-001747,890100158618,Pantry & Dry Goods,22,box,346.64,613.11,2027-10-23,Aisle 07,ambient
Sweet Makhana Crunch Butter Croissants 750g,Fortune Provisions,BAKE-001748,890100158619,Bakery & Deli,40,pack,293.53,372.21,2026-09-03,Aisle 04,chilled
Rustic Red Chilli & Garlic Bath Tissue 6-Pack 50g,Pashmina Agro,HOUS-001749,890100158620,Household & Personal Care,147,pack,380.71,679.22,2028-07-15,Aisle 12,ambient
Gluten-Free Aloo Tikki 8-Pack 8-Pack,Saffola Dairy,FROZ-001750,890100158621,Frozen Foods,126,bag,231.36,386.97,2026-11-23,Aisle 08,frozen
Sun-Dried 70% Dark Chocolate Bar Value Pack,Heritage Kitchens,SNAC-001751,890100158622,Snacks & Confectionery,153,bag,477.17,777.35,2026-12-10,Aisle 09,ambient
Gluten-Free Surface Floor Cleaner Rose 350g,Saffola Mills,HOUS-001752,890100158623,Household & Personal Care,119,tube,167.14,218.50,2027-04-08,Aisle 12,ambient
Desi Kachi Ghani Mustard Sweet Potatoes 1.5L,FarmGold Organics,FRES-001753,890100158624,Fresh Produce,70,bag,99.76,168.42,2026-09-11,Aisle 02,chilled
Smoked Caramelized Onion Chicken Salami 10kg,Himalayan Plantations,BAKE-001754,890100158625,Bakery & Deli,131,box,259.56,472.37,2026-09-04,Aisle 04,chilled
Rustic Red Chilli & Garlic 70% Dark Chocolate Bar 24-Pack,Nilgiri Milling,SNAC-001755,890100158626,Snacks & Confectionery,106,bar,406.93,543.54,2027-02-01,Aisle 09,ambient
Handcrafted Pomegranates Value Pack,Patanjali Harvest,FRES-001756,890100158627,Fresh Produce,122,bunch,70.26,121.28,2026-09-12,Aisle 01,chilled
Royal French Fries Crispy 400g,Mother Dairy Dairy,FROZ-001757,890100158628,Frozen Foods,220,packet,263.52,411.69,2027-05-08,Aisle 08,frozen
Grass-Fed Alphonso Mango Fruit Muffins 300g,Patanjali Co.,BAKE-001758,890100158629,Bakery & Deli,199,pcs,170.69,288.92,2026-08-29,Aisle 04,ambient
Organic Sweet Tamarind Cow Milk 500g,Pashmina Botanicals,DAIR-001759,890100158630,Dairy & Eggs,111,box,465.69,591.83,2026-09-08,Aisle 02,chilled
Desi Nagpur Orange Chicken Salami 500g,Vedic Fresh Organics,BAKE-001760,890100158631,Bakery & Deli,167,box,152.46,222.47,2026-09-08,Aisle 04,chilled
Artisan Chatpata Masala Yukon Gold Potatoes 1L,Tata Agro,FRES-001761,890100158632,Fresh Produce,195,pcs,134.35,186.45,2026-09-07,Aisle 01,ambient
Wildcrafted Tulsi Honey Papayas 5L,Bhoomi Mills,FRES-001762,890100158633,Fresh Produce,96,bag,67.25,90.74,2026-09-17,Aisle 01,ambient
Country Style Butter Croissants 50g,Bhoomi Provisions,BAKE-001763,890100158634,Bakery & Deli,211,pcs,74.19,92.88,2026-09-10,Aisle 03,ambient
Premium Jalapeno Lime Kaju Katli Sweet Box 4-Pack,Deccan Plantations,SNAC-001764,890100158635,Snacks & Confectionery,124,box,393.98,511.41,2027-04-18,Aisle 09,ambient
Roasted Golden Ginger Veg Spring Rolls 350g,FarmGold Mills,FROZ-001765,890100158636,Frozen Foods,242,bag,299.19,458.25,2027-04-01,Aisle 09,frozen
Natural Tiger Prawns Jumbo 150ml,Royal Indian Foods,MEAT-001766,890100158637,Meat & Seafood,159,kg,409.98,619.53,2026-09-01,Aisle 05,chilled
Traditional Mutton Curry Cut 400g,Tata Springs,MEAT-001767,890100158638,Meat & Seafood,211,kg,573.78,1044.16,2026-09-01,Aisle 05,chilled
Authentic Heavy Cream 150g,Kaveri Provisions,DAIR-001768,890100158639,Dairy & Eggs,167,pack,517.09,719.44,2026-09-14,Aisle 03,chilled
Select Masala Chai Surface Floor Cleaner Rose 750g,Heritage Co.,HOUS-001769,890100158640,Household & Personal Care,79,bottle,425.00,732.48,2028-11-12,Aisle 12,ambient
Grass-Fed Red Chilli & Garlic Bitter Gourd (Karela) Value Pack,Ganga Botanicals,FRES-001770,890100158641,Fresh Produce,114,pack,58.41,100.26,2026-09-01,Aisle 01,chilled
Gourmet Chaash / Buttermilk Snack Pack,Kaveri Botanicals,DAIR-001771,890100158642,Dairy & Eggs,75,carton,81.44,133.66,2026-09-09,Aisle 02,chilled
Pure Coconut Cream Espresso Roast Ground Coffee 6-Pack,Patanjali Organics,BEVE-001772,890100158643,Beverages,123,carton,56.91,84.70,2027-06-14,Aisle 05,chilled
Roasted Rose Infused Veg Spring Rolls 350g,Nilgiri Foods,FROZ-001773,890100158644,Frozen Foods,104,pack,105.22,155.38,2027-03-19,Aisle 08,frozen
Crisp Jalapeno Lime Fresh Rohu Fish 24-Pack,Fortune Goods,MEAT-001774,890100158645,Meat & Seafood,50,pack,477.86,711.50,2026-08-29,Aisle 05,chilled
Crisp Garlic & Herb Pomfret Whole 750ml,Kaveri Farms,MEAT-001775,890100158646,Meat & Seafood,23,pcs,480.30,838.09,2026-09-01,Aisle 04,chilled
Authentic Masala Chai Liquid Laundry Detergent 330ml,Green Earth Provisions,HOUS-001776,890100158647,Household & Personal Care,87,pack,340.48,433.09,2026-08-30,Aisle 11,ambient
Valley Fresh Aloo Tikki 8-Pack 10-Pack,Urban Roots Kitchens,FROZ-001777,890100158648,Frozen Foods,51,tub,409.50,678.41,2026-12-24,Aisle 08,frozen
Authentic Diet Mixture Namkeen 24-Pack,Kaveri Kitchens,SNAC-001778,890100158649,Snacks & Confectionery,224,packet,340.86,585.29,2027-05-11,Aisle 10,ambient
Smoked Fabric Softener Floral 50g,Himalayan Harvest,HOUS-001779,890100158650,Household & Personal Care,216,box,255.59,369.68,2026-08-29,Aisle 12,ambient
Aged Broccoli Crowns Family Pack,Pashmina Springs,FRES-001780,890100158651,Fresh Produce,43,pcs,61.02,95.61,2026-09-04,Aisle 01,ambient
Smoked Kachi Ghani Mustard Desi Cow Ghee 2-Pack,Fortune Dairy,DAIR-001781,890100158652,Dairy & Eggs,198,bottle,501.07,705.43,2026-09-07,Aisle 02,chilled
Wildcrafted Masala Chai Gourmet Cookies Choco-Chip 6-Pack,Everest Springs,SNAC-001782,890100158653,Snacks & Confectionery,86,bar,372.58,516.27,2026-08-27,Aisle 09,ambient
Signature Cold Pressed Orange Juice 1.5L,Vedic Fresh Kitchens,BEVE-001783,890100158654,Beverages,56,carton,159.83,228.43,2027-05-19,Aisle 06,ambient
Sun-Dried Coconut Cream Chicken Drumsticks 300g,Green Earth Goods,MEAT-001784,890100158655,Meat & Seafood,126,pack,309.83,450.68,2026-08-29,Aisle 05,chilled
Sun-Dried Caramelized Onion Aloo Tikki 8-Pack 200g,Dabur Milling,FROZ-001785,890100158656,Frozen Foods,118,box,191.41,330.48,2026-11-04,Aisle 08,frozen
Sun-Dried Liquid Laundry Detergent 5L,Patanjali Kitchens,HOUS-001786,890100158657,Household & Personal Care,34,bottle,261.94,349.31,2027-11-28,Aisle 12,ambient
Wildcrafted Clove & Mint Toothpaste 2L,Organic Tattva Agro,HOUS-001787,890100158658,Household & Personal Care,181,packet,138.17,183.60,2028-04-03,Aisle 12,ambient
Sun-Dried Coconut Cream Kokum Sharbat Family Pack,Desi Organics Plantations,BEVE-001788,890100158659,Beverages,94,pack,188.04,265.49,2027-04-18,Aisle 06,chilled
Sweet Mint Lime California Almonds 10-Pack,Saffola Naturals,SNAC-001789,890100158660,Snacks & Confectionery,30,bag,282.94,416.55,2027-03-25,Aisle 09,ambient
Gluten-Free Kachi Ghani Mustard Jeera Masala Soda 2kg,Dabur Plantations,BEVE-001790,890100158661,Beverages,238,box,20.42,36.32,2026-12-07,Aisle 06,chilled
Rustic Dark Chocolate Gulab Jamun Tin 4-Pack,Royal Indian Springs,SNAC-001791,890100158662,Snacks & Confectionery,103,box,518.48,800.11,2027-06-18,Aisle 09,ambient
Royal Mutton Curry Cut 350g,Fortune Springs,MEAT-001792,890100158663,Meat & Seafood,85,pack,668.32,928.58,2026-09-03,Aisle 05,chilled
Low-Sodium Coconut Cream Mozzarella Shredded 150ml,Organic Tattva Harvest,DAIR-001793,890100158664,Dairy & Eggs,119,carton,428.50,725.18,2026-09-20,Aisle 03,chilled
Heritage Parmigiano-Reggiano 500g,Ganga Goods,DAIR-001794,890100158665,Dairy & Eggs,150,pack,262.66,444.18,2026-09-05,Aisle 03,chilled
Sweet Golden Ginger Poha Thick Flakes Family Pack,Nilgiri Organics,PANT-001795,890100158666,Pantry & Dry Goods,173,box,115.75,195.79,2027-10-16,Aisle 07,ambient
Handcrafted Lavash Crackers 12-Pack,Nilgiri Botanicals,BAKE-001796,890100158667,Bakery & Deli,163,pcs,74.83,100.21,2026-09-06,Aisle 04,ambient
Sun-Dried Chatpata Masala Bamboo Toothbrush 2pk 6-Pack,Nilgiri Provisions,HOUS-001797,890100158668,Household & Personal Care,58,packet,270.26,454.06,2026-08-20,Aisle 11,ambient
Unpolished Vanilla Bean Mutton Chops 12-Pack,Kaveri Naturals,MEAT-001798,890100158669,Meat & Seafood,4,pack,455.00,704.41,2026-09-03,Aisle 05,chilled
Cold-Pressed Mosquito Vaporizer Refill 250g,Green Earth Agro,HOUS-001799,890100158670,Household & Personal Care,245,box,302.21,501.09,2029-02-28,Aisle 11,ambient
Extra-Virgin Cauliflower 5L,Desi Organics Agro,FRES-001800,890100158671,Fresh Produce,62,kg,85.69,146.74,2026-08-30,Aisle 02,ambient
Stone-Ground Gulab Jamun Tin 2-Pack,SunBrite Kitchens,SNAC-001801,890100158672,Snacks & Confectionery,208,bag,344.06,486.23,2026-12-12,Aisle 09,ambient
Free-Range Greek Yogurt 1L,Organic Tattva Dairy,DAIR-001802,890100158673,Dairy & Eggs,219,carton,448.12,730.26,2026-09-07,Aisle 03,chilled
Crisp Gouda Block Snack Pack,SunBrite Milling,DAIR-001803,890100158674,Dairy & Eggs,176,pack,109.43,163.35,2026-09-18,Aisle 02,chilled
Organic Cinnamon Spice Boneless Chicken Breast 1L,Royal Indian Mills,MEAT-001804,890100158675,Meat & Seafood,180,kg,282.38,402.96,2026-08-31,Aisle 04,chilled
Traditional Toasted Sesame Espresso Roast Ground Coffee 250ml,Organic Tattva Agro,BEVE-001805,890100158676,Beverages,116,carton,392.56,621.56,2027-04-20,Aisle 05,ambient
Artisan Banana Chips Kerala Style 10kg,Deccan Farms,SNAC-001806,890100158677,Snacks & Confectionery,248,bag,233.57,361.15,2026-10-13,Aisle 10,ambient
Grass-Fed Kulcha 4-Pack 300g,Catch Milling,BAKE-001807,890100158678,Bakery & Deli,243,pack,144.59,250.86,2026-08-31,Aisle 04,ambient
Stone-Ground Kashmiri Saffron Mutton Chops 6-Pack,Urban Roots Dairy,MEAT-001808,890100158679,Meat & Seafood,76,kg,198.27,338.25,2026-08-31,Aisle 05,chilled
Gluten-Free Smoked Paprika Paneer Tikka Deli Value Pack,Satvik Farms,BAKE-001809,890100158680,Bakery & Deli,104,box,83.57,140.99,2026-09-09,Aisle 04,chilled
Spiced Ajwain & Jeera Tiger Prawns Jumbo 2-Pack,Satvik Milling,MEAT-001810,890100158681,Meat & Seafood,90,pcs,187.13,299.57,2026-09-03,Aisle 04,chilled
Traditional Kashmiri Saffron Surface Floor Cleaner Rose 250ml,Everest Agro,HOUS-001811,890100158682,Household & Personal Care,143,pack,409.09,622.89,2027-11-26,Aisle 12,ambient
Aged Veg Spring Rolls 500ml,Royal Indian Farms,FROZ-001812,890100158683,Frozen Foods,210,packet,84.04,153.91,2027-07-03,Aisle 09,frozen
Stone-Ground Kulcha 4-Pack 150ml,Satvik Botanicals,BAKE-001813,890100158684,Bakery & Deli,202,box,84.36,151.89,2026-09-08,Aisle 04,ambient
Whole-Grain Crab Meat Fresh 150ml,Vedic Fresh Plantations,MEAT-001814,890100158685,Meat & Seafood,50,pcs,671.13,926.92,2026-09-03,Aisle 04,chilled
Heritage Guava Chilli Juice 1kg,Ganga Springs,BEVE-001815,890100158686,Beverages,51,pack,263.77,407.04,2027-04-14,Aisle 05,chilled
Valley Fresh Apples 500g,FarmGold Plantations,FRES-001816,890100158687,Fresh Produce,69,pcs,147.39,264.08,2026-08-31,Aisle 02,chilled
Zero-Sugar Cow Milk 12-Pack,Catch Farms,DAIR-001817,890100158688,Dairy & Eggs,141,box,506.36,850.69,2026-09-06,Aisle 03,chilled
Premium Squid Rings Cleaned 250ml,Pure Vedic Botanicals,MEAT-001818,890100158689,Meat & Seafood,31,kg,185.49,240.42,2026-09-03,Aisle 04,chilled
Traditional Ajwain & Jeera Rusk Toast 5L,Satvik Agro,BAKE-001819,890100158690,Bakery & Deli,218,pack,78.36,118.48,2026-09-05,Aisle 04,ambient
Authentic Nagpur Orange Clove & Mint Toothpaste 150g,Tata Harvest,HOUS-001820,890100158691,Household & Personal Care,129,pack,343.05,498.56,2027-09-29,Aisle 12,ambient
Golden Kulcha 4-Pack 200ml,Mother Dairy Mills,BAKE-001821,890100158692,Bakery & Deli,121,pack,227.94,357.79,2026-09-09,Aisle 03,chilled
Whole-Grain Buffalo Milk 6-Pack,Urban Roots Harvest,DAIR-001822,890100158693,Dairy & Eggs,243,packet,409.19,626.35,2026-09-12,Aisle 03,chilled
Desi Organic Brown Sugar Value Pack,FarmGold Organics,PANT-001823,890100158694,Pantry & Dry Goods,161,bottle,502.36,788.74,2028-07-04,Aisle 07,ambient
Raw Dark Chocolate Guava Chilli Juice 300g,Fortune Organics,BEVE-001824,890100158695,Beverages,200,carton,429.09,693.95,2027-03-13,Aisle 06,ambient
Pure Dark Chocolate Organic Brown Sugar 250ml,Tata Agro,PANT-001825,890100158696,Pantry & Dry Goods,41,packet,682.85,1204.60,2026-11-28,Aisle 06,ambient
Sun-Dried Organic Rolled Oats 250ml,Patanjali Naturals,PANT-001826,890100158697,Pantry & Dry Goods,33,bag,597.06,920.43,2028-06-23,Aisle 08,ambient
Low-Sodium Mint Lime Gulab Jamun Tin 750ml,Mother Dairy Kitchens,SNAC-001827,890100158698,Snacks & Confectionery,135,box,34.82,54.09,2026-12-26,Aisle 09,ambient
Pure Kulcha 4-Pack 500ml,Urban Roots Farms,BAKE-001828,890100158699,Bakery & Deli,95,box,305.53,406.80,2026-09-08,Aisle 04,chilled
Select Kashmiri Saffron Almond Milk 350g,Fortune Mills,DAIR-001829,890100158700,Dairy & Eggs,158,bottle,179.21,301.66,2026-09-16,Aisle 02,chilled
Extra-Virgin Golden Ginger Gourmet Cookies Choco-Chip 10kg,SunBrite Organics,SNAC-001830,890100158701,Snacks & Confectionery,25,bag,350.98,470.65,2026-11-18,Aisle 09,ambient
Cold-Pressed Matcha Green Tea Crab Meat Fresh 12-Pack,Himalayan Kitchens,MEAT-001831,890100158702,Meat & Seafood,21,pack,555.18,856.06,2026-09-02,Aisle 04,chilled
Farm-Fresh Boneless Chicken Breast 750g,Organic Tattva Springs,MEAT-001832,890100158703,Meat & Seafood,177,pcs,788.96,1286.28,2026-08-29,Aisle 05,chilled
Golden Nagpur Orange Bhujia Sev 2kg,Catch Springs,SNAC-001833,890100158704,Snacks & Confectionery,145,bag,536.53,970.54,2027-05-31,Aisle 09,ambient
Wildcrafted Cinnamon Spice Bamboo Toothbrush 2pk 500g,Bhoomi Goods,HOUS-001834,890100158705,Household & Personal Care,5,bottle,458.71,736.36,2027-07-22,Aisle 11,ambient
Unpolished Caramelized Onion Clove & Mint Toothpaste 12-Pack,Kaveri Foods,HOUS-001835,890100158706,Household & Personal Care,68,tube,138.73,214.18,2028-04-14,Aisle 11,ambient
Valley Fresh Kitchen Paper Towels 4-Roll 300g,Heritage Provisions,HOUS-001836,890100158707,Household & Personal Care,36,bottle,543.63,714.85,2027-07-29,Aisle 11,ambient
Roasted Mint Lime Kabuli Chana Large Family Pack,SunBrite Kitchens,PANT-001837,890100158708,Pantry & Dry Goods,33,can,456.86,779.27,2027-07-09,Aisle 08,ambient
Heritage Guavas 150ml,Pure Vedic Milling,FRES-001838,890100158709,Fresh Produce,87,kg,150.03,190.77,2026-09-01,Aisle 01,ambient
Rustic Kitchen Paper Towels 4-Roll 10kg,Vedic Fresh Harvest,HOUS-001839,890100158710,Household & Personal Care,108,pack,545.05,1000.99,2026-08-29,Aisle 12,ambient
Organic Mixed Berries Frozen 1L,Pure Vedic Harvest,FROZ-001840,890100158711,Frozen Foods,25,bag,165.32,216.40,2027-01-18,Aisle 08,frozen
Desi Masala Potato Chips 24-Pack,Amul Plantations,SNAC-001841,890100158712,Snacks & Confectionery,96,bar,220.53,316.59,2026-08-25,Aisle 10,ambient
Cold-Pressed Tandoori Smoked Greek Yogurt Value Pack,FarmGold Agro,DAIR-001842,890100158713,Dairy & Eggs,149,carton,481.93,709.19,2026-08-17,Aisle 02,chilled
Artisan Moong Dal Washed 1kg,Royal Indian Mills,PANT-001843,890100158714,Pantry & Dry Goods,203,packet,494.67,834.58,2028-05-14,Aisle 07,ambient
Valley Fresh Matcha Green Tea Iced Lemon Tea 250g,Heritage Springs,BEVE-001844,890100158715,Beverages,239,bottle,144.12,259.12,2026-09-10,Aisle 05,chilled
Cold-Pressed Golden Ginger Tiger Prawns Jumbo 1.5L,Dabur Agro,MEAT-001845,890100158716,Meat & Seafood,235,pack,875.44,1601.16,2026-09-01,Aisle 05,chilled
Country Style Lemon Pepper Brownie Bites 200g,Saffola Co.,BAKE-001846,890100158717,Bakery & Deli,151,pack,219.82,327.23,2026-08-31,Aisle 03,chilled
Wildcrafted Sona Masoori Rice 330ml,Bhoomi Harvest,PANT-001847,890100158718,Pantry & Dry Goods,127,can,390.45,562.10,2027-02-09,Aisle 07,ambient
Authentic Mishri Mawa 750g,Desi Organics Botanicals,DAIR-001848,890100158719,Dairy & Eggs,71,pack,215.44,377.65,2026-08-29,Aisle 03,chilled
Wildcrafted Kesar Pista Ginger Kombucha 1L,Tata Springs,BEVE-001849,890100158720,Beverages,63,bottle,237.05,335.99,2026-10-03,Aisle 05,ambient
Organic Sea Salt Gulab Jamun Tin 2L,FarmGold Dairy,SNAC-001850,890100158721,Snacks & Confectionery,136,pack,170.22,240.09,2026-11-28,Aisle 09,ambient
Plant-Based Floor Disinfectant Pine 1L,Nilgiri Botanicals,HOUS-001851,890100158722,Household & Personal Care,204,packet,319.60,489.35,2027-12-04,Aisle 12,ambient
Signature Dishwash Gel Lemon Snack Pack,FarmGold Dairy,HOUS-001852,890100158723,Household & Personal Care,25,tube,134.76,184.50,2026-08-30,Aisle 11,ambient
Country Style Vanilla Bean Chamomile Herbal Tea 2-Pack,Everest Plantations,BEVE-001853,890100158724,Beverages,227,can,140.73,176.38,2027-01-23,Aisle 06,chilled
Heritage Boneless Chicken Breast 250g,FarmGold Farms,MEAT-001854,890100158725,Meat & Seafood,224,kg,847.55,1298.85,2026-08-30,Aisle 05,chilled
Plant-Based Malai Kulfi Bar 350g,SunBrite Milling,FROZ-001855,890100158726,Frozen Foods,98,pack,149.12,194.50,2026-08-30,Aisle 09,frozen
Crisp Sweet Tamarind Chicken Keema 12-Pack,Green Earth Plantations,MEAT-001856,890100158727,Meat & Seafood,26,pack,517.50,943.88,2026-08-30,Aisle 05,chilled
Country Style Lemon Pepper Frozen Veg Momos 150g,Catch Farms,FROZ-001857,890100158728,Frozen Foods,144,tub,65.45,105.82,2027-04-15,Aisle 09,frozen
Golden Ajwain & Jeera Mosquito Vaporizer Refill 1.5L,Bhoomi Dairy,HOUS-001858,890100158729,Household & Personal Care,193,box,116.80,147.49,2028-06-01,Aisle 11,ambient
Organic Caramelized Onion Gourmet Cookies Choco-Chip 100g,Dabur Goods,SNAC-001859,890100158730,Snacks & Confectionery,166,pack,61.32,109.06,2027-04-08,Aisle 09,ambient
Grass-Fed Seedless Grapes Snack Pack,Satvik Organics,FRES-001860,890100158731,Fresh Produce,6,bunch,159.59,202.63,2026-09-17,Aisle 02,chilled
Crisp Fish Fingers Frozen 330ml,Royal Indian Foods,FROZ-001861,890100158732,Frozen Foods,224,pack,151.67,223.82,2026-12-28,Aisle 09,frozen
Natural Alphonso Mangoes 2kg,Mother Dairy Plantations,FRES-001862,890100158733,Fresh Produce,112,pack,120.97,215.26,2026-09-04,Aisle 02,chilled
Cured Rose Infused Mosquito Vaporizer Refill Value Pack,Pure Vedic Milling,HOUS-001863,890100158734,Household & Personal Care,33,box,139.41,249.56,2027-12-24,Aisle 12,ambient
Natural Coconut Cream Garlic Naan Frozen 4pk 300g,Vedic Fresh Agro,FROZ-001864,890100158735,Frozen Foods,11,box,299.41,418.06,2027-06-11,Aisle 09,frozen
Gourmet Fruit Cake Slice 10kg,Desi Organics Foods,BAKE-001865,890100158736,Bakery & Deli,36,pack,142.76,195.29,2026-08-30,Aisle 04,chilled
Crisp Smoked Paprika Kulcha 4-Pack 300g,Desi Organics Harvest,BAKE-001866,890100158737,Bakery & Deli,22,pcs,163.91,243.63,2026-09-02,Aisle 03,chilled
Spiced Smoked Paprika Malai Kulfi Bar 10-Pack,Royal Indian Foods,FROZ-001867,890100158738,Frozen Foods,31,box,85.44,108.62,2027-06-05,Aisle 08,frozen
Authentic Chicken Sausages 150ml,Patanjali Organics,MEAT-001868,890100158739,Meat & Seafood,163,pack,583.56,1039.76,2026-08-20,Aisle 04,chilled
Valley Fresh Crab Meat Fresh 330ml,Patanjali Dairy,MEAT-001869,890100158740,Meat & Seafood,123,pack,660.46,949.92,2026-09-03,Aisle 05,chilled
Signature Cardamom Spiced Fresh Chicken Curry Cut 1L,Nature Harvest Organics,MEAT-001870,890100158741,Meat & Seafood,142,kg,530.39,752.94,2026-08-30,Aisle 04,chilled
Traditional Ajwain & Jeera Dishwash Gel Lemon 300g,Ganga Co.,HOUS-001871,890100158742,Household & Personal Care,219,tube,38.10,63.01,2028-01-11,Aisle 11,ambient
Cured Truffle Infused Pure Jaggery Powder (Gud) 1.5L,Ganga Springs,PANT-001872,890100158743,Pantry & Dry Goods,80,bottle,282.66,377.57,2027-01-25,Aisle 07,ambient
Cured Cardamom Spiced Atlantic Salmon Fillet 5kg,SunBrite Goods,MEAT-001873,890100158744,Meat & Seafood,182,pcs,504.34,706.49,2026-08-29,Aisle 05,chilled
Homestyle Kokum Sharbat Value Pack,Fortune Farms,BEVE-001874,890100158745,Beverages,50,bottle,398.29,694.78,2026-11-18,Aisle 05,chilled
Spiced Iced Lemon Tea 5kg,SunBrite Springs,BEVE-001875,890100158746,Beverages,7,pack,432.87,582.66,2026-11-22,Aisle 05,ambient
Homestyle Aloo Tikki 8-Pack 2-Pack,Pure Vedic Naturals,FROZ-001876,890100158747,Frozen Foods,193,packet,301.87,468.47,2027-06-29,Aisle 08,frozen
Roasted Cauliflower 330ml,Mother Dairy Botanicals,FRES-001877,890100158748,Fresh Produce,166,kg,98.10,171.09,2026-09-17,Aisle 02,chilled
Organic Vanilla Bean Dishwash Gel Lemon 12-Pack,Royal Indian Organics,HOUS-001878,890100158749,Household & Personal Care,212,tube,165.15,247.92,2026-08-15,Aisle 11,ambient
Natural Nagpur Orange Fresh Methi Family Pack,Nature Harvest Mills,FRES-001879,890100158750,Fresh Produce,126,bunch,136.16,221.51,2026-09-10,Aisle 02,ambient
Valley Fresh Red Chilli & Garlic Organic Brown Sugar 10kg,Green Earth Goods,PANT-001880,890100158751,Pantry & Dry Goods,189,packet,252.08,450.98,2027-04-27,Aisle 07,ambient
Royal Alphonso Mango Pineapples 1L,Amul Naturals,FRES-001881,890100158752,Fresh Produce,186,bag,148.87,236.89,2026-09-14,Aisle 01,ambient
Rustic Golden Ginger Spicy Peanut Chikki 2kg,Kaveri Springs,SNAC-001882,890100158753,Snacks & Confectionery,218,box,271.47,430.06,2027-06-02,Aisle 09,ambient
Cold-Pressed Seedless Grapes 250ml,Bhoomi Foods,FRES-001883,890100158754,Fresh Produce,199,bag,139.32,236.96,2026-09-14,Aisle 01,ambient
Whole-Grain Moong Dal Namkeen 300g,Desi Organics Farms,SNAC-001884,890100158755,Snacks & Confectionery,36,packet,260.20,416.47,2027-03-24,Aisle 09,ambient
Crisp Pomfret Whole 10-Pack,Patanjali Plantations,MEAT-001885,890100158756,Meat & Seafood,85,pcs,339.83,438.61,2026-08-31,Aisle 04,chilled
Aged Edamame Pods 1.5L,Pashmina Mills,FROZ-001886,890100158757,Frozen Foods,154,box,384.09,644.90,2027-08-17,Aisle 08,frozen
Valley Fresh Garlic & Herb Bamboo Toothbrush 2pk 200ml,Nilgiri Springs,HOUS-001887,890100158758,Household & Personal Care,85,box,277.00,509.44,2028-04-08,Aisle 12,ambient
Roasted Masala Chai Floor Disinfectant Pine 50g,Fortune Farms,HOUS-001888,890100158759,Household & Personal Care,63,packet,45.80,58.54,2027-07-28,Aisle 12,ambient
Signature Matcha Green Tea Bamboo Toothbrush 2pk 2L,Urban Roots Mills,HOUS-001889,890100158760,Household & Personal Care,82,box,528.15,842.54,2027-06-12,Aisle 12,ambient
Organic Sweet Tamarind Surface Floor Cleaner Rose 1kg,Bhoomi Foods,HOUS-001890,890100158761,Household & Personal Care,101,pack,236.17,326.33,2027-12-21,Aisle 12,ambient
Rustic Gourmet Cookies Choco-Chip 100g,Desi Organics Dairy,SNAC-001891,890100158762,Snacks & Confectionery,173,tub,421.97,778.37,2027-06-11,Aisle 10,ambient
Heritage Catla Fish Steaks 100g,Green Earth Organics,MEAT-001892,890100158763,Meat & Seafood,67,pcs,710.21,1147.40,2026-08-30,Aisle 04,chilled
Cured Badam Milk Drink 2kg,Satvik Naturals,BEVE-001893,890100158764,Beverages,175,pack,26.38,41.70,2027-05-16,Aisle 05,ambient
Natural Rose Infused Mosquito Vaporizer Refill 200g,FarmGold Naturals,HOUS-001894,890100158765,Household & Personal Care,151,packet,204.57,323.46,2026-08-18,Aisle 11,ambient
Extra-Virgin Squid Rings Cleaned 150ml,Fortune Harvest,MEAT-001895,890100158766,Meat & Seafood,222,kg,386.84,709.21,2026-08-29,Aisle 05,chilled
Spiced Avocados 12-Pack,Desi Organics Harvest,FRES-001896,890100158767,Fresh Produce,41,bunch,43.30,73.03,2026-09-17,Aisle 02,ambient
Cold-Pressed Golden Ginger Bath Tissue 6-Pack 2L,Green Earth Harvest,HOUS-001897,890100158768,Household & Personal Care,250,tube,565.79,842.18,2026-08-29,Aisle 12,ambient
Whole-Grain Masala Chai Pav 6-Pack 500ml,Vedic Fresh Springs,BAKE-001898,890100158769,Bakery & Deli,167,pack,35.76,54.83,2026-08-30,Aisle 04,chilled
Wildcrafted Rose Infused Fabric Softener Floral 750ml,Green Earth Provisions,HOUS-001899,890100158770,Household & Personal Care,163,tube,595.42,1052.65,2029-03-30,Aisle 11,ambient
Gourmet Ayurvedic Bath Soap Family Pack,FarmGold Botanicals,HOUS-001900,890100158771,Household & Personal Care,142,packet,316.23,582.39,2027-06-29,Aisle 11,ambient
Stone-Ground Chatpata Masala Ginger Root 150ml,Fortune Farms,FRES-001901,890100158772,Fresh Produce,139,pack,57.00,89.38,2026-09-01,Aisle 02,ambient
Whole-Grain Gulab Jamun Tin 150g,Satvik Botanicals,SNAC-001902,890100158773,Snacks & Confectionery,51,packet,212.54,324.51,2026-08-28,Aisle 10,ambient
Pure Royal Basmati Rice 8-Pack,Patanjali Harvest,PANT-001903,890100158774,Pantry & Dry Goods,216,can,370.65,470.20,2027-05-13,Aisle 07,ambient
Whole-Grain Chicken Keema 2kg,Pure Vedic Provisions,MEAT-001904,890100158775,Meat & Seafood,39,pack,161.97,213.18,2026-08-28,Aisle 05,chilled
Sweet Mosquito Vaporizer Refill 1L,Saffola Co.,HOUS-001905,890100158776,Household & Personal Care,62,pack,53.74,75.92,2029-02-18,Aisle 12,ambient
Gluten-Free Vanilla Bean Fish Fingers Frozen 300g,Saffola Harvest,FROZ-001906,890100158777,Frozen Foods,115,box,306.82,548.44,2027-07-11,Aisle 09,frozen
Free-Range Toor Dal Premium Snack Pack,Organic Tattva Provisions,PANT-001907,890100158778,Pantry & Dry Goods,37,bag,30.38,39.88,2026-11-30,Aisle 08,ambient
Homestyle Chatpata Masala Roasted Salted Cashews 150g,Organic Tattva Kitchens,SNAC-001908,890100158779,Snacks & Confectionery,166,bar,34.66,61.19,2026-12-12,Aisle 09,ambient
Aged Smoked Chicken Slices 1L,Desi Organics Kitchens,BAKE-001909,890100158780,Bakery & Deli,226,box,62.26,84.62,2026-09-06,Aisle 04,ambient
Low-Sodium Makhana Crunch Surface Floor Cleaner Rose 1L,Himalayan Foods,HOUS-001910,890100158781,Household & Personal Care,27,tube,402.62,645.38,2028-07-21,Aisle 12,ambient
Crisp Sweet Corn Kernels 350g,Patanjali Agro,FROZ-001911,890100158782,Frozen Foods,139,packet,398.84,611.89,2027-08-06,Aisle 08,frozen
Gourmet Ajwain & Jeera Ginger Root 1L,Pashmina Co.,FRES-001912,890100158783,Fresh Produce,36,pcs,61.77,95.50,2026-08-31,Aisle 01,chilled
Rustic Kitchen Paper Towels 4-Roll 6-Pack,Tata Farms,HOUS-001913,890100158784,Household & Personal Care,30,tube,570.87,917.19,2028-07-30,Aisle 11,ambient
Desi Rose Infused Dry Fruits Trail Mix 24-Pack,Nature Harvest Botanicals,SNAC-001914,890100158785,Snacks & Confectionery,46,box,149.04,238.73,2026-12-01,Aisle 10,ambient
Free-Range Smoked Paprika Espresso Roast Ground Coffee 2L,Everest Foods,BEVE-001915,890100158786,Beverages,250,box,354.59,498.77,2026-12-30,Aisle 06,chilled
Farm-Fresh Tandoori Smoked Tonic Water Premium 150g,Fortune Dairy,BEVE-001916,890100158787,Beverages,91,bag,197.55,279.11,2027-03-19,Aisle 06,chilled
Gourmet Tandoori Smoked Chicken Keema 400g,Patanjali Naturals,MEAT-001917,890100158788,Meat & Seafood,55,kg,213.09,331.97,2026-08-29,Aisle 05,chilled
Raw Carrots 1kg,Pashmina Harvest,FRES-001918,890100158789,Fresh Produce,13,bunch,158.52,221.13,2026-09-02,Aisle 01,chilled
Premium Sea Salt Mutton Curry Cut Family Pack,Fortune Foods,MEAT-001919,890100158790,Meat & Seafood,177,kg,936.46,1586.36,2026-09-03,Aisle 05,chilled
Artisan Biodegradable Garbage Bags 350g,Royal Indian Harvest,HOUS-001920,890100158791,Household & Personal Care,13,tube,468.27,855.17,2028-07-21,Aisle 11,ambient
Raw Matcha Green Tea Granola Health Bars 10-Pack,SunBrite Farms,SNAC-001921,890100158792,Snacks & Confectionery,85,box,200.91,337.12,2026-08-19,Aisle 09,ambient
Desi Fresh Mosambi Juice 4-Pack,Bhoomi Dairy,BEVE-001922,890100158793,Beverages,117,bag,83.28,119.65,2027-03-23,Aisle 06,chilled
Sun-Dried Moong Dal Namkeen 750g,Organic Tattva Milling,SNAC-001923,890100158794,Snacks & Confectionery,191,packet,335.46,421.76,2027-04-05,Aisle 10,ambient
Cold-Pressed Masala Chai Poha Thick Flakes 200g,Green Earth Foods,PANT-001924,890100158795,Pantry & Dry Goods,192,jar,179.54,311.98,2026-08-23,Aisle 06,ambient
Roasted Guava Chilli Juice 750ml,Nilgiri Goods,BEVE-001925,890100158796,Beverages,79,carton,256.51,423.00,2027-03-08,Aisle 05,chilled
Heritage French Fries Crispy 1kg,Tata Naturals,FROZ-001926,890100158797,Frozen Foods,128,pack,287.70,475.69,2026-12-05,Aisle 09,frozen
Plant-Based Caramelized Onion Herbal Hand Wash Neem 24-Pack,Dabur Mills,HOUS-001927,890100158798,Household & Personal Care,65,pack,330.58,545.60,2027-06-26,Aisle 12,ambient
Unpolished Cinnamon Spice Frozen Green Peas 10kg,FarmGold Co.,FROZ-001928,890100158799,Frozen Foods,165,pack,116.04,155.59,2026-10-30,Aisle 09,frozen
Natural Toor Dal Premium 750ml,Fortune Organics,PANT-001929,890100158800,Pantry & Dry Goods,171,can,127.06,199.20,2026-12-24,Aisle 06,ambient
Farm-Fresh 70% Dark Chocolate Bar 50g,Amul Agro,SNAC-001930,890100158801,Snacks & Confectionery,110,packet,475.89,795.43,2027-06-21,Aisle 09,ambient
Farm-Fresh Lassi Mango Infused 350g,Everest Harvest,DAIR-001931,890100158802,Dairy & Eggs,112,tub,383.03,524.35,2026-09-03,Aisle 03,chilled
Cured Makhana Crunch Apple Cider Vinegar Drink 300g,Bhoomi Co.,BEVE-001932,890100158803,Beverages,171,bottle,133.47,179.89,2027-02-19,Aisle 05,ambient
Crisp Frozen Green Peas Value Pack,Catch Foods,FROZ-001933,890100158804,Frozen Foods,139,box,124.86,195.38,2027-01-07,Aisle 09,frozen
Whole-Grain Jalapeno Lime Seedless Grapes 400g,Satvik Botanicals,FRES-001934,890100158805,Fresh Produce,162,bunch,26.75,46.69,2026-09-09,Aisle 02,chilled
Premium Custard Apple (Sitaphal) 500ml,Amul Harvest,FRES-001935,890100158806,Fresh Produce,105,pack,130.68,231.82,2026-09-05,Aisle 01,ambient
Raw Rusk Toast 10-Pack,Urban Roots Springs,BAKE-001936,890100158807,Bakery & Deli,65,box,107.53,140.88,2026-09-02,Aisle 03,ambient
Pure Vanilla Bean Mozzarella Shredded 1.5L,Tata Agro,DAIR-001937,890100158808,Dairy & Eggs,76,tub,144.10,184.49,2026-09-24,Aisle 03,chilled
Organic Fruit Muffins 2kg,Saffola Naturals,BAKE-001938,890100158809,Bakery & Deli,113,pcs,54.65,79.37,2026-09-05,Aisle 04,ambient
Sweet Multigrain Tortillas 1L,Nilgiri Dairy,BAKE-001939,890100158810,Bakery & Deli,164,pcs,33.38,56.25,2026-08-31,Aisle 04,ambient
Organic Portobello Mushrooms 330ml,Nilgiri Provisions,FRES-001940,890100158811,Fresh Produce,122,pack,112.24,171.14,2026-09-08,Aisle 01,chilled
Natural Bath Tissue 6-Pack 10kg,Green Earth Milling,HOUS-001941,890100158812,Household & Personal Care,74,packet,285.40,523.11,2027-03-28,Aisle 11,ambient
Royal Ajwain & Jeera Nimbu Paani Soda 10-Pack,Dabur Agro,BEVE-001942,890100158813,Beverages,196,bottle,173.11,310.26,2027-04-05,Aisle 06,ambient
Golden Vanilla Bean Extra Virgin Olive Oil 150g,Green Earth Organics,PANT-001943,890100158814,Pantry & Dry Goods,95,bottle,336.55,437.42,2027-01-05,Aisle 06,ambient
Traditional Nagpur Orange Mutton Chops Snack Pack,Deccan Organics,MEAT-001944,890100158815,Meat & Seafood,218,pack,370.97,472.09,2026-09-03,Aisle 04,chilled
Plant-Based Coconut Cream Squid Rings Cleaned 2-Pack,Kaveri Plantations,MEAT-001945,890100158816,Meat & Seafood,23,kg,293.39,512.58,2026-08-30,Aisle 04,chilled
Artisan Truffle Infused Kitchen Paper Towels 4-Roll 5L,Everest Mills,HOUS-001946,890100158817,Household & Personal Care,129,pack,548.65,997.66,2028-11-07,Aisle 12,ambient
Premium Butter Murukku 10kg,Mother Dairy Naturals,SNAC-001947,890100158818,Snacks & Confectionery,37,box,219.06,403.01,2026-08-29,Aisle 10,ambient
Smoked Surface Floor Cleaner Rose 400g,Organic Tattva Mills,HOUS-001948,890100158819,Household & Personal Care,38,pack,585.42,1076.73,2029-04-08,Aisle 11,ambient
Roasted Lemons 6-Pack,Green Earth Farms,FRES-001949,890100158820,Fresh Produce,122,pack,76.80,119.95,2026-08-31,Aisle 02,ambient
Plant-Based Ajwain & Jeera Gulab Jamun Tin 2-Pack,Saffola Goods,SNAC-001950,890100158821,Snacks & Confectionery,159,tub,534.33,854.88,2026-12-17,Aisle 10,ambient
Select Coconut Cream Fruit Cake Slice 200g,Patanjali Provisions,BAKE-001951,890100158822,Bakery & Deli,210,pcs,34.71,55.67,2026-08-28,Aisle 04,ambient
Whole-Grain Mint Lime Lavash Crackers 1.5L,Patanjali Dairy,BAKE-001952,890100158823,Bakery & Deli,88,pack,195.40,260.93,2026-09-04,Aisle 03,ambient
Traditional Stainless Steel Scrubber 3pk 250g,Bhoomi Botanicals,HOUS-001953,890100158824,Household & Personal Care,38,bottle,476.63,787.97,2028-01-09,Aisle 12,ambient
Handcrafted Sparkling Mineral Water 1kg,Ganga Plantations,BEVE-001954,890100158825,Beverages,19,pack,154.97,280.36,2027-03-03,Aisle 05,chilled
Unpolished Gourmet Cookies Choco-Chip 250g,Pure Vedic Organics,SNAC-001955,890100158826,Snacks & Confectionery,46,bar,220.83,402.62,2026-10-29,Aisle 09,ambient
Gluten-Free Vanilla Bean Chicken Keema 400g,Mother Dairy Goods,MEAT-001956,890100158827,Meat & Seafood,138,kg,192.09,276.10,2026-09-02,Aisle 04,chilled
Traditional Vanilla Bean Parmigiano-Reggiano 500ml,Desi Organics Kitchens,DAIR-001957,890100158828,Dairy & Eggs,20,box,401.42,517.01,2026-08-30,Aisle 03,chilled
Farm-Fresh Sea Salt Bamboo Toothbrush 2pk 400g,Himalayan Provisions,HOUS-001958,890100158829,Household & Personal Care,81,bottle,323.21,475.56,2027-12-03,Aisle 11,ambient
Royal Portobello Mushrooms 350g,Dabur Co.,FRES-001959,890100158830,Fresh Produce,14,kg,58.32,98.22,2026-08-29,Aisle 01,ambient
Whole-Grain Kachi Ghani Mustard Coconut Milk Canned Snack Pack,Himalayan Goods,PANT-001960,890100158831,Pantry & Dry Goods,162,can,585.85,993.92,2026-12-12,Aisle 08,ambient
Authentic Dark Chocolate Boneless Chicken Breast 200ml,Kaveri Provisions,MEAT-001961,890100158832,Meat & Seafood,237,kg,255.06,365.71,2026-08-31,Aisle 05,chilled
Natural Nagpur Orange Masala CTC Tea 2L,Vedic Fresh Mills,BEVE-001962,890100158833,Beverages,15,pack,351.19,613.16,2027-01-15,Aisle 05,chilled
Low-Sodium Sea Salt Smoked Chicken Slices 250ml,Desi Organics Milling,BAKE-001963,890100158834,Bakery & Deli,249,pcs,90.79,128.49,2026-08-19,Aisle 03,ambient
Traditional Cardamom Spiced Badam Milk Drink 4-Pack,Organic Tattva Agro,BEVE-001964,890100158835,Beverages,90,box,156.76,283.25,2027-05-10,Aisle 06,ambient
Gourmet Bath Tissue 6-Pack 12-Pack,Nilgiri Provisions,HOUS-001965,890100158836,Household & Personal Care,250,box,338.19,462.68,2027-10-17,Aisle 12,ambient
Spiced Malai Kulfi Bar 200g,Urban Roots Agro,FROZ-001966,890100158837,Frozen Foods,102,packet,274.44,504.61,2027-07-15,Aisle 08,frozen
Stone-Ground 70% Dark Chocolate Bar 150ml,Amul Organics,SNAC-001967,890100158838,Snacks & Confectionery,19,pack,61.24,112.54,2027-04-22,Aisle 10,ambient
Royal Fruit Muffins 100g,Desi Organics Foods,BAKE-001968,890100158839,Bakery & Deli,243,pack,36.59,67.64,2026-09-07,Aisle 03,chilled
Spiced Kashmiri Saffron Spicy Peanut Chikki 200ml,Patanjali Plantations,SNAC-001969,890100158840,Snacks & Confectionery,33,packet,429.32,735.12,2026-11-02,Aisle 10,ambient
Desi Jalapeno Lime Sweet Potatoes 200g,Tata Milling,FRES-001970,890100158841,Fresh Produce,162,bunch,22.87,38.09,2026-09-12,Aisle 02,ambient
Authentic Chaash / Buttermilk Family Pack,Amul Farms,DAIR-001971,890100158842,Dairy & Eggs,205,box,412.03,662.54,2026-09-13,Aisle 03,chilled
Grass-Fed Squid Rings Cleaned 400g,Everest Harvest,MEAT-001972,890100158843,Meat & Seafood,131,pack,422.49,608.29,2026-09-01,Aisle 04,chilled
Homestyle Kesar Pista Banana Chips Kerala Style 300g,Kaveri Farms,SNAC-001973,890100158844,Snacks & Confectionery,195,pack,210.15,345.91,2026-08-30,Aisle 10,ambient
Plant-Based Masala Chai Blueberries 5kg,Satvik Milling,FRES-001974,890100158845,Fresh Produce,37,bunch,47.29,72.10,2026-08-31,Aisle 02,chilled
Heritage Nagpur Orange Electrolyte Energy Drink Value Pack,Amul Springs,BEVE-001975,890100158846,Beverages,120,can,205.20,302.81,2027-07-24,Aisle 06,ambient
Cold-Pressed Mozzarella Shredded 5L,Catch Kitchens,DAIR-001976,890100158847,Dairy & Eggs,15,bottle,433.35,562.29,2026-09-13,Aisle 03,chilled
Cold-Pressed Veg Spring Rolls 6-Pack,Pure Vedic Harvest,FROZ-001977,890100158848,Frozen Foods,143,packet,77.70,113.83,2027-06-02,Aisle 09,frozen
Smoked Lemon Pepper Curd Tub (Dahi) 10-Pack,Amul Harvest,DAIR-001978,890100158849,Dairy & Eggs,44,bottle,201.71,323.56,2026-09-03,Aisle 02,chilled
Plant-Based Cashew Paste Curry Base 150ml,Desi Organics Goods,PANT-001979,890100158850,Pantry & Dry Goods,120,packet,644.39,812.54,2026-08-20,Aisle 06,ambient
Country Style Fish Fingers Frozen 2kg,Tata Springs,FROZ-001980,890100158851,Frozen Foods,100,pack,104.38,133.91,2027-06-01,Aisle 08,frozen
Raw Kashmiri Saffron Cauliflower 10-Pack,Himalayan Springs,FRES-001981,890100158852,Fresh Produce,57,pcs,146.31,267.34,2026-09-01,Aisle 01,ambient
Heritage Dark Chocolate Floor Disinfectant Pine 2L,Green Earth Dairy,HOUS-001982,890100158853,Household & Personal Care,142,bottle,206.91,351.78,2026-08-26,Aisle 11,ambient
Handcrafted Garlic Bulbs 8-Pack,Fortune Kitchens,FRES-001983,890100158854,Fresh Produce,208,bag,157.01,270.83,2026-09-04,Aisle 01,ambient
Unpolished Baby Spinach 10-Pack,Organic Tattva Foods,FRES-001984,890100158855,Fresh Produce,8,kg,133.66,209.30,2026-09-15,Aisle 02,ambient
Farm-Fresh Pav 6-Pack 250g,Vedic Fresh Dairy,BAKE-001985,890100158856,Bakery & Deli,76,box,94.77,129.45,2026-09-04,Aisle 03,ambient
Cold-Pressed Custard Apple (Sitaphal) 5L,Green Earth Plantations,FRES-001986,890100158857,Fresh Produce,67,kg,113.80,151.47,2026-08-29,Aisle 01,ambient
Cold-Pressed Coconut Cream Chicken Drumsticks 400g,Nature Harvest Naturals,MEAT-001987,890100158858,Meat & Seafood,112,kg,732.89,1214.25,2026-09-03,Aisle 05,chilled
Authentic Nagpur Orange French Fries Crispy 5kg,Saffola Co.,FROZ-001988,890100158859,Frozen Foods,238,pack,56.14,84.91,2027-03-03,Aisle 08,frozen
Sweet Banana Chips Kerala Style Family Pack,Desi Organics Co.,SNAC-001989,890100158860,Snacks & Confectionery,227,packet,241.75,402.94,2026-11-19,Aisle 09,ambient
Sweet Masala Potato Chips 200ml,Royal Indian Springs,SNAC-001990,890100158861,Snacks & Confectionery,175,tub,541.35,883.75,2026-11-16,Aisle 10,ambient
Unpolished Sea Salt Lentils Red Masoor 4-Pack,Saffola Foods,PANT-001991,890100158862,Pantry & Dry Goods,6,bottle,561.87,934.97,2026-11-27,Aisle 08,ambient
Heritage Cinnamon Spice Mustard Oil Kachi Ghani 250ml,Tata Organics,PANT-001992,890100158863,Pantry & Dry Goods,97,bottle,671.61,974.57,2027-02-01,Aisle 07,ambient
Artisan Bananas Family Pack,Catch Farms,FRES-001993,890100158864,Fresh Produce,64,bunch,137.92,211.04,2026-09-17,Aisle 01,ambient
Extra-Virgin Cinnamon Spice Sweet Corn Kernels 500g,Amul Organics,FROZ-001994,890100158865,Frozen Foods,215,tub,167.32,232.02,2027-05-30,Aisle 08,frozen
Signature Smoked Paprika Diet Mixture Namkeen Snack Pack,Everest Plantations,SNAC-001995,890100158866,Snacks & Confectionery,73,tub,530.90,739.21,2027-06-02,Aisle 09,ambient
Zero-Sugar Sea Salt Tender Coconut Water 50g,Catch Kitchens,BEVE-001996,890100158867,Beverages,179,can,287.29,412.71,2027-08-08,Aisle 05,chilled
Traditional Amla Juice Pure 250ml,Deccan Provisions,BEVE-001997,890100158868,Beverages,117,can,373.98,671.76,2026-08-19,Aisle 05,chilled
Pure Cold Pressed Orange Juice 250ml,Tata Milling,BEVE-001998,890100158869,Beverages,82,pack,157.28,266.73,2027-05-03,Aisle 06,ambient
Gluten-Free Tender Coconut Water 500g,Organic Tattva Co.,BEVE-001999,890100158870,Beverages,158,carton,308.46,397.03,2027-03-23,Aisle 05,chilled
Plant-Based Caramelized Onion Mutton Curry Cut 5L,Deccan Botanicals,MEAT-002000,890100158871,Meat & Seafood,139,pack,470.35,692.01,2026-09-01,Aisle 04,chilled
Select Dark Chocolate Sona Masoori Rice 150g,Fortune Harvest,PANT-002001,890100158872,Pantry & Dry Goods,65,can,69.21,118.06,2027-09-18,Aisle 07,ambient
Crisp Almond Milk 750ml,FarmGold Kitchens,DAIR-002002,890100158873,Dairy & Eggs,19,carton,354.01,492.83,2026-09-23,Aisle 03,chilled
Spiced Cinnamon Spice Lassi Mango Infused 12-Pack,Amul Foods,DAIR-002003,890100158874,Dairy & Eggs,221,box,71.77,91.20,2026-09-11,Aisle 02,chilled
Spiced Masala Chai Mishri Mawa 5kg,Desi Organics Kitchens,DAIR-002004,890100158875,Dairy & Eggs,64,carton,56.37,89.79,2026-08-27,Aisle 03,chilled
Extra-Virgin Matcha Green Tea Chaash / Buttermilk 150ml,Pure Vedic Plantations,DAIR-002005,890100158876,Dairy & Eggs,246,tub,354.49,474.92,2026-09-01,Aisle 02,chilled
Grass-Fed Paneer Paratha Frozen 2L,Fortune Milling,FROZ-002006,890100158877,Frozen Foods,237,bag,324.57,517.79,2026-08-29,Aisle 08,frozen
Zero-Sugar Wood-Fired Veggie Pizza 750g,Nature Harvest Springs,FROZ-002007,890100158878,Frozen Foods,39,box,66.84,84.13,2026-12-20,Aisle 08,frozen
Sun-Dried Clove & Mint Toothpaste 12-Pack,Vedic Fresh Plantations,HOUS-002008,890100158879,Household & Personal Care,205,bottle,136.81,232.14,2028-09-14,Aisle 12,ambient
Cured Toasted Sesame Brioche Burger Buns 5kg,Tata Milling,BAKE-002009,890100158880,Bakery & Deli,222,pcs,123.73,214.67,2026-09-05,Aisle 03,chilled
Rustic Tulsi Honey Espresso Roast Ground Coffee 200ml,Saffola Organics,BEVE-002010,890100158881,Beverages,222,pack,218.95,378.72,2026-09-16,Aisle 06,chilled
Handcrafted Dark Chocolate Granola Health Bars 24-Pack,Patanjali Goods,SNAC-002011,890100158882,Snacks & Confectionery,142,box,357.40,512.32,2027-04-06,Aisle 10,ambient
Select Oranges Nagpur 150g,Organic Tattva Kitchens,FRES-002012,890100158883,Fresh Produce,104,bunch,43.10,69.94,2026-09-14,Aisle 01,chilled
Grass-Fed Pink Himalayan Salt 750g,Organic Tattva Mills,PANT-002013,890100158884,Pantry & Dry Goods,87,jar,680.78,1032.14,2026-08-30,Aisle 06,ambient
Farm-Fresh Fish Fingers Frozen 250g,Pashmina Provisions,FROZ-002014,890100158885,Frozen Foods,229,bag,87.43,151.47,2027-07-29,Aisle 08,frozen
Wildcrafted Cinnamon Spice Oat Milk 150g,Saffola Farms,DAIR-002015,890100158886,Dairy & Eggs,30,bottle,210.03,307.25,2026-09-14,Aisle 02,chilled
Crisp Truffle Infused Royal Basmati Rice 200g,Nilgiri Organics,PANT-002016,890100158887,Pantry & Dry Goods,177,packet,460.90,582.94,2027-01-25,Aisle 06,ambient
Aged Golden Ginger Squid Rings Cleaned 100g,Catch Kitchens,MEAT-002017,890100158888,Meat & Seafood,128,pack,626.69,905.95,2026-09-03,Aisle 04,chilled
Select Cinnamon Spice Gourmet Cookies Choco-Chip 200ml,Royal Indian Agro,SNAC-002018,890100158889,Snacks & Confectionery,147,packet,315.39,476.28,2027-03-23,Aisle 09,ambient
Roasted Fresh Rohu Fish 750g,Satvik Provisions,MEAT-002019,890100158890,Meat & Seafood,99,pack,786.66,1020.85,2026-09-03,Aisle 05,chilled
Grass-Fed Lemons 10-Pack,Organic Tattva Dairy,FRES-002020,890100158891,Fresh Produce,92,bunch,49.78,70.61,2026-09-05,Aisle 02,chilled
Artisan Caramelized Onion Fresh Methi 100g,Bhoomi Farms,FRES-002021,890100158892,Fresh Produce,53,kg,71.43,89.61,2026-09-13,Aisle 01,chilled
Golden Chicken Sausages 6-Pack,Mother Dairy Harvest,MEAT-002022,890100158893,Meat & Seafood,67,pcs,809.26,1247.81,2026-09-03,Aisle 05,chilled
Gluten-Free Cardamom Spiced Tender Coconut Water 10-Pack,FarmGold Mills,BEVE-002023,890100158894,Beverages,43,bottle,91.63,122.47,2026-09-14,Aisle 06,ambient
Spiced Coconut Cream Roasted Makhana Foxnuts 250ml,Satvik Naturals,SNAC-002024,890100158895,Snacks & Confectionery,73,pack,373.64,545.61,2027-04-28,Aisle 09,ambient
Select Vanilla Bean Mishri Mawa 300g,Patanjali Dairy,DAIR-002025,890100158896,Dairy & Eggs,234,tub,32.29,51.90,2026-09-12,Aisle 03,chilled
Handcrafted Ajwain & Jeera Bamboo Toothbrush 2pk Family Pack,Nature Harvest Dairy,HOUS-002026,890100158897,Household & Personal Care,57,bottle,128.20,174.02,2027-12-05,Aisle 12,ambient
Desi Gulab Jamun Tin 6-Pack,Satvik Agro,SNAC-002027,890100158898,Snacks & Confectionery,234,box,371.64,603.54,2026-10-29,Aisle 09,ambient
Raw Tandoori Smoked Floor Disinfectant Pine 750ml,Everest Farms,HOUS-002028,890100158899,Household & Personal Care,97,box,175.48,255.66,2027-10-22,Aisle 12,ambient
Whole-Grain Ginger Kombucha 200ml,FarmGold Botanicals,BEVE-002029,890100158900,Beverages,172,box,236.21,420.74,2027-05-19,Aisle 05,chilled
Premium Dark Chocolate Mutton Chops 300g,Ganga Co.,MEAT-002030,890100158901,Meat & Seafood,68,kg,285.53,484.67,2026-08-30,Aisle 04,chilled
Golden Tandoori Smoked Ginger Kombucha 500g,Kaveri Goods,BEVE-002031,890100158902,Beverages,138,bag,212.66,318.71,2026-08-29,Aisle 05,chilled
Gluten-Free Iced Lemon Tea 500ml,Patanjali Agro,BEVE-002032,890100158903,Beverages,168,carton,178.10,318.00,2026-08-29,Aisle 05,chilled
Signature Masala Potato Chips 8-Pack,Royal Indian Provisions,SNAC-002033,890100158904,Snacks & Confectionery,64,bag,118.41,148.75,2027-04-20,Aisle 09,ambient
Desi Nimbu Paani Soda 10-Pack,Pure Vedic Springs,BEVE-002034,890100158905,Beverages,73,bag,250.34,350.46,2027-06-10,Aisle 05,chilled
Sweet French Fries Crispy 400g,Satvik Milling,FROZ-002035,890100158906,Frozen Foods,151,bag,342.17,522.75,2026-08-16,Aisle 08,frozen
Gluten-Free Oat Milk 1.5L,Himalayan Foods,DAIR-002036,890100158907,Dairy & Eggs,173,box,362.11,541.99,2026-09-15,Aisle 03,chilled
Gourmet Garlic Bulbs 750g,SunBrite Foods,FRES-002037,890100158908,Fresh Produce,113,bag,101.01,167.61,2026-08-29,Aisle 02,ambient
Heritage Makhana Crunch Bananas 200ml,Pure Vedic Plantations,FRES-002038,890100158909,Fresh Produce,182,pack,60.71,107.34,2026-09-06,Aisle 01,chilled
Gluten-Free Smoked Paprika Extra Virgin Olive Oil 250ml,Mother Dairy Agro,PANT-002039,890100158910,Pantry & Dry Goods,212,jar,536.54,802.16,2028-04-15,Aisle 08,ambient
Traditional Tandoori Smoked Chana Dal Polished 400g,Nilgiri Mills,PANT-002040,890100158911,Pantry & Dry Goods,237,box,280.70,462.83,2028-04-25,Aisle 06,ambient
Cold-Pressed Tonic Water Premium 250ml,Dabur Botanicals,BEVE-002041,890100158912,Beverages,236,carton,321.91,501.95,2026-11-01,Aisle 05,ambient
Organic Sea Salt Masala Potato Chips Snack Pack,Deccan Mills,SNAC-002042,890100158913,Snacks & Confectionery,112,packet,109.94,202.73,2026-10-25,Aisle 09,ambient
Extra-Virgin Cold Brew Coffee Snack Pack,Nature Harvest Farms,BEVE-002043,890100158914,Beverages,238,box,280.58,410.49,2026-11-12,Aisle 06,ambient
Authentic Chicken Sausages 10-Pack,Desi Organics Botanicals,MEAT-002044,890100158915,Meat & Seafood,26,kg,422.82,590.85,2026-08-29,Aisle 05,chilled
Homestyle Sea Salt Hash Browns 6pk 1L,Patanjali Kitchens,FROZ-002045,890100158916,Frozen Foods,105,tub,256.25,350.26,2027-01-03,Aisle 09,frozen
Pure Strawberries 1L,Deccan Mills,FRES-002046,890100158917,Fresh Produce,202,pcs,157.18,249.88,2026-08-30,Aisle 02,chilled
Zero-Sugar Boneless Chicken Breast 350g,Satvik Plantations,MEAT-002047,890100158918,Meat & Seafood,200,kg,459.19,796.02,2026-08-25,Aisle 04,chilled
Smoked Makhana Crunch Whole Wheat Atta Bread 6-Pack,Catch Mills,BAKE-002048,890100158919,Bakery & Deli,28,pcs,298.39,474.80,2026-09-05,Aisle 03,ambient
Handcrafted Red Chilli & Garlic Surface Floor Cleaner Rose 4-Pack,Urban Roots Mills,HOUS-002049,890100158920,Household & Personal Care,53,tube,499.37,777.36,2028-05-12,Aisle 11,ambient
Heritage Coconut Cream Granola Health Bars 24-Pack,Desi Organics Harvest,SNAC-002050,890100158921,Snacks & Confectionery,155,bar,263.05,462.64,2026-12-04,Aisle 10,ambient
Natural Sea Salt Shampoo Anti-Dandruff 1.5L,Catch Provisions,HOUS-002051,890100158922,Household & Personal Care,194,pack,491.79,708.43,2029-03-10,Aisle 12,ambient
Aged Garlic & Herb Bamboo Toothbrush 2pk 50g,Nilgiri Dairy,HOUS-002052,890100158923,Household & Personal Care,180,pack,334.57,507.64,2028-04-14,Aisle 12,ambient
Handcrafted Avocados 24-Pack,SunBrite Co.,FRES-002053,890100158924,Fresh Produce,116,pcs,57.90,93.53,2026-09-01,Aisle 01,ambient
Royal Shampoo Anti-Dandruff 200g,Vedic Fresh Co.,HOUS-002054,890100158925,Household & Personal Care,41,box,510.58,658.07,2028-07-02,Aisle 12,ambient
Extra-Virgin Moong Dal Washed 250g,Fortune Kitchens,PANT-002055,890100158926,Pantry & Dry Goods,217,bag,430.92,614.96,2026-08-18,Aisle 07,ambient
Traditional Lemons 200ml,Ganga Foods,FRES-002056,890100158927,Fresh Produce,118,pcs,34.78,60.75,2026-09-12,Aisle 02,chilled
Organic Sea Salt Veg Spring Rolls Value Pack,SunBrite Mills,FROZ-002057,890100158928,Frozen Foods,137,pack,370.73,552.21,2027-03-16,Aisle 09,frozen
Gourmet Watermelon 10-Pack,Deccan Goods,FRES-002058,890100158929,Fresh Produce,232,kg,115.29,173.07,2026-09-14,Aisle 02,chilled
Crisp Pasture Eggs 750ml,Nilgiri Mills,DAIR-002059,890100158930,Dairy & Eggs,123,tub,377.64,677.95,2026-09-12,Aisle 02,chilled
Sweet Cashew Paste Curry Base 1kg,Mother Dairy Agro,PANT-002060,890100158931,Pantry & Dry Goods,199,box,519.29,736.12,2027-09-05,Aisle 08,ambient
Spiced Matcha Green Tea Ayurvedic Bath Soap 1.5L,Vedic Fresh Harvest,HOUS-002061,890100158932,Household & Personal Care,142,bottle,276.13,493.55,2027-12-01,Aisle 11,ambient
Country Style Chatpata Masala Mosquito Vaporizer Refill 2L,Satvik Foods,HOUS-002062,890100158933,Household & Personal Care,217,pack,392.25,585.81,2028-09-05,Aisle 12,ambient
Roasted Red Chilli & Garlic Espresso Roast Ground Coffee 500ml,Vedic Fresh Plantations,BEVE-002063,890100158934,Beverages,145,can,446.44,724.37,2027-05-04,Aisle 05,chilled
Low-Sodium Guava Chilli Juice 300g,Mother Dairy Foods,BEVE-002064,890100158935,Beverages,109,carton,271.88,455.76,2027-08-21,Aisle 05,ambient
Crisp Pista Almond Frozen Paneer Cubes 6-Pack,Heritage Mills,FROZ-002065,890100158936,Frozen Foods,199,pack,75.68,116.93,2027-03-11,Aisle 09,frozen
Desi Red Chilli & Garlic Dry Fruits Trail Mix 2L,Vedic Fresh Harvest,SNAC-002066,890100158937,Snacks & Confectionery,146,tub,496.07,862.06,2027-06-09,Aisle 09,ambient
Free-Range Chatpata Masala Whole Wheat Atta Bread 250ml,Heritage Botanicals,BAKE-002067,890100158938,Bakery & Deli,160,pcs,172.60,251.34,2026-09-06,Aisle 04,ambient
Free-Range Vanilla Bean Gourmet Cookies Choco-Chip Snack Pack,Dabur Dairy,SNAC-002068,890100158939,Snacks & Confectionery,218,bar,165.10,244.08,2026-11-28,Aisle 10,ambient
Farm-Fresh Ajwain & Jeera Royal Basmati Rice 500g,Kaveri Agro,PANT-002069,890100158940,Pantry & Dry Goods,233,jar,151.44,244.03,2028-06-26,Aisle 07,ambient
Heritage Cold Pressed Orange Juice 2L,Amul Agro,BEVE-002070,890100158941,Beverages,214,can,251.04,410.02,2027-02-17,Aisle 05,chilled
Farm-Fresh Squid Rings Cleaned 10kg,Deccan Farms,MEAT-002071,890100158942,Meat & Seafood,214,pack,325.53,442.88,2026-09-01,Aisle 05,chilled
Plant-Based Bamboo Toothbrush 2pk 200g,Nature Harvest Plantations,HOUS-002072,890100158943,Household & Personal Care,168,tube,75.68,109.20,2029-05-13,Aisle 12,ambient
Raw Fabric Softener Floral 500ml,Pure Vedic Goods,HOUS-002073,890100158944,Household & Personal Care,30,tube,211.64,296.85,2027-10-24,Aisle 11,ambient
Pure Tiger Prawns Jumbo 150g,Pashmina Foods,MEAT-002074,890100158945,Meat & Seafood,4,pcs,213.27,283.35,2026-09-03,Aisle 05,chilled
Sweet Dishwash Gel Lemon 750ml,Green Earth Plantations,HOUS-002075,890100158946,Household & Personal Care,109,box,580.90,786.74,2028-01-24,Aisle 11,ambient
Golden Matcha Green Tea Hash Browns 6pk 500ml,Himalayan Organics,FROZ-002076,890100158947,Frozen Foods,19,box,144.09,234.22,2027-04-14,Aisle 08,frozen
Gourmet Dishwash Gel Lemon 2-Pack,Royal Indian Harvest,HOUS-002077,890100158948,Household & Personal Care,113,bottle,538.63,736.06,2029-05-23,Aisle 11,ambient
Select Sona Masoori Rice 500ml,Deccan Organics,PANT-002078,890100158949,Pantry & Dry Goods,133,jar,656.34,1045.43,2027-03-21,Aisle 07,ambient
Farm-Fresh Kachi Ghani Mustard Lentils Red Masoor 4-Pack,Urban Roots Agro,PANT-002079,890100158950,Pantry & Dry Goods,248,can,579.65,841.75,2027-08-10,Aisle 07,ambient
Unpolished Cinnamon Spice Poha Thick Flakes 10-Pack,Deccan Farms,PANT-002080,890100158951,Pantry & Dry Goods,202,bag,452.62,659.53,2027-05-06,Aisle 06,ambient
Premium Garlic & Herb Clove & Mint Toothpaste 200g,Satvik Harvest,HOUS-002081,890100158952,Household & Personal Care,163,pack,445.04,654.39,2028-04-11,Aisle 12,ambient
Low-Sodium Kachi Ghani Mustard Spicy Peanut Chikki 10kg,Bhoomi Naturals,SNAC-002082,890100158953,Snacks & Confectionery,73,pack,80.20,102.32,2027-06-20,Aisle 09,ambient
Sweet Matcha Green Tea Pears 1kg,Nature Harvest Dairy,FRES-002083,890100158954,Fresh Produce,109,kg,63.83,92.59,2026-08-29,Aisle 02,ambient
Sweet Apple Cider Vinegar Drink 50g,FarmGold Farms,BEVE-002084,890100158955,Beverages,121,bottle,328.28,452.36,2027-07-05,Aisle 05,chilled
Traditional Golden Ginger Bananas 2L,Saffola Dairy,FRES-002085,890100158956,Fresh Produce,104,kg,147.25,217.11,2026-09-15,Aisle 01,ambient
Plant-Based Pomfret Whole 400g,Mother Dairy Milling,MEAT-002086,890100158957,Meat & Seafood,161,kg,623.48,899.51,2026-08-31,Aisle 05,chilled
Natural Makhana Crunch Buffalo Milk 6-Pack,Catch Co.,DAIR-002087,890100158958,Dairy & Eggs,203,tub,518.63,927.83,2026-08-30,Aisle 03,chilled
Organic Brownie Bites Snack Pack,Green Earth Dairy,BAKE-002088,890100158959,Bakery & Deli,148,pcs,314.92,452.87,2026-08-28,Aisle 04,ambient
Grass-Fed Heavy Cream 100g,Bhoomi Dairy,DAIR-002089,890100158960,Dairy & Eggs,152,box,98.11,129.11,2026-09-05,Aisle 02,chilled
Stone-Ground Surmai Steaks Value Pack,Pashmina Botanicals,MEAT-002090,890100158961,Meat & Seafood,115,pack,634.14,1022.34,2026-08-29,Aisle 05,chilled
Unpolished Rawa Sooji 400g,Nilgiri Co.,PANT-002091,890100158962,Pantry & Dry Goods,147,packet,441.57,724.92,2028-02-02,Aisle 08,ambient
Valley Fresh Matcha Green Tea Frozen Green Peas 4-Pack,Saffola Dairy,FROZ-002092,890100158963,Frozen Foods,194,box,101.02,131.71,2027-03-06,Aisle 09,frozen
Signature Fruit Muffins Family Pack,Bhoomi Botanicals,BAKE-002093,890100158964,Bakery & Deli,232,box,109.33,184.73,2026-09-07,Aisle 03,ambient
Homestyle Garlic & Herb Gulab Jamun Tin 150g,Amul Harvest,SNAC-002094,890100158965,Snacks & Confectionery,185,tub,292.11,426.59,2027-02-05,Aisle 10,ambient
Raw Coconut Cream Papayas 2kg,Urban Roots Milling,FRES-002095,890100158966,Fresh Produce,126,pcs,20.57,25.89,2026-09-02,Aisle 01,chilled
Gluten-Free Moong Dal Namkeen 4-Pack,FarmGold Provisions,SNAC-002096,890100158967,Snacks & Confectionery,131,packet,398.32,608.24,2026-08-27,Aisle 09,ambient
Wildcrafted Floor Disinfectant Pine 330ml,Pure Vedic Goods,HOUS-002097,890100158968,Household & Personal Care,25,packet,297.01,506.79,2029-05-19,Aisle 12,ambient
Cured Masala Chai Roasted Salted Cashews 6-Pack,Heritage Harvest,SNAC-002098,890100158969,Snacks & Confectionery,202,bar,53.55,69.45,2027-04-24,Aisle 09,ambient
Plant-Based Filter Coffee Beans 10kg,Green Earth Agro,BEVE-002099,890100158970,Beverages,31,bag,272.51,417.21,2026-11-12,Aisle 06,chilled
Spiced Kachi Ghani Mustard Ladyfinger (Bhindi) 12-Pack,Organic Tattva Provisions,FRES-002100,890100158971,Fresh Produce,53,bunch,49.92,73.03,2026-08-29,Aisle 02,ambient
Extra-Virgin Ginger Kombucha 10kg,Vedic Fresh Mills,BEVE-002101,890100158972,Beverages,55,can,51.36,87.77,2027-06-02,Aisle 05,ambient
Smoked Makhana Crunch Fish Fingers Frozen 500g,Nilgiri Dairy,FROZ-002102,890100158973,Frozen Foods,111,bag,297.78,519.24,2027-04-26,Aisle 08,frozen
Raw Filter Coffee Beans 8-Pack,Catch Goods,BEVE-002103,890100158974,Beverages,81,bottle,318.07,526.44,2027-06-04,Aisle 05,chilled
Plant-Based Lemon Pepper Cold Brew Coffee 5L,Vedic Fresh Dairy,BEVE-002104,890100158975,Beverages,32,bag,93.87,136.25,2026-10-13,Aisle 06,ambient
Golden Sweet Tamarind Baby Spinach 10-Pack,Green Earth Dairy,FRES-002105,890100158976,Fresh Produce,172,kg,156.80,231.23,2026-09-05,Aisle 01,ambient
Cured Truffle Infused Smoked Chicken Slices 6-Pack,Saffola Harvest,BAKE-002106,890100158977,Bakery & Deli,189,box,315.85,475.49,2026-08-28,Aisle 03,ambient
Farm-Fresh Squid Rings Cleaned Family Pack,Ganga Farms,MEAT-002107,890100158978,Meat & Seafood,246,pack,254.57,357.30,2026-09-03,Aisle 05,chilled
Sun-Dried Soan Papdi Box 2L,Mother Dairy Provisions,SNAC-002108,890100158979,Snacks & Confectionery,198,packet,58.65,89.95,2026-08-30,Aisle 09,ambient
Valley Fresh Toasted Sesame Surmai Steaks 200ml,Catch Goods,MEAT-002109,890100158980,Meat & Seafood,15,pcs,290.93,481.56,2026-09-01,Aisle 04,chilled
Signature Nagpur Orange Coriander Leaves 750ml,Himalayan Kitchens,FRES-002110,890100158981,Fresh Produce,38,kg,106.64,189.41,2026-08-30,Aisle 01,ambient
Spiced Amla Juice Pure 1.5L,Catch Kitchens,BEVE-002111,890100158982,Beverages,146,can,74.79,136.27,2027-07-11,Aisle 06,chilled
Traditional Cardamom Spiced Kabuli Chana Large 150g,Fortune Mills,PANT-002112,890100158983,Pantry & Dry Goods,191,can,611.40,919.54,2028-01-01,Aisle 07,ambient
Stone-Ground Sweet Tamarind Mozzarella Shredded 5L,Satvik Dairy,DAIR-002113,890100158984,Dairy & Eggs,77,carton,334.58,530.15,2026-09-14,Aisle 02,chilled
Heritage Dark Chocolate Bamboo Toothbrush 2pk 6-Pack,Satvik Kitchens,HOUS-002114,890100158985,Household & Personal Care,141,tube,263.24,454.79,2027-09-27,Aisle 11,ambient
Crisp Golden Ginger Almond Milk 1kg,Heritage Naturals,DAIR-002115,890100158986,Dairy & Eggs,227,box,294.18,412.76,2026-09-16,Aisle 03,chilled
Heritage Sona Masoori Rice 50g,Dabur Naturals,PANT-002116,890100158987,Pantry & Dry Goods,146,box,278.01,504.06,2028-04-03,Aisle 07,ambient
Cured Mint Lime Sparkling Mineral Water 4-Pack,Vedic Fresh Dairy,BEVE-002117,890100158988,Beverages,69,bottle,171.04,220.59,2026-10-11,Aisle 06,chilled
Traditional Paneer Paratha Frozen 350g,FarmGold Springs,FROZ-002118,890100158989,Frozen Foods,5,packet,356.38,483.27,2027-03-15,Aisle 09,frozen
Whole-Grain Paneer Tikka Deli 2kg,Tata Naturals,BAKE-002119,890100158990,Bakery & Deli,80,pcs,152.72,225.24,2026-09-05,Aisle 03,ambient
Golden Alphonso Mango Bath Tissue 6-Pack 5kg,SunBrite Goods,HOUS-002120,890100158991,Household & Personal Care,127,box,318.29,530.59,2026-08-30,Aisle 11,ambient
Plant-Based Alphonso Mango Paneer Tikka Deli 350g,Tata Provisions,BAKE-002121,890100158992,Bakery & Deli,108,pcs,198.06,358.24,2026-08-30,Aisle 03,ambient
Pure Bottle Gourd (Lauki) 4-Pack,Dabur Milling,FRES-002122,890100158993,Fresh Produce,100,pack,91.64,141.60,2026-09-01,Aisle 02,chilled
Extra-Virgin Makhana Crunch Lentils Red Masoor 200ml,Himalayan Milling,PANT-002123,890100158994,Pantry & Dry Goods,28,box,234.45,422.02,2028-07-21,Aisle 06,ambient
Heritage Makhana Crunch Frozen Green Peas 250g,Bhoomi Farms,FROZ-002124,890100158995,Frozen Foods,109,pack,250.70,351.35,2027-07-31,Aisle 09,frozen
Heritage Chatpata Masala Almond Milk 6-Pack,Heritage Foods,DAIR-002125,890100158996,Dairy & Eggs,91,tub,408.83,628.99,2026-09-14,Aisle 03,chilled
Pure Tonic Water Premium 300g,Organic Tattva Dairy,BEVE-002126,890100158997,Beverages,142,carton,193.86,268.36,2027-04-02,Aisle 05,chilled
Sun-Dried Tandoori Smoked Ciabatta Roll 750ml,Bhoomi Mills,BAKE-002127,890100158998,Bakery & Deli,90,pack,233.03,412.02,2026-08-28,Aisle 03,ambient
Authentic Chamomile Herbal Tea 400g,Bhoomi Kitchens,BEVE-002128,890100158999,Beverages,209,can,286.93,438.51,2026-08-21,Aisle 06,chilled
Spiced Vanilla Bean Bamboo Toothbrush 2pk 5kg,Catch Goods,HOUS-002129,890100159000,Household & Personal Care,64,bottle,322.86,426.67,2026-08-27,Aisle 12,ambient
Valley Fresh Pita Bread 2-Pack,Tata Farms,BAKE-002130,890100159001,Bakery & Deli,223,pack,214.25,276.92,2026-09-08,Aisle 04,chilled
Grass-Fed Garlic Focaccia 12-Pack,Everest Mills,BAKE-002131,890100159002,Bakery & Deli,187,pcs,155.79,219.68,2026-08-28,Aisle 03,ambient
Signature Masala Chai Veg Spring Rolls 1L,Fortune Co.,FROZ-002132,890100159003,Frozen Foods,109,box,120.58,152.38,2027-03-04,Aisle 08,frozen
Premium Dark Chocolate Basa Fish Fillets 10kg,Dabur Kitchens,MEAT-002133,890100159004,Meat & Seafood,66,pack,241.88,433.81,2026-08-28,Aisle 04,chilled
Handcrafted Butter Croissants 10kg,Amul Harvest,BAKE-002134,890100159005,Bakery & Deli,167,pack,252.97,464.23,2026-08-29,Aisle 03,ambient
Handcrafted Sea Salt Pasture Eggs 1.5L,Desi Organics Organics,DAIR-002135,890100159006,Dairy & Eggs,22,carton,332.35,569.58,2026-09-03,Aisle 02,chilled
Farm-Fresh Makhana Crunch Malai Kulfi Bar 2kg,Kaveri Farms,FROZ-002136,890100159007,Frozen Foods,120,packet,175.13,280.48,2026-08-30,Aisle 08,frozen
Artisan Kaju Katli Sweet Box 500ml,Desi Organics Plantations,SNAC-002137,890100159008,Snacks & Confectionery,160,packet,257.44,433.18,2026-08-21,Aisle 10,ambient
Spiced Fresh Rohu Fish 150g,Patanjali Farms,MEAT-002138,890100159009,Meat & Seafood,198,pack,940.53,1516.97,2026-09-02,Aisle 04,chilled
Plant-Based Bagel Plain 4pk 2L,Amul Harvest,BAKE-002139,890100159010,Bakery & Deli,205,pcs,35.12,47.50,2026-09-05,Aisle 04,ambient
Wildcrafted Chamomile Herbal Tea 2-Pack,FarmGold Dairy,BEVE-002140,890100159011,Beverages,31,bottle,332.57,609.18,2026-09-10,Aisle 06,chilled
Premium Lemon Pepper Cow Milk 4-Pack,Organic Tattva Foods,DAIR-002141,890100159012,Dairy & Eggs,208,pack,497.08,883.48,2026-09-09,Aisle 02,chilled
Whole-Grain Feta Cheese 5L,Nilgiri Agro,DAIR-002142,890100159013,Dairy & Eggs,30,bottle,292.31,504.27,2026-09-05,Aisle 02,chilled
Traditional Kachi Ghani Mustard Sweet Corn Kernels 2kg,Everest Springs,FROZ-002143,890100159014,Frozen Foods,88,pack,144.29,209.64,2027-06-13,Aisle 08,frozen
Plant-Based Cinnamon Spice Fresh Mosambi Juice 10-Pack,Pashmina Agro,BEVE-002144,890100159015,Beverages,65,box,337.45,479.23,2026-09-13,Aisle 06,ambient
Smoked Cold Pressed Orange Juice 500ml,Kaveri Goods,BEVE-002145,890100159016,Beverages,84,carton,143.26,250.15,2027-04-06,Aisle 06,chilled
Rustic Ajwain & Jeera Lavash Crackers 200g,Everest Organics,BAKE-002146,890100159017,Bakery & Deli,112,pcs,134.04,226.76,2026-09-05,Aisle 03,chilled
Select Cinnamon Spice Alphonso Kulfi Tub 6-Pack,FarmGold Organics,FROZ-002147,890100159018,Frozen Foods,29,pack,348.98,449.82,2027-07-10,Aisle 09,frozen
Valley Fresh Organic Green Tea 150g,Patanjali Kitchens,BEVE-002148,890100159019,Beverages,219,box,321.43,462.94,2027-06-16,Aisle 06,ambient
Whole-Grain Tulsi Honey Liquid Laundry Detergent 6-Pack,Nilgiri Plantations,HOUS-002149,890100159020,Household & Personal Care,156,packet,55.57,71.91,2029-04-26,Aisle 11,ambient
Royal Lemons 2L,Saffola Agro,FRES-002150,890100159021,Fresh Produce,31,bunch,62.64,95.38,2026-09-14,Aisle 02,chilled
Zero-Sugar Kachi Ghani Mustard Boneless Chicken Breast 5kg,Kaveri Co.,MEAT-002151,890100159022,Meat & Seafood,165,pcs,707.83,1267.16,2026-08-30,Aisle 05,chilled
Unpolished Malai Kulfi Bar 10kg,Patanjali Co.,FROZ-002152,890100159023,Frozen Foods,161,box,183.79,236.35,2026-08-21,Aisle 08,frozen
Aged Mint Lime Mishri Mawa 330ml,Tata Harvest,DAIR-002153,890100159024,Dairy & Eggs,187,carton,71.78,106.13,2026-09-08,Aisle 02,chilled
Stone-Ground Moong Dal Washed 24-Pack,Kaveri Plantations,PANT-002154,890100159025,Pantry & Dry Goods,134,bag,558.42,899.05,2027-08-26,Aisle 07,ambient
Unpolished Truffle Infused Organic Rolled Oats 4-Pack,Deccan Kitchens,PANT-002155,890100159026,Pantry & Dry Goods,213,can,109.50,178.13,2027-11-27,Aisle 06,ambient
Artisan Kachi Ghani Mustard Unsalted White Butter 4-Pack,Kaveri Provisions,DAIR-002156,890100159027,Dairy & Eggs,72,tub,158.05,277.74,2026-08-19,Aisle 03,chilled
Sun-Dried Coconut Milk Canned 10kg,Green Earth Agro,PANT-002157,890100159028,Pantry & Dry Goods,115,can,736.84,925.83,2027-06-14,Aisle 06,ambient
Smoked Cinnamon Spice Veg Spring Rolls 250ml,Pashmina Kitchens,FROZ-002158,890100159029,Frozen Foods,180,tub,157.54,222.82,2027-04-13,Aisle 08,frozen
Unpolished Crab Meat Fresh 5kg,Royal Indian Plantations,MEAT-002159,890100159030,Meat & Seafood,71,pcs,451.06,564.77,2026-08-29,Aisle 05,chilled
Farm-Fresh Iced Lemon Tea Snack Pack,Desi Organics Springs,BEVE-002160,890100159031,Beverages,214,bottle,384.10,666.26,2027-07-04,Aisle 06,chilled
Plant-Based Toor Dal Premium 1kg,Deccan Springs,PANT-002161,890100159032,Pantry & Dry Goods,213,jar,368.55,473.22,2027-06-13,Aisle 08,ambient
Natural Liquid Laundry Detergent 10kg,Urban Roots Milling,HOUS-002162,890100159033,Household & Personal Care,210,bottle,482.77,715.94,2027-12-14,Aisle 12,ambient
Artisan Smoked Paprika Biodegradable Garbage Bags 300g,Catch Plantations,HOUS-002163,890100159034,Household & Personal Care,55,packet,578.28,891.92,2029-03-12,Aisle 12,ambient
Royal Tiger Prawns Jumbo Value Pack,Royal Indian Co.,MEAT-002164,890100159035,Meat & Seafood,24,kg,786.04,1411.68,2026-09-02,Aisle 04,chilled
Grass-Fed Nagpur Orange Frozen Veg Momos 5L,SunBrite Harvest,FROZ-002165,890100159036,Frozen Foods,181,packet,349.05,634.31,2027-01-08,Aisle 09,frozen
Natural Oranges Nagpur 150ml,Royal Indian Dairy,FRES-002166,890100159037,Fresh Produce,200,pcs,110.51,182.69,2026-09-06,Aisle 01,chilled
Premium Diet Mixture Namkeen 2L,Himalayan Milling,SNAC-002167,890100159038,Snacks & Confectionery,189,packet,513.84,871.86,2027-06-07,Aisle 09,ambient
Wildcrafted Royal Basmati Rice 250ml,Kaveri Botanicals,PANT-002168,890100159039,Pantry & Dry Goods,196,jar,119.70,167.20,2027-12-24,Aisle 07,ambient
Stone-Ground Makhana Crunch Garlic Focaccia 200g,Pure Vedic Goods,BAKE-002169,890100159040,Bakery & Deli,213,pcs,293.79,470.85,2026-09-05,Aisle 04,ambient
Handcrafted Chatpata Masala Edamame Pods 24-Pack,Nature Harvest Plantations,FROZ-002170,890100159041,Frozen Foods,167,tub,334.01,487.38,2027-05-28,Aisle 09,frozen
Signature Golden Ginger Soan Papdi Box 10kg,Pashmina Provisions,SNAC-002171,890100159042,Snacks & Confectionery,11,pack,36.74,49.09,2027-01-18,Aisle 10,ambient
Country Style Chicken Keema 250g,Heritage Agro,MEAT-002172,890100159043,Meat & Seafood,55,kg,727.95,982.80,2026-08-31,Aisle 05,chilled
Stone-Ground Masala CTC Tea 4-Pack,Heritage Foods,BEVE-002173,890100159044,Beverages,73,box,230.94,413.03,2026-12-06,Aisle 05,chilled
Royal Coconut Cream Butter Croissants 1L,Organic Tattva Dairy,BAKE-002174,890100159045,Bakery & Deli,34,box,75.52,118.27,2026-08-30,Aisle 03,ambient
Country Style Mint Lime Cauliflower 400g,Nilgiri Plantations,FRES-002175,890100159046,Fresh Produce,226,kg,51.16,69.35,2026-09-06,Aisle 01,chilled
Golden Rawa Sooji 300g,Nature Harvest Organics,PANT-002176,890100159047,Pantry & Dry Goods,138,packet,76.14,138.62,2028-05-30,Aisle 06,ambient
Cured Masala Chai Pomfret Whole 300g,Amul Co.,MEAT-002177,890100159048,Meat & Seafood,110,pack,943.70,1625.78,2026-08-29,Aisle 05,chilled
Grass-Fed Nagpur Orange Frozen Green Peas 5kg,Vedic Fresh Harvest,FROZ-002178,890100159049,Frozen Foods,15,bag,417.87,573.05,2027-03-04,Aisle 08,frozen
Plant-Based Caramelized Onion Masala Potato Chips 5kg,Urban Roots Springs,SNAC-002179,890100159050,Snacks & Confectionery,19,packet,140.52,220.63,2026-10-18,Aisle 10,ambient
Desi Red Chilli & Garlic Feta Cheese 150ml,Vedic Fresh Organics,DAIR-002180,890100159051,Dairy & Eggs,117,pack,168.41,273.27,2026-09-17,Aisle 03,chilled
Roasted Caramelized Onion Watermelon 10kg,Himalayan Foods,FRES-002181,890100159052,Fresh Produce,166,pcs,79.93,110.91,2026-08-26,Aisle 02,chilled
Pure Nagpur Orange Salted Butter 6-Pack,Organic Tattva Mills,DAIR-002182,890100159053,Dairy & Eggs,217,pack,188.33,282.23,2026-09-11,Aisle 03,chilled
Royal Boneless Chicken Breast 10-Pack,Pure Vedic Organics,MEAT-002183,890100159054,Meat & Seafood,6,pack,457.49,771.71,2026-09-02,Aisle 04,chilled
Zero-Sugar Liquid Laundry Detergent 10-Pack,Nilgiri Agro,HOUS-002184,890100159055,Household & Personal Care,50,box,33.78,56.98,2028-08-09,Aisle 11,ambient
Whole-Grain Chatpata Masala Butter Croissants 12-Pack,Organic Tattva Dairy,BAKE-002185,890100159056,Bakery & Deli,65,pcs,42.83,75.31,2026-09-07,Aisle 04,chilled
Sweet Nagpur Orange Paneer Paratha Frozen 12-Pack,Mother Dairy Goods,FROZ-002186,890100159057,Frozen Foods,159,pack,419.73,668.52,2027-08-14,Aisle 09,frozen
Cured Dark Chocolate Surmai Steaks 12-Pack,Bhoomi Milling,MEAT-002187,890100159058,Meat & Seafood,170,pack,370.54,488.24,2026-08-29,Aisle 05,chilled
Authentic Atlantic Salmon Fillet 5kg,Nature Harvest Dairy,MEAT-002188,890100159059,Meat & Seafood,164,pcs,888.94,1565.90,2026-09-02,Aisle 04,chilled
Heritage Matcha Green Tea Lassi Mango Infused 10-Pack,Green Earth Agro,DAIR-002189,890100159060,Dairy & Eggs,213,bottle,28.32,37.71,2026-09-22,Aisle 03,chilled
Natural Nagpur Orange Green Peas Fresh 750g,Royal Indian Dairy,FRES-002190,890100159061,Fresh Produce,12,bunch,134.53,182.97,2026-09-12,Aisle 01,chilled
Signature Flavored Yogurt 10-Pack,Nature Harvest Co.,DAIR-002191,890100159062,Dairy & Eggs,204,carton,190.60,251.65,2026-08-30,Aisle 02,chilled
Artisan Truffle Infused Goat Mince Premium 50g,Pure Vedic Harvest,MEAT-002192,890100159063,Meat & Seafood,223,pack,941.99,1415.34,2026-08-27,Aisle 05,chilled
Select Veg Burger Patties 250g,Green Earth Kitchens,FROZ-002193,890100159064,Frozen Foods,200,tub,363.33,585.37,2026-10-30,Aisle 08,frozen
Whole-Grain Smoked Chicken Slices 1.5L,Amul Agro,BAKE-002194,890100159065,Bakery & Deli,27,pcs,311.29,556.94,2026-08-22,Aisle 03,ambient
Rustic Coconut Cream Chicken Keema 1L,Desi Organics Provisions,MEAT-002195,890100159066,Meat & Seafood,71,pack,482.43,685.05,2026-08-25,Aisle 05,chilled
Pure Paneer Tikka Deli 1L,Pure Vedic Farms,BAKE-002196,890100159067,Bakery & Deli,207,pack,86.94,114.98,2026-09-08,Aisle 04,ambient
Cold-Pressed Ginger Kombucha 6-Pack,Nilgiri Dairy,BEVE-002197,890100159068,Beverages,125,bag,442.03,757.67,2027-05-10,Aisle 05,ambient
Roasted Smoked Chicken Slices 750g,Patanjali Naturals,BAKE-002198,890100159069,Bakery & Deli,121,box,238.82,323.91,2026-08-17,Aisle 03,ambient
Country Style Coconut Milk Canned 250ml,Pashmina Dairy,PANT-002199,890100159070,Pantry & Dry Goods,135,box,145.72,187.25,2026-08-27,Aisle 08,ambient
Wildcrafted Matcha Green Tea Blueberries 6-Pack,Organic Tattva Botanicals,FRES-002200,890100159071,Fresh Produce,8,pack,72.16,127.74,2026-08-29,Aisle 01,ambient
Valley Fresh Fruit Muffins 10kg,FarmGold Organics,BAKE-002201,890100159072,Bakery & Deli,235,pcs,33.20,43.63,2026-09-09,Aisle 03,ambient
Whole-Grain Paneer Tikka Deli Snack Pack,Ganga Foods,BAKE-002202,890100159073,Bakery & Deli,214,pack,218.31,323.06,2026-08-29,Aisle 04,ambient
Stone-Ground Sea Salt Paneer Paratha Frozen 150g,Saffola Foods,FROZ-002203,890100159074,Frozen Foods,23,pack,365.95,647.23,2026-11-19,Aisle 08,frozen
Stone-Ground Aloo Tikki 8-Pack 500g,Bhoomi Harvest,FROZ-002204,890100159075,Frozen Foods,130,pack,147.17,205.75,2027-02-14,Aisle 08,frozen
Roasted Matcha Green Tea Kokum Sharbat 250g,Nature Harvest Botanicals,BEVE-002205,890100159076,Beverages,43,pack,120.35,216.93,2027-04-22,Aisle 06,ambient
Country Style Paneer Block 2kg,Himalayan Harvest,DAIR-002206,890100159077,Dairy & Eggs,51,bottle,140.93,234.71,2026-09-04,Aisle 03,chilled
Low-Sodium Kashmiri Saffron Rawa Sooji 1kg,Desi Organics Provisions,PANT-002207,890100159078,Pantry & Dry Goods,40,packet,618.96,919.51,2027-02-09,Aisle 08,ambient
Homestyle Smoked Paprika Roasted Salted Cashews 4-Pack,Fortune Naturals,SNAC-002208,890100159079,Snacks & Confectionery,223,bar,357.04,593.71,2027-01-16,Aisle 09,ambient
Raw Kesar Pista Soy Milk Protein 100g,Bhoomi Naturals,DAIR-002209,890100159080,Dairy & Eggs,152,tub,86.82,130.58,2026-09-23,Aisle 02,chilled
Pure Fresh Mint (Pudina) Value Pack,Himalayan Plantations,FRES-002210,890100159081,Fresh Produce,146,kg,17.76,28.69,2026-09-03,Aisle 01,ambient
Raw Garlic & Herb Spicy Peanut Chikki 330ml,Saffola Plantations,SNAC-002211,890100159082,Snacks & Confectionery,182,box,182.64,270.08,2027-02-20,Aisle 09,ambient
Stone-Ground Soan Papdi Box 2L,Royal Indian Agro,SNAC-002212,890100159083,Snacks & Confectionery,229,box,46.18,70.22,2027-05-25,Aisle 10,ambient
Raw Ajwain & Jeera Masala Potato Chips 24-Pack,Mother Dairy Springs,SNAC-002213,890100159084,Snacks & Confectionery,172,pack,181.00,229.41,2027-06-09,Aisle 09,ambient
Golden Chicken Salami 8-Pack,Himalayan Botanicals,BAKE-002214,890100159085,Bakery & Deli,215,pack,301.51,470.62,2026-09-08,Aisle 04,chilled
Homestyle Truffle Infused Mixed Berries Frozen Value Pack,Amul Springs,FROZ-002215,890100159086,Frozen Foods,94,packet,133.44,168.16,2026-11-14,Aisle 09,frozen
Roasted Tulsi Honey Bananas 500g,Organic Tattva Dairy,FRES-002216,890100159087,Fresh Produce,87,pcs,97.07,142.63,2026-09-06,Aisle 02,ambient
Pure Nagpur Orange Moong Dal Namkeen 10-Pack,Catch Springs,SNAC-002217,890100159088,Snacks & Confectionery,33,packet,543.27,865.02,2026-08-30,Aisle 09,ambient
Spiced Cucumbers 5kg,Fortune Naturals,FRES-002218,890100159089,Fresh Produce,88,bunch,85.49,136.81,2026-09-05,Aisle 02,chilled
Sun-Dried Dark Chocolate Cucumbers 750g,Vedic Fresh Milling,FRES-002219,890100159090,Fresh Produce,244,pcs,16.30,28.07,2026-09-08,Aisle 01,chilled
Whole-Grain Ayurvedic Bath Soap 2-Pack,Nature Harvest Springs,HOUS-002220,890100159091,Household & Personal Care,144,pack,91.29,129.97,2028-02-12,Aisle 11,ambient
Low-Sodium Floor Disinfectant Pine 10kg,Vedic Fresh Botanicals,HOUS-002221,890100159092,Household & Personal Care,113,box,81.20,126.37,2027-10-05,Aisle 11,ambient
Crisp Dark Chocolate Bath Tissue 6-Pack 2L,Patanjali Milling,HOUS-002222,890100159093,Household & Personal Care,27,tube,403.06,736.92,2028-12-15,Aisle 12,ambient
Traditional Sweet Corn Kernels 10kg,Catch Mills,FROZ-002223,890100159094,Frozen Foods,117,pack,55.02,94.23,2026-08-17,Aisle 09,frozen
Cold-Pressed Extra Virgin Olive Oil 50g,Kaveri Kitchens,PANT-002224,890100159095,Pantry & Dry Goods,147,box,139.27,202.58,2027-06-28,Aisle 06,ambient
Organic Toasted Sesame Moong Dal Namkeen 150g,Nature Harvest Dairy,SNAC-002225,890100159096,Snacks & Confectionery,220,packet,290.57,451.88,2027-04-11,Aisle 10,ambient
Handcrafted Guava Chilli Juice 200g,Fortune Naturals,BEVE-002226,890100159097,Beverages,102,bottle,171.25,260.46,2027-07-21,Aisle 05,chilled
Desi Coconut Milk Canned 350g,Desi Organics Co.,PANT-002227,890100159098,Pantry & Dry Goods,148,packet,735.91,1160.19,2028-04-23,Aisle 07,ambient
Golden Rose Infused Chicken Drumsticks 200ml,Everest Organics,MEAT-002228,890100159099,Meat & Seafood,58,pack,665.10,1191.77,2026-08-31,Aisle 05,chilled
Traditional Roasted Salted Cashews 250g,Organic Tattva Foods,SNAC-002229,890100159100,Snacks & Confectionery,188,packet,491.40,716.88,2026-08-20,Aisle 09,ambient
Whole-Grain Royal Basmati Rice 500g,Himalayan Mills,PANT-002230,890100159101,Pantry & Dry Goods,108,bag,371.05,475.78,2028-04-19,Aisle 06,ambient
Pure Atlantic Salmon Fillet 2L,Dabur Harvest,MEAT-002231,890100159102,Meat & Seafood,27,pack,918.06,1496.81,2026-09-03,Aisle 04,chilled
Desi Coconut Cream Frozen Veg Momos 10-Pack,Satvik Milling,FROZ-002232,890100159103,Frozen Foods,41,packet,416.66,597.33,2026-12-05,Aisle 08,frozen
Homestyle Organic Rolled Oats 1L,Deccan Provisions,PANT-002233,890100159104,Pantry & Dry Goods,215,bottle,66.00,108.11,2026-08-16,Aisle 08,ambient
Golden Garlic & Herb Roma Tomatoes 400g,Patanjali Kitchens,FRES-002234,890100159105,Fresh Produce,22,kg,112.70,189.20,2026-09-17,Aisle 01,chilled
Royal Ginger Kombucha 250g,Kaveri Provisions,BEVE-002235,890100159106,Beverages,168,bottle,343.84,529.60,2027-08-12,Aisle 06,chilled
Roasted Kachi Ghani Mustard Heavy Cream 10kg,Ganga Agro,DAIR-002236,890100159107,Dairy & Eggs,31,bottle,374.98,609.83,2026-09-18,Aisle 02,chilled
Wildcrafted Kesar Pista Mishri Mawa 10-Pack,Nilgiri Springs,DAIR-002237,890100159108,Dairy & Eggs,212,packet,404.07,738.65,2026-09-18,Aisle 03,chilled
Premium Pasture Eggs 50g,Bhoomi Dairy,DAIR-002238,890100159109,Dairy & Eggs,169,box,234.36,415.73,2026-09-12,Aisle 02,chilled
Crisp Red Chilli & Garlic Seedless Grapes 12-Pack,Dabur Foods,FRES-002239,890100159110,Fresh Produce,148,pack,76.18,97.41,2026-08-31,Aisle 02,chilled
Rustic Lemon Pepper Blueberries 250g,Bhoomi Farms,FRES-002240,890100159111,Fresh Produce,15,pack,141.41,257.29,2026-09-14,Aisle 02,ambient
Pure Roasted Salted Cashews 50g,Everest Kitchens,SNAC-002241,890100159112,Snacks & Confectionery,227,tub,510.17,686.24,2027-04-16,Aisle 10,ambient
Signature Alphonso Mango Soan Papdi Box 500ml,FarmGold Kitchens,SNAC-002242,890100159113,Snacks & Confectionery,187,tub,82.85,113.33,2027-05-18,Aisle 10,ambient
Stone-Ground Sweet Tamarind Fresh Chicken Curry Cut 50g,Catch Mills,MEAT-002243,890100159114,Meat & Seafood,189,kg,209.97,342.70,2026-08-29,Aisle 05,chilled
Cured Squid Rings Cleaned 750ml,Ganga Goods,MEAT-002244,890100159115,Meat & Seafood,15,pcs,236.66,301.76,2026-08-29,Aisle 04,chilled
Gluten-Free Tulsi Honey Boneless Chicken Breast Family Pack,Organic Tattva Organics,MEAT-002245,890100159116,Meat & Seafood,243,pack,349.48,456.60,2026-09-03,Aisle 04,chilled
Roasted Jalapeno Lime Blueberries 350g,Green Earth Milling,FRES-002246,890100159117,Fresh Produce,177,bunch,16.18,27.92,2026-08-28,Aisle 01,chilled
Desi Electrolyte Energy Drink 1L,Saffola Kitchens,BEVE-002247,890100159118,Beverages,130,can,274.14,481.60,2027-05-18,Aisle 06,ambient
Sweet Bath Tissue 6-Pack Snack Pack,Mother Dairy Kitchens,HOUS-002248,890100159119,Household & Personal Care,108,packet,390.61,648.52,2028-02-17,Aisle 12,ambient
Premium Dark Chocolate Granola Health Bars Snack Pack,Desi Organics Springs,SNAC-002249,890100159120,Snacks & Confectionery,6,packet,419.27,654.04,2027-02-10,Aisle 09,ambient
Royal Papayas 200g,Pashmina Farms,FRES-002250,890100159121,Fresh Produce,244,pcs,23.41,39.28,2026-08-27,Aisle 02,chilled
Handcrafted Smoked Paprika Nimbu Paani Soda 200g,Himalayan Naturals,BEVE-002251,890100159122,Beverages,180,pack,242.35,376.30,2027-03-02,Aisle 06,chilled
Rustic Espresso Roast Ground Coffee 5L,Green Earth Organics,BEVE-002252,890100159123,Beverages,216,box,396.72,667.62,2026-09-27,Aisle 05,chilled
Farm-Fresh Ajwain & Jeera Cow Milk 150ml,Kaveri Springs,DAIR-002253,890100159124,Dairy & Eggs,60,packet,207.01,382.77,2026-08-30,Aisle 02,chilled
Signature Cinnamon Spice Coriander Leaves 6-Pack,Saffola Milling,FRES-002254,890100159125,Fresh Produce,206,bunch,72.25,125.89,2026-08-31,Aisle 01,chilled
Select Nagpur Orange Fresh Rohu Fish 5L,Saffola Harvest,MEAT-002255,890100159126,Meat & Seafood,200,kg,252.80,460.52,2026-08-29,Aisle 05,chilled
Cured Guavas 150g,Fortune Goods,FRES-002256,890100159127,Fresh Produce,153,bag,150.79,241.24,2026-09-05,Aisle 02,chilled
Golden Coconut Cream Organic Sharbati Atta 300g,Pure Vedic Co.,PANT-002257,890100159128,Pantry & Dry Goods,241,box,416.42,763.53,2027-09-18,Aisle 08,ambient
Sun-Dried Caramelized Onion Ginger Root Snack Pack,Green Earth Provisions,FRES-002258,890100159129,Fresh Produce,197,pcs,125.74,231.07,2026-09-10,Aisle 02,chilled
Select Gulab Jamun Tin 150g,Patanjali Mills,SNAC-002259,890100159130,Snacks & Confectionery,191,packet,433.45,585.25,2027-06-18,Aisle 10,ambient
Whole-Grain Lentils Red Masoor 2-Pack,Saffola Dairy,PANT-002260,890100159131,Pantry & Dry Goods,13,can,480.88,635.30,2026-08-18,Aisle 06,ambient
Low-Sodium Broccoli Crowns 12-Pack,Mother Dairy Provisions,FRES-002261,890100159132,Fresh Produce,197,pack,42.22,67.81,2026-09-10,Aisle 01,ambient
Authentic Golden Ginger Tender Coconut Water 12-Pack,Bhoomi Mills,BEVE-002262,890100159133,Beverages,25,bottle,432.28,600.77,2026-11-18,Aisle 06,ambient
Extra-Virgin Roasted Makhana Foxnuts 6-Pack,Satvik Organics,SNAC-002263,890100159134,Snacks & Confectionery,161,bar,121.59,213.83,2026-12-10,Aisle 09,ambient
Low-Sodium Masala Chai Frozen Green Peas 200ml,Patanjali Springs,FROZ-002264,890100159135,Frozen Foods,111,bag,315.58,502.12,2027-06-17,Aisle 09,frozen
Aged Mishri Mawa 150g,Catch Provisions,DAIR-002265,890100159136,Dairy & Eggs,81,pack,71.39,117.65,2026-08-26,Aisle 03,chilled
Smoked Liquid Laundry Detergent 5L,Kaveri Goods,HOUS-002266,890100159137,Household & Personal Care,5,box,178.75,277.88,2027-09-22,Aisle 11,ambient
Select Organic Green Tea 12-Pack,FarmGold Organics,BEVE-002267,890100159138,Beverages,221,bag,313.95,561.57,2026-08-30,Aisle 06,chilled
Zero-Sugar Rose Infused Coconut Milk Canned 50g,Desi Organics Plantations,PANT-002268,890100159139,Pantry & Dry Goods,143,bag,294.16,525.09,2028-06-28,Aisle 08,ambient
Signature Masala Potato Chips Snack Pack,Patanjali Goods,SNAC-002269,890100159140,Snacks & Confectionery,122,box,323.00,590.59,2026-12-03,Aisle 10,ambient
Smoked Catla Fish Steaks Value Pack,Pashmina Provisions,MEAT-002270,890100159141,Meat & Seafood,234,pack,785.38,1147.68,2026-08-29,Aisle 05,chilled
Signature Jalapeno Lime Broccoli Crowns 24-Pack,FarmGold Plantations,FRES-002271,890100159142,Fresh Produce,90,kg,112.52,150.53,2026-09-11,Aisle 02,ambient
Raw Alphonso Mango Shampoo Anti-Dandruff 2-Pack,Catch Dairy,HOUS-002272,890100159143,Household & Personal Care,60,tube,133.91,173.24,2027-04-26,Aisle 11,ambient
Whole-Grain Ajwain & Jeera Biodegradable Garbage Bags 10kg,Green Earth Foods,HOUS-002273,890100159144,Household & Personal Care,149,packet,453.60,821.02,2027-06-28,Aisle 12,ambient
Stone-Ground Coconut Cream Gulab Jamun Tin 2L,Amul Dairy,SNAC-002274,890100159145,Snacks & Confectionery,130,box,204.94,335.29,2026-12-22,Aisle 09,ambient
Select Chatpata Masala Granola Health Bars 2L,Desi Organics Dairy,SNAC-002275,890100159146,Snacks & Confectionery,244,bag,235.68,417.48,2026-08-22,Aisle 09,ambient
Sweet Rose Infused Fresh Chicken Curry Cut 500g,Tata Farms,MEAT-002276,890100159147,Meat & Seafood,64,pack,478.28,736.03,2026-08-29,Aisle 04,chilled
Valley Fresh Coconut Cream Ayurvedic Bath Soap Value Pack,FarmGold Organics,HOUS-002277,890100159148,Household & Personal Care,205,box,37.69,53.58,2027-07-15,Aisle 11,ambient
Organic Heavy Cream Snack Pack,Ganga Organics,DAIR-002278,890100159149,Dairy & Eggs,32,box,28.15,47.01,2026-09-11,Aisle 02,chilled
Cured Sweet Corn Kernels 24-Pack,Nilgiri Foods,FROZ-002279,890100159150,Frozen Foods,28,bag,402.38,557.56,2026-08-29,Aisle 09,frozen
Gluten-Free Masala Chai Toor Dal Premium 4-Pack,Saffola Dairy,PANT-002280,890100159151,Pantry & Dry Goods,22,jar,331.24,573.79,2026-11-26,Aisle 07,ambient
Country Style Heavy Cream 2L,Pashmina Organics,DAIR-002281,890100159152,Dairy & Eggs,18,carton,378.13,568.59,2026-09-10,Aisle 02,chilled
Premium Cinnamon Spice Edamame Pods 200g,Bhoomi Botanicals,FROZ-002282,890100159153,Frozen Foods,28,packet,98.51,149.95,2027-03-14,Aisle 08,frozen
Grass-Fed Lavash Crackers 24-Pack,Fortune Dairy,BAKE-002283,890100159154,Bakery & Deli,108,box,84.54,121.19,2026-08-31,Aisle 03,ambient
Desi Garlic Naan Frozen 4pk 2kg,Heritage Organics,FROZ-002284,890100159155,Frozen Foods,124,packet,398.34,645.76,2027-02-02,Aisle 09,frozen
Grass-Fed Gulab Jamun Tin 750g,Satvik Kitchens,SNAC-002285,890100159156,Snacks & Confectionery,121,tub,520.47,800.43,2027-05-05,Aisle 10,ambient
Cured Vanilla Bean Mosquito Vaporizer Refill 4-Pack,Himalayan Foods,HOUS-002286,890100159157,Household & Personal Care,67,packet,68.43,115.00,2028-08-09,Aisle 11,ambient
Whole-Grain Cardamom Spiced Garlic Naan Frozen 4pk 2kg,Heritage Milling,FROZ-002287,890100159158,Frozen Foods,240,box,280.12,421.87,2027-01-05,Aisle 09,frozen
Extra-Virgin Makhana Crunch Cinnamon Swirl Buns 1.5L,Ganga Mills,BAKE-002288,890100159159,Bakery & Deli,173,pcs,79.85,139.28,2026-09-05,Aisle 04,ambient
Smoked Vanilla Bean Organic Sharbati Atta 350g,Himalayan Farms,PANT-002289,890100159160,Pantry & Dry Goods,203,can,371.84,592.31,2027-04-15,Aisle 06,ambient
Roasted Golden Ginger Roasted Makhana Foxnuts 1kg,Desi Organics Mills,SNAC-002290,890100159161,Snacks & Confectionery,98,tub,188.77,244.68,2027-04-18,Aisle 10,ambient
Artisan Nagpur Orange Kulcha 4-Pack 500g,Ganga Agro,BAKE-002291,890100159162,Bakery & Deli,172,pack,66.09,92.98,2026-09-07,Aisle 04,ambient
Organic Organic Green Tea 5L,Pure Vedic Kitchens,BEVE-002292,890100159163,Beverages,233,can,227.68,342.73,2027-01-12,Aisle 06,chilled
Premium Mint Lime Seedless Grapes 50g,Pashmina Co.,FRES-002293,890100159164,Fresh Produce,169,kg,146.02,210.71,2026-09-03,Aisle 01,ambient
Extra-Virgin Dark Chocolate Chana Dal Polished 200ml,Dabur Kitchens,PANT-002294,890100159165,Pantry & Dry Goods,216,jar,568.74,806.35,2027-05-16,Aisle 07,ambient
Zero-Sugar Chatpata Masala Kokum Sharbat 1kg,Tata Dairy,BEVE-002295,890100159166,Beverages,55,pack,96.69,150.22,2027-05-16,Aisle 06,chilled
Premium Garlic Naan Frozen 4pk 300g,Mother Dairy Farms,FROZ-002296,890100159167,Frozen Foods,68,bag,252.72,438.99,2027-08-06,Aisle 09,frozen
Roasted Sweet Tamarind Cucumbers 750g,Catch Provisions,FRES-002297,890100159168,Fresh Produce,133,bag,48.07,71.97,2026-09-03,Aisle 02,chilled
Country Style Organic Rolled Oats 5L,Patanjali Naturals,PANT-002298,890100159169,Pantry & Dry Goods,66,packet,406.16,650.47,2027-03-26,Aisle 07,ambient
Traditional Tandoori Smoked Frozen Veg Momos 500ml,SunBrite Farms,FROZ-002299,890100159170,Frozen Foods,8,box,267.97,372.74,2027-03-23,Aisle 08,frozen
Zero-Sugar Masala Chai Mishri Mawa 250ml,Dabur Milling,DAIR-002300,890100159171,Dairy & Eggs,9,tub,333.59,473.13,2026-09-24,Aisle 02,chilled
Organic Stainless Steel Scrubber 3pk 150ml,Tata Naturals,HOUS-002301,890100159172,Household & Personal Care,214,tube,241.47,408.08,2027-06-20,Aisle 11,ambient
Wildcrafted Sea Salt Cold Pressed Orange Juice 350g,Pure Vedic Provisions,BEVE-002302,890100159173,Beverages,21,carton,329.89,532.46,2027-03-15,Aisle 06,ambient
Select Red Chilli & Garlic Lassi Mango Infused 400g,Green Earth Springs,DAIR-002303,890100159174,Dairy & Eggs,199,box,450.71,584.06,2026-09-05,Aisle 02,chilled
Select Golden Ginger Cinnamon Swirl Buns 12-Pack,Ganga Farms,BAKE-002304,890100159175,Bakery & Deli,116,box,299.48,411.90,2026-09-07,Aisle 04,ambient
Heritage Dark Chocolate Herbal Hand Wash Neem 150g,Urban Roots Foods,HOUS-002305,890100159176,Household & Personal Care,102,tube,526.68,864.10,2029-01-21,Aisle 12,ambient
Natural Wood-Fired Veggie Pizza 100g,Tata Organics,FROZ-002306,890100159177,Frozen Foods,245,packet,189.33,272.74,2026-08-28,Aisle 09,frozen
Traditional Fresh Mosambi Juice 1.5L,Pashmina Naturals,BEVE-002307,890100159178,Beverages,210,carton,52.06,73.97,2027-02-28,Aisle 06,ambient
Golden Palak Leaves 5L,Catch Mills,FRES-002308,890100159179,Fresh Produce,210,bag,65.16,116.15,2026-09-07,Aisle 02,chilled
Cold-Pressed Badam Milk Drink 1kg,Tata Harvest,BEVE-002309,890100159180,Beverages,173,bag,259.31,371.15,2027-08-10,Aisle 05,chilled
Rustic Urad Dal Whole 2-Pack,FarmGold Botanicals,PANT-002310,890100159181,Pantry & Dry Goods,196,packet,64.44,92.22,2027-09-17,Aisle 06,ambient
Traditional Toasted Sesame Cucumbers 250ml,Organic Tattva Milling,FRES-002311,890100159182,Fresh Produce,245,bag,113.53,146.31,2026-09-12,Aisle 02,chilled
Zero-Sugar Raw Wildflower Honey 6-Pack,Heritage Springs,PANT-002312,890100159183,Pantry & Dry Goods,133,box,278.70,442.75,2026-08-23,Aisle 08,ambient
Organic Custard Apple (Sitaphal) 1.5L,Organic Tattva Milling,FRES-002313,890100159184,Fresh Produce,60,bag,64.95,117.65,2026-09-02,Aisle 01,ambient
Spiced Banana Chips Kerala Style 330ml,Mother Dairy Kitchens,SNAC-002314,890100159185,Snacks & Confectionery,84,packet,386.82,574.05,2026-12-06,Aisle 10,ambient
Heritage Yukon Gold Potatoes 750ml,Kaveri Kitchens,FRES-002315,890100159186,Fresh Produce,79,pack,96.11,164.99,2026-09-08,Aisle 02,ambient
Royal Chatpata Masala Dishwash Gel Lemon 1kg,Organic Tattva Co.,HOUS-002316,890100159187,Household & Personal Care,128,packet,227.05,333.16,2028-05-13,Aisle 11,ambient
Natural Pista Almond Blueberries 24-Pack,Dabur Botanicals,FRES-002317,890100159188,Fresh Produce,192,bunch,16.09,26.71,2026-08-30,Aisle 01,chilled
Stone-Ground Cold Pressed Orange Juice 150ml,Deccan Agro,BEVE-002318,890100159189,Beverages,52,carton,232.94,377.81,2027-03-28,Aisle 06,chilled
Natural Smoked Paprika Carrots 250ml,Nature Harvest Springs,FRES-002319,890100159190,Fresh Produce,128,kg,55.03,85.67,2026-08-30,Aisle 02,ambient
Sweet Gulab Jamun Tin 250ml,Saffola Co.,SNAC-002320,890100159191,Snacks & Confectionery,18,packet,67.88,99.40,2027-02-03,Aisle 10,ambient
Golden Pista Almond Granola Health Bars 400g,Green Earth Plantations,SNAC-002321,890100159192,Snacks & Confectionery,42,bag,500.71,919.81,2027-05-26,Aisle 09,ambient
Whole-Grain Vanilla Bean Fabric Softener Floral 1L,Ganga Organics,HOUS-002322,890100159193,Household & Personal Care,146,bottle,128.58,209.11,2028-11-14,Aisle 12,ambient
Gluten-Free Parmigiano-Reggiano 250g,Deccan Harvest,DAIR-002323,890100159194,Dairy & Eggs,13,bottle,389.70,489.75,2026-09-01,Aisle 03,chilled
Select Chicken Frankfurters 500g,Fortune Farms,BAKE-002324,890100159195,Bakery & Deli,18,pack,305.05,522.58,2026-09-01,Aisle 04,ambient
Authentic Kashmiri Saffron Heavy Cream 50g,Bhoomi Farms,DAIR-002325,890100159196,Dairy & Eggs,48,box,213.05,383.69,2026-09-04,Aisle 02,chilled
Handcrafted Matcha Green Tea Apple Cider Vinegar Drink 500g,Kaveri Farms,BEVE-002326,890100159197,Beverages,89,pack,118.25,162.15,2027-07-02,Aisle 06,chilled
Desi Catla Fish Steaks Family Pack,FarmGold Farms,MEAT-002327,890100159198,Meat & Seafood,195,pcs,406.34,602.68,2026-08-29,Aisle 05,chilled
Unpolished Nimbu Paani Soda 350g,Bhoomi Botanicals,BEVE-002328,890100159199,Beverages,63,pack,164.38,233.16,2026-11-23,Aisle 06,ambient
Organic Golden Ginger Chicken Keema 750g,Pure Vedic Naturals,MEAT-002329,890100159200,Meat & Seafood,246,pack,303.94,545.13,2026-09-01,Aisle 04,chilled
Whole-Grain Oat Milk 5L,Heritage Harvest,DAIR-002330,890100159201,Dairy & Eggs,74,packet,151.64,276.80,2026-09-26,Aisle 02,chilled
Sweet Aloo Tikki 8-Pack 4-Pack,Kaveri Springs,FROZ-002331,890100159202,Frozen Foods,46,bag,198.52,343.20,2026-12-25,Aisle 08,frozen
Handcrafted Herbal Hand Wash Neem Value Pack,FarmGold Naturals,HOUS-002332,890100159203,Household & Personal Care,84,pack,547.84,810.37,2028-07-27,Aisle 11,ambient
Artisan Kabuli Chana Large 200g,Tata Agro,PANT-002333,890100159204,Pantry & Dry Goods,79,jar,629.48,812.93,2026-08-22,Aisle 06,ambient
Heritage Apples 10-Pack,Ganga Milling,FRES-002334,890100159205,Fresh Produce,163,pack,97.19,149.49,2026-09-12,Aisle 02,ambient
Wildcrafted Tulsi Honey Kitchen Paper Towels 4-Roll 2-Pack,Mother Dairy Springs,HOUS-002335,890100159206,Household & Personal Care,39,tube,88.54,148.85,2029-01-29,Aisle 11,ambient
Farm-Fresh Roma Tomatoes Snack Pack,Kaveri Co.,FRES-002336,890100159207,Fresh Produce,133,bag,20.80,26.85,2026-08-30,Aisle 02,ambient
Grass-Fed Fabric Softener Floral Value Pack,Bhoomi Foods,HOUS-002337,890100159208,Household & Personal Care,68,pack,115.22,212.60,2028-09-29,Aisle 11,ambient
Sun-Dried Ayurvedic Bath Soap 10kg,Fortune Provisions,HOUS-002338,890100159209,Household & Personal Care,140,box,282.00,412.02,2029-03-29,Aisle 11,ambient
Royal Cinnamon Spice Spicy Peanut Chikki 250ml,Everest Springs,SNAC-002339,890100159210,Snacks & Confectionery,51,bag,68.90,97.74,2026-11-16,Aisle 09,ambient
Farm-Fresh Garlic & Herb Spicy Peanut Chikki 350g,Green Earth Co.,SNAC-002340,890100159211,Snacks & Confectionery,26,box,348.45,536.95,2026-12-24,Aisle 09,ambient
Royal Chicken Drumsticks 100g,Ganga Agro,MEAT-002341,890100159212,Meat & Seafood,23,kg,305.22,535.79,2026-09-01,Aisle 05,chilled
Whole-Grain Makhana Crunch Herbal Hand Wash Neem Family Pack,Satvik Mills,HOUS-002342,890100159213,Household & Personal Care,15,bottle,287.24,376.80,2027-09-22,Aisle 12,ambient
Heritage Garlic & Herb Coconut Milk Canned 5L,Nature Harvest Agro,PANT-002343,890100159214,Pantry & Dry Goods,192,jar,492.76,649.38,2028-04-05,Aisle 08,ambient
Royal Caramelized Onion Roasted Makhana Foxnuts 2-Pack,Heritage Plantations,SNAC-002344,890100159215,Snacks & Confectionery,8,pack,428.59,664.58,2026-11-25,Aisle 09,ambient
Low-Sodium Truffle Infused Pasture Eggs 10-Pack,Royal Indian Goods,DAIR-002345,890100159216,Dairy & Eggs,82,box,332.38,419.70,2026-09-08,Aisle 02,chilled
Zero-Sugar Dark Chocolate Veg Spring Rolls 100g,Pure Vedic Co.,FROZ-002346,890100159217,Frozen Foods,32,pack,377.96,614.40,2027-05-12,Aisle 09,frozen
Raw Frozen Green Peas Value Pack,Nature Harvest Organics,FROZ-002347,890100159218,Frozen Foods,28,pack,94.84,151.41,2027-02-02,Aisle 08,frozen
Cured Tulsi Honey Pink Himalayan Salt 10-Pack,Urban Roots Provisions,PANT-002348,890100159219,Pantry & Dry Goods,116,bottle,211.17,277.47,2027-05-12,Aisle 06,ambient
Smoked Garlic & Herb Yukon Gold Potatoes 1.5L,Tata Kitchens,FRES-002349,890100159220,Fresh Produce,192,bag,17.75,25.25,2026-09-14,Aisle 02,ambient
Heritage Chicken Drumsticks 4-Pack,Satvik Kitchens,MEAT-002350,890100159221,Meat & Seafood,178,pack,824.65,1288.44,2026-09-02,Aisle 04,chilled
Select Cheese Croissant 350g,Himalayan Dairy,BAKE-002351,890100159222,Bakery & Deli,249,box,256.94,328.92,2026-09-01,Aisle 04,chilled
Signature Smoked Paprika Pomfret Whole 4-Pack,Ganga Milling,MEAT-002352,890100159223,Meat & Seafood,246,pack,277.34,411.73,2026-08-28,Aisle 04,chilled
Heritage Alphonso Mango Rawa Sooji 750g,Heritage Naturals,PANT-002353,890100159224,Pantry & Dry Goods,4,jar,393.29,617.56,2027-12-11,Aisle 07,ambient
Gluten-Free Kashmiri Saffron Sweet Potatoes 500g,Vedic Fresh Farms,FRES-002354,890100159225,Fresh Produce,183,pack,93.25,149.06,2026-09-02,Aisle 02,ambient
Grass-Fed Shampoo Anti-Dandruff 5kg,Vedic Fresh Provisions,HOUS-002355,890100159226,Household & Personal Care,27,box,404.24,605.29,2027-08-16,Aisle 12,ambient
Unpolished Garlic Bulbs 750ml,Patanjali Harvest,FRES-002356,890100159227,Fresh Produce,236,kg,159.60,281.12,2026-09-17,Aisle 01,chilled
Whole-Grain Kabuli Chana Large 50g,Nilgiri Botanicals,PANT-002357,890100159228,Pantry & Dry Goods,238,packet,707.72,978.67,2027-08-12,Aisle 08,ambient
Gluten-Free Cinnamon Spice Frozen Paneer Cubes 150g,Amul Milling,FROZ-002358,890100159229,Frozen Foods,249,pack,248.37,415.07,2027-03-06,Aisle 09,frozen
Sweet Nagpur Orange Brownie Bites Snack Pack,Satvik Mills,BAKE-002359,890100159230,Bakery & Deli,242,box,302.99,399.78,2026-08-30,Aisle 03,chilled
Free-Range Roasted Salted Cashews 500ml,Pure Vedic Springs,SNAC-002360,890100159231,Snacks & Confectionery,245,bag,177.45,327.48,2026-12-29,Aisle 10,ambient
Gluten-Free Filter Coffee Beans 150g,Desi Organics Dairy,BEVE-002361,890100159232,Beverages,23,can,250.35,360.93,2027-05-05,Aisle 05,ambient
Natural Feta Cheese 750ml,Himalayan Naturals,DAIR-002362,890100159233,Dairy & Eggs,70,bottle,149.83,245.23,2026-09-06,Aisle 02,chilled
Homestyle Toasted Sesame Feta Cheese 50g,Satvik Farms,DAIR-002363,890100159234,Dairy & Eggs,245,tub,459.37,834.52,2026-09-07,Aisle 03,chilled
Grass-Fed Smoked Paprika Heavy Cream 350g,Catch Naturals,DAIR-002364,890100159235,Dairy & Eggs,178,packet,70.29,110.58,2026-09-13,Aisle 02,chilled
Grass-Fed Chatpata Masala Kabuli Chana Large Snack Pack,Royal Indian Goods,PANT-002365,890100159236,Pantry & Dry Goods,229,jar,345.84,502.69,2026-08-30,Aisle 07,ambient
Free-Range Cinnamon Spice Kokum Sharbat 5L,Heritage Mills,BEVE-002366,890100159237,Beverages,4,carton,224.36,367.96,2026-11-21,Aisle 06,chilled
Gluten-Free Vanilla Bean Carrots 50g,Ganga Mills,FRES-002367,890100159238,Fresh Produce,187,pack,56.86,83.95,2026-09-02,Aisle 01,ambient
Royal Mint Lime Baby Spinach 5L,Vedic Fresh Foods,FRES-002368,890100159239,Fresh Produce,72,kg,52.54,93.25,2026-08-31,Aisle 01,chilled
Wildcrafted Sea Salt Cow Milk 10-Pack,Catch Mills,DAIR-002369,890100159240,Dairy & Eggs,106,box,427.33,694.21,2026-08-28,Aisle 03,chilled
Signature Ajwain & Jeera Atlantic Salmon Fillet 10kg,Deccan Naturals,MEAT-002370,890100159241,Meat & Seafood,15,pack,482.07,678.83,2026-08-28,Aisle 05,chilled
Premium Mint Lime Kabuli Chana Large 100g,Organic Tattva Milling,PANT-002371,890100159242,Pantry & Dry Goods,185,bag,553.75,699.49,2026-08-28,Aisle 06,ambient
Traditional Sea Salt Strawberries 1.5L,Fortune Harvest,FRES-002372,890100159243,Fresh Produce,43,pack,130.78,181.43,2026-08-30,Aisle 02,chilled
Natural Kachi Ghani Mustard Pomfret Whole 10kg,Nature Harvest Organics,MEAT-002373,890100159244,Meat & Seafood,159,pcs,480.94,840.32,2026-08-31,Aisle 05,chilled
Natural Sweet Corn Kernels 2L,Green Earth Goods,FROZ-002374,890100159245,Frozen Foods,232,box,170.83,284.82,2027-01-19,Aisle 09,frozen
Stone-Ground Liquid Laundry Detergent 300g,Fortune Organics,HOUS-002375,890100159246,Household & Personal Care,206,packet,393.43,524.65,2028-05-29,Aisle 12,ambient
Homestyle Biodegradable Garbage Bags 4-Pack,Royal Indian Springs,HOUS-002376,890100159247,Household & Personal Care,41,packet,399.02,724.02,2027-12-04,Aisle 11,ambient
Gourmet Toasted Sesame Watermelon 350g,Heritage Mills,FRES-002377,890100159248,Fresh Produce,32,kg,61.29,101.16,2026-09-09,Aisle 02,ambient
Authentic Pita Bread 1kg,Heritage Botanicals,BAKE-002378,890100159249,Bakery & Deli,89,pack,77.04,101.56,2026-08-28,Aisle 04,ambient
Gourmet Paneer Paratha Frozen 150ml,Vedic Fresh Agro,FROZ-002379,890100159250,Frozen Foods,153,packet,126.79,215.67,2027-04-22,Aisle 08,frozen
Smoked Fruit Cake Slice 10kg,Patanjali Co.,BAKE-002380,890100159251,Bakery & Deli,91,pack,76.24,130.37,2026-08-31,Aisle 04,chilled
Grass-Fed Masala Potato Chips 300g,Ganga Naturals,SNAC-002381,890100159252,Snacks & Confectionery,194,tub,248.79,398.52,2027-05-31,Aisle 10,ambient
Crisp Frozen Samosas 750g,Urban Roots Harvest,FROZ-002382,890100159253,Frozen Foods,13,box,280.57,461.10,2027-06-03,Aisle 08,frozen
Gourmet Urad Dal Whole 300g,Organic Tattva Agro,PANT-002383,890100159254,Pantry & Dry Goods,172,packet,566.81,911.17,2027-06-16,Aisle 07,ambient
Heritage Fruit Muffins 12-Pack,Vedic Fresh Plantations,BAKE-002384,890100159255,Bakery & Deli,155,pcs,236.02,402.57,2026-09-01,Aisle 04,ambient
Whole-Grain Floor Disinfectant Pine 200g,Saffola Co.,HOUS-002385,890100159256,Household & Personal Care,190,box,451.32,648.46,2028-02-15,Aisle 12,ambient
Heritage Lavash Crackers 500ml,Mother Dairy Kitchens,BAKE-002386,890100159257,Bakery & Deli,79,box,89.35,137.68,2026-09-07,Aisle 04,ambient
Crisp Red Chilli & Garlic Dishwash Gel Lemon 2-Pack,Royal Indian Kitchens,HOUS-002387,890100159258,Household & Personal Care,31,pack,171.38,223.77,2026-08-30,Aisle 11,ambient
Select Masala Chai Pink Himalayan Salt 400g,Urban Roots Kitchens,PANT-002388,890100159259,Pantry & Dry Goods,121,box,149.19,211.60,2028-06-09,Aisle 06,ambient
Signature Gouda Block 250g,Deccan Co.,DAIR-002389,890100159260,Dairy & Eggs,164,packet,39.73,59.84,2026-09-26,Aisle 03,chilled
Traditional Multigrain Tortillas 250g,Deccan Botanicals,BAKE-002390,890100159261,Bakery & Deli,89,pack,70.35,109.06,2026-09-03,Aisle 04,chilled
Sun-Dried Kachi Ghani Mustard Floor Disinfectant Pine 350g,Ganga Foods,HOUS-002391,890100159262,Household & Personal Care,162,tube,143.85,243.52,2027-03-15,Aisle 11,ambient
Premium Ajwain & Jeera Pink Himalayan Salt 5L,SunBrite Goods,PANT-002392,890100159263,Pantry & Dry Goods,133,bottle,525.29,772.47,2026-08-28,Aisle 06,ambient
Artisan Smoked Paprika Ricotta Fresh 2L,Bhoomi Provisions,DAIR-002393,890100159264,Dairy & Eggs,55,carton,125.51,181.43,2026-09-05,Aisle 03,chilled
Low-Sodium Soan Papdi Box Family Pack,Amul Kitchens,SNAC-002394,890100159265,Snacks & Confectionery,243,bag,25.94,40.91,2026-08-29,Aisle 10,ambient
Homestyle Chatpata Masala Shampoo Anti-Dandruff 150g,Royal Indian Botanicals,HOUS-002395,890100159266,Household & Personal Care,74,box,349.20,496.00,2029-02-11,Aisle 11,ambient
Pure Badam Milk Drink 350g,Heritage Milling,BEVE-002396,890100159267,Beverages,226,box,388.09,665.76,2027-02-06,Aisle 05,ambient
Handcrafted Brownie Bites 50g,Dabur Springs,BAKE-002397,890100159268,Bakery & Deli,200,pcs,95.33,134.71,2026-09-09,Aisle 04,chilled
Royal Coconut Cream Cheese Croissant 100g,Patanjali Goods,BAKE-002398,890100159269,Bakery & Deli,234,pack,251.43,409.13,2026-08-29,Aisle 04,chilled
Wildcrafted Toasted Sesame Bath Tissue 6-Pack 350g,Organic Tattva Provisions,HOUS-002399,890100159270,Household & Personal Care,224,packet,264.97,422.41,2027-08-31,Aisle 12,ambient
Plant-Based Nagpur Orange Veg Spring Rolls Family Pack,Everest Naturals,FROZ-002400,890100159271,Frozen Foods,36,pack,143.97,240.41,2027-07-08,Aisle 08,frozen
Country Style Amla Juice Pure 50g,Deccan Dairy,BEVE-002401,890100159272,Beverages,144,can,190.11,254.63,2026-08-23,Aisle 05,chilled
Smoked Jalapeno Lime Gourmet Cookies Choco-Chip 500g,Kaveri Foods,SNAC-002402,890100159273,Snacks & Confectionery,93,box,371.59,473.16,2026-11-11,Aisle 09,ambient
Gourmet Kesar Pista Squid Rings Cleaned 350g,Vedic Fresh Springs,MEAT-002403,890100159274,Meat & Seafood,243,pack,900.13,1526.74,2026-09-02,Aisle 05,chilled
Homestyle Fruit Muffins 24-Pack,Deccan Mills,BAKE-002404,890100159275,Bakery & Deli,104,pcs,27.51,48.81,2026-08-30,Aisle 04,ambient
Wildcrafted Fish Fingers Frozen 150ml,Catch Naturals,FROZ-002405,890100159276,Frozen Foods,24,bag,67.60,119.65,2027-02-03,Aisle 09,frozen
Stone-Ground Golden Ginger Badam Milk Drink 1.5L,SunBrite Milling,BEVE-002406,890100159277,Beverages,201,pack,132.36,237.29,2027-01-06,Aisle 05,chilled
Farm-Fresh Sweet Tamarind Carrots 200g,Heritage Foods,FRES-002407,890100159278,Fresh Produce,66,bag,134.02,216.89,2026-09-01,Aisle 02,chilled
Natural Makhana Crunch Lentils Red Masoor 150g,Nature Harvest Organics,PANT-002408,890100159279,Pantry & Dry Goods,97,bag,365.02,629.49,2028-08-09,Aisle 08,ambient
Cold-Pressed Fresh Rohu Fish 200g,SunBrite Springs,MEAT-002409,890100159280,Meat & Seafood,118,pcs,326.05,408.06,2026-09-02,Aisle 04,chilled
Signature Vanilla Bean Chicken Frankfurters 12-Pack,Organic Tattva Provisions,BAKE-002410,890100159281,Bakery & Deli,105,box,198.56,342.76,2026-08-30,Aisle 04,ambient
Heritage Hash Browns 6pk 500g,Nature Harvest Harvest,FROZ-002411,890100159282,Frozen Foods,149,pack,117.64,209.21,2027-02-10,Aisle 09,frozen
Signature Herbal Hand Wash Neem 500ml,Tata Agro,HOUS-002412,890100159283,Household & Personal Care,121,box,578.64,877.81,2028-07-13,Aisle 12,ambient
Plant-Based Makhana Crunch Mishri Mawa 2L,Patanjali Agro,DAIR-002413,890100159284,Dairy & Eggs,193,pack,71.86,114.72,2026-09-22,Aisle 03,chilled
Organic Tulsi Honey Baby Spinach 750ml,FarmGold Co.,FRES-002414,890100159285,Fresh Produce,89,kg,144.93,225.42,2026-09-17,Aisle 01,chilled
Plant-Based Granola Health Bars 150g,Desi Organics Farms,SNAC-002415,890100159286,Snacks & Confectionery,173,bag,294.53,468.37,2027-05-25,Aisle 10,ambient
Select Soy Milk Protein 150ml,Deccan Dairy,DAIR-002416,890100159287,Dairy & Eggs,217,pack,143.17,192.95,2026-09-11,Aisle 02,chilled
Signature Kashmiri Saffron Shampoo Anti-Dandruff 24-Pack,Pure Vedic Farms,HOUS-002417,890100159288,Household & Personal Care,198,tube,78.56,136.71,2028-08-18,Aisle 11,ambient
Country Style Alphonso Mango Wood-Fired Veggie Pizza 250g,Urban Roots Plantations,FROZ-002418,890100159289,Frozen Foods,211,tub,289.49,484.53,2027-05-27,Aisle 08,frozen
Stone-Ground Kesar Pista Kaju Katli Sweet Box 500g,Nature Harvest Plantations,SNAC-002419,890100159290,Snacks & Confectionery,83,tub,318.91,490.16,2026-10-29,Aisle 09,ambient
Artisan Dark Chocolate Alphonso Kulfi Tub 50g,Nilgiri Naturals,FROZ-002420,890100159291,Frozen Foods,84,box,300.96,390.00,2027-05-05,Aisle 09,frozen
Heritage Chicken Sausages 200ml,Tata Farms,MEAT-002421,890100159292,Meat & Seafood,198,pack,349.96,446.68,2026-08-29,Aisle 04,chilled
Unpolished Vanilla Bean Bath Tissue 6-Pack 2-Pack,Himalayan Naturals,HOUS-002422,890100159293,Household & Personal Care,172,pack,172.63,311.16,2028-02-13,Aisle 11,ambient
Wildcrafted Frozen Veg Momos 250ml,Bhoomi Farms,FROZ-002423,890100159294,Frozen Foods,28,bag,185.39,265.38,2027-05-17,Aisle 08,frozen
Crisp Golden Ginger Coconut Milk Canned 100g,Urban Roots Farms,PANT-002424,890100159295,Pantry & Dry Goods,182,packet,111.96,171.75,2028-01-07,Aisle 07,ambient
Zero-Sugar Coconut Cream Frozen Paneer Cubes 8-Pack,Patanjali Mills,FROZ-002425,890100159296,Frozen Foods,167,tub,85.99,152.79,2027-06-21,Aisle 08,frozen
Spiced Matcha Green Tea Frozen Paneer Cubes 50g,Vedic Fresh Harvest,FROZ-002426,890100159297,Frozen Foods,168,box,265.33,475.55,2027-06-08,Aisle 09,frozen
Heritage Lemon Pepper Catla Fish Steaks 50g,Pure Vedic Harvest,MEAT-002427,890100159298,Meat & Seafood,205,pack,774.90,1432.53,2026-08-29,Aisle 04,chilled
Plant-Based Kashmiri Saffron Broccoli Crowns 50g,Organic Tattva Botanicals,FRES-002428,890100159299,Fresh Produce,242,pcs,17.84,29.15,2026-09-10,Aisle 02,chilled
Low-Sodium Kesar Pista Cow Milk 10kg,Saffola Organics,DAIR-002429,890100159300,Dairy & Eggs,94,pack,167.78,268.08,2026-09-19,Aisle 02,chilled
Free-Range Filter Coffee Beans Family Pack,Desi Organics Agro,BEVE-002430,890100159301,Beverages,40,carton,324.51,485.65,2026-09-22,Aisle 05,ambient
Gluten-Free Smoked Paprika Chaash / Buttermilk 200g,Fortune Dairy,DAIR-002431,890100159302,Dairy & Eggs,199,box,113.29,148.12,2026-09-11,Aisle 03,chilled
Valley Fresh Badam Milk Drink Snack Pack,Deccan Dairy,BEVE-002432,890100159303,Beverages,46,box,223.42,372.06,2027-05-06,Aisle 06,ambient
Valley Fresh Sparkling Mineral Water 300g,Mother Dairy Springs,BEVE-002433,890100159304,Beverages,122,can,305.47,546.89,2026-11-25,Aisle 06,chilled
Plant-Based 70% Dark Chocolate Bar Value Pack,Amul Plantations,SNAC-002434,890100159305,Snacks & Confectionery,109,tub,542.66,794.43,2027-05-22,Aisle 09,ambient
Golden Ayurvedic Bath Soap 4-Pack,Pashmina Goods,HOUS-002435,890100159306,Household & Personal Care,121,packet,376.41,658.11,2028-09-17,Aisle 11,ambient
Grass-Fed Lemon Pepper Green Peas Fresh Value Pack,Ganga Plantations,FRES-002436,890100159307,Fresh Produce,161,pcs,16.85,22.58,2026-09-07,Aisle 02,chilled
Stone-Ground Sea Salt Chicken Salami 300g,Deccan Goods,BAKE-002437,890100159308,Bakery & Deli,152,pcs,177.33,251.09,2026-09-02,Aisle 03,ambient
Low-Sodium Mint Lime Frozen Green Peas 5kg,Nilgiri Co.,FROZ-002438,890100159309,Frozen Foods,43,tub,300.75,445.47,2027-04-20,Aisle 09,frozen
Country Style Mustard Oil Kachi Ghani 2-Pack,Fortune Harvest,PANT-002439,890100159310,Pantry & Dry Goods,148,can,371.62,500.55,2027-06-05,Aisle 07,ambient
Traditional Mutton Chops 1.5L,Himalayan Botanicals,MEAT-002440,890100159311,Meat & Seafood,190,pack,441.33,604.63,2026-09-02,Aisle 04,chilled
Homestyle Surface Floor Cleaner Rose 750ml,FarmGold Springs,HOUS-002441,890100159312,Household & Personal Care,110,packet,183.91,334.19,2029-01-24,Aisle 12,ambient
Select Caramelized Onion Cow Milk 6-Pack,Saffola Provisions,DAIR-002442,890100159313,Dairy & Eggs,174,tub,175.74,321.70,2026-09-05,Aisle 02,chilled
Raw Pista Almond Sourdough Loaf 4-Pack,Nilgiri Springs,BAKE-002443,890100159314,Bakery & Deli,62,box,92.06,159.60,2026-09-04,Aisle 04,ambient
Organic Cinnamon Spice Mutton Chops 4-Pack,Catch Dairy,MEAT-002444,890100159315,Meat & Seafood,28,pack,793.52,1171.86,2026-09-03,Aisle 04,chilled
Roasted Cold Pressed Orange Juice 2-Pack,Ganga Naturals,BEVE-002445,890100159316,Beverages,80,can,197.48,277.24,2027-04-14,Aisle 05,chilled
Smoked Truffle Infused Shampoo Anti-Dandruff 8-Pack,Himalayan Naturals,HOUS-002446,890100159317,Household & Personal Care,224,tube,111.85,140.39,2028-02-18,Aisle 11,ambient
Smoked Kachi Ghani Mustard Mutton Chops 250g,Kaveri Mills,MEAT-002447,890100159318,Meat & Seafood,120,pcs,883.00,1458.31,2026-09-02,Aisle 04,chilled
Homestyle Red Chilli & Garlic Filter Coffee Beans 10-Pack,Green Earth Naturals,BEVE-002448,890100159319,Beverages,169,box,64.35,117.61,2026-12-02,Aisle 06,ambient
Handcrafted Frozen Samosas 750g,Vedic Fresh Organics,FROZ-002449,890100159320,Frozen Foods,25,bag,296.72,401.42,2027-07-02,Aisle 09,frozen
Cured Coconut Milk Canned 330ml,Pashmina Naturals,PANT-002450,890100159321,Pantry & Dry Goods,218,bottle,103.13,147.52,2027-03-23,Aisle 06,ambient
Raw Cardamom Spiced Masala CTC Tea 2kg,Catch Milling,BEVE-002451,890100159322,Beverages,16,bottle,426.99,638.85,2027-06-14,Aisle 06,ambient
Grass-Fed Pista Almond Yukon Gold Potatoes Family Pack,Himalayan Foods,FRES-002452,890100159323,Fresh Produce,63,bag,144.25,236.03,2026-09-15,Aisle 01,chilled
Authentic Matcha Green Tea Buffalo Milk 500g,Kaveri Milling,DAIR-002453,890100159324,Dairy & Eggs,125,tub,192.37,294.96,2026-09-19,Aisle 03,chilled
Cured Rose Infused Bhujia Sev 8-Pack,Amul Mills,SNAC-002454,890100159325,Snacks & Confectionery,234,tub,160.82,244.31,2027-02-21,Aisle 09,ambient
Desi Lemon Pepper Cauliflower 500ml,Organic Tattva Co.,FRES-002455,890100159326,Fresh Produce,206,pack,146.30,240.07,2026-09-06,Aisle 01,ambient
Free-Range Mint Lime Cinnamon Swirl Buns 6-Pack,Nature Harvest Kitchens,BAKE-002456,890100159327,Bakery & Deli,47,pack,172.83,307.80,2026-08-31,Aisle 03,ambient
Gluten-Free Banana Chips Kerala Style 300g,Vedic Fresh Springs,SNAC-002457,890100159328,Snacks & Confectionery,160,pack,492.12,875.47,2027-05-27,Aisle 09,ambient
Gourmet Kesar Pista Smoked Chicken Slices 200g,Amul Springs,BAKE-002458,890100159329,Bakery & Deli,186,pcs,172.95,279.90,2026-09-08,Aisle 03,chilled
Golden Cinnamon Spice Roasted Salted Cashews 4-Pack,Urban Roots Dairy,SNAC-002459,890100159330,Snacks & Confectionery,59,tub,355.18,534.11,2026-11-03,Aisle 10,ambient
Signature Cinnamon Spice Pita Bread 500ml,Nature Harvest Foods,BAKE-002460,890100159331,Bakery & Deli,109,pcs,72.35,95.67,2026-09-08,Aisle 04,ambient
Plant-Based Desi Cow Ghee Family Pack,SunBrite Agro,DAIR-002461,890100159332,Dairy & Eggs,119,tub,201.88,275.62,2026-09-09,Aisle 02,chilled
Raw Tulsi Honey Iced Lemon Tea 6-Pack,Everest Springs,BEVE-002462,890100159333,Beverages,19,box,271.14,387.36,2026-11-20,Aisle 05,chilled
Heritage Sweet Tamarind Coriander Leaves 8-Pack,Deccan Plantations,FRES-002463,890100159334,Fresh Produce,106,pcs,91.06,158.00,2026-09-08,Aisle 02,ambient
Gluten-Free Custard Apple (Sitaphal) 1.5L,Nature Harvest Agro,FRES-002464,890100159335,Fresh Produce,41,bunch,34.77,54.04,2026-08-31,Aisle 02,ambient
Farm-Fresh Golden Ginger Aloo Tikki 8-Pack 1kg,Amul Agro,FROZ-002465,890100159336,Frozen Foods,209,box,180.02,331.68,2026-12-29,Aisle 09,frozen
Plant-Based Coconut Cream Bhujia Sev 1L,Catch Farms,SNAC-002466,890100159337,Snacks & Confectionery,181,bag,77.46,131.37,2027-01-09,Aisle 09,ambient
Plant-Based Chicken Sausages 250ml,Kaveri Dairy,MEAT-002467,890100159338,Meat & Seafood,13,pcs,655.48,1047.03,2026-08-29,Aisle 04,chilled
Valley Fresh Matcha Green Tea Goat Mince Premium Family Pack,FarmGold Plantations,MEAT-002468,890100159339,Meat & Seafood,144,pack,732.17,918.38,2026-09-02,Aisle 05,chilled
Select Ginger Kombucha 330ml,Dabur Farms,BEVE-002469,890100159340,Beverages,43,box,142.65,191.29,2026-11-04,Aisle 06,chilled
Select Cardamom Spiced Curd Tub (Dahi) 4-Pack,Everest Farms,DAIR-002470,890100159341,Dairy & Eggs,136,pack,39.33,52.38,2026-09-22,Aisle 03,chilled
Country Style Pista Almond Organic Sharbati Atta 150g,Saffola Organics,PANT-002471,890100159342,Pantry & Dry Goods,162,can,312.36,494.50,2027-08-28,Aisle 08,ambient
Handcrafted Sweet Tamarind Pure Jaggery Powder (Gud) 500ml,Fortune Harvest,PANT-002472,890100159343,Pantry & Dry Goods,191,bottle,333.41,527.55,2026-12-31,Aisle 07,ambient
Golden Granola Health Bars 50g,Everest Agro,SNAC-002473,890100159344,Snacks & Confectionery,83,bar,434.14,645.43,2027-04-02,Aisle 09,ambient
Royal Granola Health Bars 5L,Mother Dairy Goods,SNAC-002474,890100159345,Snacks & Confectionery,170,bag,21.19,27.61,2027-06-07,Aisle 10,ambient
Aged Alphonso Kulfi Tub 12-Pack,Fortune Plantations,FROZ-002475,890100159346,Frozen Foods,127,box,193.44,317.76,2027-05-18,Aisle 09,frozen
Cured Chatpata Masala Watermelon 1.5L,Green Earth Organics,FRES-002476,890100159347,Fresh Produce,116,kg,87.44,111.03,2026-08-16,Aisle 01,ambient
Homestyle Sweet Tamarind Masala CTC Tea 1.5L,Tata Springs,BEVE-002477,890100159348,Beverages,117,carton,352.80,518.88,2027-07-08,Aisle 06,chilled
Zero-Sugar Kesar Pista Brioche Burger Buns 350g,Urban Roots Naturals,BAKE-002478,890100159349,Bakery & Deli,52,box,240.39,362.30,2026-09-04,Aisle 03,ambient
Grass-Fed Jalapeno Lime Moong Dal Washed 1.5L,Dabur Co.,PANT-002479,890100159350,Pantry & Dry Goods,15,bag,613.52,1028.27,2026-08-29,Aisle 07,ambient
Farm-Fresh Sweet Tamarind Kabuli Chana Large 500ml,Deccan Provisions,PANT-002480,890100159351,Pantry & Dry Goods,214,can,235.70,349.40,2027-01-01,Aisle 07,ambient
Authentic Veg Burger Patties 2L,Tata Foods,FROZ-002481,890100159352,Frozen Foods,199,pack,269.49,389.71,2027-01-24,Aisle 09,frozen
Signature Sea Salt Moong Dal Namkeen 8-Pack,Amul Organics,SNAC-002482,890100159353,Snacks & Confectionery,61,tub,271.19,407.92,2026-11-25,Aisle 10,ambient
Country Style Tulsi Honey Bath Tissue 6-Pack 6-Pack,Deccan Co.,HOUS-002483,890100159354,Household & Personal Care,66,tube,50.97,73.75,2027-03-29,Aisle 12,ambient
Sweet Smoked Paprika Sparkling Mineral Water 5kg,Desi Organics Naturals,BEVE-002484,890100159355,Beverages,148,bag,146.78,239.79,2026-09-27,Aisle 05,ambient
Valley Fresh Kesar Pista Squid Rings Cleaned 50g,Nilgiri Co.,MEAT-002485,890100159356,Meat & Seafood,218,pcs,756.09,1065.71,2026-08-29,Aisle 04,chilled
Aged Ajwain & Jeera Banana Chips Kerala Style 50g,Nilgiri Plantations,SNAC-002486,890100159357,Snacks & Confectionery,235,packet,31.40,54.59,2027-02-10,Aisle 10,ambient
Authentic Cardamom Spiced Chicken Keema 1L,Satvik Plantations,MEAT-002487,890100159358,Meat & Seafood,51,pcs,589.68,802.39,2026-08-29,Aisle 05,chilled
Roasted Pita Bread 10kg,Saffola Dairy,BAKE-002488,890100159359,Bakery & Deli,46,box,205.12,272.71,2026-09-02,Aisle 03,chilled
Spiced Squid Rings Cleaned 2L,Amul Foods,MEAT-002489,890100159360,Meat & Seafood,169,pack,592.07,1035.20,2026-08-23,Aisle 04,chilled
Gluten-Free Spicy Peanut Chikki 250ml,Urban Roots Provisions,SNAC-002490,890100159361,Snacks & Confectionery,219,box,90.94,139.27,2027-02-27,Aisle 09,ambient
Pure Caramelized Onion Masala Potato Chips 500g,SunBrite Goods,SNAC-002491,890100159362,Snacks & Confectionery,67,tub,25.13,38.37,2027-05-21,Aisle 09,ambient
Roasted Truffle Infused Mustard Oil Kachi Ghani 8-Pack,SunBrite Harvest,PANT-002492,890100159363,Pantry & Dry Goods,135,bottle,43.78,62.99,2027-06-29,Aisle 06,ambient
Smoked Stainless Steel Scrubber 3pk 50g,Catch Foods,HOUS-002493,890100159364,Household & Personal Care,68,box,325.16,451.89,2028-03-21,Aisle 12,ambient
Royal Tandoori Smoked Electrolyte Energy Drink 50g,Amul Farms,BEVE-002494,890100159365,Beverages,154,box,291.28,450.99,2027-03-15,Aisle 06,ambient
Aged Fruit Muffins 200ml,Satvik Goods,BAKE-002495,890100159366,Bakery & Deli,171,box,118.44,154.05,2026-09-09,Aisle 04,ambient
Smoked Chatpata Masala Granola Health Bars 1L,Organic Tattva Provisions,SNAC-002496,890100159367,Snacks & Confectionery,165,tub,314.44,447.73,2027-06-11,Aisle 10,ambient
Sun-Dried Ajwain & Jeera Bottle Gourd (Lauki) 350g,Organic Tattva Milling,FRES-002497,890100159368,Fresh Produce,171,bag,148.07,189.45,2026-08-24,Aisle 01,chilled
Low-Sodium Kesar Pista Sona Masoori Rice 1kg,Nilgiri Kitchens,PANT-002498,890100159369,Pantry & Dry Goods,70,can,220.63,298.84,2027-03-04,Aisle 06,ambient
Grass-Fed Mint Lime Cinnamon Swirl Buns 10kg,Ganga Plantations,BAKE-002499,890100159370,Bakery & Deli,239,pcs,160.10,210.90,2026-08-28,Aisle 03,ambient
Plant-Based Mint Lime Butter Croissants 1L,Urban Roots Plantations,BAKE-002500,890100159371,Bakery & Deli,41,pack,73.24,99.28,2026-09-03,Aisle 03,chilled
Sun-Dried Roasted Makhana Foxnuts Value Pack,Desi Organics Co.,SNAC-002501,890100159372,Snacks & Confectionery,232,packet,445.08,628.04,2027-01-08,Aisle 09,ambient
Golden Herbal Hand Wash Neem 500g,Pure Vedic Kitchens,HOUS-002502,890100159373,Household & Personal Care,137,pack,81.77,133.82,2028-01-21,Aisle 11,ambient
Valley Fresh Frozen Veg Momos 350g,Urban Roots Mills,FROZ-002503,890100159374,Frozen Foods,240,pack,194.25,319.15,2027-03-08,Aisle 08,frozen
Zero-Sugar Tender Coconut Water 250ml,Heritage Milling,BEVE-002504,890100159375,Beverages,79,box,277.69,447.87,2027-04-18,Aisle 05,ambient
Gluten-Free Cucumbers Value Pack,Urban Roots Milling,FRES-002505,890100159376,Fresh Produce,212,kg,43.37,69.42,2026-09-07,Aisle 02,ambient
Cold-Pressed Rose Infused Alphonso Kulfi Tub 200g,Dabur Dairy,FROZ-002506,890100159377,Frozen Foods,198,tub,114.68,161.12,2027-02-28,Aisle 09,frozen
Smoked Truffle Infused Diet Mixture Namkeen 6-Pack,Amul Botanicals,SNAC-002507,890100159378,Snacks & Confectionery,123,pack,133.30,200.28,2027-03-22,Aisle 09,ambient
Authentic Organic Sharbati Atta 50g,Organic Tattva Foods,PANT-002508,890100159379,Pantry & Dry Goods,235,bottle,622.11,857.07,2026-08-25,Aisle 08,ambient
Country Style Kachi Ghani Mustard Moong Dal Washed 150ml,Tata Provisions,PANT-002509,890100159380,Pantry & Dry Goods,133,jar,452.20,663.69,2028-07-07,Aisle 06,ambient
Farm-Fresh Coconut Cream Ladyfinger (Bhindi) 750ml,Royal Indian Springs,FRES-002510,890100159381,Fresh Produce,140,pcs,40.52,73.96,2026-09-15,Aisle 01,ambient
Sun-Dried Golden Ginger Mosquito Vaporizer Refill 750g,Organic Tattva Organics,HOUS-002511,890100159382,Household & Personal Care,64,box,37.54,53.00,2029-01-16,Aisle 11,ambient
Artisan Chicken Drumsticks Value Pack,Tata Springs,MEAT-002512,890100159383,Meat & Seafood,119,pcs,794.42,1183.88,2026-08-30,Aisle 04,chilled
Homestyle Kashmiri Saffron Badam Milk Drink 150g,Everest Organics,BEVE-002513,890100159384,Beverages,147,box,40.25,65.16,2027-04-04,Aisle 06,ambient
Low-Sodium Sweet Tamarind Kabuli Chana Large Family Pack,Patanjali Dairy,PANT-002514,890100159385,Pantry & Dry Goods,40,bottle,358.43,625.45,2027-06-24,Aisle 08,ambient
Gluten-Free Lemon Pepper Frozen Paneer Cubes 2kg,Satvik Co.,FROZ-002515,890100159386,Frozen Foods,203,pack,53.78,74.73,2027-07-29,Aisle 08,frozen
Gluten-Free Jalapeno Lime Ladyfinger (Bhindi) 500g,Patanjali Springs,FRES-002516,890100159387,Fresh Produce,54,kg,46.29,60.00,2026-09-17,Aisle 02,ambient
Unpolished Red Chilli & Garlic Catla Fish Steaks 5L,Urban Roots Agro,MEAT-002517,890100159388,Meat & Seafood,215,pcs,289.69,465.95,2026-08-30,Aisle 05,chilled
Sun-Dried Chicken Frankfurters 500ml,Desi Organics Harvest,BAKE-002518,890100159389,Bakery & Deli,173,pcs,140.38,194.21,2026-09-04,Aisle 03,chilled
Cold-Pressed Diet Mixture Namkeen 500g,Satvik Botanicals,SNAC-002519,890100159390,Snacks & Confectionery,214,tub,143.28,243.87,2027-03-04,Aisle 10,ambient
Organic Bath Tissue 6-Pack Family Pack,Urban Roots Co.,HOUS-002520,890100159391,Household & Personal Care,147,box,462.05,837.19,2027-06-29,Aisle 12,ambient
Gourmet Amla Juice Pure 24-Pack,Tata Mills,BEVE-002521,890100159392,Beverages,78,box,369.59,474.06,2026-11-11,Aisle 05,chilled
Homestyle Cinnamon Spice Roasted Salted Cashews 50g,Ganga Dairy,SNAC-002522,890100159393,Snacks & Confectionery,21,bar,335.11,559.57,2026-10-29,Aisle 10,ambient
Golden Bath Tissue 6-Pack 5L,Dabur Organics,HOUS-002523,890100159394,Household & Personal Care,41,tube,320.15,485.19,2027-03-02,Aisle 11,ambient
Farm-Fresh Cinnamon Spice Bamboo Toothbrush 2pk 1L,Green Earth Harvest,HOUS-002524,890100159395,Household & Personal Care,188,packet,294.95,522.63,2029-05-05,Aisle 12,ambient
Sweet Masala Chai Extra Virgin Olive Oil 24-Pack,Amul Agro,PANT-002525,890100159396,Pantry & Dry Goods,55,jar,501.38,663.02,2028-04-15,Aisle 06,ambient
Plant-Based Veg Spring Rolls 300g,Vedic Fresh Farms,FROZ-002526,890100159397,Frozen Foods,149,packet,116.01,160.69,2027-08-22,Aisle 09,frozen
Aged Vanilla Bean Poha Thick Flakes 4-Pack,Organic Tattva Goods,PANT-002527,890100159398,Pantry & Dry Goods,105,packet,67.69,113.71,2028-04-21,Aisle 06,ambient
Desi Garlic & Herb Roasted Salted Cashews 750ml,Ganga Foods,SNAC-002528,890100159399,Snacks & Confectionery,171,pack,45.25,69.26,2026-12-24,Aisle 10,ambient
Natural Pista Almond Biodegradable Garbage Bags 400g,Catch Provisions,HOUS-002529,890100159400,Household & Personal Care,174,tube,551.95,732.65,2029-04-16,Aisle 12,ambient
Organic Sea Salt Kulcha 4-Pack 8-Pack,SunBrite Kitchens,BAKE-002530,890100159401,Bakery & Deli,132,pack,142.08,206.16,2026-09-09,Aisle 04,chilled
Free-Range Red Chilli & Garlic Unsalted White Butter 1L,Royal Indian Organics,DAIR-002531,890100159402,Dairy & Eggs,217,box,358.68,560.20,2026-09-26,Aisle 02,chilled
Premium Pista Almond Masala CTC Tea 330ml,Vedic Fresh Kitchens,BEVE-002532,890100159403,Beverages,132,bottle,56.40,74.57,2027-07-07,Aisle 05,chilled
Gluten-Free Garlic & Herb Bath Tissue 6-Pack 750ml,Bhoomi Milling,HOUS-002533,890100159404,Household & Personal Care,101,tube,489.14,824.32,2028-07-08,Aisle 11,ambient
Pure Lemon Pepper Sweet Corn Kernels 6-Pack,Desi Organics Co.,FROZ-002534,890100159405,Frozen Foods,226,tub,213.17,271.91,2026-08-27,Aisle 09,frozen
Roasted Mutton Chops 10kg,FarmGold Organics,MEAT-002535,890100159406,Meat & Seafood,147,pcs,185.95,327.02,2026-09-03,Aisle 05,chilled
Low-Sodium Bhujia Sev 5kg,Pure Vedic Foods,SNAC-002536,890100159407,Snacks & Confectionery,10,packet,27.12,34.41,2026-11-17,Aisle 10,ambient
Homestyle Cinnamon Spice Strawberries Value Pack,Mother Dairy Dairy,FRES-002537,890100159408,Fresh Produce,245,pack,22.43,41.35,2026-09-01,Aisle 01,chilled
Valley Fresh Pasture Eggs Snack Pack,Pashmina Goods,DAIR-002538,890100159409,Dairy & Eggs,13,bottle,134.37,190.86,2026-09-19,Aisle 03,chilled
Wildcrafted Cardamom Spiced Chicken Drumsticks 400g,Desi Organics Milling,MEAT-002539,890100159410,Meat & Seafood,85,pcs,835.48,1059.24,2026-08-30,Aisle 05,chilled
Valley Fresh Fresh Mosambi Juice 250ml,Amul Plantations,BEVE-002540,890100159411,Beverages,120,bag,158.55,286.01,2027-06-25,Aisle 06,ambient
Free-Range Pomfret Whole 5L,Nilgiri Provisions,MEAT-002541,890100159412,Meat & Seafood,141,pack,575.86,1040.53,2026-08-31,Aisle 05,chilled
Farm-Fresh Cardamom Spiced Edamame Pods Value Pack,Catch Springs,FROZ-002542,890100159413,Frozen Foods,218,pack,51.12,85.16,2027-03-16,Aisle 09,frozen
Golden Cinnamon Spice Sourdough Loaf 12-Pack,Fortune Dairy,BAKE-002543,890100159414,Bakery & Deli,60,pcs,201.46,267.14,2026-08-31,Aisle 04,chilled
Smoked Caramelized Onion Butter Croissants 50g,Satvik Milling,BAKE-002544,890100159415,Bakery & Deli,112,pack,202.59,334.01,2026-09-05,Aisle 04,ambient
Plant-Based Multigrain Tortillas 24-Pack,Nilgiri Naturals,BAKE-002545,890100159416,Bakery & Deli,15,box,203.30,311.68,2026-09-05,Aisle 03,ambient
Authentic Caramelized Onion Poha Thick Flakes 1.5L,Vedic Fresh Organics,PANT-002546,890100159417,Pantry & Dry Goods,74,can,208.39,275.22,2028-06-10,Aisle 06,ambient
Valley Fresh Kesar Pista Sparkling Mineral Water 150g,Royal Indian Mills,BEVE-002547,890100159418,Beverages,86,box,122.98,201.91,2027-08-15,Aisle 06,ambient
Authentic Masala Chai Bananas 1kg,Desi Organics Organics,FRES-002548,890100159419,Fresh Produce,143,bunch,159.14,287.87,2026-09-03,Aisle 02,chilled
Extra-Virgin Chicken Sausages 10-Pack,Himalayan Plantations,MEAT-002549,890100159420,Meat & Seafood,146,pack,256.62,327.31,2026-08-22,Aisle 05,chilled
Select Ginger Root 250g,Amul Dairy,FRES-002550,890100159421,Fresh Produce,19,bag,96.42,127.01,2026-09-04,Aisle 02,ambient
Roasted Frozen Samosas Family Pack,Catch Naturals,FROZ-002551,890100159422,Frozen Foods,175,box,351.93,599.07,2027-01-11,Aisle 08,frozen
Valley Fresh Ginger Kombucha 200g,FarmGold Farms,BEVE-002552,890100159423,Beverages,154,bag,116.34,178.49,2026-10-08,Aisle 05,ambient
Unpolished Electrolyte Energy Drink 200g,Satvik Plantations,BEVE-002553,890100159424,Beverages,201,pack,137.39,202.55,2026-08-30,Aisle 05,chilled
Smoked California Almonds 350g,Royal Indian Farms,SNAC-002554,890100159425,Snacks & Confectionery,218,box,390.18,574.26,2027-04-22,Aisle 10,ambient
Farm-Fresh Tandoori Smoked Organic Sharbati Atta 2L,Catch Agro,PANT-002555,890100159426,Pantry & Dry Goods,89,can,491.58,821.05,2027-10-09,Aisle 06,ambient
Grass-Fed Amla Juice Pure 24-Pack,Patanjali Harvest,BEVE-002556,890100159427,Beverages,83,box,35.62,45.27,2027-03-22,Aisle 06,chilled
Cured Smoked Paprika Alphonso Kulfi Tub 100g,Royal Indian Co.,FROZ-002557,890100159428,Frozen Foods,115,bag,149.68,257.96,2027-06-23,Aisle 09,frozen
Authentic Mint Lime Spicy Peanut Chikki 200ml,Bhoomi Mills,SNAC-002558,890100159429,Snacks & Confectionery,51,bar,284.23,388.70,2026-11-14,Aisle 09,ambient
Heritage Banana Chips Kerala Style 4-Pack,Himalayan Organics,SNAC-002559,890100159430,Snacks & Confectionery,233,packet,297.88,382.50,2027-01-24,Aisle 10,ambient
Premium California Almonds 1L,Amul Milling,SNAC-002560,890100159431,Snacks & Confectionery,4,bag,300.02,446.77,2027-01-18,Aisle 09,ambient
Raw Boneless Chicken Breast 750ml,FarmGold Farms,MEAT-002561,890100159432,Meat & Seafood,141,pack,674.33,1184.51,2026-08-29,Aisle 04,chilled
Grass-Fed Atlantic Salmon Fillet 10kg,Nature Harvest Dairy,MEAT-002562,890100159433,Meat & Seafood,227,kg,234.68,309.11,2026-09-01,Aisle 04,chilled
Rustic Filter Coffee Beans 12-Pack,Saffola Organics,BEVE-002563,890100159434,Beverages,66,can,393.83,674.74,2027-05-24,Aisle 05,chilled
Country Style Cow Milk 2kg,Pure Vedic Co.,DAIR-002564,890100159435,Dairy & Eggs,174,carton,404.19,605.23,2026-09-15,Aisle 03,chilled
Raw Alphonso Mango Malai Kulfi Bar 200g,Urban Roots Co.,FROZ-002565,890100159436,Frozen Foods,11,box,68.65,98.95,2026-08-18,Aisle 08,frozen
Desi Catla Fish Steaks 300g,FarmGold Foods,MEAT-002566,890100159437,Meat & Seafood,215,kg,288.84,468.06,2026-08-30,Aisle 05,chilled
Homestyle Tulsi Honey Clove & Mint Toothpaste 2L,Heritage Agro,HOUS-002567,890100159438,Household & Personal Care,174,packet,182.07,232.60,2028-04-10,Aisle 12,ambient
Pure Roasted Salted Cashews 2kg,Pashmina Farms,SNAC-002568,890100159439,Snacks & Confectionery,228,pack,159.57,250.23,2027-01-14,Aisle 10,ambient
Farm-Fresh Smoked Paprika Pita Bread 1kg,Catch Naturals,BAKE-002569,890100159440,Bakery & Deli,239,pack,75.73,124.49,2026-09-06,Aisle 04,chilled
Crisp Smoked Paprika Salted Butter 4-Pack,Fortune Kitchens,DAIR-002570,890100159441,Dairy & Eggs,24,carton,412.02,759.96,2026-09-24,Aisle 03,chilled
Wildcrafted Herbal Hand Wash Neem 4-Pack,Saffola Dairy,HOUS-002571,890100159442,Household & Personal Care,88,pack,248.95,350.45,2028-01-04,Aisle 11,ambient
Grass-Fed Frozen Veg Momos 250g,Urban Roots Goods,FROZ-002572,890100159443,Frozen Foods,172,bag,331.12,543.73,2027-04-02,Aisle 09,frozen
Zero-Sugar Lassi Mango Infused 150g,Amul Foods,DAIR-002573,890100159444,Dairy & Eggs,94,tub,137.36,219.13,2026-09-09,Aisle 02,chilled
Crisp Jalapeno Lime Paneer Block 10kg,Satvik Harvest,DAIR-002574,890100159445,Dairy & Eggs,78,carton,317.17,574.97,2026-09-16,Aisle 03,chilled
Cold-Pressed Lassi Mango Infused 200g,Dabur Kitchens,DAIR-002575,890100159446,Dairy & Eggs,241,tub,476.98,740.64,2026-09-05,Aisle 03,chilled
Extra-Virgin Jalapeno Lime Biodegradable Garbage Bags 300g,Patanjali Naturals,HOUS-002576,890100159447,Household & Personal Care,82,box,323.47,428.27,2028-03-14,Aisle 11,ambient
Raw Kesar Pista Cucumbers 2-Pack,Everest Provisions,FRES-002577,890100159448,Fresh Produce,139,bag,48.99,76.47,2026-09-08,Aisle 01,ambient
Rustic Chatpata Masala Chamomile Herbal Tea 5L,Fortune Agro,BEVE-002578,890100159449,Beverages,170,box,412.67,709.15,2026-08-29,Aisle 06,chilled
Zero-Sugar Matcha Green Tea Mosquito Vaporizer Refill 200g,Catch Farms,HOUS-002579,890100159450,Household & Personal Care,20,tube,85.14,122.91,2027-12-21,Aisle 11,ambient
Golden Lemons 8-Pack,Dabur Co.,FRES-002580,890100159451,Fresh Produce,237,pcs,111.95,183.18,2026-09-11,Aisle 01,chilled
Golden Brioche Burger Buns 100g,Saffola Milling,BAKE-002581,890100159452,Bakery & Deli,232,pack,197.19,330.84,2026-09-03,Aisle 04,ambient
Artisan Sweet Tamarind Roasted Salted Cashews 350g,Green Earth Springs,SNAC-002582,890100159453,Snacks & Confectionery,193,packet,242.67,403.98,2027-05-30,Aisle 10,ambient
Spiced Smoked Paprika Spicy Peanut Chikki 200g,Desi Organics Botanicals,SNAC-002583,890100159454,Snacks & Confectionery,203,pack,371.91,647.63,2027-01-12,Aisle 10,ambient
Natural Pista Almond Ayurvedic Bath Soap 300g,Satvik Co.,HOUS-002584,890100159455,Household & Personal Care,238,box,284.19,368.57,2027-07-10,Aisle 11,ambient
Select Coconut Cream Crab Meat Fresh 24-Pack,Pashmina Foods,MEAT-002585,890100159456,Meat & Seafood,58,pack,926.62,1339.81,2026-08-29,Aisle 05,chilled
Rustic 70% Dark Chocolate Bar 4-Pack,Dabur Organics,SNAC-002586,890100159457,Snacks & Confectionery,161,bag,531.42,678.12,2026-11-19,Aisle 09,ambient
Golden Sea Salt Green Chillies 4-Pack,Amul Provisions,FRES-002587,890100159458,Fresh Produce,174,pcs,87.17,113.30,2026-09-05,Aisle 02,ambient
Crisp Chicken Drumsticks 200ml,Ganga Naturals,MEAT-002588,890100159459,Meat & Seafood,138,pcs,418.17,730.03,2026-09-01,Aisle 04,chilled
Traditional Malai Kulfi Bar 12-Pack,Bhoomi Milling,FROZ-002589,890100159460,Frozen Foods,171,pack,286.59,435.62,2027-07-28,Aisle 09,frozen
Country Style Pista Almond Malai Kulfi Bar 330ml,Satvik Plantations,FROZ-002590,890100159461,Frozen Foods,207,tub,177.08,226.19,2027-08-17,Aisle 08,frozen
Extra-Virgin Kashmiri Saffron Bamboo Toothbrush 2pk 1kg,Dabur Mills,HOUS-002591,890100159462,Household & Personal Care,134,tube,289.53,426.28,2028-09-27,Aisle 12,ambient
Aged Rose Infused Guava Chilli Juice 50g,Catch Milling,BEVE-002592,890100159463,Beverages,207,can,122.59,182.95,2027-08-11,Aisle 05,chilled
Cold-Pressed Gourmet Cookies Choco-Chip 750ml,Deccan Agro,SNAC-002593,890100159464,Snacks & Confectionery,173,tub,288.15,452.73,2026-08-28,Aisle 09,ambient
Signature Double Toned Milk 2L,Green Earth Dairy,DAIR-002594,890100159465,Dairy & Eggs,16,carton,286.72,457.85,2026-09-01,Aisle 03,chilled
Extra-Virgin Lemon Pepper Bottle Gourd (Lauki) 330ml,Patanjali Agro,FRES-002595,890100159466,Fresh Produce,58,kg,101.17,171.90,2026-09-16,Aisle 01,ambient
Golden Makhana Crunch Avocados Family Pack,Pashmina Milling,FRES-002596,890100159467,Fresh Produce,50,kg,50.58,65.37,2026-09-01,Aisle 01,chilled
Extra-Virgin 70% Dark Chocolate Bar 24-Pack,Pashmina Farms,SNAC-002597,890100159468,Snacks & Confectionery,55,pack,270.61,387.02,2027-02-24,Aisle 09,ambient
Raw Kokum Sharbat 10-Pack,Deccan Foods,BEVE-002598,890100159469,Beverages,185,bottle,188.66,238.97,2026-11-21,Aisle 05,chilled
Wildcrafted Veg Spring Rolls 350g,Bhoomi Dairy,FROZ-002599,890100159470,Frozen Foods,160,tub,332.05,518.80,2027-07-28,Aisle 08,frozen
Authentic Ayurvedic Bath Soap 400g,Organic Tattva Goods,HOUS-002600,890100159471,Household & Personal Care,177,box,597.51,930.21,2027-11-26,Aisle 12,ambient
Plant-Based Butter Murukku 5L,Pashmina Kitchens,SNAC-002601,890100159472,Snacks & Confectionery,42,bag,380.08,525.48,2026-11-28,Aisle 09,ambient
Gourmet Moong Dal Namkeen 200ml,Green Earth Milling,SNAC-002602,890100159473,Snacks & Confectionery,73,pack,84.88,152.56,2027-03-31,Aisle 10,ambient
Rustic Jalapeno Lime Lassi Mango Infused 1L,Ganga Agro,DAIR-002603,890100159474,Dairy & Eggs,124,carton,115.42,163.40,2026-09-19,Aisle 03,chilled
Cured Alphonso Mango Butter Murukku 6-Pack,Everest Kitchens,SNAC-002604,890100159475,Snacks & Confectionery,55,bar,274.41,381.58,2027-02-21,Aisle 10,ambient
Golden California Almonds 1.5L,Organic Tattva Naturals,SNAC-002605,890100159476,Snacks & Confectionery,40,tub,327.37,571.22,2026-12-01,Aisle 09,ambient
Cured Vanilla Bean Moong Dal Namkeen Value Pack,Pashmina Organics,SNAC-002606,890100159477,Snacks & Confectionery,171,bar,412.14,651.33,2026-11-24,Aisle 10,ambient
Aged Truffle Infused Gulab Jamun Tin 12-Pack,Everest Agro,SNAC-002607,890100159478,Snacks & Confectionery,135,pack,471.19,684.35,2027-02-09,Aisle 09,ambient
Unpolished Mustard Oil Kachi Ghani 2kg,Ganga Dairy,PANT-002608,890100159479,Pantry & Dry Goods,188,jar,730.51,1077.49,2027-09-18,Aisle 07,ambient
Cured Sourdough Loaf 50g,Green Earth Foods,BAKE-002609,890100159480,Bakery & Deli,220,pack,223.08,281.71,2026-08-31,Aisle 03,chilled
Stone-Ground Masala Potato Chips 400g,Royal Indian Kitchens,SNAC-002610,890100159481,Snacks & Confectionery,167,tub,322.83,516.39,2027-03-23,Aisle 10,ambient
Rustic Lemon Pepper Chicken Frankfurters Value Pack,Amul Botanicals,BAKE-002611,890100159482,Bakery & Deli,245,box,70.91,101.94,2026-09-07,Aisle 03,ambient
Spiced Buffalo Milk 500g,Amul Goods,DAIR-002612,890100159483,Dairy & Eggs,18,box,484.88,752.36,2026-09-17,Aisle 02,chilled
Wildcrafted Smoked Paprika Frozen Green Peas 2kg,Dabur Plantations,FROZ-002613,890100159484,Frozen Foods,53,box,325.17,491.34,2026-08-27,Aisle 08,frozen
Organic Kesar Pista Coriander Leaves 6-Pack,Bhoomi Agro,FRES-002614,890100159485,Fresh Produce,145,kg,147.09,249.01,2026-09-13,Aisle 02,ambient
Stone-Ground Cardamom Spiced Cold Pressed Orange Juice 250ml,Satvik Farms,BEVE-002615,890100159486,Beverages,126,pack,253.98,447.58,2026-11-16,Aisle 06,chilled
Country Style Garlic Bulbs 8-Pack,Vedic Fresh Farms,FRES-002616,890100159487,Fresh Produce,194,pack,43.83,80.27,2026-09-09,Aisle 02,chilled
Raw Nagpur Orange Royal Basmati Rice 24-Pack,Pashmina Farms,PANT-002617,890100159488,Pantry & Dry Goods,22,box,71.58,118.64,2027-03-11,Aisle 08,ambient
Plant-Based Feta Cheese 500ml,Kaveri Naturals,DAIR-002618,890100159489,Dairy & Eggs,209,pack,84.08,141.56,2026-09-06,Aisle 03,chilled
Stone-Ground Boneless Chicken Breast 200ml,Bhoomi Goods,MEAT-002619,890100159490,Meat & Seafood,14,kg,889.36,1127.70,2026-08-31,Aisle 04,chilled
Gourmet Pista Almond Tonic Water Premium 12-Pack,Bhoomi Agro,BEVE-002620,890100159491,Beverages,120,can,114.04,146.09,2027-08-04,Aisle 06,ambient
Free-Range Toned Milk 8-Pack,Pure Vedic Goods,DAIR-002621,890100159492,Dairy & Eggs,48,bottle,161.96,246.17,2026-09-17,Aisle 03,chilled
Natural Paneer Tikka Deli 5kg,Bhoomi Kitchens,BAKE-002622,890100159493,Bakery & Deli,219,pack,28.48,45.41,2026-09-05,Aisle 04,ambient
Free-Range Cardamom Spiced Filter Coffee Beans 1L,Ganga Springs,BEVE-002623,890100159494,Beverages,98,can,389.78,591.13,2026-08-29,Aisle 05,chilled
Authentic Shampoo Anti-Dandruff 1.5L,Satvik Naturals,HOUS-002624,890100159495,Household & Personal Care,151,packet,90.97,120.94,2028-02-11,Aisle 11,ambient
Grass-Fed Pears 350g,Amul Kitchens,FRES-002625,890100159496,Fresh Produce,106,bag,42.52,67.79,2026-08-30,Aisle 02,ambient
Extra-Virgin Bhujia Sev 150ml,Vedic Fresh Naturals,SNAC-002626,890100159497,Snacks & Confectionery,118,tub,125.18,228.49,2027-03-17,Aisle 10,ambient
Grass-Fed Smoked Paprika Fresh Chicken Curry Cut 2L,Royal Indian Mills,MEAT-002627,890100159498,Meat & Seafood,200,pcs,380.58,489.24,2026-09-01,Aisle 04,chilled
Stone-Ground Toasted Sesame Fabric Softener Floral 5kg,Organic Tattva Co.,HOUS-002628,890100159499,Household & Personal Care,220,box,153.86,270.30,2028-10-21,Aisle 11,ambient
Unpolished Pink Himalayan Salt 1kg,Fortune Goods,PANT-002629,890100159500,Pantry & Dry Goods,95,can,79.73,127.21,2028-07-10,Aisle 07,ambient
Premium Veg Burger Patties 1.5L,Everest Co.,FROZ-002630,890100159501,Frozen Foods,117,bag,112.15,140.41,2026-08-27,Aisle 09,frozen
Royal Truffle Infused Stainless Steel Scrubber 3pk 250ml,Organic Tattva Dairy,HOUS-002631,890100159502,Household & Personal Care,47,box,226.37,309.96,2028-11-20,Aisle 12,ambient
Gourmet Lemon Pepper Bhujia Sev 330ml,Fortune Springs,SNAC-002632,890100159503,Snacks & Confectionery,222,pack,441.71,598.69,2026-08-17,Aisle 10,ambient
Handcrafted Red Chilli & Garlic Edamame Pods 12-Pack,Pashmina Kitchens,FROZ-002633,890100159504,Frozen Foods,27,tub,255.23,429.41,2027-01-19,Aisle 08,frozen
Select Sea Salt Whole Wheat Atta Bread 5L,Bhoomi Co.,BAKE-002634,890100159505,Bakery & Deli,93,pack,214.54,275.20,2026-09-07,Aisle 03,ambient
Desi Masala Potato Chips 200g,Urban Roots Mills,SNAC-002635,890100159506,Snacks & Confectionery,81,pack,117.52,152.39,2026-12-03,Aisle 10,ambient
Golden Tandoori Smoked Pita Bread 5kg,Pure Vedic Springs,BAKE-002636,890100159507,Bakery & Deli,202,pack,99.11,177.24,2026-09-07,Aisle 03,chilled
Handcrafted Paneer Tikka Deli 100g,Dabur Co.,BAKE-002637,890100159508,Bakery & Deli,219,pcs,150.84,230.64,2026-09-01,Aisle 04,ambient
Extra-Virgin Kitchen Paper Towels 4-Roll 250g,Patanjali Harvest,HOUS-002638,890100159509,Household & Personal Care,20,packet,337.20,461.04,2029-02-06,Aisle 11,ambient
Traditional Matcha Green Tea Cream Cheese 12-Pack,Mother Dairy Dairy,DAIR-002639,890100159510,Dairy & Eggs,56,tub,246.04,378.98,2026-08-30,Aisle 03,chilled
Roasted Garlic & Herb Shampoo Anti-Dandruff 200ml,Pashmina Naturals,HOUS-002640,890100159511,Household & Personal Care,118,bottle,46.09,75.45,2029-03-29,Aisle 12,ambient
Sun-Dried Frozen Green Peas 5L,Deccan Naturals,FROZ-002641,890100159512,Frozen Foods,247,bag,73.04,126.52,2026-12-23,Aisle 08,frozen
Roasted Pasture Eggs Snack Pack,Nilgiri Agro,DAIR-002642,890100159513,Dairy & Eggs,206,bottle,377.16,582.79,2026-09-04,Aisle 03,chilled
Grass-Fed Kachi Ghani Mustard Fresh Rohu Fish 6-Pack,Fortune Botanicals,MEAT-002643,890100159514,Meat & Seafood,193,pack,937.94,1338.70,2026-08-30,Aisle 05,chilled
Low-Sodium Toasted Sesame Apple Cider Vinegar Drink Family Pack,Nature Harvest Dairy,BEVE-002644,890100159515,Beverages,194,bottle,111.73,163.22,2027-05-10,Aisle 06,ambient
Rustic Mutton Curry Cut 24-Pack,Saffola Kitchens,MEAT-002645,890100159516,Meat & Seafood,136,pack,808.94,1052.09,2026-09-03,Aisle 04,chilled
Valley Fresh Cinnamon Spice Bagel Plain 4pk 250ml,Heritage Milling,BAKE-002646,890100159517,Bakery & Deli,128,pack,39.63,60.55,2026-09-08,Aisle 04,ambient
Grass-Fed Smoked Paprika Malai Kulfi Bar 5kg,Desi Organics Milling,FROZ-002647,890100159518,Frozen Foods,243,pack,203.23,323.35,2027-07-07,Aisle 08,frozen
Stone-Ground Alphonso Mango Moong Dal Namkeen 200g,Saffola Springs,SNAC-002648,890100159519,Snacks & Confectionery,171,tub,485.68,620.51,2026-08-28,Aisle 09,ambient
Homestyle Jalapeno Lime Roasted Makhana Foxnuts 10-Pack,Mother Dairy Dairy,SNAC-002649,890100159520,Snacks & Confectionery,224,packet,449.40,753.89,2027-05-02,Aisle 10,ambient
Zero-Sugar Kesar Pista Surmai Steaks 200ml,Satvik Goods,MEAT-002650,890100159521,Meat & Seafood,105,kg,259.84,465.45,2026-09-01,Aisle 05,chilled
Plant-Based Chicken Drumsticks Family Pack,Satvik Foods,MEAT-002651,890100159522,Meat & Seafood,93,kg,662.19,1093.59,2026-08-30,Aisle 05,chilled
Roasted Chatpata Masala Cold Brew Coffee 4-Pack,Himalayan Goods,BEVE-002652,890100159523,Beverages,130,can,259.85,364.01,2027-04-02,Aisle 06,chilled
Spiced Ciabatta Roll 10-Pack,Satvik Naturals,BAKE-002653,890100159524,Bakery & Deli,145,pcs,165.05,254.49,2026-08-30,Aisle 04,ambient
Rustic Cinnamon Spice Pita Bread 250g,Kaveri Goods,BAKE-002654,890100159525,Bakery & Deli,57,box,316.56,495.80,2026-08-29,Aisle 04,ambient
Gourmet Masala Chai Sparkling Mineral Water 24-Pack,Saffola Co.,BEVE-002655,890100159526,Beverages,135,box,404.35,735.01,2027-05-12,Aisle 06,ambient
Plant-Based Caramelized Onion Chaash / Buttermilk 24-Pack,Pure Vedic Organics,DAIR-002656,890100159527,Dairy & Eggs,154,carton,64.00,117.42,2026-08-27,Aisle 03,chilled
Whole-Grain Bamboo Toothbrush 2pk Snack Pack,Dabur Plantations,HOUS-002657,890100159528,Household & Personal Care,103,packet,488.65,699.57,2027-05-20,Aisle 12,ambient
Spiced Cardamom Spiced Heavy Cream 1.5L,Patanjali Springs,DAIR-002658,890100159529,Dairy & Eggs,32,bottle,192.67,292.62,2026-08-28,Aisle 02,chilled
Cold-Pressed Bell Peppers 10-Pack,Pashmina Plantations,FRES-002659,890100159530,Fresh Produce,145,bunch,91.99,130.55,2026-09-11,Aisle 01,chilled
Roasted Tulsi Honey Ciabatta Roll 750g,Fortune Naturals,BAKE-002660,890100159531,Bakery & Deli,230,pack,170.62,228.14,2026-08-28,Aisle 03,ambient
Authentic Apple Cider Vinegar Drink 400g,Nature Harvest Botanicals,BEVE-002661,890100159532,Beverages,88,bottle,200.59,367.93,2026-08-27,Aisle 05,chilled
Gluten-Free Amla Juice Pure 1kg,Saffola Provisions,BEVE-002662,890100159533,Beverages,139,bag,120.93,151.73,2026-08-28,Aisle 05,ambient
Stone-Ground Liquid Laundry Detergent 200g,Everest Milling,HOUS-002663,890100159534,Household & Personal Care,35,tube,369.99,473.68,2027-11-05,Aisle 12,ambient
Handcrafted Mustard Oil Kachi Ghani 4-Pack,Nature Harvest Naturals,PANT-002664,890100159535,Pantry & Dry Goods,11,box,606.26,921.57,2028-04-05,Aisle 06,ambient
Stone-Ground French Fries Crispy 1kg,Vedic Fresh Farms,FROZ-002665,890100159536,Frozen Foods,135,box,209.77,305.28,2027-06-20,Aisle 09,frozen
Gluten-Free Cow Milk Snack Pack,Saffola Co.,DAIR-002666,890100159537,Dairy & Eggs,50,carton,128.36,193.64,2026-09-08,Aisle 03,chilled
Wildcrafted Sweet Tamarind Veg Burger Patties 500g,Kaveri Naturals,FROZ-002667,890100159538,Frozen Foods,39,packet,146.01,203.46,2026-12-03,Aisle 08,frozen
Low-Sodium Urad Dal Whole 2L,Bhoomi Harvest,PANT-002668,890100159539,Pantry & Dry Goods,63,bag,664.89,944.84,2027-10-18,Aisle 07,ambient
Crisp Moong Dal Namkeen 5kg,Desi Organics Foods,SNAC-002669,890100159540,Snacks & Confectionery,14,box,138.68,200.83,2026-10-18,Aisle 10,ambient
Desi Tulsi Honey Banana Chips Kerala Style 750g,Fortune Harvest,SNAC-002670,890100159541,Snacks & Confectionery,156,pack,463.86,795.83,2027-03-22,Aisle 10,ambient
Desi Paneer Tikka Deli 24-Pack,Organic Tattva Goods,BAKE-002671,890100159542,Bakery & Deli,28,box,68.10,102.31,2026-08-29,Aisle 03,ambient
Crisp Rose Infused Tender Coconut Water 2L,SunBrite Dairy,BEVE-002672,890100159543,Beverages,171,carton,266.29,430.06,2027-04-02,Aisle 06,ambient
Signature Sweet Tamarind Brownie Bites 12-Pack,Organic Tattva Dairy,BAKE-002673,890100159544,Bakery & Deli,127,pack,93.65,133.80,2026-08-29,Aisle 03,ambient
Crisp Nagpur Orange Pink Himalayan Salt 24-Pack,SunBrite Farms,PANT-002674,890100159545,Pantry & Dry Goods,186,box,587.70,955.38,2027-05-15,Aisle 06,ambient
Gluten-Free Kashmiri Saffron Jeera Masala Soda 1kg,Patanjali Agro,BEVE-002675,890100159546,Beverages,181,pack,214.22,279.47,2027-04-25,Aisle 05,ambient
Rustic Matcha Green Tea Royal Basmati Rice 150g,Catch Farms,PANT-002676,890100159547,Pantry & Dry Goods,170,can,375.79,582.25,2027-06-12,Aisle 06,ambient
Grass-Fed Toasted Sesame 70% Dark Chocolate Bar 2kg,Mother Dairy Kitchens,SNAC-002677,890100159548,Snacks & Confectionery,96,box,375.40,655.47,2026-12-06,Aisle 10,ambient
Traditional Multigrain Tortillas 2-Pack,Ganga Milling,BAKE-002678,890100159549,Bakery & Deli,54,box,33.99,54.54,2026-09-03,Aisle 03,ambient
Wildcrafted Butter Murukku 500ml,Royal Indian Co.,SNAC-002679,890100159550,Snacks & Confectionery,242,tub,208.81,339.30,2027-05-02,Aisle 10,ambient
Select Pista Almond Frozen Paneer Cubes 2-Pack,Everest Plantations,FROZ-002680,890100159551,Frozen Foods,135,bag,163.11,280.56,2026-08-28,Aisle 08,frozen
Low-Sodium Makhana Crunch Oranges Nagpur 1L,Nilgiri Kitchens,FRES-002681,890100159552,Fresh Produce,14,kg,139.49,248.63,2026-09-04,Aisle 01,ambient
Authentic Smoked Paprika Biodegradable Garbage Bags 1.5L,Deccan Agro,HOUS-002682,890100159553,Household & Personal Care,220,box,325.84,431.76,2028-05-14,Aisle 11,ambient
Rustic Alphonso Mango Banana Chips Kerala Style 4-Pack,Patanjali Goods,SNAC-002683,890100159554,Snacks & Confectionery,10,bar,86.70,123.21,2027-01-02,Aisle 10,ambient
Gluten-Free Toasted Sesame Seedless Grapes 300g,Tata Botanicals,FRES-002684,890100159555,Fresh Produce,113,bunch,109.73,168.97,2026-08-27,Aisle 01,ambient
Plant-Based Kaju Katli Sweet Box 330ml,Organic Tattva Kitchens,SNAC-002685,890100159556,Snacks & Confectionery,62,tub,364.54,643.41,2027-02-09,Aisle 09,ambient
Spiced Pista Almond Veg Burger Patties 250ml,FarmGold Agro,FROZ-002686,890100159557,Frozen Foods,16,bag,150.82,207.95,2026-11-18,Aisle 08,frozen
Traditional Smoked Paprika Mixed Berries Frozen 24-Pack,Nature Harvest Milling,FROZ-002687,890100159558,Frozen Foods,249,tub,417.20,698.51,2026-08-29,Aisle 08,frozen
Handcrafted Basa Fish Fillets 50g,Tata Milling,MEAT-002688,890100159559,Meat & Seafood,48,pcs,564.44,765.98,2026-08-29,Aisle 04,chilled
Whole-Grain Cinnamon Spice Surmai Steaks 10kg,FarmGold Organics,MEAT-002689,890100159560,Meat & Seafood,226,pack,840.14,1133.04,2026-08-29,Aisle 05,chilled
Plant-Based Wood-Fired Veggie Pizza 5kg,Amul Foods,FROZ-002690,890100159561,Frozen Foods,60,tub,301.82,551.05,2027-03-29,Aisle 08,frozen
Homestyle Whole Wheat Atta Bread 750g,Tata Goods,BAKE-002691,890100159562,Bakery & Deli,109,box,127.78,200.38,2026-08-29,Aisle 03,ambient
Aged Bananas 8-Pack,Deccan Botanicals,FRES-002692,890100159563,Fresh Produce,7,kg,35.37,53.92,2026-08-30,Aisle 01,chilled
Low-Sodium Fruit Muffins 8-Pack,Satvik Naturals,BAKE-002693,890100159564,Bakery & Deli,248,pack,163.51,288.56,2026-08-28,Aisle 03,ambient
Smoked Dark Chocolate Surface Floor Cleaner Rose 200ml,Green Earth Mills,HOUS-002694,890100159565,Household & Personal Care,28,tube,454.96,678.91,2029-01-11,Aisle 12,ambient
Authentic Nagpur Orange Himalayan Spring Water 2kg,Bhoomi Botanicals,BEVE-002695,890100159566,Beverages,99,box,337.83,600.78,2027-05-18,Aisle 06,chilled
Cured Nagpur Orange Nimbu Paani Soda 150g,Bhoomi Dairy,BEVE-002696,890100159567,Beverages,104,carton,95.95,150.79,2026-08-29,Aisle 06,chilled
Signature Kulcha 4-Pack 250g,Royal Indian Springs,BAKE-002697,890100159568,Bakery & Deli,188,box,83.07,108.84,2026-08-29,Aisle 04,ambient
Handcrafted Clove & Mint Toothpaste 10kg,Royal Indian Farms,HOUS-002698,890100159569,Household & Personal Care,200,pack,269.91,454.21,2027-03-29,Aisle 12,ambient
Crisp Banana Chips Kerala Style 500g,Vedic Fresh Foods,SNAC-002699,890100159570,Snacks & Confectionery,51,packet,413.94,688.61,2026-08-28,Aisle 10,ambient
Smoked Diet Mixture Namkeen 2L,Patanjali Plantations,SNAC-002700,890100159571,Snacks & Confectionery,128,box,59.31,87.61,2027-03-06,Aisle 09,ambient
Sweet Jalapeno Lime Liquid Laundry Detergent 2L,Catch Organics,HOUS-002701,890100159572,Household & Personal Care,126,tube,140.83,228.36,2028-09-12,Aisle 12,ambient
Wildcrafted Nagpur Orange Jeera Masala Soda 250g,Dabur Dairy,BEVE-002702,890100159573,Beverages,231,bottle,396.03,714.03,2027-03-25,Aisle 05,ambient
Cold-Pressed Red Chilli & Garlic Parmigiano-Reggiano 200g,Organic Tattva Harvest,DAIR-002703,890100159574,Dairy & Eggs,196,box,488.86,802.25,2026-08-15,Aisle 03,chilled
Grass-Fed Tonic Water Premium 150ml,Deccan Organics,BEVE-002704,890100159575,Beverages,110,pack,414.58,668.91,2026-10-18,Aisle 05,chilled
Crisp Biodegradable Garbage Bags 2-Pack,Royal Indian Naturals,HOUS-002705,890100159576,Household & Personal Care,150,box,458.88,783.46,2026-08-24,Aisle 11,ambient
Grass-Fed Kesar Pista Sweet Potatoes 24-Pack,Royal Indian Agro,FRES-002706,890100159577,Fresh Produce,25,bunch,52.06,71.06,2026-09-09,Aisle 01,chilled
Raw Toned Milk 200g,Fortune Mills,DAIR-002707,890100159578,Dairy & Eggs,25,carton,133.42,202.25,2026-09-23,Aisle 02,chilled
Sweet Matcha Green Tea Dry Fruits Trail Mix Snack Pack,Nilgiri Kitchens,SNAC-002708,890100159579,Snacks & Confectionery,45,box,491.66,771.04,2027-01-26,Aisle 10,ambient
Smoked Alphonso Mango Moong Dal Washed 200g,Satvik Co.,PANT-002709,890100159580,Pantry & Dry Goods,12,bottle,194.60,268.75,2028-08-08,Aisle 07,ambient
Smoked Tulsi Honey Squid Rings Cleaned 750ml,Green Earth Plantations,MEAT-002710,890100159581,Meat & Seafood,142,pcs,805.64,1145.29,2026-08-29,Aisle 05,chilled
Grass-Fed Amla Juice Pure Value Pack,Amul Springs,BEVE-002711,890100159582,Beverages,180,box,253.38,448.34,2026-08-15,Aisle 06,ambient
Whole-Grain Organic Rolled Oats 2L,Heritage Co.,PANT-002712,890100159583,Pantry & Dry Goods,126,bag,331.97,528.31,2027-01-17,Aisle 08,ambient
Farm-Fresh Cold-Pressed Groundnut Oil 2L,Pure Vedic Plantations,PANT-002713,890100159584,Pantry & Dry Goods,173,bag,734.43,1164.17,2027-02-08,Aisle 06,ambient
Raw Ginger Root 400g,Nilgiri Co.,FRES-002714,890100159585,Fresh Produce,221,bunch,21.71,32.09,2026-09-16,Aisle 02,chilled
Artisan Kabuli Chana Large 100g,Kaveri Botanicals,PANT-002715,890100159586,Pantry & Dry Goods,71,packet,659.88,1046.21,2027-04-07,Aisle 06,ambient
Traditional Cardamom Spiced Urad Dal Whole Value Pack,Everest Goods,PANT-002716,890100159587,Pantry & Dry Goods,148,box,228.00,395.76,2027-11-05,Aisle 08,ambient
Natural Rose Infused Greek Yogurt 50g,Saffola Provisions,DAIR-002717,890100159588,Dairy & Eggs,219,packet,352.83,595.13,2026-09-02,Aisle 02,chilled
Cured Tulsi Honey Ricotta Fresh 1.5L,FarmGold Mills,DAIR-002718,890100159589,Dairy & Eggs,183,pack,102.13,143.11,2026-09-10,Aisle 03,chilled
Rustic Pink Himalayan Salt Family Pack,Everest Foods,PANT-002719,890100159590,Pantry & Dry Goods,89,bottle,510.72,669.38,2028-06-28,Aisle 07,ambient
Premium Green Chillies 5kg,Deccan Farms,FRES-002720,890100159591,Fresh Produce,37,bunch,66.34,110.33,2026-09-03,Aisle 02,ambient
Premium 70% Dark Chocolate Bar 10kg,Nilgiri Agro,SNAC-002721,890100159592,Snacks & Confectionery,164,bar,121.57,169.94,2026-11-12,Aisle 10,ambient
Raw Chaash / Buttermilk 750g,Desi Organics Farms,DAIR-002722,890100159593,Dairy & Eggs,93,box,267.13,343.75,2026-09-21,Aisle 03,chilled
Gourmet Sea Salt Gourmet Cookies Choco-Chip 250g,Royal Indian Goods,SNAC-002723,890100159594,Snacks & Confectionery,200,bag,541.14,714.89,2026-08-29,Aisle 10,ambient
Zero-Sugar Cold Brew Coffee 4-Pack,Himalayan Kitchens,BEVE-002724,890100159595,Beverages,89,bag,444.56,688.01,2027-05-20,Aisle 05,ambient
Low-Sodium Lemon Pepper Dishwash Gel Lemon 10-Pack,Dabur Botanicals,HOUS-002725,890100159596,Household & Personal Care,154,bottle,181.05,274.16,2028-05-30,Aisle 12,ambient
Rustic Chatpata Masala Mutton Curry Cut 1kg,Everest Farms,MEAT-002726,890100159597,Meat & Seafood,144,kg,256.04,425.06,2026-09-02,Aisle 05,chilled
Premium Chatpata Masala Fish Fingers Frozen Family Pack,Tata Milling,FROZ-002727,890100159598,Frozen Foods,15,box,206.19,284.56,2027-05-01,Aisle 08,frozen
Extra-Virgin Golden Ginger Soan Papdi Box 1kg,Royal Indian Kitchens,SNAC-002728,890100159599,Snacks & Confectionery,199,packet,103.03,131.10,2027-01-20,Aisle 10,ambient
Wildcrafted Coconut Cream Squid Rings Cleaned 8-Pack,Catch Naturals,MEAT-002729,890100159600,Meat & Seafood,206,pcs,158.62,290.31,2026-09-03,Aisle 05,chilled
Traditional Gulab Jamun Tin 750g,Tata Springs,SNAC-002730,890100159601,Snacks & Confectionery,196,bag,434.40,635.93,2027-03-25,Aisle 09,ambient
Cured Sweet Tamarind Dishwash Gel Lemon Snack Pack,SunBrite Harvest,HOUS-002731,890100159602,Household & Personal Care,241,tube,389.75,598.96,2028-08-26,Aisle 11,ambient
Gourmet Whole Wheat Atta Bread 250g,Nature Harvest Plantations,BAKE-002732,890100159603,Bakery & Deli,111,pcs,59.04,93.72,2026-09-08,Aisle 03,chilled
Select Caramelized Onion Curd Tub (Dahi) 400g,Pure Vedic Foods,DAIR-002733,890100159604,Dairy & Eggs,176,pack,255.80,412.74,2026-08-30,Aisle 02,chilled
Low-Sodium Frozen Veg Momos 1.5L,Everest Springs,FROZ-002734,890100159605,Frozen Foods,136,packet,202.09,253.56,2027-07-23,Aisle 08,frozen
Whole-Grain Matcha Green Tea Apple Cider Vinegar Drink Family Pack,Pure Vedic Mills,BEVE-002735,890100159606,Beverages,59,bottle,286.86,484.76,2027-02-25,Aisle 06,chilled
Valley Fresh Mint Lime Lavash Crackers 6-Pack,Patanjali Goods,BAKE-002736,890100159607,Bakery & Deli,237,box,229.91,367.28,2026-08-28,Aisle 04,chilled
Royal 70% Dark Chocolate Bar 50g,Kaveri Goods,SNAC-002737,890100159608,Snacks & Confectionery,138,pack,192.45,249.93,2026-11-02,Aisle 10,ambient
Authentic Cauliflower 500ml,Satvik Provisions,FRES-002738,890100159609,Fresh Produce,153,pcs,147.40,208.64,2026-09-12,Aisle 02,chilled
Unpolished Rose Infused Frozen Veg Momos 100g,Ganga Milling,FROZ-002739,890100159610,Frozen Foods,94,packet,244.71,434.80,2027-08-21,Aisle 08,frozen
Desi Parmigiano-Reggiano 250g,Heritage Harvest,DAIR-002740,890100159611,Dairy & Eggs,103,bottle,480.33,841.56,2026-09-26,Aisle 03,chilled
Cured Organic Green Tea Value Pack,Nature Harvest Goods,BEVE-002741,890100159612,Beverages,120,carton,61.87,95.44,2027-03-10,Aisle 05,chilled
Low-Sodium Fresh Methi Value Pack,Ganga Plantations,FRES-002742,890100159613,Fresh Produce,240,kg,93.42,149.60,2026-08-27,Aisle 01,ambient
Organic Palak Leaves 1.5L,Pashmina Foods,FRES-002743,890100159614,Fresh Produce,109,pack,91.94,154.89,2026-08-29,Aisle 02,chilled
Gourmet Veg Spring Rolls Value Pack,Green Earth Farms,FROZ-002744,890100159615,Frozen Foods,30,pack,53.29,71.82,2027-04-07,Aisle 09,frozen
Gluten-Free Dark Chocolate Kabuli Chana Large 200g,Green Earth Farms,PANT-002745,890100159616,Pantry & Dry Goods,106,bottle,630.67,808.94,2027-03-08,Aisle 07,ambient
Royal Chatpata Masala Basa Fish Fillets 8-Pack,Amul Plantations,MEAT-002746,890100159617,Meat & Seafood,129,pack,407.61,557.13,2026-09-03,Aisle 05,chilled
Sun-Dried Kesar Pista Squid Rings Cleaned 500ml,Desi Organics Dairy,MEAT-002747,890100159618,Meat & Seafood,143,pcs,202.37,272.79,2026-08-28,Aisle 04,chilled
Whole-Grain Lentils Red Masoor 300g,Green Earth Foods,PANT-002748,890100159619,Pantry & Dry Goods,20,bag,423.89,628.00,2028-01-16,Aisle 07,ambient
Authentic Alphonso Kulfi Tub 750g,Ganga Agro,FROZ-002749,890100159620,Frozen Foods,171,box,134.45,237.74,2026-08-29,Aisle 08,frozen
Unpolished Pista Almond Sweet Corn Kernels 150ml,Urban Roots Naturals,FROZ-002750,890100159621,Frozen Foods,116,box,414.16,667.73,2026-08-28,Aisle 08,frozen
Stone-Ground Red Chilli & Garlic Mosquito Vaporizer Refill 150g,Saffola Harvest,HOUS-002751,890100159622,Household & Personal Care,192,box,570.15,863.32,2028-08-11,Aisle 11,ambient
Wildcrafted Seedless Grapes 300g,Urban Roots Harvest,FRES-002752,890100159623,Fresh Produce,125,bag,154.24,257.58,2026-09-08,Aisle 01,ambient
Select Sweet Corn Kernels 6-Pack,Patanjali Organics,FROZ-002753,890100159624,Frozen Foods,221,bag,75.25,129.95,2026-12-12,Aisle 09,frozen
Smoked Tender Coconut Water 500ml,SunBrite Dairy,BEVE-002754,890100159625,Beverages,10,pack,448.56,632.44,2026-11-02,Aisle 05,ambient
Gluten-Free Catla Fish Steaks 350g,Tata Provisions,MEAT-002755,890100159626,Meat & Seafood,104,pack,693.10,902.74,2026-09-03,Aisle 05,chilled
Natural Rose Infused French Fries Crispy 5kg,Patanjali Co.,FROZ-002756,890100159627,Frozen Foods,73,pack,226.77,403.84,2027-08-24,Aisle 08,frozen
Free-Range Roasted Salted Cashews 2kg,Nilgiri Farms,SNAC-002757,890100159628,Snacks & Confectionery,79,pack,538.04,716.05,2026-12-23,Aisle 10,ambient
Extra-Virgin Sea Salt Heavy Cream 330ml,Satvik Co.,DAIR-002758,890100159629,Dairy & Eggs,61,packet,508.02,777.72,2026-08-30,Aisle 03,chilled
Raw Sea Salt Double Toned Milk 750ml,Patanjali Farms,DAIR-002759,890100159630,Dairy & Eggs,62,carton,46.83,61.95,2026-09-19,Aisle 02,chilled
Sweet Moong Dal Namkeen 1.5L,Dabur Springs,SNAC-002760,890100159631,Snacks & Confectionery,163,pack,406.68,734.91,2027-01-21,Aisle 09,ambient
Farm-Fresh Flavored Yogurt 250g,Deccan Farms,DAIR-002761,890100159632,Dairy & Eggs,184,carton,120.11,206.85,2026-08-30,Aisle 03,chilled
Golden Rose Infused Chicken Sausages 250ml,Ganga Kitchens,MEAT-002762,890100159633,Meat & Seafood,82,pcs,273.99,483.07,2026-09-03,Aisle 04,chilled
Select Pav 6-Pack 2kg,Deccan Agro,BAKE-002763,890100159634,Bakery & Deli,181,box,66.47,112.66,2026-08-31,Aisle 04,ambient
Sun-Dried Chatpata Masala Cold Brew Coffee 50g,Deccan Mills,BEVE-002764,890100159635,Beverages,168,bag,371.97,591.08,2026-12-29,Aisle 06,ambient
Golden Veg Burger Patties 1.5L,Patanjali Naturals,FROZ-002765,890100159636,Frozen Foods,64,bag,340.05,622.88,2027-05-19,Aisle 09,frozen
Natural Double Toned Milk 2-Pack,Royal Indian Agro,DAIR-002766,890100159637,Dairy & Eggs,24,tub,70.19,115.96,2026-09-02,Aisle 02,chilled
Low-Sodium Matcha Green Tea French Fries Crispy 500g,Kaveri Organics,FROZ-002767,890100159638,Frozen Foods,109,pack,363.75,486.22,2026-12-23,Aisle 08,frozen
Artisan Kesar Pista Himalayan Spring Water 750ml,Royal Indian Springs,BEVE-002768,890100159639,Beverages,146,bag,297.99,427.03,2026-11-12,Aisle 05,chilled
Gourmet Whole Wheat Atta Bread 500g,Ganga Dairy,BAKE-002769,890100159640,Bakery & Deli,181,pack,232.61,384.18,2026-09-05,Aisle 04,ambient
Cold-Pressed Boneless Chicken Breast 150ml,Himalayan Provisions,MEAT-002770,890100159641,Meat & Seafood,98,pack,507.09,749.18,2026-09-01,Aisle 04,chilled
Stone-Ground Golden Ginger Fabric Softener Floral 750g,Desi Organics Foods,HOUS-002771,890100159642,Household & Personal Care,113,bottle,567.73,1011.68,2029-04-10,Aisle 11,ambient
Royal Coconut Cream Clove & Mint Toothpaste 150g,FarmGold Harvest,HOUS-002772,890100159643,Household & Personal Care,154,box,188.44,238.52,2027-07-19,Aisle 12,ambient
Rustic Gourmet Cookies Choco-Chip 100g,Organic Tattva Dairy,SNAC-002773,890100159644,Snacks & Confectionery,250,tub,412.22,688.07,2027-02-07,Aisle 09,ambient
Authentic Double Toned Milk 12-Pack,Saffola Co.,DAIR-002774,890100159645,Dairy & Eggs,160,tub,456.89,622.99,2026-09-01,Aisle 03,chilled
Artisan Custard Apple (Sitaphal) 1L,Tata Naturals,FRES-002775,890100159646,Fresh Produce,105,bunch,87.10,152.99,2026-09-06,Aisle 01,chilled
Organic Cardamom Spiced Rusk Toast 2kg,SunBrite Co.,BAKE-002776,890100159647,Bakery & Deli,226,pack,70.26,92.22,2026-09-10,Aisle 04,ambient
Grass-Fed Cardamom Spiced Sweet Corn Kernels 5L,Nature Harvest Harvest,FROZ-002777,890100159648,Frozen Foods,189,box,135.61,203.41,2027-01-10,Aisle 09,frozen
Free-Range Tulsi Honey Frozen Green Peas 750ml,Vedic Fresh Plantations,FROZ-002778,890100159649,Frozen Foods,156,bag,102.11,169.28,2027-08-03,Aisle 08,frozen
Wildcrafted Alphonso Mango Extra Virgin Olive Oil 5kg,Fortune Farms,PANT-002779,890100159650,Pantry & Dry Goods,85,can,433.94,641.12,2028-07-04,Aisle 08,ambient
Handcrafted Curd Tub (Dahi) 6-Pack,Patanjali Dairy,DAIR-002780,890100159651,Dairy & Eggs,190,pack,200.92,257.13,2026-09-24,Aisle 03,chilled
Golden Heavy Cream 400g,Kaveri Botanicals,DAIR-002781,890100159652,Dairy & Eggs,199,box,296.73,476.33,2026-09-14,Aisle 03,chilled
Authentic Cold Brew Coffee Family Pack,Mother Dairy Organics,BEVE-002782,890100159653,Beverages,213,carton,340.42,540.13,2027-07-03,Aisle 06,chilled
Grass-Fed Garlic Bulbs 4-Pack,Ganga Milling,FRES-002783,890100159654,Fresh Produce,199,kg,84.04,120.04,2026-09-01,Aisle 01,chilled
Whole-Grain Kashmiri Saffron Mosquito Vaporizer Refill 50g,Nilgiri Organics,HOUS-002784,890100159655,Household & Personal Care,210,bottle,442.32,653.71,2027-08-09,Aisle 11,ambient
Raw Himalayan Spring Water 5L,SunBrite Organics,BEVE-002785,890100159656,Beverages,250,can,93.81,137.13,2027-08-12,Aisle 06,ambient
Rustic Nagpur Orange Portobello Mushrooms 500ml,Royal Indian Goods,FRES-002786,890100159657,Fresh Produce,247,pcs,40.62,71.28,2026-09-16,Aisle 02,ambient
Aged Tandoori Smoked Cream Cheese 100g,Pashmina Springs,DAIR-002787,890100159658,Dairy & Eggs,117,box,404.44,540.57,2026-09-06,Aisle 02,chilled
Heritage Portobello Mushrooms 500g,FarmGold Milling,FRES-002788,890100159659,Fresh Produce,192,pcs,146.30,244.70,2026-08-29,Aisle 02,chilled
Sun-Dried Fish Fingers Frozen 2L,Pure Vedic Botanicals,FROZ-002789,890100159660,Frozen Foods,215,packet,257.82,337.25,2026-10-27,Aisle 09,frozen
Signature Smoked Paprika Soy Milk Protein Snack Pack,Satvik Provisions,DAIR-002790,890100159661,Dairy & Eggs,96,bottle,441.33,567.41,2026-09-06,Aisle 03,chilled
Stone-Ground Golden Ginger Cold Pressed Orange Juice 5kg,Kaveri Organics,BEVE-002791,890100159662,Beverages,16,bottle,449.40,805.56,2027-03-16,Aisle 05,ambient
Cold-Pressed Alphonso Mango Mutton Curry Cut 2-Pack,Deccan Botanicals,MEAT-002792,890100159663,Meat & Seafood,177,pcs,394.98,616.03,2026-08-30,Aisle 05,chilled
Raw Pure Jaggery Powder (Gud) 4-Pack,Nilgiri Foods,PANT-002793,890100159664,Pantry & Dry Goods,239,can,494.23,886.60,2027-12-22,Aisle 08,ambient
Pure Chicken Keema 200g,Vedic Fresh Mills,MEAT-002794,890100159665,Meat & Seafood,175,pack,807.02,1411.26,2026-08-30,Aisle 05,chilled
Homestyle Nagpur Orange Chana Dal Polished 2L,FarmGold Foods,PANT-002795,890100159666,Pantry & Dry Goods,249,box,234.54,310.91,2026-08-27,Aisle 08,ambient
Organic Toasted Sesame Chicken Sausages 250ml,Fortune Organics,MEAT-002796,890100159667,Meat & Seafood,187,pack,201.15,275.21,2026-08-29,Aisle 04,chilled
Smoked Shampoo Anti-Dandruff 1kg,Fortune Springs,HOUS-002797,890100159668,Household & Personal Care,229,box,248.66,362.67,2028-09-20,Aisle 12,ambient
Golden Nagpur Orange Mutton Curry Cut 4-Pack,Pure Vedic Milling,MEAT-002798,890100159669,Meat & Seafood,50,pcs,551.07,747.56,2026-08-29,Aisle 05,chilled
Select Matcha Green Tea Cold Brew Coffee 150g,Nature Harvest Springs,BEVE-002799,890100159670,Beverages,226,box,332.01,476.79,2027-01-13,Aisle 05,ambient
Gluten-Free Smoked Paprika Gourmet Cookies Choco-Chip 2-Pack,Desi Organics Agro,SNAC-002800,890100159671,Snacks & Confectionery,90,bar,194.08,264.54,2026-08-22,Aisle 10,ambient
Cured Nagpur Orange Veg Spring Rolls 1L,Tata Farms,FROZ-002801,890100159672,Frozen Foods,235,box,158.28,229.49,2027-05-16,Aisle 09,frozen
Sweet Jalapeno Lime Fresh Chicken Curry Cut 200ml,SunBrite Naturals,MEAT-002802,890100159673,Meat & Seafood,210,pack,873.34,1229.98,2026-08-31,Aisle 05,chilled
Cured Malai Kulfi Bar 1kg,Fortune Mills,FROZ-002803,890100159674,Frozen Foods,27,bag,201.78,328.58,2026-12-29,Aisle 09,frozen
Whole-Grain Stainless Steel Scrubber 3pk 500ml,Mother Dairy Agro,HOUS-002804,890100159675,Household & Personal Care,21,tube,53.68,75.74,2028-02-29,Aisle 12,ambient
Homestyle Vanilla Bean Green Chillies 330ml,Organic Tattva Dairy,FRES-002805,890100159676,Fresh Produce,189,pcs,22.01,33.70,2026-09-11,Aisle 01,chilled
Desi Truffle Infused Bottle Gourd (Lauki) 2L,Bhoomi Provisions,FRES-002806,890100159677,Fresh Produce,172,bunch,127.71,231.19,2026-09-03,Aisle 02,chilled
Gluten-Free Tulsi Honey Moong Dal Washed 1.5L,Pashmina Kitchens,PANT-002807,890100159678,Pantry & Dry Goods,170,packet,207.03,326.78,2027-06-03,Aisle 08,ambient
Desi Golden Ginger Pasture Eggs 500g,Nature Harvest Organics,DAIR-002808,890100159679,Dairy & Eggs,79,carton,321.67,489.64,2026-09-15,Aisle 03,chilled
Aged Chicken Frankfurters 150g,Amul Foods,BAKE-002809,890100159680,Bakery & Deli,208,box,58.27,97.07,2026-08-29,Aisle 03,ambient
Country Style Bamboo Toothbrush 2pk 12-Pack,Desi Organics Agro,HOUS-002810,890100159681,Household & Personal Care,187,box,480.27,771.81,2029-03-27,Aisle 12,ambient
Desi Red Chilli & Garlic Raw Wildflower Honey 500g,Vedic Fresh Kitchens,PANT-002811,890100159682,Pantry & Dry Goods,96,bag,460.98,657.42,2026-12-12,Aisle 07,ambient
Gluten-Free Kachi Ghani Mustard Brioche Burger Buns 50g,Nature Harvest Harvest,BAKE-002812,890100159683,Bakery & Deli,88,pcs,198.43,328.45,2026-08-28,Aisle 04,chilled
Grass-Fed Truffle Infused Frozen Green Peas 24-Pack,Organic Tattva Agro,FROZ-002813,890100159684,Frozen Foods,206,tub,169.13,294.85,2026-12-29,Aisle 09,frozen
Traditional Hash Browns 6pk 1.5L,Himalayan Botanicals,FROZ-002814,890100159685,Frozen Foods,6,tub,214.44,395.75,2026-08-30,Aisle 08,frozen
Cured Mustard Oil Kachi Ghani 150ml,Everest Organics,PANT-002815,890100159686,Pantry & Dry Goods,94,packet,299.13,426.68,2028-03-26,Aisle 07,ambient
Crisp Sweet Tamarind Soan Papdi Box 300g,Satvik Dairy,SNAC-002816,890100159687,Snacks & Confectionery,107,pack,448.58,568.17,2026-08-24,Aisle 09,ambient
Golden Dark Chocolate Bath Tissue 6-Pack 24-Pack,Amul Organics,HOUS-002817,890100159688,Household & Personal Care,25,tube,532.25,752.05,2029-03-29,Aisle 12,ambient
Handcrafted Kashmiri Saffron Boneless Chicken Breast 300g,Satvik Dairy,MEAT-002818,890100159689,Meat & Seafood,156,pack,499.70,772.34,2026-09-02,Aisle 04,chilled
Organic Tulsi Honey Stainless Steel Scrubber 3pk 300g,Urban Roots Agro,HOUS-002819,890100159690,Household & Personal Care,178,bottle,262.95,430.89,2026-08-15,Aisle 11,ambient
Zero-Sugar Frozen Paneer Cubes 24-Pack,Dabur Milling,FROZ-002820,890100159691,Frozen Foods,128,box,93.45,126.60,2026-10-27,Aisle 08,frozen
Spiced Coconut Cream Bhujia Sev 100g,Amul Dairy,SNAC-002821,890100159692,Snacks & Confectionery,93,tub,262.50,386.00,2027-03-19,Aisle 10,ambient
Cold-Pressed Brioche Burger Buns 5L,Satvik Botanicals,BAKE-002822,890100159693,Bakery & Deli,172,pack,261.67,414.57,2026-08-20,Aisle 04,chilled
Low-Sodium Cardamom Spiced Frozen Green Peas 150g,Tata Dairy,FROZ-002823,890100159694,Frozen Foods,180,packet,338.16,501.06,2026-11-12,Aisle 08,frozen
Spiced Bamboo Toothbrush 2pk 1L,Bhoomi Botanicals,HOUS-002824,890100159695,Household & Personal Care,112,box,497.96,774.93,2027-07-03,Aisle 11,ambient
Organic Masala Chai Frozen Veg Momos 5kg,Green Earth Co.,FROZ-002825,890100159696,Frozen Foods,94,bag,291.01,374.59,2027-05-16,Aisle 09,frozen
Aged Matcha Green Tea Ginger Kombucha Family Pack,Green Earth Agro,BEVE-002826,890100159697,Beverages,51,can,344.37,604.90,2027-01-24,Aisle 05,ambient
Aged Malai Kulfi Bar 50g,Pure Vedic Springs,FROZ-002827,890100159698,Frozen Foods,15,pack,399.18,723.92,2026-08-30,Aisle 08,frozen
Authentic Cinnamon Spice Papayas 5kg,Pashmina Springs,FRES-002828,890100159699,Fresh Produce,205,kg,24.68,35.67,2026-09-13,Aisle 02,chilled
Roasted Rusk Toast 500ml,Nilgiri Goods,BAKE-002829,890100159700,Bakery & Deli,73,pcs,34.36,62.13,2026-09-09,Aisle 04,ambient
Rustic Paneer Tikka Deli 10-Pack,Saffola Goods,BAKE-002830,890100159701,Bakery & Deli,165,box,145.01,265.67,2026-09-09,Aisle 04,chilled
Gluten-Free Truffle Infused Pears 8-Pack,Mother Dairy Mills,FRES-002831,890100159702,Fresh Produce,172,pcs,29.28,53.49,2026-09-12,Aisle 02,chilled
Spiced Lemon Pepper Double Toned Milk 300g,Green Earth Kitchens,DAIR-002832,890100159703,Dairy & Eggs,190,bottle,360.02,628.58,2026-09-15,Aisle 03,chilled
Free-Range Masala CTC Tea 300g,Satvik Goods,BEVE-002833,890100159704,Beverages,8,box,409.02,649.26,2026-09-19,Aisle 06,chilled
Valley Fresh Fabric Softener Floral 500ml,Satvik Milling,HOUS-002834,890100159705,Household & Personal Care,4,box,493.14,813.67,2026-08-28,Aisle 12,ambient
Royal Red Chilli & Garlic Tender Coconut Water 150g,Patanjali Naturals,BEVE-002835,890100159706,Beverages,128,carton,341.05,543.65,2026-11-01,Aisle 05,ambient
Handcrafted Tandoori Smoked Chana Dal Polished 50g,Nilgiri Mills,PANT-002836,890100159707,Pantry & Dry Goods,31,packet,55.72,80.64,2028-05-28,Aisle 06,ambient
Homestyle Truffle Infused Fruit Cake Slice 1.5L,FarmGold Co.,BAKE-002837,890100159708,Bakery & Deli,183,box,30.05,46.14,2026-09-09,Aisle 03,ambient
Cold-Pressed Cinnamon Spice Butter Croissants 10-Pack,Pure Vedic Provisions,BAKE-002838,890100159709,Bakery & Deli,25,box,157.22,230.95,2026-08-31,Aisle 04,chilled
Pure Cashew Paste Curry Base 330ml,Urban Roots Springs,PANT-002839,890100159710,Pantry & Dry Goods,174,jar,263.52,349.31,2027-02-10,Aisle 08,ambient
Rustic Sea Salt Spicy Peanut Chikki 10kg,Bhoomi Dairy,SNAC-002840,890100159711,Snacks & Confectionery,202,pack,110.00,161.65,2027-04-04,Aisle 10,ambient
Heritage Cow Milk 1kg,Pure Vedic Mills,DAIR-002841,890100159712,Dairy & Eggs,227,tub,476.96,840.04,2026-09-09,Aisle 03,chilled
Gluten-Free Matcha Green Tea Lassi Mango Infused 150g,Desi Organics Harvest,DAIR-002842,890100159713,Dairy & Eggs,214,pack,250.77,318.82,2026-08-29,Aisle 02,chilled
Pure Lassi Mango Infused 500ml,Himalayan Goods,DAIR-002843,890100159714,Dairy & Eggs,188,bottle,505.95,904.03,2026-09-21,Aisle 02,chilled
Rustic Dark Chocolate Veg Spring Rolls 10-Pack,Vedic Fresh Mills,FROZ-002844,890100159715,Frozen Foods,53,tub,92.30,140.95,2027-02-12,Aisle 08,frozen
Premium Masala Chai Cheese Croissant 150g,FarmGold Dairy,BAKE-002845,890100159716,Bakery & Deli,69,pcs,256.57,338.86,2026-09-08,Aisle 04,ambient
Golden Multigrain Tortillas 10kg,Patanjali Organics,BAKE-002846,890100159717,Bakery & Deli,29,pack,204.79,362.85,2026-09-06,Aisle 03,ambient
Free-Range Buffalo Milk 1.5L,Ganga Co.,DAIR-002847,890100159718,Dairy & Eggs,79,pack,71.26,121.83,2026-09-10,Aisle 02,chilled
Pure Mint Lime Watermelon 400g,Himalayan Milling,FRES-002848,890100159719,Fresh Produce,211,kg,67.11,108.99,2026-09-10,Aisle 02,ambient
Cured Ginger Root 24-Pack,Royal Indian Provisions,FRES-002849,890100159720,Fresh Produce,121,pcs,45.27,78.47,2026-09-16,Aisle 01,chilled
Premium Fresh Rohu Fish 400g,Deccan Organics,MEAT-002850,890100159721,Meat & Seafood,13,kg,864.25,1124.96,2026-09-01,Aisle 04,chilled
Zero-Sugar Kachi Ghani Mustard Cheese Croissant 24-Pack,Mother Dairy Farms,BAKE-002851,890100159722,Bakery & Deli,223,pack,199.39,368.42,2026-09-10,Aisle 03,ambient
Gluten-Free Tulsi Honey Brioche Burger Buns 50g,SunBrite Dairy,BAKE-002852,890100159723,Bakery & Deli,8,pcs,257.56,364.59,2026-08-29,Aisle 04,ambient
Sun-Dried Sea Salt Kulcha 4-Pack 2-Pack,Desi Organics Plantations,BAKE-002853,890100159724,Bakery & Deli,171,pcs,307.83,489.09,2026-09-03,Aisle 03,ambient
Traditional Gouda Block 150ml,Satvik Botanicals,DAIR-002854,890100159725,Dairy & Eggs,121,carton,308.28,516.70,2026-09-02,Aisle 02,chilled
Homestyle Garlic Focaccia 12-Pack,Nature Harvest Botanicals,BAKE-002855,890100159726,Bakery & Deli,71,pcs,143.83,233.60,2026-09-01,Aisle 03,ambient
Stone-Ground Bath Tissue 6-Pack 10kg,Fortune Dairy,HOUS-002856,890100159727,Household & Personal Care,98,tube,471.04,760.04,2028-01-05,Aisle 11,ambient
Farm-Fresh Apples 1L,Desi Organics Plantations,FRES-002857,890100159728,Fresh Produce,22,bunch,115.26,163.95,2026-09-16,Aisle 02,ambient
Golden Cardamom Spiced Cow Milk 10-Pack,Vedic Fresh Goods,DAIR-002858,890100159729,Dairy & Eggs,5,bottle,180.17,292.91,2026-09-16,Aisle 03,chilled
Rustic Smoked Paprika Pita Bread 250g,FarmGold Goods,BAKE-002859,890100159730,Bakery & Deli,118,pack,305.79,438.77,2026-08-30,Aisle 04,ambient
Gourmet Rawa Sooji 2L,Everest Agro,PANT-002860,890100159731,Pantry & Dry Goods,197,packet,430.56,670.53,2028-06-27,Aisle 07,ambient
Gluten-Free Strawberries 300g,Deccan Kitchens,FRES-002861,890100159732,Fresh Produce,64,pack,47.11,63.72,2026-09-09,Aisle 01,chilled
Cold-Pressed Truffle Infused Liquid Laundry Detergent 1L,Himalayan Dairy,HOUS-002862,890100159733,Household & Personal Care,14,pack,281.58,411.75,2027-12-27,Aisle 11,ambient
Aged Kesar Pista Kulcha 4-Pack 300g,Everest Harvest,BAKE-002863,890100159734,Bakery & Deli,25,pack,154.66,208.89,2026-09-07,Aisle 03,ambient
Zero-Sugar Alphonso Mango Smoked Chicken Slices 150g,Organic Tattva Kitchens,BAKE-002864,890100159735,Bakery & Deli,158,pack,293.76,466.30,2026-09-02,Aisle 03,ambient
Homestyle Roasted Salted Cashews 1L,Fortune Naturals,SNAC-002865,890100159736,Snacks & Confectionery,66,tub,428.66,607.52,2027-02-25,Aisle 10,ambient
Spiced Makhana Crunch Desi Cow Ghee 400g,Heritage Agro,DAIR-002866,890100159737,Dairy & Eggs,90,pack,143.27,190.17,2026-09-07,Aisle 03,chilled
Smoked Moong Dal Washed 10kg,Deccan Milling,PANT-002867,890100159738,Pantry & Dry Goods,211,box,481.25,704.63,2027-11-08,Aisle 08,ambient
Cured Ginger Root 4-Pack,Organic Tattva Plantations,FRES-002868,890100159739,Fresh Produce,67,kg,111.00,199.55,2026-09-01,Aisle 02,chilled
Stone-Ground Toasted Sesame Squid Rings Cleaned 750ml,Heritage Plantations,MEAT-002869,890100159740,Meat & Seafood,227,pack,534.06,913.95,2026-08-28,Aisle 04,chilled
Handcrafted Chicken Frankfurters Family Pack,Nature Harvest Provisions,BAKE-002870,890100159741,Bakery & Deli,170,box,64.43,82.06,2026-09-04,Aisle 03,chilled
Signature Coconut Cream Diet Mixture Namkeen 1kg,Kaveri Agro,SNAC-002871,890100159742,Snacks & Confectionery,61,bag,420.73,608.38,2027-01-31,Aisle 10,ambient
Stone-Ground Chatpata Masala Banana Chips Kerala Style 1kg,Tata Naturals,SNAC-002872,890100159743,Snacks & Confectionery,138,bar,36.25,60.16,2027-06-19,Aisle 09,ambient
Traditional Pomfret Whole 10-Pack,Nilgiri Provisions,MEAT-002873,890100159744,Meat & Seafood,180,kg,796.98,1328.05,2026-08-29,Aisle 05,chilled
Free-Range Pista Almond Organic Brown Sugar 350g,Heritage Milling,PANT-002874,890100159745,Pantry & Dry Goods,196,box,87.91,111.41,2027-02-01,Aisle 08,ambient
Cold-Pressed Garlic Bulbs 2kg,Pure Vedic Co.,FRES-002875,890100159746,Fresh Produce,222,kg,18.90,32.12,2026-09-01,Aisle 02,chilled
Royal Cardamom Spiced Chicken Drumsticks 500ml,Pashmina Kitchens,MEAT-002876,890100159747,Meat & Seafood,248,pcs,709.24,924.34,2026-08-31,Aisle 05,chilled
Signature Toasted Sesame Whole Wheat Atta Bread 2-Pack,Royal Indian Harvest,BAKE-002877,890100159748,Bakery & Deli,63,box,51.94,93.11,2026-09-02,Aisle 03,chilled
Organic Truffle Infused Cow Milk 2L,SunBrite Provisions,DAIR-002878,890100159749,Dairy & Eggs,113,bottle,276.55,365.52,2026-09-23,Aisle 02,chilled
Select Urad Dal Whole 1.5L,Urban Roots Farms,PANT-002879,890100159750,Pantry & Dry Goods,113,can,116.88,209.16,2027-04-11,Aisle 06,ambient
Authentic Jalapeno Lime Raw Wildflower Honey Value Pack,Dabur Mills,PANT-002880,890100159751,Pantry & Dry Goods,220,bag,632.56,964.92,2028-02-12,Aisle 06,ambient
Plant-Based Kesar Pista Paneer Paratha Frozen 200g,Ganga Dairy,FROZ-002881,890100159752,Frozen Foods,116,box,95.09,162.80,2027-04-12,Aisle 08,frozen
Heritage Masala Potato Chips 200ml,Royal Indian Foods,SNAC-002882,890100159753,Snacks & Confectionery,237,bar,446.83,606.72,2027-05-08,Aisle 10,ambient
Wildcrafted Sona Masoori Rice 350g,Heritage Milling,PANT-002883,890100159754,Pantry & Dry Goods,195,packet,441.38,553.02,2028-04-15,Aisle 07,ambient
Crisp Chamomile Herbal Tea 150g,Amul Kitchens,BEVE-002884,890100159755,Beverages,93,bag,250.73,364.14,2026-11-22,Aisle 06,chilled
Royal Ciabatta Roll 2L,Deccan Provisions,BAKE-002885,890100159756,Bakery & Deli,31,pack,162.44,287.49,2026-09-08,Aisle 04,chilled
Cold-Pressed Kesar Pista Royal Basmati Rice 2-Pack,Catch Goods,PANT-002886,890100159757,Pantry & Dry Goods,187,jar,409.59,714.79,2026-12-18,Aisle 06,ambient
Raw Sweet Tamarind Pomegranates 500g,Pashmina Foods,FRES-002887,890100159758,Fresh Produce,38,bunch,110.17,165.58,2026-09-14,Aisle 02,ambient
Spiced Masala Chai Frozen Green Peas 2-Pack,Heritage Springs,FROZ-002888,890100159759,Frozen Foods,35,box,163.66,256.87,2027-06-13,Aisle 09,frozen
Extra-Virgin Cashew Paste Curry Base Snack Pack,Everest Botanicals,PANT-002889,890100159760,Pantry & Dry Goods,133,bag,118.84,202.51,2027-10-21,Aisle 08,ambient
Heritage Ricotta Fresh 350g,Ganga Plantations,DAIR-002890,890100159761,Dairy & Eggs,242,bottle,281.12,367.30,2026-09-09,Aisle 03,chilled
Free-Range Vanilla Bean Veg Spring Rolls 1kg,Satvik Organics,FROZ-002891,890100159762,Frozen Foods,191,packet,269.68,486.55,2027-08-20,Aisle 08,frozen
Signature Tulsi Honey Almond Milk 24-Pack,Pashmina Mills,DAIR-002892,890100159763,Dairy & Eggs,61,box,289.69,508.97,2026-09-09,Aisle 03,chilled
Low-Sodium Kachi Ghani Mustard Smoked Chicken Slices Value Pack,Amul Mills,BAKE-002893,890100159764,Bakery & Deli,114,pack,237.00,331.84,2026-09-01,Aisle 04,chilled
Homestyle Mint Lime Whole Wheat Atta Bread 500g,Deccan Naturals,BAKE-002894,890100159765,Bakery & Deli,6,pcs,66.62,112.65,2026-08-30,Aisle 03,chilled
Aged Pista Almond Blueberries 330ml,Mother Dairy Goods,FRES-002895,890100159766,Fresh Produce,35,bunch,138.32,230.74,2026-09-15,Aisle 02,ambient
Crisp Mutton Curry Cut 400g,Amul Naturals,MEAT-002896,890100159767,Meat & Seafood,117,kg,900.03,1193.08,2026-08-31,Aisle 05,chilled
Smoked Truffle Infused 70% Dark Chocolate Bar 300g,Desi Organics Milling,SNAC-002897,890100159768,Snacks & Confectionery,215,packet,483.05,833.79,2027-01-11,Aisle 09,ambient
Artisan Matcha Green Tea Raw Wildflower Honey 300g,Royal Indian Organics,PANT-002898,890100159769,Pantry & Dry Goods,114,jar,601.68,979.91,2028-03-14,Aisle 08,ambient
Artisan Jalapeno Lime Chicken Drumsticks 300g,Mother Dairy Botanicals,MEAT-002899,890100159770,Meat & Seafood,4,pcs,759.01,990.48,2026-08-30,Aisle 05,chilled
Rustic Coconut Cream Toned Milk 500ml,Nature Harvest Provisions,DAIR-002900,890100159771,Dairy & Eggs,141,box,52.73,75.34,2026-09-17,Aisle 02,chilled
Wildcrafted Masala Chai Bath Tissue 6-Pack 2L,Nilgiri Agro,HOUS-002901,890100159772,Household & Personal Care,15,bottle,513.17,941.35,2027-07-13,Aisle 12,ambient
Valley Fresh Sea Salt Catla Fish Steaks 10-Pack,Satvik Harvest,MEAT-002902,890100159773,Meat & Seafood,234,pcs,608.34,931.54,2026-08-29,Aisle 04,chilled
Sweet Red Chilli & Garlic Avocados 400g,Satvik Naturals,FRES-002903,890100159774,Fresh Produce,37,bag,124.07,200.85,2026-09-01,Aisle 01,chilled
Golden Makhana Crunch Organic Brown Sugar 150g,Pashmina Goods,PANT-002904,890100159775,Pantry & Dry Goods,193,can,467.65,713.04,2026-08-20,Aisle 08,ambient
Whole-Grain Biodegradable Garbage Bags 750ml,Vedic Fresh Agro,HOUS-002905,890100159776,Household & Personal Care,228,box,145.34,233.61,2027-07-25,Aisle 12,ambient
Gourmet Mozzarella Shredded 6-Pack,Catch Foods,DAIR-002906,890100159777,Dairy & Eggs,181,box,39.76,72.87,2026-09-22,Aisle 03,chilled
Gourmet Dark Chocolate Bitter Gourd (Karela) 100g,Desi Organics Botanicals,FRES-002907,890100159778,Fresh Produce,101,pack,93.74,142.44,2026-09-08,Aisle 02,ambient
Grass-Fed Lavash Crackers 6-Pack,Mother Dairy Botanicals,BAKE-002908,890100159779,Bakery & Deli,48,pcs,122.86,209.46,2026-09-05,Aisle 03,ambient
Smoked Kitchen Paper Towels 4-Roll 50g,Royal Indian Agro,HOUS-002909,890100159780,Household & Personal Care,163,pack,134.22,225.83,2027-10-18,Aisle 12,ambient
Plant-Based Cardamom Spiced Bagel Plain 4pk 100g,Fortune Farms,BAKE-002910,890100159781,Bakery & Deli,173,box,119.49,177.68,2026-09-07,Aisle 03,chilled
Natural Toasted Sesame Kokum Sharbat 1kg,Satvik Goods,BEVE-002911,890100159782,Beverages,174,carton,178.46,315.31,2027-05-19,Aisle 06,ambient
Plant-Based Cucumbers 2-Pack,Satvik Co.,FRES-002912,890100159783,Fresh Produce,158,bunch,105.15,161.29,2026-09-16,Aisle 02,chilled
Royal Ajwain & Jeera Himalayan Spring Water 6-Pack,Pashmina Plantations,BEVE-002913,890100159784,Beverages,200,carton,361.89,588.52,2026-12-14,Aisle 05,chilled
Roasted Kesar Pista Cold Pressed Orange Juice 1L,Catch Milling,BEVE-002914,890100159785,Beverages,49,box,103.59,171.73,2026-08-28,Aisle 05,ambient
Desi Alphonso Mango Basa Fish Fillets 100g,Mother Dairy Botanicals,MEAT-002915,890100159786,Meat & Seafood,15,pack,551.42,726.76,2026-08-29,Aisle 05,chilled
Natural Nagpur Orange Mishri Mawa 4-Pack,Desi Organics Co.,DAIR-002916,890100159787,Dairy & Eggs,238,box,78.33,110.27,2026-09-24,Aisle 02,chilled
Artisan Tulsi Honey Sweet Potatoes Snack Pack,Heritage Goods,FRES-002917,890100159788,Fresh Produce,140,bunch,88.51,162.16,2026-09-04,Aisle 01,chilled
Sweet Kachi Ghani Mustard Frozen Veg Momos 50g,Kaveri Goods,FROZ-002918,890100159789,Frozen Foods,51,packet,372.43,596.99,2027-05-04,Aisle 09,frozen
Natural Makhana Crunch Sweet Potatoes 2kg,Deccan Co.,FRES-002919,890100159790,Fresh Produce,30,pcs,55.02,89.39,2026-08-30,Aisle 01,ambient
Traditional Rose Infused Heavy Cream 400g,Vedic Fresh Agro,DAIR-002920,890100159791,Dairy & Eggs,219,pack,57.20,81.24,2026-08-20,Aisle 03,chilled
Heritage Smoked Paprika Mustard Oil Kachi Ghani 10kg,Pure Vedic Farms,PANT-002921,890100159792,Pantry & Dry Goods,167,bag,539.55,850.81,2027-03-19,Aisle 07,ambient
Authentic Smoked Paprika Fish Fingers Frozen 100g,Royal Indian Organics,FROZ-002922,890100159793,Frozen Foods,131,bag,416.55,530.63,2026-11-26,Aisle 09,frozen
Premium Ajwain & Jeera Cold-Pressed Groundnut Oil 330ml,Everest Harvest,PANT-002923,890100159794,Pantry & Dry Goods,132,packet,707.89,1230.86,2027-07-21,Aisle 06,ambient
Plant-Based Paneer Tikka Deli 350g,Catch Harvest,BAKE-002924,890100159795,Bakery & Deli,221,pack,232.73,350.99,2026-09-08,Aisle 03,ambient
Extra-Virgin Masala Chai Rusk Toast 5L,Nature Harvest Provisions,BAKE-002925,890100159796,Bakery & Deli,190,box,223.87,284.95,2026-09-10,Aisle 03,chilled
Unpolished Garlic & Herb Lentils Red Masoor 300g,Saffola Mills,PANT-002926,890100159797,Pantry & Dry Goods,55,can,609.99,838.21,2027-07-12,Aisle 07,ambient
Valley Fresh Matcha Green Tea Fabric Softener Floral 500g,Mother Dairy Organics,HOUS-002927,890100159798,Household & Personal Care,114,bottle,177.15,314.40,2027-08-31,Aisle 11,ambient
Low-Sodium Pineapples 10kg,Fortune Dairy,FRES-002928,890100159799,Fresh Produce,56,kg,78.67,110.95,2026-09-03,Aisle 02,ambient
Royal Alphonso Mango Pita Bread 500ml,Ganga Kitchens,BAKE-002929,890100159800,Bakery & Deli,86,pcs,184.21,333.23,2026-09-07,Aisle 04,chilled
Raw Sea Salt Oat Milk 2-Pack,Ganga Agro,DAIR-002930,890100159801,Dairy & Eggs,7,packet,367.74,677.67,2026-09-12,Aisle 02,chilled
Low-Sodium Nagpur Orange Bitter Gourd (Karela) 350g,Catch Goods,FRES-002931,890100159802,Fresh Produce,219,kg,102.82,153.47,2026-09-04,Aisle 01,ambient
Premium Poha Thick Flakes 5L,Ganga Organics,PANT-002932,890100159803,Pantry & Dry Goods,141,packet,517.81,849.95,2027-04-09,Aisle 08,ambient
Pure Red Chilli & Garlic Frozen Samosas 8-Pack,Nilgiri Milling,FROZ-002933,890100159804,Frozen Foods,85,pack,270.11,467.41,2026-12-26,Aisle 08,frozen
Plant-Based Lemon Pepper Kabuli Chana Large 200ml,Amul Mills,PANT-002934,890100159805,Pantry & Dry Goods,188,jar,258.49,350.31,2028-07-03,Aisle 07,ambient
Wildcrafted Biodegradable Garbage Bags 1.5L,Bhoomi Milling,HOUS-002935,890100159806,Household & Personal Care,68,bottle,599.17,795.28,2027-12-07,Aisle 12,ambient
Gluten-Free Tulsi Honey Frozen Veg Momos Snack Pack,Everest Foods,FROZ-002936,890100159807,Frozen Foods,215,box,183.33,264.27,2027-07-26,Aisle 09,frozen
Farm-Fresh Masala Chai Bath Tissue 6-Pack 12-Pack,Heritage Goods,HOUS-002937,890100159808,Household & Personal Care,8,packet,88.71,114.86,2027-03-16,Aisle 11,ambient
Stone-Ground Truffle Infused Bhujia Sev 330ml,Mother Dairy Mills,SNAC-002938,890100159809,Snacks & Confectionery,100,pack,178.69,235.17,2027-01-08,Aisle 09,ambient
Unpolished Cheese Croissant 200g,Amul Goods,BAKE-002939,890100159810,Bakery & Deli,183,box,266.17,484.95,2026-08-29,Aisle 03,chilled
Smoked Makhana Crunch Banana Chips Kerala Style 500g,Saffola Kitchens,SNAC-002940,890100159811,Snacks & Confectionery,101,pack,167.39,235.80,2027-06-21,Aisle 10,ambient
Wildcrafted Mint Lime French Fries Crispy 330ml,Satvik Goods,FROZ-002941,890100159812,Frozen Foods,60,bag,381.34,566.51,2027-04-24,Aisle 08,frozen
Heritage Crab Meat Fresh 250ml,Urban Roots Foods,MEAT-002942,890100159813,Meat & Seafood,41,pcs,928.28,1205.43,2026-09-01,Aisle 05,chilled
Handcrafted Oranges Nagpur 400g,Vedic Fresh Kitchens,FRES-002943,890100159814,Fresh Produce,22,bag,139.73,251.65,2026-09-11,Aisle 01,chilled
Valley Fresh Seedless Grapes 500ml,Fortune Goods,FRES-002944,890100159815,Fresh Produce,196,pcs,21.79,39.10,2026-09-17,Aisle 02,ambient
Grass-Fed Kachi Ghani Mustard Buffalo Milk 8-Pack,Saffola Farms,DAIR-002945,890100159816,Dairy & Eggs,59,box,194.37,322.28,2026-09-02,Aisle 02,chilled
Aged Kesar Pista Baby Spinach 1.5L,Urban Roots Harvest,FRES-002946,890100159817,Fresh Produce,11,bunch,144.62,241.01,2026-09-14,Aisle 01,chilled
Artisan Golden Ginger Stainless Steel Scrubber 3pk 4-Pack,FarmGold Harvest,HOUS-002947,890100159818,Household & Personal Care,159,packet,34.03,46.46,2028-07-28,Aisle 12,ambient
Heritage Coriander Leaves Family Pack,Mother Dairy Springs,FRES-002948,890100159819,Fresh Produce,9,bag,48.44,87.18,2026-09-02,Aisle 01,ambient
Free-Range Pista Almond Green Chillies 150g,Pashmina Mills,FRES-002949,890100159820,Fresh Produce,21,kg,106.83,137.34,2026-09-10,Aisle 02,ambient
Spiced Nagpur Orange Tiger Prawns Jumbo 500g,Ganga Goods,MEAT-002950,890100159821,Meat & Seafood,133,pcs,425.66,617.29,2026-09-01,Aisle 04,chilled
Sweet Caramelized Onion Paneer Paratha Frozen 350g,SunBrite Mills,FROZ-002951,890100159822,Frozen Foods,134,packet,247.14,401.55,2027-06-26,Aisle 08,frozen
Zero-Sugar Vanilla Bean Floor Disinfectant Pine Family Pack,Amul Harvest,HOUS-002952,890100159823,Household & Personal Care,30,packet,256.54,338.22,2028-09-14,Aisle 12,ambient
Unpolished Pav 6-Pack 10kg,Ganga Provisions,BAKE-002953,890100159824,Bakery & Deli,239,pcs,112.56,170.80,2026-09-08,Aisle 03,ambient
Select Ajwain & Jeera Ladyfinger (Bhindi) 1kg,Royal Indian Foods,FRES-002954,890100159825,Fresh Produce,206,pcs,112.66,145.74,2026-09-06,Aisle 01,ambient
Country Style Makhana Crunch Fresh Rohu Fish 2kg,Royal Indian Goods,MEAT-002955,890100159826,Meat & Seafood,120,kg,217.29,348.91,2026-08-31,Aisle 05,chilled
Handcrafted Kokum Sharbat 10kg,FarmGold Co.,BEVE-002956,890100159827,Beverages,156,carton,185.33,330.74,2027-01-21,Aisle 06,ambient
Signature Sea Salt Dry Fruits Trail Mix 1.5L,Pure Vedic Farms,SNAC-002957,890100159828,Snacks & Confectionery,58,packet,212.02,331.63,2026-08-28,Aisle 10,ambient
Grass-Fed Red Chilli & Garlic Curd Tub (Dahi) 150g,Fortune Botanicals,DAIR-002958,890100159829,Dairy & Eggs,199,box,112.53,176.17,2026-09-22,Aisle 03,chilled
Sweet Truffle Infused Crab Meat Fresh 1.5L,Vedic Fresh Plantations,MEAT-002959,890100159830,Meat & Seafood,26,kg,245.42,420.71,2026-09-03,Aisle 04,chilled
Rustic Roma Tomatoes 2L,Patanjali Goods,FRES-002960,890100159831,Fresh Produce,80,bag,56.37,103.36,2026-08-29,Aisle 01,chilled
Grass-Fed Butter Murukku 350g,Bhoomi Farms,SNAC-002961,890100159832,Snacks & Confectionery,49,tub,47.88,63.20,2027-03-01,Aisle 09,ambient
Traditional Chatpata Masala Pita Bread 10-Pack,Mother Dairy Kitchens,BAKE-002962,890100159833,Bakery & Deli,170,pcs,129.28,229.25,2026-09-10,Aisle 04,chilled
Sweet Dark Chocolate Moong Dal Washed 2L,Amul Springs,PANT-002963,890100159834,Pantry & Dry Goods,10,box,148.61,198.86,2027-03-16,Aisle 06,ambient
Handcrafted Ajwain & Jeera Double Toned Milk 250g,Fortune Agro,DAIR-002964,890100159835,Dairy & Eggs,89,carton,111.88,164.87,2026-09-05,Aisle 03,chilled
Roasted Nagpur Orange Mishri Mawa 1.5L,Kaveri Botanicals,DAIR-002965,890100159836,Dairy & Eggs,110,tub,287.72,449.13,2026-09-13,Aisle 02,chilled
Artisan Jalapeno Lime Double Toned Milk 10-Pack,Saffola Plantations,DAIR-002966,890100159837,Dairy & Eggs,116,carton,228.80,292.36,2026-09-26,Aisle 03,chilled
Premium Truffle Infused Mutton Curry Cut 150ml,Everest Provisions,MEAT-002967,890100159838,Meat & Seafood,108,kg,813.17,1033.40,2026-08-27,Aisle 04,chilled
Extra-Virgin Ajwain & Jeera Fresh Mint (Pudina) 10-Pack,Pure Vedic Plantations,FRES-002968,890100159839,Fresh Produce,187,pcs,73.56,130.35,2026-08-27,Aisle 01,ambient
Gourmet Coconut Cream Surmai Steaks 750ml,Nilgiri Goods,MEAT-002969,890100159840,Meat & Seafood,96,kg,323.97,419.91,2026-09-02,Aisle 04,chilled
Farm-Fresh Red Chilli & Garlic Bamboo Toothbrush 2pk 150ml,Pure Vedic Provisions,HOUS-002970,890100159841,Household & Personal Care,206,bottle,51.71,87.82,2028-05-05,Aisle 11,ambient
Traditional Alphonso Mango 70% Dark Chocolate Bar 1.5L,Pure Vedic Milling,SNAC-002971,890100159842,Snacks & Confectionery,247,bag,102.94,145.21,2027-03-26,Aisle 09,ambient
Spiced Mint Lime Hash Browns 6pk 150ml,Pashmina Provisions,FROZ-002972,890100159843,Frozen Foods,130,pack,47.82,86.59,2027-08-17,Aisle 09,frozen
Select Nagpur Orange Chicken Salami Value Pack,Kaveri Dairy,BAKE-002973,890100159844,Bakery & Deli,120,pcs,97.05,132.47,2026-08-29,Aisle 03,chilled
Roasted Mint Lime Hash Browns 6pk 2-Pack,Organic Tattva Farms,FROZ-002974,890100159845,Frozen Foods,143,packet,325.76,433.49,2027-03-04,Aisle 09,frozen
Pure Kachi Ghani Mustard Paneer Block 4-Pack,Amul Provisions,DAIR-002975,890100159846,Dairy & Eggs,177,box,499.02,635.06,2026-09-16,Aisle 02,chilled
Cured Fruit Muffins 250ml,Tata Harvest,BAKE-002976,890100159847,Bakery & Deli,64,box,273.20,376.87,2026-09-08,Aisle 04,chilled
Gourmet Pineapples 200ml,Nilgiri Milling,FRES-002977,890100159848,Fresh Produce,56,bunch,42.95,73.03,2026-09-16,Aisle 02,ambient
Royal Oranges Nagpur 200g,Pashmina Foods,FRES-002978,890100159849,Fresh Produce,221,bag,73.52,99.21,2026-09-04,Aisle 02,ambient
Artisan Kachi Ghani Mustard Aloo Tikki 8-Pack 300g,FarmGold Agro,FROZ-002979,890100159850,Frozen Foods,216,tub,52.37,77.58,2027-07-19,Aisle 08,frozen
Grass-Fed Sparkling Mineral Water 500g,Saffola Agro,BEVE-002980,890100159851,Beverages,9,pack,387.11,526.41,2027-01-30,Aisle 05,chilled
Low-Sodium Tulsi Honey Frozen Green Peas 6-Pack,Pashmina Naturals,FROZ-002981,890100159852,Frozen Foods,136,packet,335.13,588.66,2026-08-16,Aisle 09,frozen
Heritage Moong Dal Namkeen 100g,Nilgiri Botanicals,SNAC-002982,890100159853,Snacks & Confectionery,176,bar,221.61,342.73,2027-03-29,Aisle 09,ambient
Crisp Masala Chai Organic Sharbati Atta 2kg,Amul Co.,PANT-002983,890100159854,Pantry & Dry Goods,235,bag,332.58,610.77,2027-08-19,Aisle 06,ambient
Crisp Goat Mince Premium 8-Pack,Everest Goods,MEAT-002984,890100159855,Meat & Seafood,53,pcs,539.35,868.62,2026-08-31,Aisle 05,chilled
Select Ayurvedic Bath Soap 500ml,Nilgiri Mills,HOUS-002985,890100159856,Household & Personal Care,61,pack,331.01,451.61,2029-02-11,Aisle 11,ambient
Handcrafted Toasted Sesame Diet Mixture Namkeen 200ml,Catch Milling,SNAC-002986,890100159857,Snacks & Confectionery,162,pack,27.82,36.94,2026-12-24,Aisle 09,ambient
Wildcrafted Dark Chocolate Guava Chilli Juice 8-Pack,Urban Roots Provisions,BEVE-002987,890100159858,Beverages,75,carton,374.58,472.28,2026-09-11,Aisle 05,ambient
Low-Sodium Chicken Sausages Value Pack,Ganga Botanicals,MEAT-002988,890100159859,Meat & Seafood,121,kg,481.47,880.70,2026-08-30,Aisle 04,chilled
Grass-Fed Masala Chai Clove & Mint Toothpaste 2L,Heritage Kitchens,HOUS-002989,890100159860,Household & Personal Care,241,box,580.87,884.79,2029-01-08,Aisle 11,ambient
Homestyle Gouda Block 350g,Himalayan Farms,DAIR-002990,890100159861,Dairy & Eggs,108,pack,254.89,420.70,2026-08-19,Aisle 02,chilled
Crisp Ajwain & Jeera Ginger Kombucha 4-Pack,Kaveri Agro,BEVE-002991,890100159862,Beverages,136,pack,307.48,399.81,2027-05-26,Aisle 05,chilled
Stone-Ground Paneer Block 8-Pack,Catch Kitchens,DAIR-002992,890100159863,Dairy & Eggs,136,packet,142.22,182.90,2026-09-01,Aisle 02,chilled
Zero-Sugar Carrots 500g,Fortune Mills,FRES-002993,890100159864,Fresh Produce,88,kg,136.67,242.13,2026-09-13,Aisle 01,ambient
Zero-Sugar Matcha Green Tea French Fries Crispy 400g,Urban Roots Harvest,FROZ-002994,890100159865,Frozen Foods,179,pack,273.14,431.69,2026-08-28,Aisle 08,frozen
Farm-Fresh Ajwain & Jeera Aloo Tikki 8-Pack 1kg,Everest Plantations,FROZ-002995,890100159866,Frozen Foods,26,tub,100.42,138.06,2027-06-20,Aisle 08,frozen
Aged Seedless Grapes 500ml,Mother Dairy Foods,FRES-002996,890100159867,Fresh Produce,88,bag,83.16,136.00,2026-09-02,Aisle 01,chilled
Farm-Fresh Alphonso Mango Sona Masoori Rice 750ml,Deccan Springs,PANT-002997,890100159868,Pantry & Dry Goods,91,can,155.28,267.65,2027-09-04,Aisle 08,ambient
Rustic Hash Browns 6pk 350g,Catch Springs,FROZ-002998,890100159869,Frozen Foods,249,packet,288.52,404.04,2027-06-24,Aisle 08,frozen
Zero-Sugar Frozen Green Peas 250ml,Patanjali Springs,FROZ-002999,890100159870,Frozen Foods,178,bag,135.31,219.18,2026-08-30,Aisle 08,frozen
Extra-Virgin Jalapeno Lime Pink Himalayan Salt 1.5L,Catch Botanicals,PANT-003000,890100159871,Pantry & Dry Goods,220,jar,523.33,801.02,2028-02-02,Aisle 07,ambient
