Name,Brand,SKU,Barcode,Category,CurrentStock,Unit,CostPrice,SellingPrice,ExpiryDate,Aisle,TempZone
Zero-Sugar Masala Chai Biodegradable Garbage Bags 1L,Saffola Foods,HOUS-000001,890100786053,Household & Personal Care,67,packet,266.44,362.47,2027-07-08,Aisle 12,ambient
Grass-Fed Cardamom Spiced Yukon Gold Potatoes 500ml,Heritage Naturals,FRES-000002,890100786054,Fresh Produce,199,bag,91.11,150.58,2026-09-16,Aisle 01,ambient
Gluten-Free Butter Murukku 250ml,Vedic Fresh Mills,SNAC-000003,890100786055,Snacks & Confectionery,193,bag,19.10,30.17,2026-08-29,Aisle 09,ambient
Valley Fresh Red Chilli & Garlic Garlic Naan Frozen 4pk Value Pack,Kaveri Milling,FROZ-000004,890100786056,Frozen Foods,232,packet,282.93,471.23,2027-06-28,Aisle 08,frozen
Heritage Buffalo Milk Snack Pack,SunBrite Springs,DAIR-000005,890100786057,Dairy & Eggs,236,bottle,162.51,280.55,2026-09-19,Aisle 02,chilled
Aged Sweet Corn Kernels 50g,Bhoomi Farms,FROZ-000006,890100786058,Frozen Foods,105,box,141.34,190.48,2026-11-18,Aisle 08,frozen
Free-Range Golden Ginger Lentils Red Masoor 200g,Organic Tattva Farms,PANT-000007,890100786059,Pantry & Dry Goods,132,packet,615.18,1006.57,2026-08-30,Aisle 06,ambient
Valley Fresh Smoked Paprika French Fries Crispy 2L,Pashmina Foods,FROZ-000008,890100786060,Frozen Foods,111,tub,74.99,126.20,2027-01-21,Aisle 09,frozen
Zero-Sugar Garlic & Herb Feta Cheese 2L,Desi Organics Kitchens,DAIR-000009,890100786061,Dairy & Eggs,141,pack,31.75,50.03,2026-09-15,Aisle 02,chilled
Farm-Fresh Aloo Tikki 8-Pack 1kg,Vedic Fresh Organics,FROZ-000010,890100786062,Frozen Foods,105,tub,108.29,197.53,2026-08-28,Aisle 08,frozen
Grass-Fed Nagpur Orange Mixed Berries Frozen 500ml,FarmGold Agro,FROZ-000011,890100786063,Frozen Foods,165,bag,132.10,177.94,2027-05-27,Aisle 08,frozen
Wildcrafted Cold-Pressed Groundnut Oil Value Pack,Fortune Milling,PANT-000012,890100786064,Pantry & Dry Goods,238,packet,371.64,516.35,2028-05-30,Aisle 06,ambient
Authentic Paneer Paratha Frozen 10kg,Dabur Foods,FROZ-000013,890100786065,Frozen Foods,217,box,160.61,248.44,2027-05-05,Aisle 08,frozen
Cured Garlic & Herb Avocados 150g,Heritage Co.,FRES-000014,890100786066,Fresh Produce,77,bunch,85.90,123.05,2026-09-11,Aisle 02,chilled
Authentic Truffle Infused Clove & Mint Toothpaste 750g,Desi Organics Dairy,HOUS-000015,890100786067,Household & Personal Care,214,packet,427.39,612.09,2027-10-30,Aisle 11,ambient
Valley Fresh Aloo Tikki 8-Pack 4-Pack,Desi Organics Provisions,FROZ-000016,890100786068,Frozen Foods,83,box,291.08,497.24,2027-04-02,Aisle 08,frozen
Homestyle Sourdough Loaf 100g,Royal Indian Plantations,BAKE-000017,890100786069,Bakery & Deli,44,box,288.78,454.23,2026-08-29,Aisle 03,chilled
Unpolished Golden Ginger Shampoo Anti-Dandruff 350g,Pure Vedic Plantations,HOUS-000018,890100786070,Household & Personal Care,19,tube,434.37,640.21,2028-09-29,Aisle 11,ambient
Zero-Sugar Matcha Green Tea Fruit Cake Slice 250ml,Royal Indian Goods,BAKE-000019,890100786071,Bakery & Deli,159,box,115.11,208.01,2026-09-06,Aisle 04,ambient
Heritage Fruit Cake Slice 12-Pack,Saffola Goods,BAKE-000020,890100786072,Bakery & Deli,213,box,118.65,157.45,2026-08-29,Aisle 04,chilled
Stone-Ground Nimbu Paani Soda 8-Pack,Bhoomi Goods,BEVE-000021,890100786073,Beverages,5,pack,289.64,423.44,2026-08-30,Aisle 06,chilled
Select Bitter Gourd (Karela) 300g,Saffola Mills,FRES-000022,890100786074,Fresh Produce,100,pcs,118.96,202.38,2026-08-29,Aisle 01,chilled
Free-Range Hash Browns 6pk 5kg,Green Earth Mills,FROZ-000023,890100786075,Frozen Foods,7,packet,111.89,183.33,2027-02-07,Aisle 09,frozen
Cold-Pressed Guavas 150ml,Patanjali Naturals,FRES-000024,890100786076,Fresh Produce,133,bag,134.86,175.14,2026-09-10,Aisle 02,chilled
Traditional Gulab Jamun Tin Value Pack,Pashmina Co.,SNAC-000025,890100786077,Snacks & Confectionery,159,bag,177.27,251.71,2026-12-27,Aisle 10,ambient
Authentic Makhana Crunch Kitchen Paper Towels 4-Roll 2L,Deccan Milling,HOUS-000026,890100786078,Household & Personal Care,144,pack,277.88,437.93,2028-03-16,Aisle 11,ambient
Spiced Pink Himalayan Salt 12-Pack,SunBrite Provisions,PANT-000027,890100786079,Pantry & Dry Goods,85,bag,394.53,502.69,2027-02-28,Aisle 07,ambient
Artisan Rose Infused Cashew Paste Curry Base 2-Pack,Fortune Organics,PANT-000028,890100786080,Pantry & Dry Goods,73,can,116.47,148.11,2028-04-20,Aisle 08,ambient
Natural Jalapeno Lime Cinnamon Swirl Buns 750ml,Nilgiri Goods,BAKE-000029,890100786081,Bakery & Deli,68,box,118.66,191.62,2026-09-06,Aisle 04,ambient
Farm-Fresh Salted Butter 5L,Vedic Fresh Botanicals,DAIR-000030,890100786082,Dairy & Eggs,102,packet,464.89,819.99,2026-09-12,Aisle 02,chilled
Natural Caramelized Onion Unsalted White Butter 330ml,Desi Organics Organics,DAIR-000031,890100786083,Dairy & Eggs,24,carton,328.86,505.14,2026-09-07,Aisle 03,chilled
Traditional Cardamom Spiced Cheese Croissant 1L,Green Earth Co.,BAKE-000032,890100786084,Bakery & Deli,137,box,169.81,219.26,2026-08-28,Aisle 03,chilled
Authentic Vanilla Bean Poha Thick Flakes 12-Pack,Nature Harvest Dairy,PANT-000033,890100786085,Pantry & Dry Goods,220,jar,745.82,998.19,2027-11-09,Aisle 06,ambient
Whole-Grain Smoked Paprika Apples 1L,Saffola Agro,FRES-000034,890100786086,Fresh Produce,64,bag,44.21,67.29,2026-09-12,Aisle 02,chilled
Wildcrafted Rose Infused Frozen Samosas 4-Pack,Deccan Co.,FROZ-000035,890100786087,Frozen Foods,92,packet,196.12,252.04,2027-05-30,Aisle 09,frozen
Signature Dark Chocolate Alphonso Kulfi Tub 2L,Himalayan Farms,FROZ-000036,890100786088,Frozen Foods,141,box,366.81,579.27,2027-04-25,Aisle 08,frozen
Grass-Fed Kesar Pista Chaash / Buttermilk 500g,FarmGold Plantations,DAIR-000037,890100786089,Dairy & Eggs,25,box,274.38,437.06,2026-09-08,Aisle 02,chilled
Free-Range Vanilla Bean Heavy Cream 350g,Himalayan Provisions,DAIR-000038,890100786090,Dairy & Eggs,170,tub,441.43,769.95,2026-09-02,Aisle 03,chilled
Extra-Virgin Smoked Paprika Granola Health Bars 4-Pack,Catch Springs,SNAC-000039,890100786091,Snacks & Confectionery,248,pack,332.74,496.49,2026-08-28,Aisle 09,ambient
Pure Garlic Bulbs 1kg,Dabur Harvest,FRES-000040,890100786092,Fresh Produce,157,pcs,42.03,70.42,2026-09-01,Aisle 02,chilled
Artisan Rose Infused Frozen Veg Momos 2L,Bhoomi Plantations,FROZ-000041,890100786093,Frozen Foods,237,bag,67.66,115.69,2027-05-09,Aisle 08,frozen
Natural Tiger Prawns Jumbo 1L,Urban Roots Provisions,MEAT-000042,890100786094,Meat & Seafood,72,pcs,532.12,678.52,2026-08-31,Aisle 05,chilled
Unpolished Mint Lime Lemons 5kg,Everest Co.,FRES-000043,890100786095,Fresh Produce,159,bag,159.29,241.77,2026-09-07,Aisle 01,chilled
Zero-Sugar Malai Kulfi Bar 200ml,Ganga Organics,FROZ-000044,890100786096,Frozen Foods,145,pack,258.96,324.22,2027-01-30,Aisle 09,frozen
Pure Green Peas Fresh 350g,Green Earth Kitchens,FRES-000045,890100786097,Fresh Produce,182,bag,31.93,40.02,2026-09-08,Aisle 02,ambient
Extra-Virgin Almond Milk 1L,Pure Vedic Co.,DAIR-000046,890100786098,Dairy & Eggs,15,pack,229.07,287.25,2026-09-11,Aisle 02,chilled
Raw Roasted Salted Cashews 50g,FarmGold Goods,SNAC-000047,890100786099,Snacks & Confectionery,51,bar,143.78,184.72,2027-03-17,Aisle 09,ambient
Cured Smoked Paprika Granola Health Bars 1kg,Fortune Springs,SNAC-000048,890100786100,Snacks & Confectionery,193,bag,356.97,479.46,2026-08-27,Aisle 10,ambient
Cured Toasted Sesame Amla Juice Pure 100g,Everest Organics,BEVE-000049,890100786101,Beverages,171,can,244.69,325.87,2026-09-23,Aisle 05,chilled
Low-Sodium Frozen Paneer Cubes 250g,Catch Mills,FROZ-000050,890100786102,Frozen Foods,178,packet,108.34,171.36,2027-06-28,Aisle 09,frozen
Desi Rose Infused Banana Chips Kerala Style 1L,Heritage Milling,SNAC-000051,890100786103,Snacks & Confectionery,126,bag,147.28,260.09,2027-05-08,Aisle 10,ambient
Sweet Smoked Chicken Slices 1kg,Ganga Co.,BAKE-000052,890100786104,Bakery & Deli,104,box,294.85,441.42,2026-09-05,Aisle 03,ambient
Cold-Pressed Tender Coconut Water 750g,Everest Co.,BEVE-000053,890100786105,Beverages,195,can,160.43,271.07,2026-12-11,Aisle 06,ambient
Golden Cold-Pressed Groundnut Oil 750ml,Catch Organics,PANT-000054,890100786106,Pantry & Dry Goods,239,packet,667.53,1177.51,2028-04-21,Aisle 06,ambient
Stone-Ground Dishwash Gel Lemon 24-Pack,Urban Roots Foods,HOUS-000055,890100786107,Household & Personal Care,191,box,489.62,765.02,2026-08-28,Aisle 11,ambient
Sweet Tonic Water Premium 150ml,Ganga Goods,BEVE-000056,890100786108,Beverages,53,bottle,280.62,515.08,2026-09-24,Aisle 06,chilled
Zero-Sugar Coconut Cream Green Peas Fresh 200ml,Amul Co.,FRES-000057,890100786109,Fresh Produce,56,bag,119.68,189.10,2026-09-02,Aisle 01,ambient
Rustic Pita Bread 12-Pack,Kaveri Goods,BAKE-000058,890100786110,Bakery & Deli,115,box,152.42,258.54,2026-08-30,Aisle 03,chilled
Authentic Sweet Tamarind Edamame Pods 100g,FarmGold Co.,FROZ-000059,890100786111,Frozen Foods,192,pack,81.13,141.45,2027-05-20,Aisle 08,frozen
Homestyle Kachi Ghani Mustard Cold Pressed Orange Juice 500ml,Dabur Farms,BEVE-000060,890100786112,Beverages,189,can,144.61,251.16,2027-01-24,Aisle 05,chilled
Plant-Based Smoked Paprika Aloo Tikki 8-Pack 2-Pack,Tata Milling,FROZ-000061,890100786113,Frozen Foods,110,pack,53.98,92.68,2026-08-27,Aisle 08,frozen
Valley Fresh Ajwain & Jeera Royal Basmati Rice 150g,Everest Agro,PANT-000062,890100786114,Pantry & Dry Goods,15,box,681.33,1017.73,2027-11-25,Aisle 06,ambient
Premium Caramelized Onion Frozen Samosas 750ml,FarmGold Foods,FROZ-000063,890100786115,Frozen Foods,236,box,234.44,338.08,2026-08-27,Aisle 08,frozen
Desi Catla Fish Steaks 2-Pack,Green Earth Dairy,MEAT-000064,890100786116,Meat & Seafood,28,pack,924.62,1433.48,2026-09-01,Aisle 05,chilled
Heritage Coconut Milk Canned 2kg,Royal Indian Harvest,PANT-000065,890100786117,Pantry & Dry Goods,242,jar,598.53,1072.02,2027-03-10,Aisle 06,ambient
Select Floor Disinfectant Pine 12-Pack,Green Earth Dairy,HOUS-000066,890100786118,Household & Personal Care,221,box,151.90,220.17,2029-01-01,Aisle 11,ambient
Handcrafted Cold Pressed Orange Juice Snack Pack,Dabur Farms,BEVE-000067,890100786119,Beverages,84,box,120.84,172.91,2027-08-01,Aisle 06,ambient
Plant-Based Chaash / Buttermilk Family Pack,FarmGold Harvest,DAIR-000068,890100786120,Dairy & Eggs,196,box,369.70,504.09,2026-09-04,Aisle 02,chilled
Aged Sweet Tamarind Multigrain Tortillas 250ml,Vedic Fresh Kitchens,BAKE-000069,890100786121,Bakery & Deli,196,pack,144.53,207.05,2026-08-31,Aisle 04,ambient
Pure Dry Fruits Trail Mix 5kg,FarmGold Plantations,SNAC-000070,890100786122,Snacks & Confectionery,171,box,450.09,705.02,2027-05-04,Aisle 09,ambient
Authentic Mint Lime Tiger Prawns Jumbo 12-Pack,Patanjali Milling,MEAT-000071,890100786123,Meat & Seafood,121,pcs,737.95,980.20,2026-09-03,Aisle 04,chilled
Free-Range Garlic & Herb Stainless Steel Scrubber 3pk 8-Pack,Catch Foods,HOUS-000072,890100786124,Household & Personal Care,213,tube,123.37,159.55,2029-05-17,Aisle 11,ambient
Unpolished Surmai Steaks 200g,Ganga Naturals,MEAT-000073,890100786125,Meat & Seafood,62,pack,328.93,461.05,2026-09-01,Aisle 04,chilled
Aged Rose Infused Gulab Jamun Tin 1.5L,Catch Springs,SNAC-000074,890100786126,Snacks & Confectionery,240,tub,452.64,658.56,2027-03-12,Aisle 10,ambient
Valley Fresh Toasted Sesame Organic Brown Sugar 400g,Kaveri Milling,PANT-000075,890100786127,Pantry & Dry Goods,194,bag,162.53,218.27,2027-06-27,Aisle 08,ambient
Royal Salted Butter 2kg,Satvik Botanicals,DAIR-000076,890100786128,Dairy & Eggs,116,packet,265.08,409.07,2026-08-27,Aisle 03,chilled
Free-Range Alphonso Mango Alphonso Kulfi Tub 12-Pack,Patanjali Dairy,FROZ-000077,890100786129,Frozen Foods,87,bag,89.38,147.43,2027-05-20,Aisle 08,frozen
Stone-Ground Tandoori Smoked Liquid Laundry Detergent Value Pack,Vedic Fresh Naturals,HOUS-000078,890100786130,Household & Personal Care,173,bottle,74.71,103.58,2028-06-18,Aisle 11,ambient
Crisp Frozen Samosas Snack Pack,Nilgiri Naturals,FROZ-000079,890100786131,Frozen Foods,182,pack,339.07,574.53,2027-05-01,Aisle 09,frozen
Handcrafted Red Chilli & Garlic Carrots 250g,Dabur Springs,FRES-000080,890100786132,Fresh Produce,106,bag,32.95,46.33,2026-09-03,Aisle 02,chilled
Aged Ciabatta Roll 330ml,Deccan Provisions,BAKE-000081,890100786133,Bakery & Deli,244,box,131.18,199.13,2026-08-30,Aisle 03,ambient
Cold-Pressed Gourmet Cookies Choco-Chip 5kg,Vedic Fresh Mills,SNAC-000082,890100786134,Snacks & Confectionery,166,bar,67.15,112.40,2027-06-22,Aisle 09,ambient
Unpolished Chaash / Buttermilk 6-Pack,Satvik Botanicals,DAIR-000083,890100786135,Dairy & Eggs,14,carton,430.39,604.38,2026-08-23,Aisle 03,chilled
Natural Makhana Crunch Herbal Hand Wash Neem 150ml,Catch Springs,HOUS-000084,890100786136,Household & Personal Care,117,tube,437.42,584.58,2026-08-28,Aisle 11,ambient
Gourmet Chicken Drumsticks 200g,Desi Organics Co.,MEAT-000085,890100786137,Meat & Seafood,83,pack,302.52,486.12,2026-08-29,Aisle 04,chilled
Heritage Lemon Pepper Pita Bread 5L,Himalayan Naturals,BAKE-000086,890100786138,Bakery & Deli,178,pack,176.28,298.33,2026-08-31,Aisle 04,ambient
Farm-Fresh Sona Masoori Rice 6-Pack,Vedic Fresh Co.,PANT-000087,890100786139,Pantry & Dry Goods,191,can,318.07,438.85,2028-06-01,Aisle 06,ambient
Sweet Amla Juice Pure 500g,Royal Indian Kitchens,BEVE-000088,890100786140,Beverages,29,can,268.55,387.90,2026-10-22,Aisle 05,ambient
Free-Range Lemon Pepper Pita Bread 10kg,Dabur Foods,BAKE-000089,890100786141,Bakery & Deli,207,pack,185.51,332.88,2026-09-09,Aisle 04,ambient
Stone-Ground Kachi Ghani Mustard Paneer Tikka Deli 10-Pack,Pashmina Foods,BAKE-000090,890100786142,Bakery & Deli,11,pack,209.39,336.55,2026-09-09,Aisle 03,chilled
Stone-Ground Cardamom Spiced Chana Dal Polished 10kg,Patanjali Organics,PANT-000091,890100786143,Pantry & Dry Goods,169,bottle,199.72,345.77,2027-08-01,Aisle 08,ambient
Valley Fresh Aloo Tikki 8-Pack 10-Pack,Fortune Botanicals,FROZ-000092,890100786144,Frozen Foods,96,box,337.99,624.36,2027-03-08,Aisle 08,frozen
Natural Jalapeno Lime Herbal Hand Wash Neem 10kg,Desi Organics Foods,HOUS-000093,890100786145,Household & Personal Care,237,pack,173.13,304.78,2026-08-27,Aisle 12,ambient
Heritage Smoked Paprika Flavored Yogurt 500g,Organic Tattva Co.,DAIR-000094,890100786146,Dairy & Eggs,243,packet,367.57,634.78,2026-08-28,Aisle 03,chilled
Free-Range Cinnamon Spice Ricotta Fresh 300g,Patanjali Organics,DAIR-000095,890100786147,Dairy & Eggs,194,box,326.06,527.92,2026-09-08,Aisle 03,chilled
Farm-Fresh Cauliflower 200ml,Catch Organics,FRES-000096,890100786148,Fresh Produce,103,bunch,128.81,216.05,2026-08-22,Aisle 01,chilled
Sun-Dried Ajwain & Jeera Liquid Laundry Detergent 10-Pack,Royal Indian Provisions,HOUS-000097,890100786149,Household & Personal Care,221,pack,540.42,922.13,2027-12-19,Aisle 12,ambient
Free-Range Kitchen Paper Towels 4-Roll 100g,Saffola Mills,HOUS-000098,890100786150,Household & Personal Care,203,bottle,328.11,573.40,2028-02-11,Aisle 12,ambient
Extra-Virgin Paneer Block 500g,SunBrite Kitchens,DAIR-000099,890100786151,Dairy & Eggs,30,packet,470.29,590.06,2026-08-19,Aisle 02,chilled
Signature Matcha Green Tea Lavash Crackers 150g,Kaveri Goods,BAKE-000100,890100786152,Bakery & Deli,33,pcs,215.71,276.41,2026-08-30,Aisle 04,chilled
Crisp Truffle Infused Mixed Berries Frozen 750g,FarmGold Goods,FROZ-000101,890100786153,Frozen Foods,225,box,87.69,124.14,2027-05-01,Aisle 09,frozen
Whole-Grain Cinnamon Spice Frozen Green Peas 50g,Desi Organics Dairy,FROZ-000102,890100786154,Frozen Foods,28,tub,138.22,183.21,2027-08-20,Aisle 08,frozen
Valley Fresh Caramelized Onion Basa Fish Fillets 10-Pack,FarmGold Organics,MEAT-000103,890100786155,Meat & Seafood,64,pcs,927.70,1419.13,2026-08-28,Aisle 04,chilled
Spiced Coconut Cream Diet Mixture Namkeen 1L,Nilgiri Organics,SNAC-000104,890100786156,Snacks & Confectionery,196,bag,18.84,24.36,2026-10-28,Aisle 10,ambient
Grass-Fed Brioche Burger Buns 8-Pack,Organic Tattva Provisions,BAKE-000105,890100786157,Bakery & Deli,238,pack,28.24,43.97,2026-09-05,Aisle 03,ambient
Plant-Based Caramelized Onion Poha Thick Flakes 500g,Pashmina Organics,PANT-000106,890100786158,Pantry & Dry Goods,100,packet,361.36,504.89,2028-07-25,Aisle 06,ambient
Sweet Caramelized Onion Floor Disinfectant Pine 1.5L,Dabur Organics,HOUS-000107,890100786159,Household & Personal Care,224,packet,292.77,413.79,2027-05-27,Aisle 12,ambient
Pure Sea Salt Cinnamon Swirl Buns 12-Pack,Bhoomi Mills,BAKE-000108,890100786160,Bakery & Deli,94,pcs,258.03,348.53,2026-08-28,Aisle 03,ambient
Whole-Grain Chatpata Masala Kulcha 4-Pack 150g,Amul Foods,BAKE-000109,890100786161,Bakery & Deli,76,box,312.20,461.36,2026-09-02,Aisle 03,chilled
Sweet Fresh Rohu Fish 750ml,Everest Milling,MEAT-000110,890100786162,Meat & Seafood,140,pcs,639.99,1145.38,2026-09-03,Aisle 05,chilled
Rustic Masala Potato Chips 100g,Patanjali Harvest,SNAC-000111,890100786163,Snacks & Confectionery,239,tub,176.46,279.91,2026-11-30,Aisle 10,ambient
Gluten-Free Chatpata Masala Desi Cow Ghee 10-Pack,Mother Dairy Provisions,DAIR-000112,890100786164,Dairy & Eggs,4,tub,311.91,448.80,2026-09-12,Aisle 02,chilled
Cold-Pressed Heavy Cream 750g,Vedic Fresh Co.,DAIR-000113,890100786165,Dairy & Eggs,207,bottle,245.52,419.89,2026-08-31,Aisle 03,chilled
Cured Chicken Sausages 50g,Ganga Plantations,MEAT-000114,890100786166,Meat & Seafood,81,kg,397.99,640.12,2026-09-01,Aisle 04,chilled
Country Style Tandoori Smoked Bath Tissue 6-Pack 10-Pack,FarmGold Springs,HOUS-000115,890100786167,Household & Personal Care,157,tube,548.17,934.29,2027-07-09,Aisle 11,ambient
Authentic Coconut Cream Sweet Corn Kernels Snack Pack,Dabur Co.,FROZ-000116,890100786168,Frozen Foods,89,pack,294.38,524.21,2027-08-01,Aisle 08,frozen
Signature Masala Chai Kulcha 4-Pack 1.5L,Saffola Mills,BAKE-000117,890100786169,Bakery & Deli,97,pack,156.01,253.74,2026-08-28,Aisle 03,chilled
Royal Mutton Curry Cut 400g,Royal Indian Milling,MEAT-000118,890100786170,Meat & Seafood,200,pack,786.36,1152.21,2026-08-29,Aisle 05,chilled
Desi Cardamom Spiced Liquid Laundry Detergent 150ml,Himalayan Co.,HOUS-000119,890100786171,Household & Personal Care,56,box,237.65,334.34,2027-09-16,Aisle 12,ambient
Roasted Makhana Crunch Malai Kulfi Bar 1kg,Royal Indian Dairy,FROZ-000120,890100786172,Frozen Foods,81,bag,275.85,401.78,2027-04-20,Aisle 08,frozen
Zero-Sugar Chicken Frankfurters 500g,Patanjali Goods,BAKE-000121,890100786173,Bakery & Deli,74,pcs,295.98,407.51,2026-09-09,Aisle 03,chilled
Artisan Cinnamon Swirl Buns 5kg,Deccan Agro,BAKE-000122,890100786174,Bakery & Deli,222,pcs,81.41,133.24,2026-08-27,Aisle 04,chilled
Country Style Organic Sharbati Atta 150g,Bhoomi Springs,PANT-000123,890100786175,Pantry & Dry Goods,181,can,157.53,223.47,2027-03-24,Aisle 06,ambient
Golden Urad Dal Whole 100g,Himalayan Kitchens,PANT-000124,890100786176,Pantry & Dry Goods,206,packet,629.12,955.46,2027-12-24,Aisle 07,ambient
Premium Rose Infused Papayas 100g,Heritage Harvest,FRES-000125,890100786177,Fresh Produce,172,kg,135.28,183.53,2026-08-30,Aisle 02,chilled
Heritage Fresh Chicken Curry Cut 750g,FarmGold Goods,MEAT-000126,890100786178,Meat & Seafood,8,kg,916.72,1462.70,2026-08-27,Aisle 05,chilled
Organic Tandoori Smoked Moong Dal Namkeen Value Pack,Organic Tattva Organics,SNAC-000127,890100786179,Snacks & Confectionery,138,packet,345.20,445.05,2026-10-24,Aisle 09,ambient
Grass-Fed Chatpata Masala Stainless Steel Scrubber 3pk 50g,Catch Kitchens,HOUS-000128,890100786180,Household & Personal Care,116,pack,128.20,213.78,2028-03-29,Aisle 12,ambient
Cold-Pressed Vanilla Bean Garlic Focaccia 2-Pack,Satvik Harvest,BAKE-000129,890100786181,Bakery & Deli,72,box,63.66,88.08,2026-09-04,Aisle 03,ambient
Crisp Rose Infused Tiger Prawns Jumbo 750g,Ganga Naturals,MEAT-000130,890100786182,Meat & Seafood,31,pack,395.72,516.94,2026-08-26,Aisle 05,chilled
Gourmet Yukon Gold Potatoes 400g,Catch Milling,FRES-000131,890100786183,Fresh Produce,130,pack,23.79,36.59,2026-09-01,Aisle 02,chilled
Cold-Pressed Jalapeno Lime Curd Tub (Dahi) 350g,Deccan Farms,DAIR-000132,890100786184,Dairy & Eggs,60,box,464.18,616.86,2026-09-23,Aisle 02,chilled
Premium Veg Burger Patties 150g,Tata Provisions,FROZ-000133,890100786185,Frozen Foods,19,tub,269.45,348.24,2027-07-14,Aisle 09,frozen
Gluten-Free Pink Himalayan Salt 10kg,Himalayan Goods,PANT-000134,890100786186,Pantry & Dry Goods,164,can,226.66,418.51,2027-02-20,Aisle 07,ambient
Roasted Tulsi Honey Jeera Masala Soda 2kg,Amul Naturals,BEVE-000135,890100786187,Beverages,86,bottle,337.50,547.71,2027-07-25,Aisle 06,chilled
Natural Smoked Paprika Pink Himalayan Salt 6-Pack,Nature Harvest Provisions,PANT-000136,890100786188,Pantry & Dry Goods,107,jar,358.07,521.90,2026-08-26,Aisle 07,ambient
Cold-Pressed Raw Wildflower Honey 2kg,Deccan Harvest,PANT-000137,890100786189,Pantry & Dry Goods,203,box,231.76,349.83,2028-06-25,Aisle 08,ambient
Country Style Jalapeno Lime Mutton Chops 750ml,Nature Harvest Milling,MEAT-000138,890100786190,Meat & Seafood,123,kg,886.70,1482.37,2026-09-02,Aisle 04,chilled
Royal Smoked Paprika Kabuli Chana Large 10kg,Pashmina Kitchens,PANT-000139,890100786191,Pantry & Dry Goods,7,box,614.84,1040.83,2027-04-08,Aisle 08,ambient
Golden Kachi Ghani Mustard Paneer Block Snack Pack,Amul Mills,DAIR-000140,890100786192,Dairy & Eggs,86,pack,269.58,365.04,2026-09-04,Aisle 03,chilled
Roasted Golden Ginger Aloo Tikki 8-Pack 100g,Heritage Plantations,FROZ-000141,890100786193,Frozen Foods,46,tub,190.31,249.11,2027-01-09,Aisle 08,frozen
Natural Kesar Pista Garlic Focaccia 500ml,Tata Harvest,BAKE-000142,890100786194,Bakery & Deli,211,pcs,269.63,406.87,2026-09-06,Aisle 04,ambient
Golden Shampoo Anti-Dandruff 2kg,Satvik Springs,HOUS-000143,890100786195,Household & Personal Care,23,packet,350.67,453.34,2028-06-02,Aisle 12,ambient
Traditional Mint Lime Pasture Eggs 200ml,Dabur Provisions,DAIR-000144,890100786196,Dairy & Eggs,155,tub,181.53,238.64,2026-09-26,Aisle 03,chilled
Artisan Herbal Hand Wash Neem 2-Pack,Organic Tattva Dairy,HOUS-000145,890100786197,Household & Personal Care,86,packet,573.46,826.85,2027-03-16,Aisle 12,ambient
Plant-Based Filter Coffee Beans Value Pack,Organic Tattva Plantations,BEVE-000146,890100786198,Beverages,232,can,390.04,574.38,2026-11-06,Aisle 06,ambient
Heritage Clove & Mint Toothpaste 200ml,Tata Organics,HOUS-000147,890100786199,Household & Personal Care,78,pack,208.11,318.54,2027-06-07,Aisle 12,ambient
Unpolished Tulsi Honey Garlic Naan Frozen 4pk Family Pack,Tata Botanicals,FROZ-000148,890100786200,Frozen Foods,190,packet,380.74,489.47,2026-12-26,Aisle 08,frozen
Signature Cream Cheese 250g,Bhoomi Dairy,DAIR-000149,890100786201,Dairy & Eggs,67,packet,95.07,165.73,2026-09-09,Aisle 02,chilled
Authentic Fish Fingers Frozen 10kg,Kaveri Dairy,FROZ-000150,890100786202,Frozen Foods,186,bag,143.56,258.62,2027-06-14,Aisle 09,frozen
Royal Vanilla Bean Carrots 150ml,Nature Harvest Harvest,FRES-000151,890100786203,Fresh Produce,231,pack,90.31,146.90,2026-09-12,Aisle 02,chilled
Zero-Sugar Pista Almond Badam Milk Drink 250g,Mother Dairy Plantations,BEVE-000152,890100786204,Beverages,12,can,245.69,359.79,2027-07-21,Aisle 05,chilled
Cold-Pressed Kulcha 4-Pack 12-Pack,Vedic Fresh Goods,BAKE-000153,890100786205,Bakery & Deli,138,box,277.92,449.01,2026-09-04,Aisle 04,ambient
Select Caramelized Onion Chamomile Herbal Tea 1.5L,Everest Co.,BEVE-000154,890100786206,Beverages,229,bottle,21.27,38.33,2027-06-15,Aisle 05,ambient
Sun-Dried Pista Almond Salted Butter 350g,Desi Organics Milling,DAIR-000155,890100786207,Dairy & Eggs,151,tub,433.93,726.65,2026-08-31,Aisle 02,chilled
Roasted Roasted Makhana Foxnuts 750g,Saffola Farms,SNAC-000156,890100786208,Snacks & Confectionery,113,box,390.24,509.97,2027-02-19,Aisle 10,ambient
Desi Vanilla Bean Frozen Green Peas 4-Pack,Patanjali Provisions,FROZ-000157,890100786209,Frozen Foods,219,pack,244.55,425.79,2027-01-30,Aisle 09,frozen
Valley Fresh Chatpata Masala Ayurvedic Bath Soap 200g,SunBrite Springs,HOUS-000158,890100786210,Household & Personal Care,68,tube,248.32,433.21,2027-11-26,Aisle 12,ambient
Select Pineapples 350g,Urban Roots Kitchens,FRES-000159,890100786211,Fresh Produce,148,bag,139.56,223.58,2026-08-29,Aisle 01,ambient
Gourmet Sweet Tamarind Royal Basmati Rice 500g,Mother Dairy Milling,PANT-000160,890100786212,Pantry & Dry Goods,128,box,119.40,184.64,2027-05-01,Aisle 08,ambient
Desi Jeera Masala Soda 1.5L,Royal Indian Naturals,BEVE-000161,890100786213,Beverages,59,pack,72.27,107.53,2027-06-04,Aisle 06,ambient
Low-Sodium Mozzarella Shredded 250ml,Fortune Milling,DAIR-000162,890100786214,Dairy & Eggs,147,box,36.97,56.80,2026-09-14,Aisle 03,chilled
Roasted Caramelized Onion Nimbu Paani Soda 2-Pack,Desi Organics Plantations,BEVE-000163,890100786215,Beverages,69,pack,138.35,252.74,2026-11-09,Aisle 05,ambient
Plant-Based Kesar Pista Fresh Mint (Pudina) 350g,Dabur Kitchens,FRES-000164,890100786216,Fresh Produce,218,bag,22.79,31.68,2026-09-16,Aisle 01,chilled
Unpolished Organic Sharbati Atta 250g,Vedic Fresh Co.,PANT-000165,890100786217,Pantry & Dry Goods,65,jar,356.99,579.48,2027-04-02,Aisle 06,ambient
Aged Moong Dal Namkeen 400g,Fortune Naturals,SNAC-000166,890100786218,Snacks & Confectionery,176,packet,131.31,170.76,2026-08-30,Aisle 09,ambient
Gluten-Free Rose Infused Sourdough Loaf 400g,Heritage Agro,BAKE-000167,890100786219,Bakery & Deli,120,box,290.95,384.56,2026-09-03,Aisle 03,ambient
Sun-Dried Vanilla Bean Herbal Hand Wash Neem 10kg,Desi Organics Mills,HOUS-000168,890100786220,Household & Personal Care,112,packet,443.26,686.68,2027-07-19,Aisle 12,ambient
Premium Sweet Tamarind Pure Jaggery Powder (Gud) 10kg,Everest Springs,PANT-000169,890100786221,Pantry & Dry Goods,43,packet,658.99,839.96,2027-06-28,Aisle 08,ambient
Zero-Sugar Tandoori Smoked Rusk Toast 10-Pack,Urban Roots Springs,BAKE-000170,890100786222,Bakery & Deli,107,box,121.54,155.61,2026-09-07,Aisle 04,chilled
Aged Diet Mixture Namkeen 500ml,Satvik Agro,SNAC-000171,890100786223,Snacks & Confectionery,70,packet,285.80,401.78,2027-04-15,Aisle 09,ambient
Stone-Ground Alphonso Mango Buffalo Milk 8-Pack,Tata Harvest,DAIR-000172,890100786224,Dairy & Eggs,185,carton,430.34,629.01,2026-09-01,Aisle 03,chilled
Aged Butter Murukku 250g,Pure Vedic Kitchens,SNAC-000173,890100786225,Snacks & Confectionery,214,packet,369.11,586.98,2026-10-19,Aisle 09,ambient
Wildcrafted Kashmiri Saffron Cream Cheese 5kg,Satvik Dairy,DAIR-000174,890100786226,Dairy & Eggs,14,packet,411.43,584.77,2026-09-11,Aisle 02,chilled
Signature Desi Cow Ghee 5L,Saffola Milling,DAIR-000175,890100786227,Dairy & Eggs,15,packet,393.97,499.42,2026-09-16,Aisle 03,chilled
Aged Guava Chilli Juice 10-Pack,Vedic Fresh Foods,BEVE-000176,890100786228,Beverages,105,pack,400.65,737.65,2027-01-30,Aisle 05,ambient
Desi Frozen Green Peas 750ml,Green Earth Milling,FROZ-000177,890100786229,Frozen Foods,227,pack,117.11,205.85,2026-12-10,Aisle 08,frozen
Roasted Green Peas Fresh 150g,Amul Goods,FRES-000178,890100786230,Fresh Produce,30,kg,139.50,185.01,2026-09-01,Aisle 01,ambient
Natural Ajwain & Jeera Fish Fingers Frozen 400g,Satvik Plantations,FROZ-000179,890100786231,Frozen Foods,105,packet,135.26,208.30,2027-02-06,Aisle 08,frozen
Crisp Pista Almond Bananas 50g,Mother Dairy Foods,FRES-000180,890100786232,Fresh Produce,106,pcs,65.15,88.75,2026-09-07,Aisle 02,ambient
Farm-Fresh Tandoori Smoked Pomegranates Snack Pack,FarmGold Foods,FRES-000181,890100786233,Fresh Produce,115,pcs,120.94,153.95,2026-08-29,Aisle 02,ambient
Crisp Ajwain & Jeera Fresh Chicken Curry Cut 10kg,Tata Naturals,MEAT-000182,890100786234,Meat & Seafood,187,pcs,569.40,1048.22,2026-08-29,Aisle 05,chilled
Unpolished Bitter Gourd (Karela) 500g,Organic Tattva Dairy,FRES-000183,890100786235,Fresh Produce,162,pack,133.97,238.92,2026-09-03,Aisle 02,chilled
Smoked Oranges Nagpur 500ml,Vedic Fresh Goods,FRES-000184,890100786236,Fresh Produce,83,pcs,53.64,67.30,2026-08-29,Aisle 01,chilled
Rustic Roasted Makhana Foxnuts 350g,Nature Harvest Plantations,SNAC-000185,890100786237,Snacks & Confectionery,238,box,507.38,886.85,2026-11-07,Aisle 09,ambient
Heritage Pista Almond Herbal Hand Wash Neem 250ml,Green Earth Farms,HOUS-000186,890100786238,Household & Personal Care,221,bottle,167.76,270.27,2026-08-23,Aisle 12,ambient
Extra-Virgin Cinnamon Spice Broccoli Crowns 6-Pack,Deccan Dairy,FRES-000187,890100786239,Fresh Produce,151,pack,36.20,56.70,2026-09-12,Aisle 01,chilled
Premium Iced Lemon Tea 5kg,Dabur Provisions,BEVE-000188,890100786240,Beverages,79,can,299.01,472.24,2027-01-14,Aisle 06,chilled
Whole-Grain Kitchen Paper Towels 4-Roll 200g,Catch Co.,HOUS-000189,890100786241,Household & Personal Care,231,box,180.24,256.05,2027-09-14,Aisle 12,ambient
Natural Lemon Pepper Pav 6-Pack 250g,Desi Organics Naturals,BAKE-000190,890100786242,Bakery & Deli,152,box,277.58,417.19,2026-08-30,Aisle 03,chilled
Unpolished Bamboo Toothbrush 2pk 6-Pack,Royal Indian Organics,HOUS-000191,890100786243,Household & Personal Care,47,bottle,509.57,872.08,2028-02-28,Aisle 12,ambient
Plant-Based Mutton Chops 5L,Dabur Goods,MEAT-000192,890100786244,Meat & Seafood,161,pack,926.24,1526.77,2026-08-31,Aisle 05,chilled
Unpolished Pav 6-Pack 150g,Bhoomi Botanicals,BAKE-000193,890100786245,Bakery & Deli,80,box,204.67,340.08,2026-09-06,Aisle 03,chilled
Whole-Grain Frozen Green Peas Snack Pack,Green Earth Milling,FROZ-000194,890100786246,Frozen Foods,123,box,381.05,533.34,2026-12-11,Aisle 09,frozen
Grass-Fed Watermelon 250g,Desi Organics Milling,FRES-000195,890100786247,Fresh Produce,211,pcs,42.43,78.22,2026-09-10,Aisle 02,chilled
Select Mutton Curry Cut 250g,Kaveri Dairy,MEAT-000196,890100786248,Meat & Seafood,231,kg,157.13,268.57,2026-09-02,Aisle 04,chilled
Low-Sodium Diet Mixture Namkeen 150ml,Green Earth Co.,SNAC-000197,890100786249,Snacks & Confectionery,159,box,19.02,29.50,2027-02-09,Aisle 09,ambient
Cured Kesar Pista Pineapples Snack Pack,Mother Dairy Farms,FRES-000198,890100786250,Fresh Produce,221,kg,116.84,189.59,2026-08-30,Aisle 02,chilled
Gourmet Nagpur Orange California Almonds 750ml,SunBrite Farms,SNAC-000199,890100786251,Snacks & Confectionery,168,bag,287.53,369.24,2027-05-19,Aisle 10,ambient
Stone-Ground Lemon Pepper Cow Milk 5kg,Tata Organics,DAIR-000200,890100786252,Dairy & Eggs,205,packet,100.56,147.16,2026-09-12,Aisle 03,chilled
Cured Tiger Prawns Jumbo 10-Pack,Green Earth Co.,MEAT-000201,890100786253,Meat & Seafood,47,pcs,196.78,342.94,2026-08-30,Aisle 04,chilled
Organic Rose Infused Biodegradable Garbage Bags 200ml,Bhoomi Harvest,HOUS-000202,890100786254,Household & Personal Care,48,packet,500.53,757.70,2026-08-27,Aisle 12,ambient
Premium Greek Yogurt Snack Pack,Vedic Fresh Goods,DAIR-000203,890100786255,Dairy & Eggs,122,carton,385.57,487.48,2026-09-12,Aisle 02,chilled
Rustic Liquid Laundry Detergent Snack Pack,Himalayan Springs,HOUS-000204,890100786256,Household & Personal Care,8,pack,485.07,678.58,2029-03-15,Aisle 11,ambient
Signature Toasted Sesame Cold Brew Coffee 12-Pack,Royal Indian Kitchens,BEVE-000205,890100786257,Beverages,131,carton,315.71,534.33,2026-08-18,Aisle 06,chilled
Cured Pav 6-Pack 150ml,Catch Botanicals,BAKE-000206,890100786258,Bakery & Deli,71,box,201.50,328.49,2026-08-29,Aisle 04,chilled
Gourmet Sweet Tamarind Mutton Chops 350g,Tata Farms,MEAT-000207,890100786259,Meat & Seafood,226,pack,908.83,1508.21,2026-08-31,Aisle 04,chilled
Sweet Double Toned Milk 330ml,Heritage Organics,DAIR-000208,890100786260,Dairy & Eggs,145,pack,186.32,304.57,2026-09-09,Aisle 03,chilled
Smoked Dishwash Gel Lemon 4-Pack,Everest Springs,HOUS-000209,890100786261,Household & Personal Care,240,pack,334.27,426.60,2027-03-23,Aisle 12,ambient
Sun-Dried Himalayan Spring Water 2-Pack,Satvik Springs,BEVE-000210,890100786262,Beverages,228,bag,286.08,468.77,2026-08-29,Aisle 06,ambient
Signature Nagpur Orange Fresh Rohu Fish 250g,Amul Dairy,MEAT-000211,890100786263,Meat & Seafood,29,kg,172.05,278.79,2026-09-01,Aisle 04,chilled
Rustic Dark Chocolate Organic Green Tea 6-Pack,Mother Dairy Provisions,BEVE-000212,890100786264,Beverages,58,pack,217.46,324.05,2026-08-30,Aisle 06,ambient
Aged Garlic Bulbs 500ml,Patanjali Milling,FRES-000213,890100786265,Fresh Produce,208,bag,135.04,235.47,2026-08-29,Aisle 01,chilled
Desi Cardamom Spiced Veg Burger Patties 6-Pack,Pashmina Foods,FROZ-000214,890100786266,Frozen Foods,80,packet,357.59,581.03,2027-02-21,Aisle 08,frozen
Wildcrafted Jalapeno Lime Lentils Red Masoor 750ml,Urban Roots Goods,PANT-000215,890100786267,Pantry & Dry Goods,207,can,512.90,783.19,2026-08-28,Aisle 07,ambient
Cured Kesar Pista Salted Butter 8-Pack,SunBrite Springs,DAIR-000216,890100786268,Dairy & Eggs,244,carton,161.24,267.74,2026-09-12,Aisle 03,chilled
Valley Fresh Alphonso Mango Sona Masoori Rice 400g,Satvik Naturals,PANT-000217,890100786269,Pantry & Dry Goods,204,bottle,347.41,491.97,2028-02-25,Aisle 06,ambient
Smoked Alphonso Mango Tender Coconut Water 5L,Organic Tattva Harvest,BEVE-000218,890100786270,Beverages,67,box,101.11,182.39,2026-11-15,Aisle 05,ambient
Plant-Based Matcha Green Tea Toor Dal Premium 500g,Himalayan Springs,PANT-000219,890100786271,Pantry & Dry Goods,145,box,544.41,738.39,2026-08-29,Aisle 07,ambient
Golden Dark Chocolate Organic Sharbati Atta 250g,Himalayan Agro,PANT-000220,890100786272,Pantry & Dry Goods,19,bag,703.55,966.38,2028-05-08,Aisle 06,ambient
Roasted Stainless Steel Scrubber 3pk 300g,Heritage Provisions,HOUS-000221,890100786273,Household & Personal Care,155,pack,463.04,794.67,2028-02-07,Aisle 12,ambient
Cold-Pressed Caramelized Onion Mishri Mawa 10-Pack,Organic Tattva Plantations,DAIR-000222,890100786274,Dairy & Eggs,170,packet,88.57,158.55,2026-09-12,Aisle 02,chilled
Aged Kokum Sharbat 330ml,Pashmina Kitchens,BEVE-000223,890100786275,Beverages,122,bag,340.43,549.79,2026-09-14,Aisle 05,ambient
Handcrafted Kachi Ghani Mustard Banana Chips Kerala Style 5L,Pashmina Farms,SNAC-000224,890100786276,Snacks & Confectionery,126,bag,117.31,181.57,2027-06-16,Aisle 09,ambient
Spiced Mozzarella Shredded 24-Pack,Tata Mills,DAIR-000225,890100786277,Dairy & Eggs,5,pack,301.03,427.65,2026-09-02,Aisle 02,chilled
Crisp Toned Milk 8-Pack,Satvik Springs,DAIR-000226,890100786278,Dairy & Eggs,10,tub,163.36,297.76,2026-09-15,Aisle 02,chilled
Unpolished Pista Almond Brownie Bites 2L,Desi Organics Plantations,BAKE-000227,890100786279,Bakery & Deli,49,box,27.04,45.55,2026-09-09,Aisle 03,ambient
Desi Frozen Veg Momos 5L,Saffola Kitchens,FROZ-000228,890100786280,Frozen Foods,157,pack,283.05,483.24,2026-12-08,Aisle 09,frozen
Cured Masala Chai Mosquito Vaporizer Refill 150ml,Royal Indian Plantations,HOUS-000229,890100786281,Household & Personal Care,124,bottle,435.35,683.57,2028-08-16,Aisle 11,ambient
Aged Edamame Pods 100g,Pure Vedic Dairy,FROZ-000230,890100786282,Frozen Foods,220,box,134.02,205.49,2027-01-20,Aisle 08,frozen
Spiced Chicken Drumsticks 750ml,Himalayan Dairy,MEAT-000231,890100786283,Meat & Seafood,247,kg,319.44,407.06,2026-08-31,Aisle 05,chilled
Heritage Sea Salt Dishwash Gel Lemon Value Pack,Catch Botanicals,HOUS-000232,890100786284,Household & Personal Care,243,bottle,405.43,655.59,2026-08-24,Aisle 12,ambient
Cured Mutton Curry Cut 150g,Deccan Farms,MEAT-000233,890100786285,Meat & Seafood,121,pcs,640.24,1037.11,2026-08-23,Aisle 05,chilled
Raw Cinnamon Spice Masala Potato Chips 150ml,SunBrite Harvest,SNAC-000234,890100786286,Snacks & Confectionery,224,tub,154.06,261.86,2026-12-21,Aisle 10,ambient
Valley Fresh Atlantic Salmon Fillet 5kg,Patanjali Kitchens,MEAT-000235,890100786287,Meat & Seafood,203,kg,370.92,474.64,2026-09-02,Aisle 05,chilled
Sun-Dried Pineapples 500g,Organic Tattva Milling,FRES-000236,890100786288,Fresh Produce,36,kg,129.21,232.07,2026-09-04,Aisle 02,ambient
Sweet Ladyfinger (Bhindi) Value Pack,Vedic Fresh Plantations,FRES-000237,890100786289,Fresh Produce,238,bunch,37.23,57.46,2026-09-04,Aisle 02,ambient
Royal Masala Chai Pomfret Whole 100g,Nature Harvest Botanicals,MEAT-000238,890100786290,Meat & Seafood,57,kg,455.18,748.23,2026-08-31,Aisle 05,chilled
Pure Kashmiri Saffron Ciabatta Roll 400g,Bhoomi Farms,BAKE-000239,890100786291,Bakery & Deli,75,box,190.00,241.12,2026-09-01,Aisle 04,chilled
Country Style Ajwain & Jeera Mishri Mawa 330ml,Dabur Farms,DAIR-000240,890100786292,Dairy & Eggs,53,tub,339.74,471.45,2026-09-24,Aisle 02,chilled
Artisan Masala Potato Chips 200g,Fortune Kitchens,SNAC-000241,890100786293,Snacks & Confectionery,214,tub,35.77,53.11,2026-12-26,Aisle 10,ambient
Natural Truffle Infused Oat Milk 1.5L,Vedic Fresh Plantations,DAIR-000242,890100786294,Dairy & Eggs,147,box,336.43,443.51,2026-08-31,Aisle 02,chilled
Plant-Based Stainless Steel Scrubber 3pk 400g,Kaveri Dairy,HOUS-000243,890100786295,Household & Personal Care,73,packet,549.11,760.67,2027-10-19,Aisle 12,ambient
Pure Kitchen Paper Towels 4-Roll 500ml,Ganga Harvest,HOUS-000244,890100786296,Household & Personal Care,55,box,525.36,821.96,2029-02-05,Aisle 12,ambient
Handcrafted Electrolyte Energy Drink 2-Pack,Catch Provisions,BEVE-000245,890100786297,Beverages,145,pack,385.56,630.94,2027-03-25,Aisle 05,chilled
Signature Alphonso Mango Green Chillies 200ml,Kaveri Springs,FRES-000246,890100786298,Fresh Produce,85,pack,64.05,115.41,2026-09-10,Aisle 01,chilled
Pure Masala Chai Frozen Paneer Cubes Family Pack,Fortune Plantations,FROZ-000247,890100786299,Frozen Foods,216,packet,98.53,148.74,2027-08-20,Aisle 09,frozen
Extra-Virgin Gourmet Cookies Choco-Chip 1L,Heritage Harvest,SNAC-000248,890100786300,Snacks & Confectionery,217,bar,207.79,294.33,2027-04-13,Aisle 09,ambient
Spiced Amla Juice Pure 350g,Vedic Fresh Dairy,BEVE-000249,890100786301,Beverages,130,pack,348.63,529.37,2026-09-26,Aisle 06,chilled
Natural Lemon Pepper Green Chillies 750g,Tata Provisions,FRES-000250,890100786302,Fresh Produce,126,pack,141.85,203.28,2026-09-12,Aisle 01,ambient
Plant-Based Caramelized Onion Basa Fish Fillets 2kg,Urban Roots Milling,MEAT-000251,890100786303,Meat & Seafood,87,pack,312.46,548.24,2026-08-30,Aisle 05,chilled
Free-Range Kitchen Paper Towels 4-Roll 4-Pack,FarmGold Harvest,HOUS-000252,890100786304,Household & Personal Care,244,box,544.68,901.94,2027-12-19,Aisle 11,ambient
Artisan Banana Chips Kerala Style 200g,Nilgiri Botanicals,SNAC-000253,890100786305,Snacks & Confectionery,131,tub,136.09,198.66,2026-12-10,Aisle 09,ambient
Low-Sodium Lemons 400g,Mother Dairy Harvest,FRES-000254,890100786306,Fresh Produce,226,kg,132.46,235.01,2026-09-07,Aisle 01,chilled
Crisp Tandoori Smoked Garlic Naan Frozen 4pk 8-Pack,Satvik Mills,FROZ-000255,890100786307,Frozen Foods,235,pack,302.69,439.62,2027-02-22,Aisle 09,frozen
Stone-Ground Greek Yogurt 250ml,Heritage Kitchens,DAIR-000256,890100786308,Dairy & Eggs,228,pack,213.89,358.45,2026-09-21,Aisle 03,chilled
Free-Range Sea Salt Cow Milk 8-Pack,Nature Harvest Agro,DAIR-000257,890100786309,Dairy & Eggs,243,pack,445.19,622.36,2026-09-09,Aisle 03,chilled
Whole-Grain Cauliflower 1kg,Green Earth Kitchens,FRES-000258,890100786310,Fresh Produce,165,bag,89.80,136.90,2026-09-03,Aisle 01,ambient
Sun-Dried Cheese Croissant 200g,FarmGold Naturals,BAKE-000259,890100786311,Bakery & Deli,176,box,255.42,355.94,2026-08-29,Aisle 03,chilled
Premium Aloo Tikki 8-Pack 200g,Bhoomi Dairy,FROZ-000260,890100786312,Frozen Foods,178,bag,178.39,312.18,2027-08-10,Aisle 08,frozen
Gluten-Free Biodegradable Garbage Bags 5L,Tata Organics,HOUS-000261,890100786313,Household & Personal Care,186,tube,146.12,207.38,2028-01-29,Aisle 11,ambient
Desi Smoked Paprika Organic Rolled Oats 4-Pack,Vedic Fresh Dairy,PANT-000262,890100786314,Pantry & Dry Goods,215,packet,197.29,361.05,2026-11-29,Aisle 08,ambient
Select Mustard Oil Kachi Ghani 200ml,Amul Agro,PANT-000263,890100786315,Pantry & Dry Goods,121,bottle,608.97,1082.38,2026-08-25,Aisle 06,ambient
Artisan Kachi Ghani Mustard Electrolyte Energy Drink 350g,Tata Kitchens,BEVE-000264,890100786316,Beverages,31,pack,106.87,164.21,2027-08-17,Aisle 05,ambient
Authentic Moong Dal Namkeen 4-Pack,Tata Agro,SNAC-000265,890100786317,Snacks & Confectionery,56,pack,238.02,385.97,2026-10-19,Aisle 10,ambient
Homestyle Kaju Katli Sweet Box 1.5L,Pure Vedic Botanicals,SNAC-000266,890100786318,Snacks & Confectionery,40,bag,93.92,121.47,2027-03-23,Aisle 09,ambient
Zero-Sugar Squid Rings Cleaned 5kg,Amul Botanicals,MEAT-000267,890100786319,Meat & Seafood,198,pcs,760.64,973.41,2026-08-29,Aisle 04,chilled
Homestyle 70% Dark Chocolate Bar 500g,Tata Agro,SNAC-000268,890100786320,Snacks & Confectionery,183,bar,55.25,93.38,2027-06-16,Aisle 10,ambient
Traditional Bagel Plain 4pk 100g,Royal Indian Mills,BAKE-000269,890100786321,Bakery & Deli,134,box,200.37,345.76,2026-08-28,Aisle 04,ambient
Roasted Jalapeno Lime Dishwash Gel Lemon 250ml,Patanjali Dairy,HOUS-000270,890100786322,Household & Personal Care,37,box,238.70,376.23,2026-08-28,Aisle 12,ambient
Whole-Grain Jalapeno Lime Chicken Keema 5kg,Ganga Goods,MEAT-000271,890100786323,Meat & Seafood,131,kg,565.92,859.62,2026-08-31,Aisle 04,chilled
Aged Alphonso Mango Biodegradable Garbage Bags 250ml,Saffola Harvest,HOUS-000272,890100786324,Household & Personal Care,126,bottle,84.87,129.31,2029-05-23,Aisle 11,ambient
Royal Bell Peppers 1L,Dabur Plantations,FRES-000273,890100786325,Fresh Produce,230,bunch,18.18,28.43,2026-09-11,Aisle 02,ambient
Cured Floor Disinfectant Pine 6-Pack,Green Earth Springs,HOUS-000274,890100786326,Household & Personal Care,138,pack,36.88,68.11,2027-12-26,Aisle 12,ambient
Sun-Dried Chatpata Masala Penne Rigate Pasta 1L,Catch Dairy,PANT-000275,890100786327,Pantry & Dry Goods,57,box,725.20,1336.95,2027-03-29,Aisle 08,ambient
Heritage Caramelized Onion Iced Lemon Tea 6-Pack,Green Earth Provisions,BEVE-000276,890100786328,Beverages,4,box,132.94,176.40,2026-12-26,Aisle 06,ambient
Organic Truffle Infused Roasted Makhana Foxnuts 50g,Deccan Provisions,SNAC-000277,890100786329,Snacks & Confectionery,215,box,356.04,479.50,2026-08-28,Aisle 09,ambient
Cured Ayurvedic Bath Soap 6-Pack,Satvik Goods,HOUS-000278,890100786330,Household & Personal Care,159,bottle,358.97,659.35,2027-10-15,Aisle 11,ambient
Plant-Based Toned Milk 1.5L,Catch Agro,DAIR-000279,890100786331,Dairy & Eggs,48,pack,311.52,404.87,2026-09-19,Aisle 03,chilled
Raw Sea Salt Cinnamon Swirl Buns 100g,Kaveri Agro,BAKE-000280,890100786332,Bakery & Deli,55,box,197.08,351.09,2026-08-30,Aisle 03,ambient
Traditional Chicken Frankfurters 6-Pack,Nilgiri Botanicals,BAKE-000281,890100786333,Bakery & Deli,96,pcs,223.48,384.48,2026-09-04,Aisle 03,ambient
Unpolished Ajwain & Jeera Floor Disinfectant Pine 200ml,Satvik Botanicals,HOUS-000282,890100786334,Household & Personal Care,211,box,217.70,358.96,2028-10-13,Aisle 12,ambient
Wildcrafted Matcha Green Tea Oranges Nagpur 330ml,Green Earth Harvest,FRES-000283,890100786335,Fresh Produce,97,pack,122.18,214.13,2026-08-30,Aisle 01,ambient
Signature Cinnamon Spice Kokum Sharbat 150ml,Himalayan Plantations,BEVE-000284,890100786336,Beverages,161,bottle,90.68,123.54,2026-09-16,Aisle 06,ambient
Premium Basa Fish Fillets 5kg,Bhoomi Springs,MEAT-000285,890100786337,Meat & Seafood,125,pcs,833.27,1514.10,2026-08-30,Aisle 04,chilled
Grass-Fed Penne Rigate Pasta 150ml,Ganga Goods,PANT-000286,890100786338,Pantry & Dry Goods,131,bottle,548.30,948.99,2027-04-09,Aisle 07,ambient
Extra-Virgin Ginger Kombucha 200ml,Saffola Mills,BEVE-000287,890100786339,Beverages,57,bottle,444.60,622.84,2027-06-18,Aisle 05,ambient
Gourmet Moong Dal Namkeen 10kg,Ganga Naturals,SNAC-000288,890100786340,Snacks & Confectionery,116,bar,142.65,209.68,2026-11-29,Aisle 10,ambient
Artisan Herbal Hand Wash Neem 400g,Deccan Botanicals,HOUS-000289,890100786341,Household & Personal Care,98,bottle,323.54,445.25,2028-01-24,Aisle 12,ambient
Select Sweet Tamarind Shampoo Anti-Dandruff 500g,Green Earth Agro,HOUS-000290,890100786342,Household & Personal Care,147,bottle,75.04,106.72,2028-05-03,Aisle 12,ambient
Premium Cinnamon Swirl Buns Snack Pack,Pure Vedic Dairy,BAKE-000291,890100786343,Bakery & Deli,196,pcs,293.61,387.27,2026-09-04,Aisle 03,ambient
Whole-Grain Liquid Laundry Detergent 2L,Kaveri Kitchens,HOUS-000292,890100786344,Household & Personal Care,219,packet,439.05,741.93,2028-07-06,Aisle 12,ambient
Natural Ajwain & Jeera Bath Tissue 6-Pack 1L,Desi Organics Provisions,HOUS-000293,890100786345,Household & Personal Care,202,box,120.61,162.11,2028-05-04,Aisle 12,ambient
Gluten-Free Roasted Salted Cashews 1.5L,Tata Organics,SNAC-000294,890100786346,Snacks & Confectionery,75,tub,79.31,140.14,2027-03-31,Aisle 09,ambient
Low-Sodium Smoked Paprika Badam Milk Drink 400g,Royal Indian Dairy,BEVE-000295,890100786347,Beverages,67,carton,58.52,96.48,2027-05-10,Aisle 06,chilled
Smoked Lemon Pepper Biodegradable Garbage Bags 8-Pack,Green Earth Provisions,HOUS-000296,890100786348,Household & Personal Care,208,packet,78.31,104.13,2027-03-16,Aisle 12,ambient
Raw Cold Brew Coffee 12-Pack,Bhoomi Farms,BEVE-000297,890100786349,Beverages,139,bag,284.83,464.48,2027-06-28,Aisle 05,ambient
Wildcrafted Cold Pressed Orange Juice 24-Pack,Fortune Farms,BEVE-000298,890100786350,Beverages,77,box,138.92,243.61,2027-02-08,Aisle 06,chilled
Gluten-Free Tulsi Honey Desi Cow Ghee 750ml,SunBrite Dairy,DAIR-000299,890100786351,Dairy & Eggs,127,pack,156.02,273.67,2026-09-04,Aisle 02,chilled
Natural Sea Salt Chicken Frankfurters 2kg,Organic Tattva Springs,BAKE-000300,890100786352,Bakery & Deli,69,pcs,302.86,507.15,2026-08-27,Aisle 04,ambient
Select Frozen Veg Momos 8-Pack,Nature Harvest Kitchens,FROZ-000301,890100786353,Frozen Foods,71,tub,227.95,371.70,2026-12-26,Aisle 09,frozen
Natural Matcha Green Tea Salted Butter 250g,Ganga Organics,DAIR-000302,890100786354,Dairy & Eggs,140,bottle,415.43,706.16,2026-09-19,Aisle 02,chilled
Unpolished Multigrain Tortillas 10kg,Urban Roots Naturals,BAKE-000303,890100786355,Bakery & Deli,122,box,139.43,236.65,2026-09-09,Aisle 03,chilled
Rustic Kashmiri Saffron Cinnamon Swirl Buns 200ml,Nilgiri Foods,BAKE-000304,890100786356,Bakery & Deli,173,box,145.38,199.62,2026-09-10,Aisle 04,chilled
Whole-Grain Mint Lime Bagel Plain 4pk 750g,Mother Dairy Milling,BAKE-000305,890100786357,Bakery & Deli,225,box,39.77,60.56,2026-09-06,Aisle 03,ambient
Roasted Alphonso Mango Lentils Red Masoor 2-Pack,Himalayan Dairy,PANT-000306,890100786358,Pantry & Dry Goods,99,can,103.41,187.62,2027-02-24,Aisle 08,ambient
Heritage Bath Tissue 6-Pack 250ml,Himalayan Farms,HOUS-000307,890100786359,Household & Personal Care,24,packet,588.15,1035.75,2026-08-29,Aisle 11,ambient
Unpolished Garlic & Herb Gourmet Cookies Choco-Chip 2kg,Dabur Goods,SNAC-000308,890100786360,Snacks & Confectionery,166,packet,472.15,756.29,2027-02-09,Aisle 10,ambient
Sun-Dried Tiger Prawns Jumbo 50g,Urban Roots Mills,MEAT-000309,890100786361,Meat & Seafood,230,kg,874.67,1612.24,2026-09-02,Aisle 04,chilled
Natural Organic Green Tea 6-Pack,Vedic Fresh Agro,BEVE-000310,890100786362,Beverages,34,box,438.60,606.31,2026-11-15,Aisle 05,ambient
Artisan Jalapeno Lime Kaju Katli Sweet Box 250ml,Saffola Co.,SNAC-000311,890100786363,Snacks & Confectionery,173,box,215.88,338.86,2026-11-02,Aisle 10,ambient
Homestyle Alphonso Mango Chaash / Buttermilk 5L,Everest Provisions,DAIR-000312,890100786364,Dairy & Eggs,93,packet,265.06,351.69,2026-09-07,Aisle 03,chilled
Stone-Ground Rose Infused Veg Spring Rolls 350g,Pure Vedic Springs,FROZ-000313,890100786365,Frozen Foods,157,box,392.24,631.20,2027-07-11,Aisle 08,frozen
Valley Fresh Brioche Burger Buns 1L,Saffola Co.,BAKE-000314,890100786366,Bakery & Deli,203,box,146.05,225.61,2026-08-25,Aisle 04,chilled
Free-Range Kachi Ghani Mustard Paneer Tikka Deli 200g,Urban Roots Provisions,BAKE-000315,890100786367,Bakery & Deli,117,pack,106.64,150.00,2026-08-29,Aisle 03,chilled
Spiced Moong Dal Namkeen 300g,Amul Mills,SNAC-000316,890100786368,Snacks & Confectionery,150,bag,460.44,742.83,2026-11-16,Aisle 09,ambient
Signature Electrolyte Energy Drink 200ml,SunBrite Foods,BEVE-000317,890100786369,Beverages,231,box,249.70,418.47,2027-07-07,Aisle 06,ambient
Stone-Ground Fabric Softener Floral 24-Pack,Amul Dairy,HOUS-000318,890100786370,Household & Personal Care,234,bottle,562.44,718.63,2027-08-20,Aisle 12,ambient
Stone-Ground Lemon Pepper Fish Fingers Frozen 10-Pack,Organic Tattva Foods,FROZ-000319,890100786371,Frozen Foods,237,box,329.74,527.02,2027-02-16,Aisle 08,frozen
Traditional Smoked Paprika Kabuli Chana Large 12-Pack,Deccan Mills,PANT-000320,890100786372,Pantry & Dry Goods,231,box,339.46,554.49,2028-05-31,Aisle 07,ambient
Heritage Caramelized Onion Atlantic Salmon Fillet 2L,Everest Goods,MEAT-000321,890100786373,Meat & Seafood,190,kg,266.30,339.70,2026-08-30,Aisle 04,chilled
Crisp Smoked Chicken Slices 350g,Satvik Provisions,BAKE-000322,890100786374,Bakery & Deli,19,pcs,273.02,493.73,2026-08-17,Aisle 04,ambient
Valley Fresh Nagpur Orange Sourdough Loaf Snack Pack,Amul Co.,BAKE-000323,890100786375,Bakery & Deli,17,pcs,172.02,275.75,2026-08-30,Aisle 03,chilled
Royal Nagpur Orange Apples 500g,Desi Organics Mills,FRES-000324,890100786376,Fresh Produce,84,pack,48.20,83.98,2026-09-12,Aisle 02,ambient
Pure Kesar Pista Dishwash Gel Lemon 50g,Vedic Fresh Mills,HOUS-000325,890100786377,Household & Personal Care,42,bottle,509.58,650.57,2027-12-16,Aisle 11,ambient
Authentic Roasted Salted Cashews 6-Pack,Royal Indian Naturals,SNAC-000326,890100786378,Snacks & Confectionery,198,box,405.97,637.02,2027-03-12,Aisle 10,ambient
Wildcrafted Tandoori Smoked Floor Disinfectant Pine 250g,Organic Tattva Organics,HOUS-000327,890100786379,Household & Personal Care,219,packet,155.57,274.73,2028-09-06,Aisle 12,ambient
Farm-Fresh Chicken Drumsticks Value Pack,Urban Roots Plantations,MEAT-000328,890100786380,Meat & Seafood,78,pcs,404.51,746.41,2026-09-01,Aisle 04,chilled
Organic Buffalo Milk 500ml,Desi Organics Milling,DAIR-000329,890100786381,Dairy & Eggs,203,pack,456.85,630.25,2026-09-26,Aisle 02,chilled
Homestyle Lavash Crackers 2kg,Patanjali Dairy,BAKE-000330,890100786382,Bakery & Deli,154,pack,26.27,38.00,2026-09-10,Aisle 04,ambient
Natural Kachi Ghani Mustard Hash Browns 6pk Family Pack,SunBrite Mills,FROZ-000331,890100786383,Frozen Foods,128,tub,124.54,157.27,2027-01-09,Aisle 08,frozen
Roasted Floor Disinfectant Pine 2L,Nilgiri Provisions,HOUS-000332,890100786384,Household & Personal Care,71,bottle,92.25,170.16,2029-03-24,Aisle 12,ambient
Organic Sweet Tamarind Frozen Veg Momos 350g,Nature Harvest Foods,FROZ-000333,890100786385,Frozen Foods,40,packet,106.69,165.42,2026-08-29,Aisle 08,frozen
Signature Coconut Cream Mosquito Vaporizer Refill 330ml,FarmGold Foods,HOUS-000334,890100786386,Household & Personal Care,144,tube,154.09,283.41,2028-12-05,Aisle 12,ambient
Handcrafted Tandoori Smoked Kabuli Chana Large 10kg,Green Earth Organics,PANT-000335,890100786387,Pantry & Dry Goods,174,jar,687.19,1162.88,2027-05-24,Aisle 06,ambient
Premium Coconut Cream Guava Chilli Juice 250g,Bhoomi Botanicals,BEVE-000336,890100786388,Beverages,106,pack,225.89,301.31,2027-01-30,Aisle 06,chilled
Roasted Cardamom Spiced 70% Dark Chocolate Bar Snack Pack,FarmGold Milling,SNAC-000337,890100786389,Snacks & Confectionery,113,bar,81.47,130.91,2027-01-19,Aisle 10,ambient
Cured Jalapeno Lime Coconut Milk Canned 2L,Deccan Naturals,PANT-000338,890100786390,Pantry & Dry Goods,185,packet,171.18,262.95,2028-04-24,Aisle 06,ambient
Natural Kashmiri Saffron Garlic Focaccia 5L,Pure Vedic Farms,BAKE-000339,890100786391,Bakery & Deli,194,box,123.80,201.66,2026-09-04,Aisle 03,ambient
Cold-Pressed Frozen Veg Momos 12-Pack,Bhoomi Mills,FROZ-000340,890100786392,Frozen Foods,63,box,325.89,510.64,2026-12-13,Aisle 08,frozen
Plant-Based Kashmiri Saffron Gourmet Cookies Choco-Chip 5kg,Catch Provisions,SNAC-000341,890100786393,Snacks & Confectionery,144,packet,423.95,754.16,2026-10-20,Aisle 10,ambient
Spiced Truffle Infused Malai Kulfi Bar Value Pack,Royal Indian Harvest,FROZ-000342,890100786394,Frozen Foods,20,tub,272.70,392.60,2027-03-09,Aisle 09,frozen
Premium Sea Salt Surmai Steaks 150ml,SunBrite Milling,MEAT-000343,890100786395,Meat & Seafood,180,pcs,226.84,289.83,2026-08-29,Aisle 04,chilled
Handcrafted Cow Milk Family Pack,Satvik Co.,DAIR-000344,890100786396,Dairy & Eggs,213,box,78.29,117.48,2026-08-23,Aisle 03,chilled
Farm-Fresh Nagpur Orange California Almonds 150ml,Everest Co.,SNAC-000345,890100786397,Snacks & Confectionery,30,tub,126.09,172.84,2026-08-27,Aisle 10,ambient
Free-Range Caramelized Onion Buffalo Milk 1kg,Bhoomi Naturals,DAIR-000346,890100786398,Dairy & Eggs,207,pack,124.27,163.46,2026-09-23,Aisle 02,chilled
Unpolished Atlantic Salmon Fillet 100g,Mother Dairy Harvest,MEAT-000347,890100786399,Meat & Seafood,95,pcs,775.58,1158.02,2026-08-31,Aisle 04,chilled
Authentic Mint Lime Fabric Softener Floral 10-Pack,Desi Organics Dairy,HOUS-000348,890100786400,Household & Personal Care,40,pack,117.09,176.74,2027-03-26,Aisle 12,ambient
Rustic Tandoori Smoked Mozzarella Shredded 1kg,Organic Tattva Co.,DAIR-000349,890100786401,Dairy & Eggs,30,carton,502.89,841.03,2026-09-06,Aisle 03,chilled
Desi Biodegradable Garbage Bags 2kg,Nature Harvest Foods,HOUS-000350,890100786402,Household & Personal Care,172,box,57.75,73.06,2028-07-26,Aisle 11,ambient
Traditional Red Chilli & Garlic Catla Fish Steaks 12-Pack,Everest Milling,MEAT-000351,890100786403,Meat & Seafood,18,pack,521.14,707.18,2026-08-30,Aisle 05,chilled
Crisp Dark Chocolate Watermelon 200g,SunBrite Co.,FRES-000352,890100786404,Fresh Produce,109,pcs,39.10,52.82,2026-09-01,Aisle 02,ambient
Crisp Cinnamon Spice Fruit Muffins 350g,Vedic Fresh Co.,BAKE-000353,890100786405,Bakery & Deli,173,box,222.80,324.54,2026-09-10,Aisle 04,chilled
Smoked Golden Ginger Penne Rigate Pasta 750g,Satvik Agro,PANT-000354,890100786406,Pantry & Dry Goods,187,packet,325.29,478.97,2027-05-16,Aisle 06,ambient
Aged Lemon Pepper Papayas 250g,Deccan Foods,FRES-000355,890100786407,Fresh Produce,194,bunch,73.17,114.04,2026-09-01,Aisle 01,ambient
Spiced Boneless Chicken Breast 2-Pack,Deccan Naturals,MEAT-000356,890100786408,Meat & Seafood,85,pack,313.53,478.53,2026-08-31,Aisle 05,chilled
Country Style Sea Salt Yukon Gold Potatoes 2kg,Royal Indian Naturals,FRES-000357,890100786409,Fresh Produce,93,pack,83.92,151.73,2026-09-13,Aisle 02,ambient
Organic Banana Chips Kerala Style 5L,Kaveri Springs,SNAC-000358,890100786410,Snacks & Confectionery,8,bag,270.81,427.83,2027-04-27,Aisle 09,ambient
Royal Soan Papdi Box 5L,Himalayan Organics,SNAC-000359,890100786411,Snacks & Confectionery,225,box,181.39,330.16,2027-06-06,Aisle 09,ambient
Authentic Atlantic Salmon Fillet 200g,Kaveri Kitchens,MEAT-000360,890100786412,Meat & Seafood,119,pcs,385.56,504.01,2026-09-03,Aisle 04,chilled
Low-Sodium Jalapeno Lime Veg Burger Patties 150g,Heritage Foods,FROZ-000361,890100786413,Frozen Foods,248,box,104.19,137.86,2027-02-14,Aisle 08,frozen
Unpolished Aloo Tikki 8-Pack 1kg,Dabur Botanicals,FROZ-000362,890100786414,Frozen Foods,75,bag,133.79,246.58,2027-04-15,Aisle 09,frozen
Desi Oat Milk 2-Pack,Everest Dairy,DAIR-000363,890100786415,Dairy & Eggs,115,box,243.36,444.69,2026-09-10,Aisle 03,chilled
Cold-Pressed Nagpur Orange Mixed Berries Frozen 500ml,Dabur Plantations,FROZ-000364,890100786416,Frozen Foods,225,tub,247.55,315.39,2027-05-11,Aisle 09,frozen
Cured Cinnamon Spice Pineapples 330ml,Desi Organics Farms,FRES-000365,890100786417,Fresh Produce,97,bunch,158.83,271.93,2026-08-30,Aisle 02,ambient
Valley Fresh Coconut Cream Bath Tissue 6-Pack 250ml,Amul Goods,HOUS-000366,890100786418,Household & Personal Care,216,tube,429.55,555.57,2027-04-06,Aisle 12,ambient
Farm-Fresh Chaash / Buttermilk 1.5L,Amul Harvest,DAIR-000367,890100786419,Dairy & Eggs,244,pack,38.40,50.14,2026-09-21,Aisle 02,chilled
Stone-Ground Mint Lime Masala Potato Chips 50g,Tata Plantations,SNAC-000368,890100786420,Snacks & Confectionery,22,box,245.20,317.14,2027-03-18,Aisle 09,ambient
Traditional Truffle Infused Sweet Potatoes 50g,FarmGold Organics,FRES-000369,890100786421,Fresh Produce,199,bag,35.62,60.61,2026-09-02,Aisle 01,chilled
Cured Double Toned Milk Snack Pack,FarmGold Co.,DAIR-000370,890100786422,Dairy & Eggs,82,bottle,141.00,190.37,2026-09-16,Aisle 03,chilled
Royal Oranges Nagpur 50g,Urban Roots Farms,FRES-000371,890100786423,Fresh Produce,192,pack,90.31,149.97,2026-09-07,Aisle 01,chilled
Royal Cinnamon Spice Cheese Croissant Snack Pack,Urban Roots Goods,BAKE-000372,890100786424,Bakery & Deli,36,box,283.60,416.03,2026-09-07,Aisle 04,chilled
Organic Truffle Infused Gouda Block 50g,SunBrite Naturals,DAIR-000373,890100786425,Dairy & Eggs,49,carton,281.01,519.67,2026-09-18,Aisle 03,chilled
Smoked Masala Chai Mixed Berries Frozen 200g,Nature Harvest Co.,FROZ-000374,890100786426,Frozen Foods,111,box,375.59,510.95,2027-01-18,Aisle 08,frozen
Handcrafted Makhana Crunch Frozen Veg Momos 750ml,Satvik Foods,FROZ-000375,890100786427,Frozen Foods,89,packet,390.49,491.55,2026-11-21,Aisle 09,frozen
Gourmet Makhana Crunch Pita Bread Value Pack,Saffola Mills,BAKE-000376,890100786428,Bakery & Deli,55,box,285.02,401.11,2026-09-02,Aisle 03,chilled
Gluten-Free Kashmiri Saffron Unsalted White Butter Family Pack,Desi Organics Foods,DAIR-000377,890100786429,Dairy & Eggs,228,packet,331.45,569.41,2026-08-23,Aisle 03,chilled
Rustic Penne Rigate Pasta 12-Pack,Organic Tattva Goods,PANT-000378,890100786430,Pantry & Dry Goods,97,packet,249.68,423.75,2028-01-30,Aisle 08,ambient
Natural Smoked Paprika Pomfret Whole 350g,Urban Roots Foods,MEAT-000379,890100786431,Meat & Seafood,221,pack,718.22,1061.81,2026-08-29,Aisle 04,chilled
Handcrafted Dark Chocolate Paneer Paratha Frozen 200ml,Green Earth Co.,FROZ-000380,890100786432,Frozen Foods,186,packet,289.94,369.61,2027-06-22,Aisle 09,frozen
Authentic Golden Ginger Bagel Plain 4pk 200ml,Royal Indian Agro,BAKE-000381,890100786433,Bakery & Deli,219,pack,203.56,375.20,2026-08-28,Aisle 03,ambient
Roasted Fruit Cake Slice 200ml,Nilgiri Naturals,BAKE-000382,890100786434,Bakery & Deli,186,pcs,298.87,526.03,2026-09-03,Aisle 04,ambient
Select Alphonso Mango Oranges Nagpur 200g,Green Earth Kitchens,FRES-000383,890100786435,Fresh Produce,173,kg,34.92,52.41,2026-09-09,Aisle 01,chilled
Crisp Ginger Root 10-Pack,Satvik Mills,FRES-000384,890100786436,Fresh Produce,153,pack,19.90,24.88,2026-09-09,Aisle 01,ambient
Wildcrafted Boneless Chicken Breast 250ml,Satvik Farms,MEAT-000385,890100786437,Meat & Seafood,52,pack,497.55,736.56,2026-09-03,Aisle 04,chilled
Raw Salted Butter 50g,Dabur Milling,DAIR-000386,890100786438,Dairy & Eggs,51,tub,36.36,62.46,2026-09-07,Aisle 02,chilled
Country Style Lemon Pepper Soan Papdi Box 400g,Everest Goods,SNAC-000387,890100786439,Snacks & Confectionery,39,packet,204.58,323.07,2027-01-31,Aisle 09,ambient
Extra-Virgin Sweet Tamarind Frozen Green Peas 750ml,Catch Dairy,FROZ-000388,890100786440,Frozen Foods,192,bag,355.20,480.28,2027-04-15,Aisle 08,frozen
Select Matcha Green Tea Ladyfinger (Bhindi) 750g,Organic Tattva Agro,FRES-000389,890100786441,Fresh Produce,211,pcs,40.39,59.32,2026-09-10,Aisle 01,ambient
Wildcrafted Toasted Sesame Pure Jaggery Powder (Gud) 24-Pack,Green Earth Co.,PANT-000390,890100786442,Pantry & Dry Goods,59,bottle,52.43,77.86,2027-11-27,Aisle 07,ambient
Valley Fresh Cardamom Spiced Chaash / Buttermilk 500g,Fortune Co.,DAIR-000391,890100786443,Dairy & Eggs,70,tub,442.70,814.37,2026-09-09,Aisle 03,chilled
Cold-Pressed Roma Tomatoes 250ml,Satvik Dairy,FRES-000392,890100786444,Fresh Produce,215,pack,78.24,104.78,2026-09-08,Aisle 01,ambient
Handcrafted Heavy Cream 6-Pack,Nature Harvest Provisions,DAIR-000393,890100786445,Dairy & Eggs,156,bottle,156.10,253.12,2026-09-07,Aisle 03,chilled
Whole-Grain Moong Dal Namkeen 1L,Nilgiri Springs,SNAC-000394,890100786446,Snacks & Confectionery,219,pack,171.35,228.36,2026-12-27,Aisle 10,ambient
Stone-Ground Golden Ginger Roma Tomatoes 1kg,Amul Springs,FRES-000395,890100786447,Fresh Produce,104,pcs,33.07,51.81,2026-09-12,Aisle 01,ambient
Sun-Dried Truffle Infused Fresh Chicken Curry Cut Snack Pack,Nilgiri Mills,MEAT-000396,890100786448,Meat & Seafood,69,pack,321.08,415.92,2026-08-28,Aisle 05,chilled
Zero-Sugar Paneer Tikka Deli 250ml,Bhoomi Mills,BAKE-000397,890100786449,Bakery & Deli,20,box,102.92,157.64,2026-08-31,Aisle 03,ambient
Premium Ajwain & Jeera Cheese Croissant 2-Pack,Dabur Organics,BAKE-000398,890100786450,Bakery & Deli,74,pcs,110.40,201.14,2026-09-09,Aisle 04,ambient
Plant-Based Red Chilli & Garlic Paneer Tikka Deli 100g,Patanjali Naturals,BAKE-000399,890100786451,Bakery & Deli,84,pcs,282.75,376.40,2026-09-08,Aisle 04,ambient
Smoked Mixed Berries Frozen Value Pack,Dabur Mills,FROZ-000400,890100786452,Frozen Foods,47,packet,89.73,138.78,2027-06-05,Aisle 08,frozen
Cold-Pressed Makhana Crunch Cow Milk 2L,Organic Tattva Mills,DAIR-000401,890100786453,Dairy & Eggs,173,tub,291.55,484.02,2026-09-26,Aisle 03,chilled
Farm-Fresh Yukon Gold Potatoes 150ml,Catch Mills,FRES-000402,890100786454,Fresh Produce,228,bunch,117.14,155.82,2026-09-03,Aisle 01,ambient
Farm-Fresh Cardamom Spiced Brownie Bites 300g,Urban Roots Foods,BAKE-000403,890100786455,Bakery & Deli,186,pack,154.60,239.81,2026-09-07,Aisle 03,chilled
Authentic Frozen Paneer Cubes 2-Pack,Organic Tattva Foods,FROZ-000404,890100786456,Frozen Foods,91,bag,377.89,643.30,2027-04-18,Aisle 08,frozen
Natural Lemon Pepper Surface Floor Cleaner Rose 6-Pack,FarmGold Provisions,HOUS-000405,890100786457,Household & Personal Care,223,packet,565.43,745.37,2028-01-15,Aisle 12,ambient
Unpolished Jalapeno Lime Stainless Steel Scrubber 3pk 500ml,Vedic Fresh Agro,HOUS-000406,890100786458,Household & Personal Care,238,tube,320.52,405.13,2027-11-15,Aisle 11,ambient
Country Style Gulab Jamun Tin Snack Pack,Green Earth Plantations,SNAC-000407,890100786459,Snacks & Confectionery,123,bar,328.17,498.21,2027-01-20,Aisle 10,ambient
Traditional Smoked Paprika Goat Mince Premium 10-Pack,Vedic Fresh Milling,MEAT-000408,890100786460,Meat & Seafood,191,kg,690.14,1249.51,2026-08-17,Aisle 04,chilled
Low-Sodium Toned Milk 300g,Satvik Plantations,DAIR-000409,890100786461,Dairy & Eggs,164,carton,346.68,533.55,2026-09-23,Aisle 02,chilled
Free-Range Royal Basmati Rice 10-Pack,Green Earth Agro,PANT-000410,890100786462,Pantry & Dry Goods,240,bottle,320.50,409.30,2027-01-08,Aisle 06,ambient
Authentic Makhana Crunch Mixed Berries Frozen 10kg,Himalayan Dairy,FROZ-000411,890100786463,Frozen Foods,245,bag,307.15,504.77,2027-02-26,Aisle 09,frozen
Aged Coconut Cream Strawberries 500ml,Vedic Fresh Kitchens,FRES-000412,890100786464,Fresh Produce,124,kg,137.42,241.41,2026-09-11,Aisle 02,chilled
Traditional Floor Disinfectant Pine 2L,Pashmina Dairy,HOUS-000413,890100786465,Household & Personal Care,178,tube,187.11,306.11,2027-04-09,Aisle 12,ambient
Royal Toned Milk 300g,Bhoomi Botanicals,DAIR-000414,890100786466,Dairy & Eggs,127,tub,486.18,847.39,2026-08-31,Aisle 03,chilled
Sun-Dried Kabuli Chana Large 150ml,Nilgiri Dairy,PANT-000415,890100786467,Pantry & Dry Goods,41,can,31.29,57.73,2027-12-21,Aisle 07,ambient
Crisp Dark Chocolate Fresh Chicken Curry Cut 8-Pack,Organic Tattva Plantations,MEAT-000416,890100786468,Meat & Seafood,123,pack,586.32,942.11,2026-08-29,Aisle 05,chilled
Rustic Tandoori Smoked Edamame Pods 24-Pack,Nature Harvest Kitchens,FROZ-000417,890100786469,Frozen Foods,20,box,349.77,576.46,2027-08-17,Aisle 09,frozen
Country Style Pista Almond Himalayan Spring Water 250g,Patanjali Kitchens,BEVE-000418,890100786470,Beverages,236,box,204.11,277.07,2026-08-18,Aisle 06,chilled
Desi Alphonso Mango Poha Thick Flakes 350g,Fortune Dairy,PANT-000419,890100786471,Pantry & Dry Goods,193,jar,470.29,631.49,2027-04-22,Aisle 06,ambient
Stone-Ground Matcha Green Tea Aloo Tikki 8-Pack Family Pack,Pashmina Naturals,FROZ-000420,890100786472,Frozen Foods,11,pack,338.26,522.88,2027-01-14,Aisle 09,frozen
Natural Papayas 250ml,Heritage Kitchens,FRES-000421,890100786473,Fresh Produce,63,pcs,23.53,41.03,2026-09-14,Aisle 02,ambient
Low-Sodium Coconut Cream Toor Dal Premium 150g,Pashmina Goods,PANT-000422,890100786474,Pantry & Dry Goods,96,jar,402.42,544.50,2027-07-26,Aisle 06,ambient
Wildcrafted Atlantic Salmon Fillet 1L,Bhoomi Organics,MEAT-000423,890100786475,Meat & Seafood,76,pcs,949.36,1214.60,2026-09-03,Aisle 05,chilled
Low-Sodium Moong Dal Namkeen 200g,Patanjali Mills,SNAC-000424,890100786476,Snacks & Confectionery,222,pack,505.31,775.32,2026-11-01,Aisle 09,ambient
Sweet Coconut Cream Aloo Tikki 8-Pack 10-Pack,Desi Organics Provisions,FROZ-000425,890100786477,Frozen Foods,173,box,362.91,465.11,2026-08-30,Aisle 09,frozen
Cured Pomegranates 750ml,Fortune Organics,FRES-000426,890100786478,Fresh Produce,94,bunch,95.91,122.71,2026-09-01,Aisle 01,chilled
Golden Dishwash Gel Lemon 400g,Nature Harvest Foods,HOUS-000427,890100786479,Household & Personal Care,120,packet,346.16,446.21,2028-07-15,Aisle 12,ambient
Crisp Matcha Green Tea Frozen Paneer Cubes 750g,Patanjali Mills,FROZ-000428,890100786480,Frozen Foods,55,pack,397.34,598.19,2027-03-14,Aisle 09,frozen
Organic Kachi Ghani Mustard Chicken Frankfurters 10-Pack,Green Earth Organics,BAKE-000429,890100786481,Bakery & Deli,246,box,70.96,106.23,2026-08-29,Aisle 03,chilled
Unpolished Smoked Paprika Avocados Value Pack,Desi Organics Dairy,FRES-000430,890100786482,Fresh Produce,142,pcs,54.67,92.25,2026-09-04,Aisle 01,ambient
Homestyle Lemon Pepper Fruit Cake Slice Snack Pack,FarmGold Organics,BAKE-000431,890100786483,Bakery & Deli,130,box,237.84,305.43,2026-08-28,Aisle 04,chilled
Valley Fresh Cardamom Spiced Mustard Oil Kachi Ghani 150g,Royal Indian Kitchens,PANT-000432,890100786484,Pantry & Dry Goods,158,packet,427.43,541.21,2027-07-06,Aisle 06,ambient
Artisan Watermelon 250ml,Urban Roots Foods,FRES-000433,890100786485,Fresh Produce,140,kg,18.00,30.40,2026-09-17,Aisle 02,ambient
Traditional Tonic Water Premium 500g,Dabur Agro,BEVE-000434,890100786486,Beverages,68,bag,306.19,450.76,2026-08-28,Aisle 05,ambient
Crisp Coconut Cream Bitter Gourd (Karela) 100g,Tata Plantations,FRES-000435,890100786487,Fresh Produce,31,pack,89.61,115.76,2026-09-08,Aisle 01,ambient
Country Style Diet Mixture Namkeen 500g,Kaveri Naturals,SNAC-000436,890100786488,Snacks & Confectionery,187,pack,408.39,715.84,2027-04-23,Aisle 10,ambient
Signature Toasted Sesame Alphonso Kulfi Tub 2kg,Pashmina Foods,FROZ-000437,890100786489,Frozen Foods,199,pack,394.73,605.36,2026-11-22,Aisle 09,frozen
Grass-Fed Chatpata Masala Paneer Tikka Deli 350g,Patanjali Plantations,BAKE-000438,890100786490,Bakery & Deli,24,box,237.31,420.08,2026-09-09,Aisle 04,ambient
Royal Cinnamon Spice Extra Virgin Olive Oil 5L,Heritage Co.,PANT-000439,890100786491,Pantry & Dry Goods,173,jar,175.63,237.89,2028-02-08,Aisle 06,ambient
Wildcrafted Mint Lime Kaju Katli Sweet Box 750g,FarmGold Mills,SNAC-000440,890100786492,Snacks & Confectionery,220,box,324.82,555.41,2026-11-09,Aisle 10,ambient
Country Style Kulcha 4-Pack 2L,Fortune Organics,BAKE-000441,890100786493,Bakery & Deli,196,pcs,80.91,110.31,2026-09-01,Aisle 03,ambient
Desi Mint Lime Cucumbers 10-Pack,Himalayan Co.,FRES-000442,890100786494,Fresh Produce,178,kg,44.00,60.91,2026-09-10,Aisle 01,chilled
Valley Fresh Chicken Drumsticks 24-Pack,Patanjali Botanicals,MEAT-000443,890100786495,Meat & Seafood,59,pack,845.35,1450.43,2026-08-30,Aisle 05,chilled
Handcrafted Penne Rigate Pasta 12-Pack,Kaveri Kitchens,PANT-000444,890100786496,Pantry & Dry Goods,226,can,718.23,1195.38,2028-04-30,Aisle 08,ambient
Country Style Ajwain & Jeera Brioche Burger Buns 250g,Heritage Botanicals,BAKE-000445,890100786497,Bakery & Deli,64,box,212.32,384.87,2026-09-01,Aisle 04,ambient
Crisp Mishri Mawa 2kg,Vedic Fresh Goods,DAIR-000446,890100786498,Dairy & Eggs,107,carton,483.62,731.29,2026-09-11,Aisle 03,chilled
Stone-Ground Tandoori Smoked Kaju Katli Sweet Box 200ml,Heritage Harvest,SNAC-000447,890100786499,Snacks & Confectionery,55,bag,328.63,561.80,2027-05-14,Aisle 10,ambient
Whole-Grain Ajwain & Jeera Malai Kulfi Bar Value Pack,Mother Dairy Naturals,FROZ-000448,890100786500,Frozen Foods,45,box,267.14,390.15,2026-11-25,Aisle 08,frozen
Handcrafted Roasted Makhana Foxnuts 6-Pack,Pure Vedic Farms,SNAC-000449,890100786501,Snacks & Confectionery,233,bar,175.39,314.49,2027-04-28,Aisle 09,ambient
Royal Sea Salt Flavored Yogurt 24-Pack,Everest Milling,DAIR-000450,890100786502,Dairy & Eggs,158,bottle,387.41,629.39,2026-09-24,Aisle 03,chilled
Pure Sea Salt Penne Rigate Pasta 6-Pack,Ganga Harvest,PANT-000451,890100786503,Pantry & Dry Goods,60,bag,548.93,931.60,2027-02-14,Aisle 08,ambient
Whole-Grain Red Chilli & Garlic Bagel Plain 4pk 300g,FarmGold Plantations,BAKE-000452,890100786504,Bakery & Deli,133,box,118.50,218.48,2026-09-05,Aisle 03,ambient
Golden Alphonso Mango Mutton Chops 150ml,Deccan Botanicals,MEAT-000453,890100786505,Meat & Seafood,195,pack,633.34,1070.60,2026-08-31,Aisle 05,chilled
Valley Fresh Sweet Tamarind Goat Mince Premium 2kg,Ganga Botanicals,MEAT-000454,890100786506,Meat & Seafood,167,pack,342.73,543.59,2026-08-30,Aisle 04,chilled
Organic Liquid Laundry Detergent 200g,Deccan Springs,HOUS-000455,890100786507,Household & Personal Care,235,box,45.49,69.48,2027-12-25,Aisle 12,ambient
Cured Moong Dal Washed 1L,Deccan Milling,PANT-000456,890100786508,Pantry & Dry Goods,119,can,267.74,347.67,2026-08-28,Aisle 07,ambient
Aged Greek Yogurt 400g,Vedic Fresh Agro,DAIR-000457,890100786509,Dairy & Eggs,226,bottle,256.16,395.44,2026-09-09,Aisle 02,chilled
Cured Truffle Infused California Almonds 1.5L,Dabur Goods,SNAC-000458,890100786510,Snacks & Confectionery,162,box,184.64,328.40,2027-02-07,Aisle 09,ambient
Valley Fresh Smoked Paprika Paneer Paratha Frozen 6-Pack,Heritage Provisions,FROZ-000459,890100786511,Frozen Foods,17,pack,358.90,603.51,2027-01-23,Aisle 08,frozen
Grass-Fed Chatpata Masala Cheese Croissant 200g,Desi Organics Harvest,BAKE-000460,890100786512,Bakery & Deli,189,pack,49.75,85.33,2026-08-30,Aisle 04,ambient
Traditional Kachi Ghani Mustard Lentils Red Masoor 6-Pack,Nature Harvest Goods,PANT-000461,890100786513,Pantry & Dry Goods,37,can,617.29,1004.91,2028-01-10,Aisle 06,ambient
Royal Jalapeno Lime Oranges Nagpur 330ml,Everest Botanicals,FRES-000462,890100786514,Fresh Produce,9,kg,75.79,115.70,2026-08-16,Aisle 02,ambient
Artisan Masala Chai Flavored Yogurt 2-Pack,Dabur Mills,DAIR-000463,890100786515,Dairy & Eggs,38,bottle,238.32,365.46,2026-09-01,Aisle 03,chilled
Artisan Veg Spring Rolls 10-Pack,Tata Provisions,FROZ-000464,890100786516,Frozen Foods,145,packet,59.36,104.43,2027-05-19,Aisle 09,frozen
Organic Dark Chocolate Chicken Keema 400g,Satvik Organics,MEAT-000465,890100786517,Meat & Seafood,213,pcs,577.70,968.11,2026-08-29,Aisle 04,chilled
Grass-Fed Mint Lime Basa Fish Fillets Family Pack,FarmGold Botanicals,MEAT-000466,890100786518,Meat & Seafood,99,pack,170.70,285.35,2026-09-03,Aisle 04,chilled
Sun-Dried Chatpata Masala Wood-Fired Veggie Pizza 250g,Nature Harvest Farms,FROZ-000467,890100786519,Frozen Foods,245,tub,81.31,132.31,2027-07-29,Aisle 09,frozen
Crisp Cardamom Spiced Pomfret Whole 24-Pack,Desi Organics Provisions,MEAT-000468,890100786520,Meat & Seafood,37,kg,222.30,391.38,2026-08-29,Aisle 05,chilled
Homestyle Roma Tomatoes 500ml,Deccan Kitchens,FRES-000469,890100786521,Fresh Produce,216,pcs,64.95,102.46,2026-09-04,Aisle 02,ambient
Golden Moong Dal Washed 250ml,Desi Organics Harvest,PANT-000470,890100786522,Pantry & Dry Goods,187,can,303.82,534.16,2027-08-25,Aisle 06,ambient
Heritage Frozen Samosas 500g,SunBrite Milling,FROZ-000471,890100786523,Frozen Foods,79,bag,189.56,237.34,2026-10-29,Aisle 08,frozen
Pure Kesar Pista Boneless Chicken Breast Value Pack,Vedic Fresh Dairy,MEAT-000472,890100786524,Meat & Seafood,232,kg,768.87,1084.85,2026-09-03,Aisle 04,chilled
Aged Kachi Ghani Mustard Malai Kulfi Bar 100g,Desi Organics Dairy,FROZ-000473,890100786525,Frozen Foods,160,tub,364.22,488.07,2027-06-02,Aisle 09,frozen
Zero-Sugar Rose Infused Guavas 350g,FarmGold Milling,FRES-000474,890100786526,Fresh Produce,250,pack,48.51,62.63,2026-09-10,Aisle 02,chilled
Cold-Pressed Soy Milk Protein 1kg,Urban Roots Goods,DAIR-000475,890100786527,Dairy & Eggs,158,packet,101.48,132.94,2026-08-16,Aisle 02,chilled
Grass-Fed Matcha Green Tea Cinnamon Swirl Buns 4-Pack,Desi Organics Goods,BAKE-000476,890100786528,Bakery & Deli,35,box,75.69,121.21,2026-09-08,Aisle 03,ambient
Crisp Toasted Sesame Chicken Drumsticks 100g,Nilgiri Kitchens,MEAT-000477,890100786529,Meat & Seafood,213,pack,157.11,268.36,2026-08-30,Aisle 04,chilled
Signature Paneer Paratha Frozen 200ml,Nilgiri Plantations,FROZ-000478,890100786530,Frozen Foods,203,tub,118.61,189.15,2027-08-07,Aisle 09,frozen
Gluten-Free Veg Burger Patties 400g,Heritage Farms,FROZ-000479,890100786531,Frozen Foods,247,tub,198.49,346.84,2027-06-11,Aisle 08,frozen
Roasted Alphonso Mangoes 2L,Nature Harvest Provisions,FRES-000480,890100786532,Fresh Produce,137,pcs,52.82,77.97,2026-09-05,Aisle 02,chilled
Wildcrafted Cardamom Spiced Paneer Paratha Frozen 150g,Dabur Harvest,FROZ-000481,890100786533,Frozen Foods,217,bag,159.64,265.19,2027-04-19,Aisle 08,frozen
Traditional Himalayan Spring Water 8-Pack,Organic Tattva Foods,BEVE-000482,890100786534,Beverages,86,carton,443.49,802.85,2026-10-04,Aisle 06,ambient
Royal Cucumbers Snack Pack,Catch Dairy,FRES-000483,890100786535,Fresh Produce,92,pack,50.99,69.71,2026-09-09,Aisle 01,chilled
Traditional Sweet Corn Kernels 2kg,Vedic Fresh Springs,FROZ-000484,890100786536,Frozen Foods,168,packet,138.96,208.07,2027-01-10,Aisle 09,frozen
Desi Cauliflower 330ml,Royal Indian Springs,FRES-000485,890100786537,Fresh Produce,8,bunch,79.37,132.81,2026-08-29,Aisle 01,ambient
Gluten-Free Lemon Pepper Fabric Softener Floral 2kg,Nature Harvest Naturals,HOUS-000486,890100786538,Household & Personal Care,129,packet,72.06,94.83,2027-09-06,Aisle 11,ambient
Spiced Pista Almond Royal Basmati Rice 750g,Tata Plantations,PANT-000487,890100786539,Pantry & Dry Goods,89,bag,546.14,880.78,2026-08-30,Aisle 06,ambient
Premium Garlic & Herb Mutton Chops 200g,SunBrite Kitchens,MEAT-000488,890100786540,Meat & Seafood,227,pcs,167.03,210.96,2026-08-29,Aisle 04,chilled
Natural Desi Cow Ghee 2kg,Patanjali Farms,DAIR-000489,890100786541,Dairy & Eggs,144,pack,339.55,453.29,2026-09-02,Aisle 03,chilled
Rustic Chicken Drumsticks 5kg,Saffola Botanicals,MEAT-000490,890100786542,Meat & Seafood,159,pcs,440.64,759.59,2026-08-29,Aisle 05,chilled
Grass-Fed Toor Dal Premium 50g,Royal Indian Milling,PANT-000491,890100786543,Pantry & Dry Goods,103,bag,727.41,1257.58,2028-01-18,Aisle 06,ambient
Artisan Matcha Green Tea Paneer Block 330ml,Saffola Agro,DAIR-000492,890100786544,Dairy & Eggs,21,bottle,383.48,677.14,2026-09-08,Aisle 02,chilled
Cured Cinnamon Swirl Buns Snack Pack,Royal Indian Kitchens,BAKE-000493,890100786545,Bakery & Deli,177,pcs,132.00,167.48,2026-08-29,Aisle 03,ambient
Authentic Cheese Croissant 250ml,Pure Vedic Provisions,BAKE-000494,890100786546,Bakery & Deli,98,box,183.99,243.74,2026-09-09,Aisle 03,ambient
Extra-Virgin Pista Almond Extra Virgin Olive Oil Value Pack,Bhoomi Springs,PANT-000495,890100786547,Pantry & Dry Goods,38,jar,168.91,237.98,2027-08-24,Aisle 08,ambient
Pure Red Chilli & Garlic Lavash Crackers 330ml,Dabur Organics,BAKE-000496,890100786548,Bakery & Deli,5,pcs,126.33,197.57,2026-09-04,Aisle 03,chilled
Premium Bagel Plain 4pk 350g,Pashmina Botanicals,BAKE-000497,890100786549,Bakery & Deli,12,pack,292.31,461.14,2026-09-04,Aisle 04,chilled
Free-Range Garlic & Herb Malai Kulfi Bar 2kg,Himalayan Organics,FROZ-000498,890100786550,Frozen Foods,175,box,134.30,198.95,2027-03-19,Aisle 08,frozen
Crisp Pomfret Whole 750g,Urban Roots Mills,MEAT-000499,890100786551,Meat & Seafood,95,pcs,741.96,1113.64,2026-08-16,Aisle 04,chilled
Valley Fresh Smoked Paprika Liquid Laundry Detergent 330ml,Saffola Farms,HOUS-000500,890100786552,Household & Personal Care,219,tube,562.48,846.10,2027-02-25,Aisle 11,ambient
Pure Gulab Jamun Tin 12-Pack,Mother Dairy Mills,SNAC-000501,890100786553,Snacks & Confectionery,134,pack,385.95,536.48,2027-05-26,Aisle 09,ambient
Select Lemon Pepper Electrolyte Energy Drink 12-Pack,Pure Vedic Harvest,BEVE-000502,890100786554,Beverages,232,box,398.07,598.84,2026-12-09,Aisle 06,ambient
Free-Range Extra Virgin Olive Oil 2-Pack,Tata Kitchens,PANT-000503,890100786555,Pantry & Dry Goods,12,box,485.30,667.03,2027-07-19,Aisle 06,ambient
Extra-Virgin Ajwain & Jeera Frozen Green Peas Snack Pack,Desi Organics Springs,FROZ-000504,890100786556,Frozen Foods,133,tub,370.06,574.90,2026-12-19,Aisle 09,frozen
Aged Masala Chai Chicken Frankfurters 300g,Bhoomi Plantations,BAKE-000505,890100786557,Bakery & Deli,139,pcs,129.67,206.09,2026-09-08,Aisle 03,ambient
Whole-Grain Cow Milk 250g,Bhoomi Springs,DAIR-000506,890100786558,Dairy & Eggs,230,carton,336.85,588.24,2026-09-25,Aisle 03,chilled
Aged Goat Mince Premium Snack Pack,Green Earth Agro,MEAT-000507,890100786559,Meat & Seafood,234,kg,214.00,379.57,2026-09-02,Aisle 04,chilled
Cured Chatpata Masala Floor Disinfectant Pine 10kg,Satvik Milling,HOUS-000508,890100786560,Household & Personal Care,188,tube,423.11,677.63,2026-08-20,Aisle 11,ambient
Traditional Apple Cider Vinegar Drink 50g,Tata Naturals,BEVE-000509,890100786561,Beverages,93,bag,295.76,491.08,2026-12-07,Aisle 06,chilled
Cured Greek Yogurt 500ml,Nilgiri Foods,DAIR-000510,890100786562,Dairy & Eggs,80,box,471.61,599.88,2026-09-18,Aisle 02,chilled
Free-Range Mint Lime Apple Cider Vinegar Drink 300g,Saffola Dairy,BEVE-000511,890100786563,Beverages,46,bag,414.69,525.99,2027-01-04,Aisle 06,ambient
Gourmet Mint Lime Soan Papdi Box 10-Pack,Fortune Dairy,SNAC-000512,890100786564,Snacks & Confectionery,246,tub,334.24,445.63,2027-04-12,Aisle 10,ambient
Aged Truffle Infused Basa Fish Fillets Value Pack,Deccan Harvest,MEAT-000513,890100786565,Meat & Seafood,203,kg,843.60,1107.04,2026-09-01,Aisle 05,chilled
Valley Fresh Fish Fingers Frozen 10kg,Vedic Fresh Provisions,FROZ-000514,890100786566,Frozen Foods,182,pack,55.29,93.91,2026-12-11,Aisle 09,frozen
Valley Fresh Boneless Chicken Breast 50g,Nilgiri Springs,MEAT-000515,890100786567,Meat & Seafood,48,kg,394.49,665.81,2026-08-29,Aisle 05,chilled
Sweet Cardamom Spiced Sona Masoori Rice Value Pack,Fortune Foods,PANT-000516,890100786568,Pantry & Dry Goods,83,jar,693.63,997.30,2027-05-07,Aisle 08,ambient
Stone-Ground Sweet Tamarind Cinnamon Swirl Buns 2-Pack,Himalayan Agro,BAKE-000517,890100786569,Bakery & Deli,9,pcs,91.82,118.20,2026-08-29,Aisle 04,ambient
Homestyle Cardamom Spiced Masala CTC Tea 750g,Saffola Goods,BEVE-000518,890100786570,Beverages,81,bottle,245.69,390.63,2026-09-16,Aisle 06,ambient
Homestyle Smoked Paprika Bagel Plain 4pk Value Pack,Dabur Dairy,BAKE-000519,890100786571,Bakery & Deli,243,pcs,50.66,75.05,2026-09-09,Aisle 03,chilled
Sun-Dried Sweet Tamarind Guavas 24-Pack,Heritage Agro,FRES-000520,890100786572,Fresh Produce,89,pcs,158.94,271.66,2026-09-14,Aisle 02,chilled
Homestyle Jalapeno Lime Jeera Masala Soda 500g,Pashmina Milling,BEVE-000521,890100786573,Beverages,187,bottle,263.53,363.63,2026-10-04,Aisle 06,chilled
Wildcrafted Garlic & Herb Organic Brown Sugar 200ml,Saffola Foods,PANT-000522,890100786574,Pantry & Dry Goods,75,bag,267.44,360.36,2026-08-28,Aisle 07,ambient
Gourmet Palak Leaves 6-Pack,Patanjali Foods,FRES-000523,890100786575,Fresh Produce,62,bag,76.42,140.69,2026-09-11,Aisle 01,chilled
Gluten-Free Organic Sharbati Atta Value Pack,SunBrite Farms,PANT-000524,890100786576,Pantry & Dry Goods,226,box,699.32,1111.11,2026-08-30,Aisle 07,ambient
Zero-Sugar Sweet Potatoes 2-Pack,Dabur Harvest,FRES-000525,890100786577,Fresh Produce,227,kg,28.67,40.77,2026-08-29,Aisle 02,chilled
Extra-Virgin Chicken Drumsticks 10kg,SunBrite Co.,MEAT-000526,890100786578,Meat & Seafood,174,pack,694.36,1220.21,2026-09-03,Aisle 04,chilled
Roasted Jalapeno Lime Chicken Salami 4-Pack,FarmGold Kitchens,BAKE-000527,890100786579,Bakery & Deli,173,box,263.59,425.66,2026-08-28,Aisle 03,chilled
Zero-Sugar Ajwain & Jeera Basa Fish Fillets 150ml,SunBrite Organics,MEAT-000528,890100786580,Meat & Seafood,117,pcs,819.86,1096.22,2026-08-29,Aisle 04,chilled
Traditional Red Chilli & Garlic Jeera Masala Soda 1L,Royal Indian Organics,BEVE-000529,890100786581,Beverages,63,carton,110.25,159.54,2026-10-09,Aisle 06,ambient
Authentic Tonic Water Premium 500ml,Mother Dairy Botanicals,BEVE-000530,890100786582,Beverages,113,bag,384.70,642.94,2026-09-23,Aisle 06,chilled
Signature Mint Lime Shampoo Anti-Dandruff 5kg,Desi Organics Mills,HOUS-000531,890100786583,Household & Personal Care,34,box,481.58,683.09,2027-12-17,Aisle 11,ambient
Aged Bath Tissue 6-Pack 6-Pack,Heritage Provisions,HOUS-000532,890100786584,Household & Personal Care,230,bottle,592.95,876.06,2027-11-15,Aisle 11,ambient
Signature Alphonso Mangoes 250ml,Everest Provisions,FRES-000533,890100786585,Fresh Produce,128,kg,22.04,32.58,2026-09-11,Aisle 01,ambient
Aged Desi Cow Ghee 4-Pack,Everest Co.,DAIR-000534,890100786586,Dairy & Eggs,124,bottle,37.92,66.79,2026-09-10,Aisle 03,chilled
Organic Alphonso Mango Palak Leaves 4-Pack,Saffola Springs,FRES-000535,890100786587,Fresh Produce,199,bag,134.07,194.29,2026-09-06,Aisle 01,chilled
Royal Pista Almond Dry Fruits Trail Mix 150ml,Nature Harvest Provisions,SNAC-000536,890100786588,Snacks & Confectionery,177,bag,208.14,325.31,2027-04-02,Aisle 09,ambient
Traditional Chamomile Herbal Tea 330ml,Everest Harvest,BEVE-000537,890100786589,Beverages,230,can,42.64,60.99,2026-09-30,Aisle 05,ambient
Stone-Ground Roasted Makhana Foxnuts Value Pack,Mother Dairy Botanicals,SNAC-000538,890100786590,Snacks & Confectionery,92,bar,133.15,214.44,2027-04-07,Aisle 09,ambient
Natural Mustard Oil Kachi Ghani Snack Pack,Everest Goods,PANT-000539,890100786591,Pantry & Dry Goods,193,can,377.70,690.95,2028-07-13,Aisle 07,ambient
Low-Sodium Chicken Sausages 750g,Organic Tattva Organics,MEAT-000540,890100786592,Meat & Seafood,55,kg,702.59,955.60,2026-08-31,Aisle 04,chilled
Royal Mint Lime Tender Coconut Water 100g,Tata Dairy,BEVE-000541,890100786593,Beverages,92,can,89.24,131.14,2027-02-26,Aisle 05,ambient
Wildcrafted Heavy Cream 1L,Everest Botanicals,DAIR-000542,890100786594,Dairy & Eggs,63,bottle,157.02,287.04,2026-09-11,Aisle 03,chilled
Whole-Grain Cold-Pressed Groundnut Oil 2-Pack,Bhoomi Milling,PANT-000543,890100786595,Pantry & Dry Goods,62,can,193.46,278.07,2027-03-24,Aisle 06,ambient
Zero-Sugar Red Chilli & Garlic Sweet Corn Kernels 250ml,Organic Tattva Foods,FROZ-000544,890100786596,Frozen Foods,15,pack,207.84,337.54,2027-06-22,Aisle 08,frozen
Smoked Vanilla Bean Smoked Chicken Slices 10-Pack,Saffola Plantations,BAKE-000545,890100786597,Bakery & Deli,215,box,80.84,131.71,2026-08-29,Aisle 04,ambient
Handcrafted Kesar Pista Sourdough Loaf 50g,Amul Foods,BAKE-000546,890100786598,Bakery & Deli,122,pcs,234.58,328.86,2026-09-09,Aisle 03,ambient
Heritage French Fries Crispy 150ml,Satvik Milling,FROZ-000547,890100786599,Frozen Foods,72,packet,174.89,287.51,2027-01-10,Aisle 09,frozen
Aged Floor Disinfectant Pine 200ml,Everest Kitchens,HOUS-000548,890100786600,Household & Personal Care,75,packet,390.39,686.68,2027-04-08,Aisle 12,ambient
Roasted Masala Chai Double Toned Milk 350g,Green Earth Harvest,DAIR-000549,890100786601,Dairy & Eggs,179,tub,99.43,150.24,2026-09-09,Aisle 02,chilled
Gourmet Soy Milk Protein 2L,Organic Tattva Goods,DAIR-000550,890100786602,Dairy & Eggs,12,tub,413.10,575.62,2026-09-07,Aisle 03,chilled
Handcrafted Coconut Cream Feta Cheese 250g,Royal Indian Naturals,DAIR-000551,890100786603,Dairy & Eggs,45,bottle,169.56,301.91,2026-09-21,Aisle 03,chilled
Roasted Watermelon 400g,Patanjali Springs,FRES-000552,890100786604,Fresh Produce,218,pcs,140.01,195.54,2026-09-16,Aisle 01,chilled
Extra-Virgin Pomfret Whole 4-Pack,Nature Harvest Springs,MEAT-000553,890100786605,Meat & Seafood,107,pcs,407.68,573.15,2026-08-27,Aisle 04,chilled
Desi Papayas 750g,Desi Organics Goods,FRES-000554,890100786606,Fresh Produce,200,bunch,97.74,144.75,2026-08-30,Aisle 02,ambient
Rustic Frozen Samosas 5kg,Green Earth Plantations,FROZ-000555,890100786607,Frozen Foods,42,packet,91.69,132.11,2026-12-20,Aisle 08,frozen
Farm-Fresh Sweet Tamarind Kaju Katli Sweet Box 1kg,Heritage Plantations,SNAC-000556,890100786608,Snacks & Confectionery,115,bar,106.27,178.83,2027-05-03,Aisle 09,ambient
Homestyle Ajwain & Jeera Organic Sharbati Atta 8-Pack,Bhoomi Plantations,PANT-000557,890100786609,Pantry & Dry Goods,59,box,95.05,171.31,2027-01-27,Aisle 06,ambient
Raw Tandoori Smoked Roasted Salted Cashews Value Pack,Green Earth Foods,SNAC-000558,890100786610,Snacks & Confectionery,98,packet,295.73,439.80,2026-08-29,Aisle 09,ambient
Homestyle Golden Ginger Parmigiano-Reggiano 330ml,Everest Naturals,DAIR-000559,890100786611,Dairy & Eggs,129,pack,277.15,441.50,2026-09-04,Aisle 03,chilled
Stone-Ground Diet Mixture Namkeen Family Pack,Desi Organics Foods,SNAC-000560,890100786612,Snacks & Confectionery,224,pack,270.67,467.15,2026-11-07,Aisle 09,ambient
Crisp Kachi Ghani Mustard Fresh Rohu Fish 2kg,Kaveri Agro,MEAT-000561,890100786613,Meat & Seafood,86,kg,266.77,435.63,2026-09-02,Aisle 05,chilled
Cured Apple Cider Vinegar Drink Family Pack,Amul Springs,BEVE-000562,890100786614,Beverages,32,bottle,111.86,202.95,2026-12-03,Aisle 06,ambient
Sweet Soy Milk Protein 250ml,FarmGold Provisions,DAIR-000563,890100786615,Dairy & Eggs,27,pack,475.26,784.21,2026-09-17,Aisle 03,chilled
Extra-Virgin Bagel Plain 4pk 250g,Satvik Milling,BAKE-000564,890100786616,Bakery & Deli,183,box,98.90,132.03,2026-09-10,Aisle 03,ambient
Zero-Sugar Kachi Ghani Mustard Guavas 6-Pack,Heritage Agro,FRES-000565,890100786617,Fresh Produce,122,pcs,131.94,227.29,2026-09-12,Aisle 01,chilled
Country Style Guava Chilli Juice 50g,Nilgiri Milling,BEVE-000566,890100786618,Beverages,97,can,379.34,525.80,2027-03-03,Aisle 06,chilled
Farm-Fresh Raw Wildflower Honey 250g,Amul Foods,PANT-000567,890100786619,Pantry & Dry Goods,181,box,550.08,974.18,2028-07-10,Aisle 07,ambient
Heritage Baby Spinach 5kg,Satvik Plantations,FRES-000568,890100786620,Fresh Produce,187,bunch,135.78,225.46,2026-09-11,Aisle 02,chilled
Traditional Kashmiri Saffron Stainless Steel Scrubber 3pk 750g,Nilgiri Goods,HOUS-000569,890100786621,Household & Personal Care,129,box,129.11,173.59,2029-01-03,Aisle 11,ambient
Homestyle Guava Chilli Juice 2kg,Organic Tattva Goods,BEVE-000570,890100786622,Beverages,95,bottle,431.08,776.38,2027-05-08,Aisle 05,chilled
Royal Sourdough Loaf 8-Pack,FarmGold Farms,BAKE-000571,890100786623,Bakery & Deli,6,pcs,187.90,310.99,2026-09-03,Aisle 04,chilled
Authentic Nagpur Orange Yukon Gold Potatoes 10-Pack,Vedic Fresh Organics,FRES-000572,890100786624,Fresh Produce,16,pcs,75.99,134.48,2026-08-19,Aisle 02,ambient
Desi Masala Chai Gouda Block 150g,Saffola Foods,DAIR-000573,890100786625,Dairy & Eggs,244,carton,447.95,685.99,2026-08-30,Aisle 03,chilled
Gluten-Free Brioche Burger Buns 24-Pack,Bhoomi Dairy,BAKE-000574,890100786626,Bakery & Deli,95,pcs,190.13,326.74,2026-08-29,Aisle 03,chilled
Gourmet Dry Fruits Trail Mix 2kg,Himalayan Dairy,SNAC-000575,890100786627,Snacks & Confectionery,231,pack,506.49,836.52,2027-05-12,Aisle 09,ambient
Raw Fresh Mint (Pudina) Family Pack,Heritage Provisions,FRES-000576,890100786628,Fresh Produce,44,kg,128.83,209.08,2026-09-09,Aisle 02,chilled
Premium Caramelized Onion Surface Floor Cleaner Rose 10-Pack,Bhoomi Farms,HOUS-000577,890100786629,Household & Personal Care,65,box,216.72,360.55,2027-07-20,Aisle 11,ambient
Raw Fresh Mint (Pudina) 100g,Heritage Goods,FRES-000578,890100786630,Fresh Produce,18,pcs,49.75,82.92,2026-08-31,Aisle 01,ambient
Homestyle Cinnamon Spice Chicken Keema 2kg,Himalayan Kitchens,MEAT-000579,890100786631,Meat & Seafood,192,kg,369.55,584.57,2026-08-30,Aisle 04,chilled
Heritage Kesar Pista Sweet Corn Kernels 12-Pack,Pashmina Agro,FROZ-000580,890100786632,Frozen Foods,190,tub,250.61,398.19,2027-03-16,Aisle 08,frozen
Plant-Based Pomfret Whole 750ml,Catch Naturals,MEAT-000581,890100786633,Meat & Seafood,171,pcs,455.68,751.39,2026-09-01,Aisle 05,chilled
Plant-Based Kesar Pista Hash Browns 6pk 10-Pack,Everest Provisions,FROZ-000582,890100786634,Frozen Foods,185,bag,197.78,278.12,2027-03-30,Aisle 08,frozen
Whole-Grain Smoked Paprika Iced Lemon Tea 200g,Desi Organics Milling,BEVE-000583,890100786635,Beverages,153,bottle,432.72,705.72,2027-06-17,Aisle 05,chilled
Pure Kachi Ghani Mustard Frozen Veg Momos 24-Pack,Desi Organics Mills,FROZ-000584,890100786636,Frozen Foods,105,bag,203.38,363.14,2027-03-29,Aisle 09,frozen
Roasted Kashmiri Saffron Boneless Chicken Breast 8-Pack,Kaveri Provisions,MEAT-000585,890100786637,Meat & Seafood,168,pcs,302.50,440.59,2026-09-02,Aisle 05,chilled
Roasted Chamomile Herbal Tea 24-Pack,Urban Roots Botanicals,BEVE-000586,890100786638,Beverages,46,bottle,105.07,140.24,2027-06-29,Aisle 05,chilled
Signature Lemon Pepper Basa Fish Fillets 500g,Himalayan Harvest,MEAT-000587,890100786639,Meat & Seafood,33,pcs,874.38,1266.19,2026-08-30,Aisle 05,chilled
Select Goat Mince Premium 150g,Saffola Plantations,MEAT-000588,890100786640,Meat & Seafood,43,pack,477.68,803.80,2026-08-29,Aisle 05,chilled
Low-Sodium Coconut Milk Canned 750g,Dabur Provisions,PANT-000589,890100786641,Pantry & Dry Goods,187,jar,229.81,295.42,2028-06-11,Aisle 08,ambient
Authentic Roma Tomatoes 400g,Organic Tattva Agro,FRES-000590,890100786642,Fresh Produce,204,kg,56.69,86.39,2026-08-29,Aisle 02,chilled
Extra-Virgin Apple Cider Vinegar Drink Family Pack,Nilgiri Naturals,BEVE-000591,890100786643,Beverages,94,carton,31.91,53.85,2027-07-15,Aisle 06,chilled
Sun-Dried Cold Pressed Orange Juice 5L,Green Earth Provisions,BEVE-000592,890100786644,Beverages,6,box,66.05,117.31,2026-12-07,Aisle 05,chilled
Valley Fresh Gourmet Cookies Choco-Chip 1L,Nilgiri Co.,SNAC-000593,890100786645,Snacks & Confectionery,164,bar,196.88,291.63,2026-10-29,Aisle 10,ambient
Plant-Based Matcha Green Tea Granola Health Bars 150g,SunBrite Mills,SNAC-000594,890100786646,Snacks & Confectionery,69,pack,217.17,397.97,2026-12-18,Aisle 10,ambient
Sun-Dried Red Chilli & Garlic Frozen Paneer Cubes 2L,SunBrite Goods,FROZ-000595,890100786647,Frozen Foods,109,tub,93.87,146.72,2027-08-21,Aisle 09,frozen
Cured Nagpur Orange Mutton Curry Cut 250ml,Everest Dairy,MEAT-000596,890100786648,Meat & Seafood,11,kg,259.09,423.79,2026-09-02,Aisle 05,chilled
Spiced Diet Mixture Namkeen 8-Pack,Organic Tattva Foods,SNAC-000597,890100786649,Snacks & Confectionery,238,packet,38.13,62.13,2026-10-29,Aisle 10,ambient
Spiced Guava Chilli Juice 5L,Dabur Plantations,BEVE-000598,890100786650,Beverages,220,box,129.92,190.29,2027-03-12,Aisle 06,ambient
Country Style Truffle Infused Boneless Chicken Breast 2L,Bhoomi Botanicals,MEAT-000599,890100786651,Meat & Seafood,9,kg,785.31,1225.57,2026-09-02,Aisle 05,chilled
Smoked Bath Tissue 6-Pack 300g,Satvik Springs,HOUS-000600,890100786652,Household & Personal Care,82,packet,189.71,329.06,2028-12-26,Aisle 11,ambient
Royal Paneer Paratha Frozen 6-Pack,Urban Roots Farms,FROZ-000601,890100786653,Frozen Foods,53,pack,412.20,624.22,2026-11-29,Aisle 09,frozen
Handcrafted Malai Kulfi Bar 100g,Patanjali Dairy,FROZ-000602,890100786654,Frozen Foods,179,box,108.41,152.60,2027-07-21,Aisle 09,frozen
Wildcrafted Pomegranates 6-Pack,Nilgiri Kitchens,FRES-000603,890100786655,Fresh Produce,135,kg,158.91,256.41,2026-09-06,Aisle 01,ambient
Gourmet Mint Lime Butter Croissants 8-Pack,Urban Roots Milling,BAKE-000604,890100786656,Bakery & Deli,90,box,33.00,53.53,2026-09-04,Aisle 03,ambient
Valley Fresh Mint Lime Chicken Sausages 5kg,Deccan Foods,MEAT-000605,890100786657,Meat & Seafood,207,kg,769.66,1082.99,2026-08-29,Aisle 04,chilled
Roasted Pears 300g,Royal Indian Organics,FRES-000606,890100786658,Fresh Produce,217,bag,79.84,146.47,2026-08-30,Aisle 02,chilled
Organic Kesar Pista Goat Mince Premium 5kg,Fortune Milling,MEAT-000607,890100786659,Meat & Seafood,44,pack,319.61,563.96,2026-08-30,Aisle 05,chilled
Royal Matcha Green Tea Lavash Crackers 100g,Organic Tattva Milling,BAKE-000608,890100786660,Bakery & Deli,221,box,243.13,311.86,2026-08-31,Aisle 04,chilled
Heritage Ajwain & Jeera Basa Fish Fillets 8-Pack,Dabur Milling,MEAT-000609,890100786661,Meat & Seafood,166,pack,592.47,941.48,2026-08-30,Aisle 05,chilled
Extra-Virgin Smoked Paprika Kokum Sharbat 150g,Satvik Farms,BEVE-000610,890100786662,Beverages,61,box,128.26,205.58,2026-12-20,Aisle 05,ambient
Signature Dark Chocolate Ayurvedic Bath Soap 6-Pack,Deccan Plantations,HOUS-000611,890100786663,Household & Personal Care,159,pack,443.13,687.40,2027-07-06,Aisle 12,ambient
Heritage Lemon Pepper Organic Sharbati Atta 200g,Pashmina Foods,PANT-000612,890100786664,Pantry & Dry Goods,229,bag,257.00,392.67,2028-02-26,Aisle 07,ambient
Farm-Fresh Garlic & Herb Spicy Peanut Chikki 1L,Bhoomi Co.,SNAC-000613,890100786665,Snacks & Confectionery,244,bag,60.05,91.20,2026-08-28,Aisle 09,ambient
Unpolished Mutton Chops 400g,Ganga Agro,MEAT-000614,890100786666,Meat & Seafood,178,pack,855.16,1101.58,2026-08-30,Aisle 05,chilled
Sweet Vanilla Bean California Almonds 150ml,Tata Plantations,SNAC-000615,890100786667,Snacks & Confectionery,119,bar,203.43,324.90,2027-05-07,Aisle 09,ambient
Cold-Pressed Floor Disinfectant Pine 750g,Mother Dairy Springs,HOUS-000616,890100786668,Household & Personal Care,104,pack,313.59,400.63,2028-02-27,Aisle 11,ambient
Raw Lemon Pepper Fresh Rohu Fish 24-Pack,Catch Farms,MEAT-000617,890100786669,Meat & Seafood,245,pack,167.77,257.18,2026-09-03,Aisle 05,chilled
Pure Sweet Tamarind Jeera Masala Soda 330ml,Saffola Foods,BEVE-000618,890100786670,Beverages,139,carton,59.45,78.84,2026-12-20,Aisle 06,ambient
Crisp Smoked Paprika 70% Dark Chocolate Bar 8-Pack,Mother Dairy Botanicals,SNAC-000619,890100786671,Snacks & Confectionery,210,tub,388.36,568.55,2027-04-03,Aisle 09,ambient
Wildcrafted Custard Apple (Sitaphal) 1L,Tata Milling,FRES-000620,890100786672,Fresh Produce,201,bunch,25.77,45.39,2026-09-10,Aisle 01,chilled
Smoked Kashmiri Saffron Oranges Nagpur Family Pack,Fortune Botanicals,FRES-000621,890100786673,Fresh Produce,208,pack,77.05,100.08,2026-09-02,Aisle 01,ambient
Traditional Cinnamon Spice Crab Meat Fresh 250ml,SunBrite Organics,MEAT-000622,890100786674,Meat & Seafood,213,kg,840.15,1269.95,2026-09-01,Aisle 04,chilled
Pure Rose Infused Mutton Chops 1L,Himalayan Foods,MEAT-000623,890100786675,Meat & Seafood,26,kg,603.97,784.56,2026-08-30,Aisle 05,chilled
Crisp Diet Mixture Namkeen 1kg,Pashmina Plantations,SNAC-000624,890100786676,Snacks & Confectionery,56,bar,23.84,37.99,2027-04-26,Aisle 09,ambient
Desi Double Toned Milk 2kg,Ganga Organics,DAIR-000625,890100786677,Dairy & Eggs,14,packet,498.10,800.59,2026-09-05,Aisle 03,chilled
Gourmet Matcha Green Tea Rusk Toast 6-Pack,Everest Harvest,BAKE-000626,890100786678,Bakery & Deli,96,pack,194.94,314.55,2026-09-09,Aisle 04,chilled
Handcrafted Pista Almond Kokum Sharbat Family Pack,Everest Mills,BEVE-000627,890100786679,Beverages,165,carton,249.62,348.14,2027-01-11,Aisle 06,ambient
Zero-Sugar Bagel Plain 4pk 200ml,Pashmina Dairy,BAKE-000628,890100786680,Bakery & Deli,192,pcs,32.90,45.03,2026-08-26,Aisle 03,ambient
Rustic Smoked Paprika Pineapples 750ml,Organic Tattva Springs,FRES-000629,890100786681,Fresh Produce,100,kg,31.44,53.40,2026-08-30,Aisle 01,ambient
Whole-Grain Sweet Tamarind Roasted Makhana Foxnuts 1kg,SunBrite Provisions,SNAC-000630,890100786682,Snacks & Confectionery,115,tub,228.42,363.29,2027-05-07,Aisle 10,ambient
Whole-Grain Makhana Crunch Smoked Chicken Slices 300g,Patanjali Mills,BAKE-000631,890100786683,Bakery & Deli,114,pack,213.94,363.28,2026-09-09,Aisle 03,chilled
Cold-Pressed Nimbu Paani Soda Value Pack,Patanjali Goods,BEVE-000632,890100786684,Beverages,187,pack,250.10,443.09,2027-05-15,Aisle 06,ambient
Zero-Sugar Roasted Salted Cashews 2kg,Tata Naturals,SNAC-000633,890100786685,Snacks & Confectionery,234,bar,457.81,586.65,2027-04-01,Aisle 09,ambient
Sweet Guava Chilli Juice 500g,Patanjali Plantations,BEVE-000634,890100786686,Beverages,179,can,267.58,455.88,2027-04-17,Aisle 06,ambient
Whole-Grain Roasted Salted Cashews Snack Pack,Bhoomi Botanicals,SNAC-000635,890100786687,Snacks & Confectionery,36,bar,510.03,875.34,2027-06-16,Aisle 10,ambient
Wildcrafted Makhana Crunch Butter Murukku 2-Pack,Dabur Mills,SNAC-000636,890100786688,Snacks & Confectionery,189,bar,120.22,201.25,2026-12-22,Aisle 09,ambient
Low-Sodium Iced Lemon Tea Snack Pack,Saffola Harvest,BEVE-000637,890100786689,Beverages,80,bag,182.78,296.34,2027-07-19,Aisle 06,chilled
Farm-Fresh Mutton Curry Cut 10-Pack,Saffola Organics,MEAT-000638,890100786690,Meat & Seafood,4,pack,172.54,318.01,2026-09-01,Aisle 04,chilled
Cold-Pressed Mint Lime Guava Chilli Juice 4-Pack,Urban Roots Milling,BEVE-000639,890100786691,Beverages,201,bottle,206.02,279.49,2027-05-03,Aisle 06,ambient
Smoked Nagpur Orange Papayas 500g,Mother Dairy Organics,FRES-000640,890100786692,Fresh Produce,112,bag,61.44,98.70,2026-09-16,Aisle 01,chilled
Desi Coconut Cream Coriander Leaves 400g,Catch Co.,FRES-000641,890100786693,Fresh Produce,5,bag,54.93,93.70,2026-09-07,Aisle 01,ambient
Select Caramelized Onion Veg Burger Patties 750ml,Mother Dairy Dairy,FROZ-000642,890100786694,Frozen Foods,163,bag,324.10,592.03,2026-12-29,Aisle 09,frozen
Valley Fresh Toasted Sesame Ciabatta Roll Family Pack,Everest Plantations,BAKE-000643,890100786695,Bakery & Deli,15,pack,121.23,155.95,2026-09-04,Aisle 04,ambient
Homestyle Biodegradable Garbage Bags 5L,Nature Harvest Organics,HOUS-000644,890100786696,Household & Personal Care,191,box,358.13,464.93,2027-05-10,Aisle 11,ambient
Sweet Stainless Steel Scrubber 3pk 100g,Everest Agro,HOUS-000645,890100786697,Household & Personal Care,123,pack,396.29,731.86,2028-09-19,Aisle 11,ambient
Cold-Pressed Biodegradable Garbage Bags 24-Pack,Organic Tattva Farms,HOUS-000646,890100786698,Household & Personal Care,45,tube,289.38,453.33,2028-03-30,Aisle 12,ambient
Sweet Jeera Masala Soda 1.5L,Saffola Plantations,BEVE-000647,890100786699,Beverages,81,pack,42.87,68.50,2027-03-12,Aisle 05,ambient
Wildcrafted Badam Milk Drink 100g,Nilgiri Springs,BEVE-000648,890100786700,Beverages,34,can,299.53,396.42,2027-04-03,Aisle 05,chilled
Artisan Pink Himalayan Salt Value Pack,Deccan Agro,PANT-000649,890100786701,Pantry & Dry Goods,154,can,640.38,879.68,2027-07-26,Aisle 08,ambient
Aged Sea Salt Aloo Tikki 8-Pack 2L,Mother Dairy Kitchens,FROZ-000650,890100786702,Frozen Foods,222,tub,316.84,503.52,2027-03-04,Aisle 08,frozen
Sweet Ajwain & Jeera Whole Wheat Atta Bread 200ml,Green Earth Co.,BAKE-000651,890100786703,Bakery & Deli,115,pcs,299.06,470.07,2026-08-30,Aisle 03,ambient
Valley Fresh Lemon Pepper Bottle Gourd (Lauki) 250g,Himalayan Harvest,FRES-000652,890100786704,Fresh Produce,100,pcs,91.87,121.06,2026-09-03,Aisle 02,chilled
Valley Fresh Edamame Pods 250g,Bhoomi Kitchens,FROZ-000653,890100786705,Frozen Foods,86,box,276.71,405.80,2027-02-15,Aisle 08,frozen
Cured Chatpata Masala Paneer Block Value Pack,Everest Provisions,DAIR-000654,890100786706,Dairy & Eggs,82,pack,264.47,362.60,2026-09-16,Aisle 02,chilled
Unpolished Chana Dal Polished 330ml,Himalayan Organics,PANT-000655,890100786707,Pantry & Dry Goods,26,bottle,149.34,245.28,2027-08-17,Aisle 06,ambient
Crisp Pista Almond Frozen Veg Momos 250ml,Fortune Co.,FROZ-000656,890100786708,Frozen Foods,165,packet,82.71,134.36,2026-08-29,Aisle 09,frozen
Organic Makhana Crunch Mosquito Vaporizer Refill 250g,Pure Vedic Mills,HOUS-000657,890100786709,Household & Personal Care,195,box,342.89,539.96,2027-04-02,Aisle 12,ambient
Gluten-Free Rose Infused Roma Tomatoes 5L,Everest Goods,FRES-000658,890100786710,Fresh Produce,130,kg,154.36,282.01,2026-08-29,Aisle 01,chilled
Spiced Masala Chai Alphonso Kulfi Tub 100g,Royal Indian Plantations,FROZ-000659,890100786711,Frozen Foods,161,packet,234.15,323.64,2027-08-27,Aisle 09,frozen
Handcrafted Organic Rolled Oats Value Pack,Mother Dairy Kitchens,PANT-000660,890100786712,Pantry & Dry Goods,102,packet,451.44,587.78,2026-12-30,Aisle 08,ambient
Gluten-Free Garlic & Herb Fish Fingers Frozen 8-Pack,Desi Organics Farms,FROZ-000661,890100786713,Frozen Foods,105,packet,134.93,195.23,2027-03-26,Aisle 08,frozen
Golden Pista Almond Frozen Green Peas 1kg,Patanjali Farms,FROZ-000662,890100786714,Frozen Foods,130,tub,324.40,434.84,2027-08-10,Aisle 09,frozen
Gourmet Gulab Jamun Tin 400g,Saffola Foods,SNAC-000663,890100786715,Snacks & Confectionery,18,bar,386.94,575.48,2027-05-04,Aisle 09,ambient
Royal Coconut Cream Goat Mince Premium 300g,Mother Dairy Milling,MEAT-000664,890100786716,Meat & Seafood,13,pack,383.83,695.48,2026-08-31,Aisle 05,chilled
Valley Fresh Fabric Softener Floral 6-Pack,Ganga Co.,HOUS-000665,890100786717,Household & Personal Care,208,box,397.55,724.29,2029-05-23,Aisle 11,ambient
Handcrafted Mosquito Vaporizer Refill 500ml,SunBrite Dairy,HOUS-000666,890100786718,Household & Personal Care,188,bottle,593.30,1030.06,2028-12-01,Aisle 12,ambient
Select Basa Fish Fillets 750ml,SunBrite Dairy,MEAT-000667,890100786719,Meat & Seafood,161,pcs,865.30,1108.49,2026-08-30,Aisle 05,chilled
Wildcrafted Golden Ginger Smoked Chicken Slices 5L,Fortune Agro,BAKE-000668,890100786720,Bakery & Deli,217,pack,177.36,309.22,2026-08-28,Aisle 04,ambient
Traditional Coconut Milk Canned 200ml,SunBrite Naturals,PANT-000669,890100786721,Pantry & Dry Goods,138,bag,557.91,809.35,2028-05-29,Aisle 07,ambient
Raw Masala Chai Pita Bread 4-Pack,SunBrite Foods,BAKE-000670,890100786722,Bakery & Deli,147,pcs,88.67,160.54,2026-09-08,Aisle 04,ambient
Extra-Virgin Buffalo Milk Family Pack,Catch Milling,DAIR-000671,890100786723,Dairy & Eggs,137,box,497.61,675.88,2026-09-13,Aisle 02,chilled
Artisan Smoked Paprika Bamboo Toothbrush 2pk 5kg,Nature Harvest Naturals,HOUS-000672,890100786724,Household & Personal Care,55,bottle,390.81,598.72,2028-03-21,Aisle 12,ambient
Gluten-Free Matcha Green Tea Curd Tub (Dahi) 750g,Pure Vedic Provisions,DAIR-000673,890100786725,Dairy & Eggs,10,pack,124.71,204.63,2026-09-11,Aisle 02,chilled
Extra-Virgin Kachi Ghani Mustard Fruit Cake Slice 300g,Bhoomi Plantations,BAKE-000674,890100786726,Bakery & Deli,38,pcs,209.53,328.43,2026-09-01,Aisle 03,chilled
Authentic Rose Infused Feta Cheese 1.5L,Kaveri Springs,DAIR-000675,890100786727,Dairy & Eggs,170,carton,111.95,163.11,2026-09-09,Aisle 03,chilled
Extra-Virgin Roasted Makhana Foxnuts 10-Pack,Urban Roots Botanicals,SNAC-000676,890100786728,Snacks & Confectionery,108,bar,112.90,208.01,2027-02-21,Aisle 10,ambient
Heritage Jalapeno Lime Chamomile Herbal Tea 1L,Organic Tattva Kitchens,BEVE-000677,890100786729,Beverages,232,pack,67.01,88.67,2027-05-06,Aisle 06,chilled
Country Style Frozen Veg Momos 1L,Saffola Goods,FROZ-000678,890100786730,Frozen Foods,138,pack,387.24,495.48,2027-08-24,Aisle 09,frozen
Select Sweet Tamarind Penne Rigate Pasta 200g,Everest Kitchens,PANT-000679,890100786731,Pantry & Dry Goods,147,bag,76.18,125.44,2028-01-28,Aisle 07,ambient
Homestyle Frozen Green Peas 200g,Satvik Kitchens,FROZ-000680,890100786732,Frozen Foods,216,tub,305.88,443.70,2027-01-23,Aisle 09,frozen
Cured Desi Cow Ghee 4-Pack,Bhoomi Organics,DAIR-000681,890100786733,Dairy & Eggs,163,carton,40.42,72.88,2026-09-19,Aisle 02,chilled
Grass-Fed Mint Lime Fruit Muffins 2-Pack,Pure Vedic Dairy,BAKE-000682,890100786734,Bakery & Deli,145,box,88.13,158.65,2026-08-31,Aisle 04,chilled
Farm-Fresh Pure Jaggery Powder (Gud) 200g,Deccan Botanicals,PANT-000683,890100786735,Pantry & Dry Goods,154,jar,389.49,489.78,2028-02-22,Aisle 08,ambient
Aged Pista Almond Herbal Hand Wash Neem 8-Pack,Saffola Organics,HOUS-000684,890100786736,Household & Personal Care,68,bottle,456.30,651.26,2028-01-27,Aisle 11,ambient
Aged Tulsi Honey Frozen Green Peas 300g,Satvik Harvest,FROZ-000685,890100786737,Frozen Foods,250,tub,132.10,220.74,2027-08-24,Aisle 09,frozen
Smoked Vanilla Bean Pure Jaggery Powder (Gud) 12-Pack,FarmGold Springs,PANT-000686,890100786738,Pantry & Dry Goods,171,box,272.68,472.53,2026-08-30,Aisle 08,ambient
Signature Dark Chocolate Cow Milk 200g,Royal Indian Springs,DAIR-000687,890100786739,Dairy & Eggs,240,packet,225.99,357.41,2026-09-18,Aisle 02,chilled
Organic Pomfret Whole 10kg,Organic Tattva Springs,MEAT-000688,890100786740,Meat & Seafood,78,kg,225.20,347.57,2026-09-01,Aisle 05,chilled
Desi Pista Almond Fabric Softener Floral 400g,Organic Tattva Botanicals,HOUS-000689,890100786741,Household & Personal Care,169,pack,221.62,372.72,2027-06-29,Aisle 12,ambient
Raw Ciabatta Roll 330ml,Ganga Dairy,BAKE-000690,890100786742,Bakery & Deli,144,box,122.88,211.15,2026-08-31,Aisle 04,ambient
Cold-Pressed Vanilla Bean Garlic Naan Frozen 4pk 200g,Tata Harvest,FROZ-000691,890100786743,Frozen Foods,87,tub,162.75,253.15,2027-03-12,Aisle 08,frozen
Grass-Fed Kachi Ghani Mustard Mutton Chops 5kg,Vedic Fresh Springs,MEAT-000692,890100786744,Meat & Seafood,126,pack,236.56,371.95,2026-09-02,Aisle 05,chilled
Organic Golden Ginger Liquid Laundry Detergent 250g,Tata Dairy,HOUS-000693,890100786745,Household & Personal Care,23,pack,105.08,183.41,2027-05-04,Aisle 11,ambient
Raw Mustard Oil Kachi Ghani 8-Pack,Dabur Plantations,PANT-000694,890100786746,Pantry & Dry Goods,63,bottle,94.87,121.94,2027-12-05,Aisle 08,ambient
Pure Golden Ginger Garlic Naan Frozen 4pk 100g,Patanjali Kitchens,FROZ-000695,890100786747,Frozen Foods,185,box,186.74,252.62,2026-08-28,Aisle 09,frozen
Unpolished Cardamom Spiced Kabuli Chana Large Snack Pack,Kaveri Agro,PANT-000696,890100786748,Pantry & Dry Goods,114,can,177.54,268.11,2027-09-29,Aisle 07,ambient
Plant-Based Mosquito Vaporizer Refill 500g,Desi Organics Harvest,HOUS-000697,890100786749,Household & Personal Care,26,packet,91.85,142.70,2026-08-26,Aisle 11,ambient
Organic Cardamom Spiced Cashew Paste Curry Base 250ml,Dabur Mills,PANT-000698,890100786750,Pantry & Dry Goods,116,box,43.74,60.96,2027-06-29,Aisle 07,ambient
Raw Cinnamon Spice Cucumbers Family Pack,Royal Indian Plantations,FRES-000699,890100786751,Fresh Produce,115,kg,34.90,48.80,2026-09-05,Aisle 02,ambient
Gourmet Veg Spring Rolls 6-Pack,Himalayan Kitchens,FROZ-000700,890100786752,Frozen Foods,183,packet,393.02,569.20,2027-04-10,Aisle 09,frozen
Grass-Fed Cow Milk Snack Pack,Urban Roots Co.,DAIR-000701,890100786753,Dairy & Eggs,10,pack,413.81,627.03,2026-09-24,Aisle 02,chilled
Handcrafted Garlic & Herb Pita Bread 750g,Patanjali Dairy,BAKE-000702,890100786754,Bakery & Deli,76,box,229.12,307.74,2026-08-29,Aisle 04,chilled
Gourmet Lemon Pepper Squid Rings Cleaned 24-Pack,Dabur Naturals,MEAT-000703,890100786755,Meat & Seafood,11,kg,322.48,419.20,2026-09-02,Aisle 05,chilled
Wildcrafted Rawa Sooji 500ml,Deccan Goods,PANT-000704,890100786756,Pantry & Dry Goods,21,bottle,261.68,397.08,2028-04-28,Aisle 07,ambient
Pure Mint Lime Catla Fish Steaks 5kg,SunBrite Botanicals,MEAT-000705,890100786757,Meat & Seafood,39,pack,458.82,844.04,2026-09-03,Aisle 05,chilled
Aged Mozzarella Shredded Family Pack,SunBrite Foods,DAIR-000706,890100786758,Dairy & Eggs,101,pack,123.69,157.73,2026-09-02,Aisle 02,chilled
Premium Fresh Chicken Curry Cut 12-Pack,Nature Harvest Agro,MEAT-000707,890100786759,Meat & Seafood,25,pcs,352.10,514.42,2026-08-31,Aisle 05,chilled
Country Style Brioche Burger Buns 750g,Tata Goods,BAKE-000708,890100786760,Bakery & Deli,58,pcs,153.83,257.82,2026-08-28,Aisle 03,ambient
Whole-Grain Nagpur Orange Shampoo Anti-Dandruff 300g,FarmGold Farms,HOUS-000709,890100786761,Household & Personal Care,189,bottle,71.56,90.12,2027-08-20,Aisle 12,ambient
Zero-Sugar Alphonso Kulfi Tub 10-Pack,Saffola Kitchens,FROZ-000710,890100786762,Frozen Foods,163,bag,260.66,468.36,2027-05-15,Aisle 09,frozen
Gourmet Kashmiri Saffron Atlantic Salmon Fillet 12-Pack,Everest Organics,MEAT-000711,890100786763,Meat & Seafood,131,kg,639.31,1039.73,2026-09-01,Aisle 05,chilled
Royal Rose Infused Granola Health Bars 500ml,Saffola Mills,SNAC-000712,890100786764,Snacks & Confectionery,219,box,317.02,565.17,2026-11-08,Aisle 10,ambient
Gluten-Free Roasted Salted Cashews 8-Pack,Desi Organics Goods,SNAC-000713,890100786765,Snacks & Confectionery,41,box,396.27,585.91,2027-03-14,Aisle 10,ambient
Select Lemon Pepper Bath Tissue 6-Pack Value Pack,Ganga Plantations,HOUS-000714,890100786766,Household & Personal Care,210,packet,469.89,697.78,2028-02-23,Aisle 11,ambient
Wildcrafted Alphonso Mango Urad Dal Whole 5kg,Royal Indian Provisions,PANT-000715,890100786767,Pantry & Dry Goods,21,bottle,474.64,636.18,2027-12-20,Aisle 07,ambient
Select Bath Tissue 6-Pack 8-Pack,Pashmina Harvest,HOUS-000716,890100786768,Household & Personal Care,182,bottle,408.54,604.83,2027-03-10,Aisle 11,ambient
Low-Sodium Kachi Ghani Mustard Multigrain Tortillas 250g,Bhoomi Mills,BAKE-000717,890100786769,Bakery & Deli,59,pack,105.97,148.78,2026-09-10,Aisle 03,ambient
Rustic Pita Bread 5L,FarmGold Organics,BAKE-000718,890100786770,Bakery & Deli,202,pack,268.53,385.34,2026-08-30,Aisle 03,ambient
Rustic Cheese Croissant 2-Pack,Ganga Foods,BAKE-000719,890100786771,Bakery & Deli,29,pack,98.98,170.82,2026-09-09,Aisle 04,chilled
Pure Sea Salt Veg Spring Rolls 200g,Desi Organics Harvest,FROZ-000720,890100786772,Frozen Foods,122,tub,86.90,123.90,2026-12-24,Aisle 08,frozen
Heritage Kesar Pista Penne Rigate Pasta 750ml,FarmGold Agro,PANT-000721,890100786773,Pantry & Dry Goods,6,can,264.86,444.53,2028-02-22,Aisle 07,ambient
Gourmet Coconut Cream Multigrain Tortillas 750ml,Urban Roots Harvest,BAKE-000722,890100786774,Bakery & Deli,184,box,96.73,137.93,2026-09-04,Aisle 03,chilled
Stone-Ground Garlic & Herb Carrots 500g,Nature Harvest Farms,FRES-000723,890100786775,Fresh Produce,113,bunch,29.22,38.81,2026-09-14,Aisle 01,ambient
Natural Filter Coffee Beans 2kg,Nilgiri Plantations,BEVE-000724,890100786776,Beverages,191,pack,206.74,382.44,2027-08-20,Aisle 06,chilled
Golden Cream Cheese 500g,Heritage Foods,DAIR-000725,890100786777,Dairy & Eggs,58,packet,453.48,636.59,2026-09-11,Aisle 03,chilled
Handcrafted Pink Himalayan Salt 1.5L,Bhoomi Harvest,PANT-000726,890100786778,Pantry & Dry Goods,216,jar,746.28,1359.11,2028-04-24,Aisle 06,ambient
Royal Organic Rolled Oats 250ml,Saffola Foods,PANT-000727,890100786779,Pantry & Dry Goods,243,jar,218.88,371.71,2027-08-19,Aisle 06,ambient
Golden Kesar Pista Malai Kulfi Bar 10kg,FarmGold Springs,FROZ-000728,890100786780,Frozen Foods,32,pack,62.64,109.15,2027-04-25,Aisle 09,frozen
Wildcrafted Mint Lime Kokum Sharbat 5L,Pashmina Harvest,BEVE-000729,890100786781,Beverages,204,carton,148.39,230.08,2027-07-04,Aisle 05,ambient
Select Broccoli Crowns 400g,Kaveri Dairy,FRES-000730,890100786782,Fresh Produce,137,pack,70.98,124.84,2026-08-30,Aisle 02,chilled
Premium Cinnamon Spice Mustard Oil Kachi Ghani 8-Pack,Nature Harvest Agro,PANT-000731,890100786783,Pantry & Dry Goods,250,jar,708.71,1030.91,2026-12-06,Aisle 08,ambient
Cured Coconut Cream Cucumbers 500g,Pashmina Co.,FRES-000732,890100786784,Fresh Produce,197,pack,30.07,37.91,2026-09-08,Aisle 02,chilled
Whole-Grain Fresh Rohu Fish 4-Pack,Urban Roots Springs,MEAT-000733,890100786785,Meat & Seafood,195,pack,765.68,1281.73,2026-08-29,Aisle 05,chilled
Artisan Sweet Tamarind Brownie Bites 2kg,Saffola Mills,BAKE-000734,890100786786,Bakery & Deli,201,pack,210.20,384.68,2026-09-06,Aisle 03,chilled
Natural Kesar Pista Royal Basmati Rice 330ml,Everest Goods,PANT-000735,890100786787,Pantry & Dry Goods,106,packet,124.75,191.68,2028-06-21,Aisle 07,ambient
Sweet Green Peas Fresh 500g,Dabur Farms,FRES-000736,890100786788,Fresh Produce,171,pcs,55.65,101.76,2026-09-06,Aisle 02,chilled
Low-Sodium Kesar Pista Fruit Cake Slice 300g,Mother Dairy Agro,BAKE-000737,890100786789,Bakery & Deli,186,pack,56.97,82.13,2026-09-09,Aisle 03,chilled
Premium Double Toned Milk 250g,Patanjali Harvest,DAIR-000738,890100786790,Dairy & Eggs,19,packet,246.95,314.78,2026-09-19,Aisle 03,chilled
Zero-Sugar Caramelized Onion Garlic Naan Frozen 4pk 300g,Himalayan Harvest,FROZ-000739,890100786791,Frozen Foods,185,box,153.39,279.78,2027-08-18,Aisle 09,frozen
Low-Sodium Surmai Steaks 12-Pack,Himalayan Co.,MEAT-000740,890100786792,Meat & Seafood,59,pack,217.38,377.58,2026-09-01,Aisle 05,chilled
Homestyle Sweet Tamarind Salted Butter 150ml,Tata Naturals,DAIR-000741,890100786793,Dairy & Eggs,221,bottle,461.99,717.98,2026-09-24,Aisle 03,chilled
Desi Pav 6-Pack 500g,Everest Springs,BAKE-000742,890100786794,Bakery & Deli,135,pcs,223.90,389.23,2026-08-29,Aisle 04,chilled
Signature Greek Yogurt 500ml,Catch Provisions,DAIR-000743,890100786795,Dairy & Eggs,107,bottle,54.33,84.82,2026-09-21,Aisle 03,chilled
Country Style Toasted Sesame Coconut Milk Canned 5kg,Desi Organics Springs,PANT-000744,890100786796,Pantry & Dry Goods,31,can,717.85,965.94,2028-06-13,Aisle 07,ambient
Raw Kachi Ghani Mustard Mishri Mawa 2L,Deccan Mills,DAIR-000745,890100786797,Dairy & Eggs,28,box,37.12,55.63,2026-09-17,Aisle 03,chilled
Rustic Chamomile Herbal Tea 12-Pack,Amul Provisions,BEVE-000746,890100786798,Beverages,76,pack,151.97,214.35,2026-09-27,Aisle 05,ambient
Plant-Based Cinnamon Spice Sona Masoori Rice 500g,Mother Dairy Agro,PANT-000747,890100786799,Pantry & Dry Goods,42,bottle,689.24,1272.77,2027-02-04,Aisle 07,ambient
Premium Makhana Crunch Ginger Root Value Pack,Desi Organics Co.,FRES-000748,890100786800,Fresh Produce,205,bunch,151.22,262.08,2026-09-05,Aisle 01,chilled
Free-Range Lemon Pepper Bamboo Toothbrush 2pk Snack Pack,Nature Harvest Plantations,HOUS-000749,890100786801,Household & Personal Care,209,packet,185.27,308.96,2027-06-25,Aisle 11,ambient
Aged Masala Chai Biodegradable Garbage Bags 250ml,Deccan Dairy,HOUS-000750,890100786802,Household & Personal Care,4,box,35.43,47.70,2028-04-17,Aisle 11,ambient
Gluten-Free Wood-Fired Veggie Pizza 500g,Nilgiri Farms,FROZ-000751,890100786803,Frozen Foods,204,tub,407.77,723.66,2027-04-27,Aisle 09,frozen
Premium Paneer Paratha Frozen 12-Pack,Vedic Fresh Goods,FROZ-000752,890100786804,Frozen Foods,157,bag,206.50,360.51,2027-04-27,Aisle 08,frozen
Natural Almond Milk Family Pack,Himalayan Foods,DAIR-000753,890100786805,Dairy & Eggs,202,box,185.99,296.70,2026-08-31,Aisle 02,chilled
Homestyle Caramelized Onion Butter Murukku 10kg,Urban Roots Farms,SNAC-000754,890100786806,Snacks & Confectionery,210,pack,177.99,263.04,2027-01-31,Aisle 09,ambient
Golden Ayurvedic Bath Soap 400g,Saffola Organics,HOUS-000755,890100786807,Household & Personal Care,232,pack,412.83,731.54,2027-08-06,Aisle 11,ambient
Natural Kachi Ghani Mustard Fresh Methi 200ml,Urban Roots Co.,FRES-000756,890100786808,Fresh Produce,14,bunch,149.19,227.24,2026-09-17,Aisle 02,chilled
Extra-Virgin Lavash Crackers 1kg,Patanjali Milling,BAKE-000757,890100786809,Bakery & Deli,137,pack,193.73,294.08,2026-09-04,Aisle 04,ambient
Plant-Based Coconut Cream Double Toned Milk 200g,Pure Vedic Milling,DAIR-000758,890100786810,Dairy & Eggs,212,bottle,380.08,608.35,2026-09-04,Aisle 03,chilled
Royal Organic Rolled Oats 500ml,Desi Organics Co.,PANT-000759,890100786811,Pantry & Dry Goods,235,bag,450.62,607.48,2028-02-20,Aisle 07,ambient
Plant-Based Sea Salt Lavash Crackers 330ml,Pure Vedic Farms,BAKE-000760,890100786812,Bakery & Deli,226,pack,267.11,405.50,2026-09-09,Aisle 04,chilled
Stone-Ground Nagpur Orange Filter Coffee Beans 1.5L,Nilgiri Mills,BEVE-000761,890100786813,Beverages,124,can,81.23,107.11,2027-07-25,Aisle 06,ambient
Unpolished Apple Cider Vinegar Drink 1kg,Desi Organics Goods,BEVE-000762,890100786814,Beverages,144,carton,230.61,418.67,2027-08-14,Aisle 05,ambient
Handcrafted Filter Coffee Beans 150ml,Organic Tattva Goods,BEVE-000763,890100786815,Beverages,11,box,35.42,63.63,2026-09-11,Aisle 05,chilled
Cold-Pressed Banana Chips Kerala Style 330ml,Saffola Springs,SNAC-000764,890100786816,Snacks & Confectionery,14,packet,501.64,905.42,2026-10-18,Aisle 10,ambient
Golden Basa Fish Fillets 750ml,Heritage Co.,MEAT-000765,890100786817,Meat & Seafood,119,pack,812.00,1253.74,2026-08-31,Aisle 04,chilled
Roasted Cinnamon Spice Fresh Chicken Curry Cut 500g,Urban Roots Foods,MEAT-000766,890100786818,Meat & Seafood,6,pcs,355.73,626.55,2026-09-02,Aisle 05,chilled
Smoked Fresh Rohu Fish 200ml,Mother Dairy Botanicals,MEAT-000767,890100786819,Meat & Seafood,64,pack,644.27,847.87,2026-09-02,Aisle 04,chilled
Low-Sodium California Almonds Snack Pack,Patanjali Organics,SNAC-000768,890100786820,Snacks & Confectionery,10,pack,108.05,152.01,2027-06-21,Aisle 10,ambient
Raw Spicy Peanut Chikki 2L,Kaveri Provisions,SNAC-000769,890100786821,Snacks & Confectionery,236,tub,61.51,88.80,2027-04-04,Aisle 09,ambient
Sun-Dried Cardamom Spiced Pav 6-Pack 200ml,Nilgiri Organics,BAKE-000770,890100786822,Bakery & Deli,150,box,273.26,467.74,2026-09-01,Aisle 04,chilled
Signature Lemons 2kg,FarmGold Organics,FRES-000771,890100786823,Fresh Produce,153,pcs,33.00,53.61,2026-09-07,Aisle 02,chilled
Rustic Jalapeno Lime 70% Dark Chocolate Bar 200ml,Desi Organics Harvest,SNAC-000772,890100786824,Snacks & Confectionery,24,pack,298.72,539.46,2026-11-11,Aisle 10,ambient
Natural Sea Salt Kabuli Chana Large 5L,Catch Plantations,PANT-000773,890100786825,Pantry & Dry Goods,123,packet,707.28,972.52,2027-06-11,Aisle 06,ambient
Farm-Fresh Sourdough Loaf Snack Pack,Desi Organics Farms,BAKE-000774,890100786826,Bakery & Deli,61,box,89.60,143.21,2026-09-01,Aisle 03,chilled
Valley Fresh Ajwain & Jeera Sourdough Loaf 24-Pack,Desi Organics Organics,BAKE-000775,890100786827,Bakery & Deli,247,box,305.81,543.30,2026-09-04,Aisle 04,ambient
Golden Lentils Red Masoor 150ml,Kaveri Co.,PANT-000776,890100786828,Pantry & Dry Goods,172,bottle,172.08,264.39,2027-06-29,Aisle 08,ambient
Wildcrafted Fresh Rohu Fish 6-Pack,Green Earth Agro,MEAT-000777,890100786829,Meat & Seafood,141,kg,631.88,1058.21,2026-09-01,Aisle 04,chilled
Rustic Organic Brown Sugar 50g,Deccan Springs,PANT-000778,890100786830,Pantry & Dry Goods,7,bottle,283.76,445.21,2027-02-24,Aisle 07,ambient
Natural Vanilla Bean Lentils Red Masoor 150ml,Catch Foods,PANT-000779,890100786831,Pantry & Dry Goods,149,jar,565.70,806.71,2028-06-09,Aisle 08,ambient
Royal Nagpur Orange Atlantic Salmon Fillet 2L,Himalayan Co.,MEAT-000780,890100786832,Meat & Seafood,11,pcs,879.76,1196.09,2026-09-02,Aisle 04,chilled
Cold-Pressed Coconut Cream Chana Dal Polished Snack Pack,Desi Organics Kitchens,PANT-000781,890100786833,Pantry & Dry Goods,132,jar,698.25,1132.21,2027-02-27,Aisle 06,ambient
Signature Veg Burger Patties 2-Pack,Fortune Co.,FROZ-000782,890100786834,Frozen Foods,120,bag,346.09,520.76,2027-05-16,Aisle 09,frozen
Artisan Biodegradable Garbage Bags 250g,Green Earth Naturals,HOUS-000783,890100786835,Household & Personal Care,166,bottle,189.81,280.85,2026-08-15,Aisle 11,ambient
Heritage Kashmiri Saffron Garlic Bulbs Snack Pack,Urban Roots Mills,FRES-000784,890100786836,Fresh Produce,241,pcs,45.97,75.94,2026-08-29,Aisle 01,ambient
Select Ginger Kombucha 250g,Everest Botanicals,BEVE-000785,890100786837,Beverages,166,carton,72.84,100.11,2027-05-22,Aisle 06,chilled
Zero-Sugar Golden Ginger Roasted Makhana Foxnuts 200g,Dabur Dairy,SNAC-000786,890100786838,Snacks & Confectionery,62,bag,274.98,465.56,2027-05-11,Aisle 09,ambient
Natural Toasted Sesame Surface Floor Cleaner Rose 6-Pack,Satvik Botanicals,HOUS-000787,890100786839,Household & Personal Care,38,pack,124.47,163.49,2028-11-11,Aisle 12,ambient
Smoked Sea Salt Pure Jaggery Powder (Gud) 150ml,Desi Organics Springs,PANT-000788,890100786840,Pantry & Dry Goods,227,can,97.56,175.28,2026-12-30,Aisle 06,ambient
Extra-Virgin Fresh Methi Value Pack,Green Earth Milling,FRES-000789,890100786841,Fresh Produce,193,kg,128.30,190.07,2026-08-28,Aisle 01,ambient
Sun-Dried Pista Almond Multigrain Tortillas 6-Pack,Tata Milling,BAKE-000790,890100786842,Bakery & Deli,225,pcs,90.80,166.79,2026-09-02,Aisle 03,ambient
Authentic Vanilla Bean Unsalted White Butter 250g,Saffola Provisions,DAIR-000791,890100786843,Dairy & Eggs,108,packet,498.09,799.72,2026-08-27,Aisle 02,chilled
Free-Range Badam Milk Drink 330ml,Kaveri Goods,BEVE-000792,890100786844,Beverages,123,pack,324.69,545.70,2026-10-29,Aisle 05,ambient
Aged Chatpata Masala Goat Mince Premium 750ml,Himalayan Harvest,MEAT-000793,890100786845,Meat & Seafood,189,pcs,268.10,406.73,2026-09-01,Aisle 04,chilled
Crisp Red Chilli & Garlic Cream Cheese 330ml,Fortune Botanicals,DAIR-000794,890100786846,Dairy & Eggs,164,carton,342.05,441.62,2026-09-18,Aisle 02,chilled
Aged Organic Brown Sugar 500ml,Vedic Fresh Dairy,PANT-000795,890100786847,Pantry & Dry Goods,200,bottle,245.34,334.56,2028-06-10,Aisle 06,ambient
Wildcrafted Chatpata Masala Mutton Curry Cut 750g,Nilgiri Agro,MEAT-000796,890100786848,Meat & Seafood,99,pack,459.52,607.99,2026-08-29,Aisle 05,chilled
Plant-Based Crab Meat Fresh 750ml,Vedic Fresh Goods,MEAT-000797,890100786849,Meat & Seafood,107,pcs,462.70,710.33,2026-09-03,Aisle 05,chilled
Handcrafted Matcha Green Tea Extra Virgin Olive Oil 250g,Everest Plantations,PANT-000798,890100786850,Pantry & Dry Goods,126,box,500.84,696.23,2028-05-29,Aisle 06,ambient
Homestyle Toasted Sesame Royal Basmati Rice Family Pack,Catch Harvest,PANT-000799,890100786851,Pantry & Dry Goods,147,can,744.03,933.15,2027-11-05,Aisle 06,ambient
Crisp Filter Coffee Beans 6-Pack,Himalayan Provisions,BEVE-000800,890100786852,Beverages,119,box,245.08,397.42,2027-06-27,Aisle 05,chilled
Handcrafted Garlic & Herb Crab Meat Fresh 250ml,Vedic Fresh Botanicals,MEAT-000801,890100786853,Meat & Seafood,38,kg,882.30,1449.70,2026-08-22,Aisle 05,chilled
Artisan Chicken Frankfurters 400g,Satvik Botanicals,BAKE-000802,890100786854,Bakery & Deli,172,pack,188.86,275.40,2026-09-08,Aisle 03,chilled
Smoked Coconut Cream Almond Milk 10-Pack,Ganga Provisions,DAIR-000803,890100786855,Dairy & Eggs,62,pack,200.72,325.60,2026-08-31,Aisle 03,chilled
Gluten-Free Truffle Infused Pomfret Whole 350g,Dabur Plantations,MEAT-000804,890100786856,Meat & Seafood,141,pcs,159.22,199.09,2026-08-31,Aisle 04,chilled
Free-Range Ajwain & Jeera Strawberries 1.5L,Bhoomi Co.,FRES-000805,890100786857,Fresh Produce,208,bunch,58.21,93.48,2026-09-12,Aisle 02,chilled
Zero-Sugar Cinnamon Spice Ginger Root 100g,Deccan Naturals,FRES-000806,890100786858,Fresh Produce,143,pack,16.92,29.85,2026-09-09,Aisle 02,ambient
Free-Range Bamboo Toothbrush 2pk 200g,Fortune Goods,HOUS-000807,890100786859,Household & Personal Care,140,bottle,123.45,208.39,2026-08-24,Aisle 12,ambient
Golden Matcha Green Tea Surface Floor Cleaner Rose Snack Pack,Nature Harvest Farms,HOUS-000808,890100786860,Household & Personal Care,212,box,494.69,860.25,2027-03-27,Aisle 11,ambient
Unpolished Smoked Paprika Soan Papdi Box 200g,FarmGold Goods,SNAC-000809,890100786861,Snacks & Confectionery,217,bag,320.16,514.40,2027-02-23,Aisle 10,ambient
Raw Tulsi Honey Dry Fruits Trail Mix 350g,Pashmina Foods,SNAC-000810,890100786862,Snacks & Confectionery,126,packet,215.35,309.82,2027-01-26,Aisle 09,ambient
Whole-Grain Pita Bread 10kg,Himalayan Harvest,BAKE-000811,890100786863,Bakery & Deli,242,pcs,181.90,331.12,2026-08-30,Aisle 04,chilled
Royal Coconut Cream Surface Floor Cleaner Rose 200ml,Deccan Kitchens,HOUS-000812,890100786864,Household & Personal Care,33,pack,32.21,48.98,2026-08-20,Aisle 12,ambient
Sweet Garlic Naan Frozen 4pk 5L,Mother Dairy Mills,FROZ-000813,890100786865,Frozen Foods,74,bag,230.09,404.55,2027-03-30,Aisle 09,frozen
Country Style Sea Salt Frozen Green Peas 12-Pack,Himalayan Plantations,FROZ-000814,890100786866,Frozen Foods,20,bag,64.75,100.78,2026-08-30,Aisle 09,frozen
Signature Golden Ginger Chaash / Buttermilk 5kg,Nilgiri Springs,DAIR-000815,890100786867,Dairy & Eggs,145,carton,91.92,143.86,2026-09-18,Aisle 02,chilled
Wildcrafted Organic Rolled Oats 330ml,Royal Indian Harvest,PANT-000816,890100786868,Pantry & Dry Goods,209,bag,594.59,1052.56,2028-06-28,Aisle 08,ambient
Golden Toasted Sesame Fresh Chicken Curry Cut 350g,Ganga Farms,MEAT-000817,890100786869,Meat & Seafood,247,pcs,295.89,410.70,2026-08-31,Aisle 04,chilled
Premium Tender Coconut Water 5kg,Dabur Milling,BEVE-000818,890100786870,Beverages,195,carton,394.68,664.07,2027-07-19,Aisle 06,ambient
Cold-Pressed Surface Floor Cleaner Rose Value Pack,Nature Harvest Harvest,HOUS-000819,890100786871,Household & Personal Care,149,pack,316.88,521.54,2027-02-28,Aisle 11,ambient
Farm-Fresh Cardamom Spiced Rawa Sooji 150ml,Deccan Goods,PANT-000820,890100786872,Pantry & Dry Goods,34,packet,616.28,908.94,2028-01-11,Aisle 08,ambient
Premium Cardamom Spiced Banana Chips Kerala Style 400g,Vedic Fresh Provisions,SNAC-000821,890100786873,Snacks & Confectionery,169,packet,523.74,687.09,2027-04-30,Aisle 10,ambient
Handcrafted Jalapeno Lime Kokum Sharbat 10kg,Dabur Plantations,BEVE-000822,890100786874,Beverages,174,box,311.90,435.81,2027-08-03,Aisle 05,ambient
Stone-Ground Matcha Green Tea Whole Wheat Atta Bread 250ml,Nature Harvest Springs,BAKE-000823,890100786875,Bakery & Deli,235,pack,143.20,219.93,2026-09-07,Aisle 03,chilled
Country Style Avocados 1L,Pashmina Milling,FRES-000824,890100786876,Fresh Produce,194,bunch,141.78,205.22,2026-09-16,Aisle 02,ambient
Gluten-Free Alphonso Mango Organic Sharbati Atta 1.5L,Pashmina Dairy,PANT-000825,890100786877,Pantry & Dry Goods,98,packet,76.33,109.69,2027-07-21,Aisle 07,ambient
Artisan Pomegranates 6-Pack,Patanjali Milling,FRES-000826,890100786878,Fresh Produce,166,bag,76.11,112.29,2026-09-07,Aisle 02,chilled
Low-Sodium Lavash Crackers Snack Pack,Pashmina Foods,BAKE-000827,890100786879,Bakery & Deli,35,pack,27.59,47.71,2026-09-09,Aisle 03,chilled
Stone-Ground Atlantic Salmon Fillet 150g,Heritage Provisions,MEAT-000828,890100786880,Meat & Seafood,10,kg,626.03,1134.22,2026-08-27,Aisle 04,chilled
Spiced Dark Chocolate Chicken Salami 400g,Patanjali Springs,BAKE-000829,890100786881,Bakery & Deli,217,pcs,242.64,337.47,2026-09-10,Aisle 04,chilled
Valley Fresh Makhana Crunch Frozen Paneer Cubes 400g,FarmGold Co.,FROZ-000830,890100786882,Frozen Foods,72,tub,81.89,126.42,2026-11-25,Aisle 09,frozen
Cured Sourdough Loaf 2L,Amul Mills,BAKE-000831,890100786883,Bakery & Deli,222,pcs,101.77,157.86,2026-08-28,Aisle 03,chilled
Unpolished Masala Chai Soan Papdi Box 50g,Pashmina Foods,SNAC-000832,890100786884,Snacks & Confectionery,245,tub,349.10,629.85,2026-08-29,Aisle 09,ambient
Valley Fresh Cinnamon Spice Moong Dal Washed 6-Pack,Patanjali Co.,PANT-000833,890100786885,Pantry & Dry Goods,235,box,527.84,852.42,2027-01-22,Aisle 06,ambient
Signature Mint Lime Cold-Pressed Groundnut Oil Family Pack,Desi Organics Goods,PANT-000834,890100786886,Pantry & Dry Goods,99,jar,398.05,592.16,2027-03-04,Aisle 06,ambient
Crisp Masala Chai Tiger Prawns Jumbo 6-Pack,Kaveri Kitchens,MEAT-000835,890100786887,Meat & Seafood,90,kg,359.15,458.82,2026-08-31,Aisle 04,chilled
Free-Range Soan Papdi Box 2kg,Deccan Farms,SNAC-000836,890100786888,Snacks & Confectionery,123,box,381.22,623.91,2027-04-19,Aisle 09,ambient
Free-Range Veg Burger Patties Family Pack,Catch Harvest,FROZ-000837,890100786889,Frozen Foods,99,packet,223.54,334.65,2027-01-18,Aisle 08,frozen
Smoked Cardamom Spiced Rusk Toast 150ml,Everest Organics,BAKE-000838,890100786890,Bakery & Deli,232,pack,35.47,58.58,2026-08-28,Aisle 03,ambient
Roasted Golden Ginger Poha Thick Flakes 5kg,Heritage Foods,PANT-000839,890100786891,Pantry & Dry Goods,247,bottle,657.35,1207.33,2027-09-27,Aisle 07,ambient
Artisan Papayas Family Pack,Everest Naturals,FRES-000840,890100786892,Fresh Produce,40,kg,19.80,28.94,2026-09-13,Aisle 01,ambient
Country Style Lemon Pepper Parmigiano-Reggiano 300g,Royal Indian Foods,DAIR-000841,890100786893,Dairy & Eggs,228,packet,290.06,366.22,2026-09-09,Aisle 02,chilled
Smoked Pista Almond Diet Mixture Namkeen 5L,Mother Dairy Botanicals,SNAC-000842,890100786894,Snacks & Confectionery,199,tub,121.86,162.12,2027-04-23,Aisle 10,ambient
Desi Tandoori Smoked Mosquito Vaporizer Refill 1.5L,Pure Vedic Milling,HOUS-000843,890100786895,Household & Personal Care,117,packet,142.52,186.67,2029-01-27,Aisle 11,ambient
Extra-Virgin Tulsi Honey Frozen Veg Momos 500g,Deccan Plantations,FROZ-000844,890100786896,Frozen Foods,27,pack,255.72,415.33,2027-07-06,Aisle 08,frozen
Gluten-Free Kesar Pista Butter Croissants 24-Pack,Heritage Plantations,BAKE-000845,890100786897,Bakery & Deli,66,pcs,313.60,529.34,2026-09-01,Aisle 04,chilled
Raw Truffle Infused Mixed Berries Frozen 300g,Patanjali Organics,FROZ-000846,890100786898,Frozen Foods,35,packet,297.31,395.21,2027-04-19,Aisle 09,frozen
Golden Pista Almond Sourdough Loaf 12-Pack,Himalayan Mills,BAKE-000847,890100786899,Bakery & Deli,51,box,190.20,332.60,2026-09-09,Aisle 03,ambient
Pure Sea Salt Butter Croissants 2-Pack,Dabur Foods,BAKE-000848,890100786900,Bakery & Deli,90,box,207.22,268.52,2026-09-04,Aisle 03,chilled
Unpolished Dark Chocolate Diet Mixture Namkeen Snack Pack,Pashmina Springs,SNAC-000849,890100786901,Snacks & Confectionery,117,packet,265.58,389.42,2027-06-04,Aisle 10,ambient
Crisp Makhana Crunch Organic Rolled Oats 4-Pack,Royal Indian Botanicals,PANT-000850,890100786902,Pantry & Dry Goods,102,can,59.95,102.78,2027-04-19,Aisle 06,ambient
Valley Fresh Frozen Green Peas 150ml,Vedic Fresh Naturals,FROZ-000851,890100786903,Frozen Foods,56,box,290.40,454.95,2027-05-05,Aisle 08,frozen
Zero-Sugar Stainless Steel Scrubber 3pk 500ml,Ganga Organics,HOUS-000852,890100786904,Household & Personal Care,210,pack,243.72,429.61,2028-04-10,Aisle 11,ambient
Rustic Dark Chocolate Paneer Tikka Deli 2-Pack,Nature Harvest Springs,BAKE-000853,890100786905,Bakery & Deli,89,box,98.79,165.59,2026-09-05,Aisle 04,chilled
Farm-Fresh Badam Milk Drink 5kg,Saffola Goods,BEVE-000854,890100786906,Beverages,19,bottle,72.31,132.08,2027-01-02,Aisle 06,ambient
Extra-Virgin Smoked Paprika Frozen Green Peas 8-Pack,FarmGold Dairy,FROZ-000855,890100786907,Frozen Foods,201,box,97.02,168.47,2027-08-26,Aisle 08,frozen
Country Style Kulcha 4-Pack 8-Pack,Saffola Mills,BAKE-000856,890100786908,Bakery & Deli,225,pack,113.77,188.80,2026-08-19,Aisle 04,ambient
Golden Pure Jaggery Powder (Gud) Value Pack,Organic Tattva Farms,PANT-000857,890100786909,Pantry & Dry Goods,79,jar,479.11,658.80,2028-01-17,Aisle 07,ambient
Pure Roasted Salted Cashews 1kg,Vedic Fresh Foods,SNAC-000858,890100786910,Snacks & Confectionery,11,tub,516.39,911.11,2027-01-10,Aisle 09,ambient
Gluten-Free Kesar Pista Cashew Paste Curry Base 2kg,Tata Agro,PANT-000859,890100786911,Pantry & Dry Goods,60,bag,31.74,47.29,2026-08-28,Aisle 06,ambient
Cured Herbal Hand Wash Neem 400g,Catch Dairy,HOUS-000860,890100786912,Household & Personal Care,180,box,311.65,410.71,2028-04-20,Aisle 11,ambient
Raw Kachi Ghani Mustard Organic Sharbati Atta 1kg,Patanjali Co.,PANT-000861,890100786913,Pantry & Dry Goods,234,can,340.97,566.79,2026-12-15,Aisle 06,ambient
Desi Rose Infused Lemons 100g,Deccan Harvest,FRES-000862,890100786914,Fresh Produce,225,pack,29.22,44.65,2026-08-28,Aisle 01,ambient
Farm-Fresh Vanilla Bean Kulcha 4-Pack 500g,Patanjali Harvest,BAKE-000863,890100786915,Bakery & Deli,80,pack,112.61,168.70,2026-08-31,Aisle 03,chilled
Spiced Cold Pressed Orange Juice 1kg,Ganga Co.,BEVE-000864,890100786916,Beverages,146,bottle,63.61,111.37,2026-11-10,Aisle 05,chilled
Cold-Pressed Parmigiano-Reggiano 8-Pack,FarmGold Foods,DAIR-000865,890100786917,Dairy & Eggs,239,box,43.39,54.57,2026-09-07,Aisle 03,chilled
Golden Sparkling Mineral Water 5L,Deccan Mills,BEVE-000866,890100786918,Beverages,58,bag,94.78,132.97,2026-08-27,Aisle 06,ambient
Handcrafted Toasted Sesame Banana Chips Kerala Style 200g,Deccan Co.,SNAC-000867,890100786919,Snacks & Confectionery,191,bag,317.86,420.53,2027-01-19,Aisle 10,ambient
Authentic Bagel Plain 4pk 100g,Urban Roots Harvest,BAKE-000868,890100786920,Bakery & Deli,6,pcs,218.69,299.54,2026-09-05,Aisle 04,chilled
Premium Chicken Drumsticks 300g,Amul Harvest,MEAT-000869,890100786921,Meat & Seafood,114,pack,804.11,1267.44,2026-08-25,Aisle 04,chilled
Cured Frozen Paneer Cubes 10-Pack,Satvik Provisions,FROZ-000870,890100786922,Frozen Foods,65,bag,92.72,147.30,2026-11-21,Aisle 09,frozen
Premium Cardamom Spiced Organic Rolled Oats 10kg,Dabur Naturals,PANT-000871,890100786923,Pantry & Dry Goods,80,can,166.95,223.90,2026-12-23,Aisle 07,ambient
Heritage Dark Chocolate Ginger Kombucha 10kg,Pure Vedic Organics,BEVE-000872,890100786924,Beverages,181,box,390.55,526.31,2027-07-19,Aisle 05,chilled
Select Bamboo Toothbrush 2pk 300g,Himalayan Farms,HOUS-000873,890100786925,Household & Personal Care,80,packet,307.57,557.05,2027-11-28,Aisle 12,ambient
Organic Nimbu Paani Soda 400g,Fortune Co.,BEVE-000874,890100786926,Beverages,134,bag,162.09,289.13,2026-12-03,Aisle 06,ambient
Heritage Caramelized Onion Tonic Water Premium Snack Pack,SunBrite Dairy,BEVE-000875,890100786927,Beverages,226,bottle,378.69,495.09,2026-11-23,Aisle 05,ambient
Cured Surface Floor Cleaner Rose 750g,Tata Dairy,HOUS-000876,890100786928,Household & Personal Care,165,box,449.99,698.38,2028-01-01,Aisle 12,ambient
Sun-Dried Tandoori Smoked Fresh Rohu Fish Value Pack,Satvik Dairy,MEAT-000877,890100786929,Meat & Seafood,57,kg,577.52,772.12,2026-08-29,Aisle 04,chilled
Wildcrafted Chana Dal Polished 250g,Nilgiri Co.,PANT-000878,890100786930,Pantry & Dry Goods,223,packet,684.88,984.44,2026-12-31,Aisle 08,ambient
Raw Masala Chai Curd Tub (Dahi) 5L,Bhoomi Naturals,DAIR-000879,890100786931,Dairy & Eggs,174,tub,94.01,170.59,2026-09-19,Aisle 03,chilled
Handcrafted Smoked Paprika Alphonso Kulfi Tub 1L,Pure Vedic Mills,FROZ-000880,890100786932,Frozen Foods,129,tub,341.99,501.40,2027-04-28,Aisle 08,frozen
Zero-Sugar Granola Health Bars 8-Pack,Royal Indian Springs,SNAC-000881,890100786933,Snacks & Confectionery,8,bar,540.00,769.17,2026-12-19,Aisle 10,ambient
Wildcrafted Gulab Jamun Tin 350g,Pure Vedic Botanicals,SNAC-000882,890100786934,Snacks & Confectionery,190,pack,529.76,871.54,2027-01-05,Aisle 09,ambient
Handcrafted Chana Dal Polished 8-Pack,FarmGold Naturals,PANT-000883,890100786935,Pantry & Dry Goods,230,bag,618.94,1040.64,2027-02-20,Aisle 06,ambient
Country Style Matcha Green Tea Kaju Katli Sweet Box 100g,Satvik Springs,SNAC-000884,890100786936,Snacks & Confectionery,236,bag,119.50,171.79,2026-11-07,Aisle 09,ambient
Roasted Kashmiri Saffron Diet Mixture Namkeen 750g,Amul Goods,SNAC-000885,890100786937,Snacks & Confectionery,10,pack,444.43,791.48,2026-11-14,Aisle 10,ambient
Handcrafted Kesar Pista Whole Wheat Atta Bread 5kg,Desi Organics Goods,BAKE-000886,890100786938,Bakery & Deli,9,box,29.69,42.20,2026-08-31,Aisle 03,ambient
Zero-Sugar Jalapeno Lime Flavored Yogurt 500ml,Bhoomi Farms,DAIR-000887,890100786939,Dairy & Eggs,78,packet,481.76,664.37,2026-09-19,Aisle 03,chilled
Zero-Sugar Dark Chocolate Mutton Curry Cut 8-Pack,Amul Farms,MEAT-000888,890100786940,Meat & Seafood,236,pcs,931.52,1432.82,2026-09-01,Aisle 04,chilled
Country Style Sweet Tamarind Kitchen Paper Towels 4-Roll 8-Pack,Amul Naturals,HOUS-000889,890100786941,Household & Personal Care,194,bottle,397.18,709.11,2026-08-29,Aisle 12,ambient
Country Style Cheese Croissant 1kg,Deccan Kitchens,BAKE-000890,890100786942,Bakery & Deli,177,pcs,317.69,444.24,2026-08-30,Aisle 04,chilled
Unpolished Fabric Softener Floral 200ml,Everest Co.,HOUS-000891,890100786943,Household & Personal Care,27,pack,436.21,803.39,2029-04-28,Aisle 12,ambient
Sun-Dried Matcha Green Tea Filter Coffee Beans 8-Pack,Himalayan Milling,BEVE-000892,890100786944,Beverages,74,pack,355.36,521.47,2026-12-07,Aisle 06,chilled
Unpolished Golden Ginger Rawa Sooji 8-Pack,Amul Harvest,PANT-000893,890100786945,Pantry & Dry Goods,207,bag,274.99,465.17,2026-08-29,Aisle 06,ambient
Homestyle Nimbu Paani Soda 2L,Heritage Agro,BEVE-000894,890100786946,Beverages,39,can,27.48,38.12,2027-02-21,Aisle 05,ambient
Homestyle Tandoori Smoked Chicken Sausages 250g,Tata Plantations,MEAT-000895,890100786947,Meat & Seafood,26,pcs,833.68,1457.83,2026-09-02,Aisle 05,chilled
Zero-Sugar Lemon Pepper Chamomile Herbal Tea 100g,Fortune Farms,BEVE-000896,890100786948,Beverages,238,carton,379.90,689.54,2027-08-20,Aisle 06,chilled
Gluten-Free Tender Coconut Water 6-Pack,Pure Vedic Co.,BEVE-000897,890100786949,Beverages,138,can,163.20,267.69,2026-08-15,Aisle 06,ambient
Signature Fresh Mosambi Juice 2L,Urban Roots Farms,BEVE-000898,890100786950,Beverages,69,box,35.65,58.52,2027-06-18,Aisle 06,chilled
Farm-Fresh Cardamom Spiced Frozen Veg Momos Snack Pack,Desi Organics Organics,FROZ-000899,890100786951,Frozen Foods,114,bag,270.56,421.93,2027-02-24,Aisle 08,frozen
Premium Caramelized Onion Sweet Corn Kernels 100g,Pashmina Organics,FROZ-000900,890100786952,Frozen Foods,151,tub,246.72,344.27,2027-02-08,Aisle 09,frozen
Extra-Virgin Pista Almond Bananas 250ml,Nature Harvest Organics,FRES-000901,890100786953,Fresh Produce,17,bag,25.22,43.27,2026-08-29,Aisle 02,ambient
Roasted Bhujia Sev 50g,Nilgiri Organics,SNAC-000902,890100786954,Snacks & Confectionery,225,bag,224.53,355.83,2027-03-25,Aisle 09,ambient
Pure Smoked Chicken Slices 200g,Green Earth Co.,BAKE-000903,890100786955,Bakery & Deli,48,pack,43.80,59.12,2026-09-07,Aisle 03,chilled
Desi Fabric Softener Floral 5kg,Dabur Organics,HOUS-000904,890100786956,Household & Personal Care,105,bottle,303.62,451.04,2027-05-08,Aisle 11,ambient
Cured Chatpata Masala Fresh Mosambi Juice Snack Pack,Royal Indian Provisions,BEVE-000905,890100786957,Beverages,240,carton,404.21,662.16,2027-07-02,Aisle 05,ambient
Aged Mint Lime Surmai Steaks 100g,Saffola Harvest,MEAT-000906,890100786958,Meat & Seafood,77,pack,322.88,552.30,2026-08-26,Aisle 05,chilled
Aged Alphonso Mango Chicken Keema 10kg,Desi Organics Naturals,MEAT-000907,890100786959,Meat & Seafood,22,kg,573.20,726.57,2026-09-01,Aisle 04,chilled
Low-Sodium Mint Lime Butter Murukku 2-Pack,Ganga Co.,SNAC-000908,890100786960,Snacks & Confectionery,187,packet,481.45,881.75,2027-01-27,Aisle 09,ambient
Signature Butter Murukku Value Pack,Patanjali Harvest,SNAC-000909,890100786961,Snacks & Confectionery,127,tub,334.12,544.16,2026-08-24,Aisle 10,ambient
Rustic Chatpata Masala Coriander Leaves 2kg,Catch Goods,FRES-000910,890100786962,Fresh Produce,33,pack,37.59,52.56,2026-09-15,Aisle 01,chilled
Traditional Smoked Paprika Blueberries 300g,Nature Harvest Farms,FRES-000911,890100786963,Fresh Produce,130,pcs,24.40,38.54,2026-09-15,Aisle 02,chilled
Gourmet Cardamom Spiced Seedless Grapes 200g,Kaveri Farms,FRES-000912,890100786964,Fresh Produce,118,bunch,23.76,37.27,2026-08-19,Aisle 01,chilled
Organic Truffle Infused Bath Tissue 6-Pack 6-Pack,Deccan Goods,HOUS-000913,890100786965,Household & Personal Care,178,pack,541.83,988.14,2028-07-27,Aisle 12,ambient
Raw Chicken Frankfurters 750g,Mother Dairy Mills,BAKE-000914,890100786966,Bakery & Deli,101,pack,304.94,458.06,2026-08-27,Aisle 04,chilled
Raw Moong Dal Namkeen 330ml,Pure Vedic Foods,SNAC-000915,890100786967,Snacks & Confectionery,23,bar,177.28,307.20,2027-04-01,Aisle 09,ambient
Cured Avocados 300g,Organic Tattva Foods,FRES-000916,890100786968,Fresh Produce,147,bag,71.37,123.23,2026-09-06,Aisle 01,chilled
Plant-Based Vanilla Bean Nimbu Paani Soda 250ml,SunBrite Provisions,BEVE-000917,890100786969,Beverages,27,box,150.52,257.87,2026-11-03,Aisle 06,chilled
Rustic Pomegranates 6-Pack,Mother Dairy Kitchens,FRES-000918,890100786970,Fresh Produce,22,bag,146.16,230.50,2026-09-12,Aisle 01,chilled
Authentic Chicken Keema 400g,FarmGold Organics,MEAT-000919,890100786971,Meat & Seafood,78,pcs,614.39,970.34,2026-08-31,Aisle 05,chilled
Spiced Espresso Roast Ground Coffee 8-Pack,Nature Harvest Milling,BEVE-000920,890100786972,Beverages,72,bottle,406.09,617.57,2027-04-28,Aisle 05,ambient
Zero-Sugar Organic Green Tea 24-Pack,Saffola Goods,BEVE-000921,890100786973,Beverages,116,bag,281.27,466.38,2027-08-07,Aisle 06,chilled
Extra-Virgin Pista Almond Organic Sharbati Atta 400g,Patanjali Kitchens,PANT-000922,890100786974,Pantry & Dry Goods,117,packet,270.40,373.43,2026-12-25,Aisle 06,ambient
Premium Chamomile Herbal Tea 330ml,Pashmina Naturals,BEVE-000923,890100786975,Beverages,53,box,439.58,664.18,2027-03-31,Aisle 06,chilled
Stone-Ground Cardamom Spiced Veg Spring Rolls 24-Pack,Royal Indian Farms,FROZ-000924,890100786976,Frozen Foods,237,bag,388.01,590.49,2027-01-19,Aisle 09,frozen
Royal Kesar Pista Buffalo Milk 1L,Mother Dairy Goods,DAIR-000925,890100786977,Dairy & Eggs,188,tub,70.48,111.44,2026-09-11,Aisle 02,chilled
Aged Clove & Mint Toothpaste 400g,Saffola Provisions,HOUS-000926,890100786978,Household & Personal Care,59,tube,48.62,62.32,2027-12-01,Aisle 12,ambient
Traditional Frozen Paneer Cubes 200ml,Catch Provisions,FROZ-000927,890100786979,Frozen Foods,75,bag,115.22,170.99,2027-03-27,Aisle 09,frozen
Free-Range Kachi Ghani Mustard Soan Papdi Box 1kg,Heritage Farms,SNAC-000928,890100786980,Snacks & Confectionery,144,bar,295.67,466.54,2027-03-08,Aisle 09,ambient
Raw Tandoori Smoked Sweet Corn Kernels 330ml,Everest Provisions,FROZ-000929,890100786981,Frozen Foods,161,bag,416.68,699.86,2027-02-03,Aisle 09,frozen
Wildcrafted Kesar Pista California Almonds 1L,Bhoomi Naturals,SNAC-000930,890100786982,Snacks & Confectionery,189,packet,78.74,106.86,2026-11-06,Aisle 10,ambient
Natural Toasted Sesame Mustard Oil Kachi Ghani Snack Pack,Fortune Harvest,PANT-000931,890100786983,Pantry & Dry Goods,157,bag,195.81,295.73,2027-01-03,Aisle 07,ambient
Homestyle Flavored Yogurt 200ml,Dabur Kitchens,DAIR-000932,890100786984,Dairy & Eggs,12,pack,59.56,97.04,2026-09-01,Aisle 03,chilled
Select Bamboo Toothbrush 2pk 6-Pack,Urban Roots Organics,HOUS-000933,890100786985,Household & Personal Care,215,box,49.36,74.52,2027-08-11,Aisle 12,ambient
Cured Makhana Crunch Roma Tomatoes 350g,Nilgiri Mills,FRES-000934,890100786986,Fresh Produce,180,pcs,109.37,167.76,2026-08-25,Aisle 02,chilled
Whole-Grain Pista Almond Palak Leaves 250ml,Himalayan Kitchens,FRES-000935,890100786987,Fresh Produce,239,pcs,27.47,37.09,2026-09-15,Aisle 02,chilled
Sun-Dried Tulsi Honey Mixed Berries Frozen 250ml,Dabur Agro,FROZ-000936,890100786988,Frozen Foods,147,packet,407.91,660.40,2027-05-03,Aisle 09,frozen
Extra-Virgin Feta Cheese 5L,Organic Tattva Springs,DAIR-000937,890100786989,Dairy & Eggs,79,carton,429.16,539.94,2026-08-28,Aisle 02,chilled
Sun-Dried Ajwain & Jeera Chana Dal Polished 150ml,Nature Harvest Botanicals,PANT-000938,890100786990,Pantry & Dry Goods,133,bottle,46.02,60.11,2026-08-27,Aisle 08,ambient
Gourmet Matcha Green Tea Bottle Gourd (Lauki) 300g,Tata Foods,FRES-000939,890100786991,Fresh Produce,15,pcs,31.67,52.56,2026-09-12,Aisle 02,chilled
Crisp Fruit Cake Slice 1.5L,Saffola Milling,BAKE-000940,890100786992,Bakery & Deli,162,pack,255.17,441.71,2026-08-30,Aisle 03,chilled
Sun-Dried Truffle Infused Dishwash Gel Lemon 500ml,Ganga Springs,HOUS-000941,890100786993,Household & Personal Care,246,bottle,390.81,689.37,2027-08-15,Aisle 11,ambient
Extra-Virgin Organic Rolled Oats 750ml,Nilgiri Foods,PANT-000942,890100786994,Pantry & Dry Goods,133,bottle,485.97,802.32,2026-12-24,Aisle 06,ambient
Homestyle Chicken Drumsticks 2-Pack,Urban Roots Goods,MEAT-000943,890100786995,Meat & Seafood,174,pcs,577.09,795.11,2026-09-01,Aisle 04,chilled
Heritage Makhana Crunch Toor Dal Premium 100g,Nilgiri Botanicals,PANT-000944,890100786996,Pantry & Dry Goods,77,box,121.03,154.75,2028-08-05,Aisle 07,ambient
Valley Fresh Chana Dal Polished 200ml,Heritage Springs,PANT-000945,890100786997,Pantry & Dry Goods,54,packet,562.52,707.65,2026-12-20,Aisle 06,ambient
Organic Tulsi Honey Bell Peppers 150g,Tata Dairy,FRES-000946,890100786998,Fresh Produce,198,kg,30.56,48.34,2026-09-06,Aisle 02,ambient
Heritage Edamame Pods 4-Pack,Saffola Goods,FROZ-000947,890100786999,Frozen Foods,13,bag,64.00,91.91,2027-03-30,Aisle 08,frozen
Rustic Tandoori Smoked Gulab Jamun Tin 300g,FarmGold Foods,SNAC-000948,890100787000,Snacks & Confectionery,127,bag,526.43,872.05,2026-10-26,Aisle 09,ambient
Stone-Ground Smoked Chicken Slices 50g,Green Earth Foods,BAKE-000949,890100787001,Bakery & Deli,51,pack,239.94,351.02,2026-09-09,Aisle 03,ambient
Sun-Dried Sourdough Loaf 8-Pack,Fortune Agro,BAKE-000950,890100787002,Bakery & Deli,133,box,296.72,512.59,2026-09-10,Aisle 04,chilled
Wildcrafted French Fries Crispy 1L,Pure Vedic Mills,FROZ-000951,890100787003,Frozen Foods,233,packet,160.03,278.85,2026-11-26,Aisle 08,frozen
Low-Sodium Vanilla Bean Pink Himalayan Salt 1kg,Kaveri Harvest,PANT-000952,890100787004,Pantry & Dry Goods,18,bag,626.84,825.28,2028-03-02,Aisle 08,ambient
Stone-Ground Tandoori Smoked Pita Bread 6-Pack,Urban Roots Harvest,BAKE-000953,890100787005,Bakery & Deli,175,pcs,111.55,160.10,2026-09-04,Aisle 03,ambient
Free-Range Fresh Rohu Fish 24-Pack,Saffola Botanicals,MEAT-000954,890100787006,Meat & Seafood,126,kg,568.04,915.95,2026-08-27,Aisle 05,chilled
Unpolished Tulsi Honey Mozzarella Shredded 10-Pack,Dabur Provisions,DAIR-000955,890100787007,Dairy & Eggs,64,box,379.09,654.38,2026-08-28,Aisle 03,chilled
Handcrafted Cardamom Spiced Shampoo Anti-Dandruff 500ml,Dabur Springs,HOUS-000956,890100787008,Household & Personal Care,97,bottle,89.61,118.48,2029-01-30,Aisle 11,ambient
Unpolished Brownie Bites 200g,Satvik Kitchens,BAKE-000957,890100787009,Bakery & Deli,201,pcs,228.50,418.15,2026-08-30,Aisle 03,ambient
Extra-Virgin Clove & Mint Toothpaste 350g,Catch Kitchens,HOUS-000958,890100787010,Household & Personal Care,81,box,521.07,834.16,2028-03-01,Aisle 11,ambient
Sweet Kachi Ghani Mustard Bhujia Sev 1L,Deccan Milling,SNAC-000959,890100787011,Snacks & Confectionery,72,tub,404.96,711.45,2026-08-30,Aisle 10,ambient
Raw Aloo Tikki 8-Pack 750g,Everest Farms,FROZ-000960,890100787012,Frozen Foods,80,pack,95.81,136.01,2027-04-29,Aisle 08,frozen
Raw Jalapeno Lime Goat Mince Premium Snack Pack,Urban Roots Farms,MEAT-000961,890100787013,Meat & Seafood,78,kg,419.65,567.33,2026-09-03,Aisle 04,chilled
Roasted Salted Butter 2-Pack,Kaveri Provisions,DAIR-000962,890100787014,Dairy & Eggs,30,box,176.52,269.53,2026-09-24,Aisle 03,chilled
Stone-Ground Caramelized Onion Guava Chilli Juice 250g,Himalayan Naturals,BEVE-000963,890100787015,Beverages,28,bottle,310.38,488.20,2027-06-12,Aisle 06,chilled
Smoked Bottle Gourd (Lauki) 330ml,Saffola Kitchens,FRES-000964,890100787016,Fresh Produce,59,pack,93.38,121.54,2026-09-15,Aisle 02,ambient
Smoked Fish Fingers Frozen 750ml,Satvik Provisions,FROZ-000965,890100787017,Frozen Foods,195,tub,138.56,217.33,2026-08-18,Aisle 08,frozen
Rustic Masala CTC Tea Snack Pack,Bhoomi Milling,BEVE-000966,890100787018,Beverages,23,bag,238.41,302.87,2027-08-15,Aisle 06,ambient
Gluten-Free Cinnamon Spice Chicken Frankfurters 1.5L,Royal Indian Harvest,BAKE-000967,890100787019,Bakery & Deli,116,pcs,127.00,202.11,2026-09-06,Aisle 04,chilled
Spiced Lemon Pepper Malai Kulfi Bar 250ml,Fortune Plantations,FROZ-000968,890100787020,Frozen Foods,70,pack,191.42,252.04,2027-01-13,Aisle 09,frozen
Select Pista Almond Bath Tissue 6-Pack Family Pack,SunBrite Milling,HOUS-000969,890100787021,Household & Personal Care,142,tube,223.37,399.61,2027-03-11,Aisle 12,ambient
Plant-Based Organic Green Tea 150ml,Catch Provisions,BEVE-000970,890100787022,Beverages,100,carton,326.84,483.78,2027-04-16,Aisle 06,ambient
Wildcrafted Dark Chocolate Malai Kulfi Bar 750g,FarmGold Mills,FROZ-000971,890100787023,Frozen Foods,186,box,378.75,576.28,2026-11-22,Aisle 09,frozen
Heritage Smoked Paprika Cold-Pressed Groundnut Oil 2-Pack,Himalayan Springs,PANT-000972,890100787024,Pantry & Dry Goods,165,can,559.89,894.47,2027-03-31,Aisle 08,ambient
Aged Sweet Tamarind Ayurvedic Bath Soap 24-Pack,Fortune Goods,HOUS-000973,890100787025,Household & Personal Care,200,bottle,309.81,428.84,2029-04-12,Aisle 12,ambient
Whole-Grain Mint Lime Spicy Peanut Chikki 400g,Green Earth Foods,SNAC-000974,890100787026,Snacks & Confectionery,24,packet,77.25,139.01,2027-01-12,Aisle 10,ambient
Valley Fresh Mustard Oil Kachi Ghani 10kg,Vedic Fresh Goods,PANT-000975,890100787027,Pantry & Dry Goods,21,can,674.69,1107.62,2028-08-08,Aisle 08,ambient
Homestyle Kachi Ghani Mustard Bitter Gourd (Karela) 50g,Tata Botanicals,FRES-000976,890100787028,Fresh Produce,148,kg,23.02,33.33,2026-09-10,Aisle 01,ambient
Unpolished Dark Chocolate Chamomile Herbal Tea 50g,Himalayan Farms,BEVE-000977,890100787029,Beverages,206,bag,35.09,52.66,2027-04-01,Aisle 05,ambient
Stone-Ground Matcha Green Tea Royal Basmati Rice 250g,Ganga Goods,PANT-000978,890100787030,Pantry & Dry Goods,31,box,590.80,794.80,2026-08-22,Aisle 07,ambient
Unpolished Tandoori Smoked Dry Fruits Trail Mix 300g,Everest Milling,SNAC-000979,890100787031,Snacks & Confectionery,39,tub,38.68,58.39,2027-03-27,Aisle 10,ambient
Traditional Carrots 1L,Green Earth Goods,FRES-000980,890100787032,Fresh Produce,41,pcs,95.86,121.58,2026-09-16,Aisle 01,ambient
Cured Frozen Veg Momos 1L,Satvik Co.,FROZ-000981,890100787033,Frozen Foods,198,box,331.94,448.54,2027-06-09,Aisle 09,frozen
Whole-Grain Wood-Fired Veggie Pizza 1.5L,Organic Tattva Farms,FROZ-000982,890100787034,Frozen Foods,28,bag,69.04,117.33,2027-06-14,Aisle 08,frozen
Valley Fresh Caramelized Onion Brioche Burger Buns 1L,Organic Tattva Kitchens,BAKE-000983,890100787035,Bakery & Deli,136,box,211.06,323.56,2026-08-28,Aisle 04,chilled
Raw Kachi Ghani Mustard Cold Brew Coffee 500ml,Pashmina Naturals,BEVE-000984,890100787036,Beverages,97,pack,151.86,264.62,2027-01-11,Aisle 05,ambient
Roasted Cashew Paste Curry Base 2kg,Desi Organics Botanicals,PANT-000985,890100787037,Pantry & Dry Goods,122,can,239.09,339.91,2027-07-29,Aisle 07,ambient
Grass-Fed Jalapeno Lime Mutton Curry Cut 1L,Bhoomi Foods,MEAT-000986,890100787038,Meat & Seafood,249,kg,381.78,547.47,2026-08-30,Aisle 05,chilled
Low-Sodium Jalapeno Lime Feta Cheese 1.5L,Urban Roots Springs,DAIR-000987,890100787039,Dairy & Eggs,68,tub,111.82,159.09,2026-09-21,Aisle 02,chilled
Crisp Double Toned Milk 5kg,Ganga Co.,DAIR-000988,890100787040,Dairy & Eggs,247,packet,95.83,148.06,2026-09-16,Aisle 03,chilled
Organic Pista Almond Soan Papdi Box Snack Pack,Heritage Provisions,SNAC-000989,890100787041,Snacks & Confectionery,161,tub,301.53,506.81,2026-12-06,Aisle 10,ambient
Cured Brioche Burger Buns 150g,Patanjali Goods,BAKE-000990,890100787042,Bakery & Deli,201,pack,162.12,299.26,2026-09-04,Aisle 04,ambient
Sun-Dried Lavash Crackers 10-Pack,Himalayan Foods,BAKE-000991,890100787043,Bakery & Deli,30,box,308.06,401.05,2026-09-08,Aisle 04,ambient
Pure Kitchen Paper Towels 4-Roll Snack Pack,Saffola Naturals,HOUS-000992,890100787044,Household & Personal Care,132,tube,322.02,471.35,2028-03-10,Aisle 11,ambient
Handcrafted Cinnamon Spice Tender Coconut Water 1kg,Bhoomi Provisions,BEVE-000993,890100787045,Beverages,40,carton,318.76,521.61,2026-12-19,Aisle 05,ambient
Zero-Sugar Kashmiri Saffron Wood-Fired Veggie Pizza 2L,Tata Agro,FROZ-000994,890100787046,Frozen Foods,106,packet,166.53,259.86,2027-02-27,Aisle 09,frozen
Raw Red Chilli & Garlic Granola Health Bars 400g,FarmGold Botanicals,SNAC-000995,890100787047,Snacks & Confectionery,114,pack,140.50,197.71,2026-11-16,Aisle 09,ambient
Cured Jalapeno Lime Mutton Chops 1L,Urban Roots Springs,MEAT-000996,890100787048,Meat & Seafood,164,pcs,286.99,492.30,2026-08-31,Aisle 05,chilled
Free-Range Makhana Crunch Nimbu Paani Soda 10-Pack,Amul Farms,BEVE-000997,890100787049,Beverages,127,carton,214.09,301.64,2027-03-01,Aisle 06,chilled
Valley Fresh Ajwain & Jeera Bottle Gourd (Lauki) 300g,Patanjali Agro,FRES-000998,890100787050,Fresh Produce,229,bunch,55.07,82.46,2026-09-06,Aisle 02,ambient
Plant-Based Gouda Block 250g,Dabur Springs,DAIR-000999,890100787051,Dairy & Eggs,203,bottle,80.72,145.79,2026-09-06,Aisle 02,chilled
Country Style Tandoori Smoked Herbal Hand Wash Neem 350g,Heritage Naturals,HOUS-001000,890100787052,Household & Personal Care,177,pack,350.23,439.18,2029-03-04,Aisle 11,ambient
Golden Vanilla Bean Fish Fingers Frozen 750ml,Dabur Co.,FROZ-001001,890100787053,Frozen Foods,191,bag,102.40,135.75,2026-08-28,Aisle 08,frozen
Wildcrafted Basa Fish Fillets 2L,SunBrite Mills,MEAT-001002,890100787054,Meat & Seafood,245,pack,815.56,1144.12,2026-09-01,Aisle 05,chilled
Cold-Pressed Bath Tissue 6-Pack 1L,Kaveri Co.,HOUS-001003,890100787055,Household & Personal Care,26,packet,92.64,156.61,2028-03-11,Aisle 11,ambient
Traditional Golden Ginger Butter Murukku 200g,Fortune Dairy,SNAC-001004,890100787056,Snacks & Confectionery,196,packet,451.27,809.58,2027-04-21,Aisle 10,ambient
Wildcrafted Makhana Crunch Himalayan Spring Water Snack Pack,FarmGold Plantations,BEVE-001005,890100787057,Beverages,70,pack,277.08,463.22,2027-05-02,Aisle 06,ambient
Natural Chatpata Masala Garlic Focaccia 10-Pack,Everest Plantations,BAKE-001006,890100787058,Bakery & Deli,22,pcs,164.67,296.74,2026-09-03,Aisle 03,ambient
Extra-Virgin Edamame Pods 4-Pack,Amul Goods,FROZ-001007,890100787059,Frozen Foods,109,box,402.35,588.83,2027-02-25,Aisle 09,frozen
Organic Kashmiri Saffron Poha Thick Flakes 1L,Pure Vedic Farms,PANT-001008,890100787060,Pantry & Dry Goods,112,box,623.08,911.61,2028-04-02,Aisle 07,ambient
Free-Range Truffle Infused Sparkling Mineral Water 2kg,Himalayan Kitchens,BEVE-001009,890100787061,Beverages,47,pack,338.07,521.05,2026-11-05,Aisle 05,chilled
Extra-Virgin Pineapples 400g,SunBrite Springs,FRES-001010,890100787062,Fresh Produce,67,kg,98.55,167.58,2026-09-11,Aisle 02,chilled
Traditional Toasted Sesame Chaash / Buttermilk 250ml,Kaveri Springs,DAIR-001011,890100787063,Dairy & Eggs,184,tub,276.91,415.20,2026-09-11,Aisle 03,chilled
Gourmet Coconut Cream Banana Chips Kerala Style 5L,Royal Indian Organics,SNAC-001012,890100787064,Snacks & Confectionery,227,pack,347.71,565.58,2026-12-01,Aisle 09,ambient
Pure Garlic & Herb Smoked Chicken Slices 50g,Mother Dairy Plantations,BAKE-001013,890100787065,Bakery & Deli,214,box,259.83,329.28,2026-08-29,Aisle 03,chilled
Traditional Pista Almond Cashew Paste Curry Base 500g,Satvik Dairy,PANT-001014,890100787066,Pantry & Dry Goods,243,packet,682.41,1108.55,2026-12-09,Aisle 06,ambient
Desi Truffle Infused Chicken Salami 500g,Amul Goods,BAKE-001015,890100787067,Bakery & Deli,131,box,295.25,418.46,2026-08-29,Aisle 03,chilled
Valley Fresh Cinnamon Spice Curd Tub (Dahi) 5kg,Catch Agro,DAIR-001016,890100787068,Dairy & Eggs,6,pack,412.73,702.76,2026-08-23,Aisle 03,chilled
Zero-Sugar Cinnamon Spice Badam Milk Drink 200g,Nilgiri Kitchens,BEVE-001017,890100787069,Beverages,31,bottle,396.19,678.54,2026-10-30,Aisle 06,chilled
Stone-Ground Bhujia Sev 5kg,Mother Dairy Organics,SNAC-001018,890100787070,Snacks & Confectionery,85,bar,228.19,295.52,2027-04-06,Aisle 10,ambient
Country Style Tandoori Smoked Fresh Chicken Curry Cut 1kg,Ganga Goods,MEAT-001019,890100787071,Meat & Seafood,221,kg,361.99,631.66,2026-09-02,Aisle 04,chilled
Sun-Dried Jalapeno Lime Pink Himalayan Salt 6-Pack,Satvik Mills,PANT-001020,890100787072,Pantry & Dry Goods,153,box,285.67,463.80,2027-08-15,Aisle 08,ambient
Golden Shampoo Anti-Dandruff 350g,Pure Vedic Kitchens,HOUS-001021,890100787073,Household & Personal Care,175,bottle,480.45,878.89,2026-08-27,Aisle 12,ambient
Roasted Kesar Pista Roasted Makhana Foxnuts 300g,Organic Tattva Co.,SNAC-001022,890100787074,Snacks & Confectionery,17,bar,403.08,728.83,2026-08-27,Aisle 09,ambient
Spiced Dark Chocolate Chicken Sausages 150g,Patanjali Mills,MEAT-001023,890100787075,Meat & Seafood,126,kg,537.46,887.56,2026-08-30,Aisle 04,chilled
Spiced Smoked Paprika Brioche Burger Buns 250g,SunBrite Naturals,BAKE-001024,890100787076,Bakery & Deli,201,box,70.37,89.35,2026-09-05,Aisle 04,chilled
Royal Truffle Infused Filter Coffee Beans 250g,Deccan Dairy,BEVE-001025,890100787077,Beverages,5,bag,347.56,610.56,2027-02-19,Aisle 05,chilled
Country Style Pista Almond Moong Dal Washed 12-Pack,Patanjali Foods,PANT-001026,890100787078,Pantry & Dry Goods,90,jar,96.21,128.75,2027-04-02,Aisle 07,ambient
Desi Masala Chai Bagel Plain 4pk 250g,Mother Dairy Milling,BAKE-001027,890100787079,Bakery & Deli,184,pcs,95.50,165.96,2026-09-07,Aisle 04,chilled
Traditional Iced Lemon Tea 200g,Nature Harvest Plantations,BEVE-001028,890100787080,Beverages,182,pack,282.40,424.00,2027-04-07,Aisle 05,ambient
Gourmet Masala Chai Desi Cow Ghee 10kg,Fortune Springs,DAIR-001029,890100787081,Dairy & Eggs,24,packet,430.35,728.15,2026-09-14,Aisle 03,chilled
Spiced Desi Cow Ghee 750ml,Amul Milling,DAIR-001030,890100787082,Dairy & Eggs,173,bottle,43.87,65.56,2026-09-10,Aisle 03,chilled
Extra-Virgin Tulsi Honey Chicken Sausages Snack Pack,Pashmina Springs,MEAT-001031,890100787083,Meat & Seafood,148,pack,377.12,579.41,2026-09-02,Aisle 04,chilled
Sun-Dried Kesar Pista Bamboo Toothbrush 2pk 24-Pack,SunBrite Mills,HOUS-001032,890100787084,Household & Personal Care,85,packet,495.53,763.63,2026-08-28,Aisle 12,ambient
Premium Cinnamon Spice Mosquito Vaporizer Refill 500ml,FarmGold Organics,HOUS-001033,890100787085,Household & Personal Care,108,pack,423.64,636.22,2028-09-17,Aisle 11,ambient
Signature Jalapeno Lime Pomfret Whole 200g,Heritage Plantations,MEAT-001034,890100787086,Meat & Seafood,237,pack,899.69,1158.37,2026-09-03,Aisle 04,chilled
Farm-Fresh Avocados 5L,Organic Tattva Agro,FRES-001035,890100787087,Fresh Produce,151,pack,24.75,32.96,2026-09-07,Aisle 01,ambient
Low-Sodium Kaju Katli Sweet Box 2L,Desi Organics Co.,SNAC-001036,890100787088,Snacks & Confectionery,7,bar,197.46,350.05,2027-05-13,Aisle 09,ambient
Desi Crab Meat Fresh 5kg,Royal Indian Springs,MEAT-001037,890100787089,Meat & Seafood,245,pack,638.96,1070.52,2026-09-03,Aisle 04,chilled
Traditional Chicken Frankfurters 1.5L,Amul Provisions,BAKE-001038,890100787090,Bakery & Deli,223,pcs,36.40,50.71,2026-09-09,Aisle 03,ambient
Spiced Dark Chocolate Chicken Keema 500g,Pashmina Dairy,MEAT-001039,890100787091,Meat & Seafood,210,pcs,360.69,600.89,2026-08-31,Aisle 04,chilled
Sweet Jalapeno Lime Chicken Frankfurters 6-Pack,Ganga Farms,BAKE-001040,890100787092,Bakery & Deli,92,pack,314.78,467.77,2026-08-29,Aisle 04,chilled
Sweet Cold-Pressed Groundnut Oil 10kg,Desi Organics Agro,PANT-001041,890100787093,Pantry & Dry Goods,106,can,545.25,805.41,2028-01-22,Aisle 07,ambient
Gourmet Rose Infused Fruit Muffins 24-Pack,Satvik Goods,BAKE-001042,890100787094,Bakery & Deli,67,box,196.59,344.95,2026-09-10,Aisle 03,ambient
Aged Pista Almond Sparkling Mineral Water 250ml,Pure Vedic Milling,BEVE-001043,890100787095,Beverages,132,box,148.96,213.94,2026-10-15,Aisle 06,chilled
Country Style Veg Spring Rolls 5L,Dabur Organics,FROZ-001044,890100787096,Frozen Foods,83,tub,281.47,420.59,2027-02-10,Aisle 09,frozen
Raw Dark Chocolate Coconut Milk Canned 400g,Tata Naturals,PANT-001045,890100787097,Pantry & Dry Goods,219,can,372.55,560.92,2027-06-26,Aisle 08,ambient
Valley Fresh Aloo Tikki 8-Pack 2-Pack,Fortune Agro,FROZ-001046,890100787098,Frozen Foods,104,pack,416.11,625.67,2026-08-25,Aisle 09,frozen
Free-Range Gulab Jamun Tin 2kg,Nilgiri Co.,SNAC-001047,890100787099,Snacks & Confectionery,219,bar,20.89,36.43,2027-04-16,Aisle 10,ambient
Authentic Alphonso Mango Mishri Mawa 8-Pack,Patanjali Mills,DAIR-001048,890100787100,Dairy & Eggs,133,pack,387.71,537.70,2026-09-18,Aisle 03,chilled
Organic Jalapeno Lime Curd Tub (Dahi) 200ml,Vedic Fresh Co.,DAIR-001049,890100787101,Dairy & Eggs,119,pack,406.68,704.62,2026-09-19,Aisle 03,chilled
Extra-Virgin Carrots 5L,Satvik Plantations,FRES-001050,890100787102,Fresh Produce,6,bag,86.01,142.93,2026-09-06,Aisle 01,ambient
Low-Sodium Bath Tissue 6-Pack 6-Pack,Desi Organics Goods,HOUS-001051,890100787103,Household & Personal Care,106,tube,573.69,1054.60,2026-08-29,Aisle 11,ambient
Zero-Sugar Tonic Water Premium 750ml,Organic Tattva Agro,BEVE-001052,890100787104,Beverages,93,bottle,316.51,504.66,2027-03-04,Aisle 05,chilled
Valley Fresh Apple Cider Vinegar Drink 500g,Green Earth Botanicals,BEVE-001053,890100787105,Beverages,30,bag,100.92,137.69,2026-10-23,Aisle 05,ambient
Golden Biodegradable Garbage Bags 1.5L,SunBrite Botanicals,HOUS-001054,890100787106,Household & Personal Care,119,packet,293.06,464.24,2027-04-09,Aisle 12,ambient
Crisp Dark Chocolate Urad Dal Whole 150g,Himalayan Farms,PANT-001055,890100787107,Pantry & Dry Goods,152,bottle,451.92,671.16,2026-08-28,Aisle 07,ambient
Homestyle Veg Burger Patties 1kg,SunBrite Kitchens,FROZ-001056,890100787108,Frozen Foods,26,box,211.21,304.71,2027-02-20,Aisle 08,frozen
Sweet Organic Green Tea 24-Pack,Bhoomi Organics,BEVE-001057,890100787109,Beverages,160,carton,433.08,720.68,2026-08-30,Aisle 06,ambient
Plant-Based Cauliflower 2-Pack,Amul Organics,FRES-001058,890100787110,Fresh Produce,237,bag,62.11,80.90,2026-08-28,Aisle 01,chilled
Aged Stainless Steel Scrubber 3pk 1.5L,SunBrite Goods,HOUS-001059,890100787111,Household & Personal Care,56,tube,353.63,608.13,2027-10-12,Aisle 12,ambient
Country Style Jalapeno Lime Parmigiano-Reggiano 4-Pack,Tata Goods,DAIR-001060,890100787112,Dairy & Eggs,118,tub,296.12,526.24,2026-09-24,Aisle 03,chilled
Extra-Virgin Chicken Frankfurters 1.5L,Amul Agro,BAKE-001061,890100787113,Bakery & Deli,83,box,119.01,198.55,2026-09-04,Aisle 03,ambient
Artisan Ginger Root Family Pack,Nilgiri Organics,FRES-001062,890100787114,Fresh Produce,181,pack,99.13,143.46,2026-09-12,Aisle 01,chilled
Wildcrafted Organic Sharbati Atta 100g,Fortune Mills,PANT-001063,890100787115,Pantry & Dry Goods,28,jar,182.05,294.78,2028-05-17,Aisle 07,ambient
Extra-Virgin Spicy Peanut Chikki 6-Pack,Patanjali Springs,SNAC-001064,890100787116,Snacks & Confectionery,242,box,309.19,412.17,2027-01-15,Aisle 10,ambient
Smoked Kashmiri Saffron Chicken Keema 500ml,Mother Dairy Naturals,MEAT-001065,890100787117,Meat & Seafood,68,pcs,156.91,231.90,2026-08-29,Aisle 05,chilled
Authentic Mint Lime Cream Cheese Value Pack,Ganga Springs,DAIR-001066,890100787118,Dairy & Eggs,127,box,459.35,836.95,2026-09-16,Aisle 03,chilled
Select Masala Potato Chips 1.5L,Heritage Springs,SNAC-001067,890100787119,Snacks & Confectionery,248,bag,304.94,421.37,2027-03-22,Aisle 09,ambient
Crisp Ayurvedic Bath Soap 12-Pack,Desi Organics Foods,HOUS-001068,890100787120,Household & Personal Care,167,bottle,62.93,109.28,2027-03-13,Aisle 11,ambient
Authentic Vanilla Bean Chamomile Herbal Tea 24-Pack,Desi Organics Botanicals,BEVE-001069,890100787121,Beverages,212,bottle,52.63,81.58,2027-08-26,Aisle 05,chilled
Pure Kachi Ghani Mustard Kaju Katli Sweet Box Snack Pack,Organic Tattva Springs,SNAC-001070,890100787122,Snacks & Confectionery,204,packet,191.75,341.83,2027-01-28,Aisle 09,ambient
Premium Makhana Crunch Bhujia Sev 500g,Saffola Naturals,SNAC-001071,890100787123,Snacks & Confectionery,31,pack,340.58,521.47,2027-02-22,Aisle 09,ambient
Traditional Vanilla Bean Cold Brew Coffee Value Pack,Urban Roots Dairy,BEVE-001072,890100787124,Beverages,26,bag,154.96,216.22,2027-02-28,Aisle 06,ambient
Handcrafted Royal Basmati Rice 5kg,Desi Organics Farms,PANT-001073,890100787125,Pantry & Dry Goods,25,jar,499.40,690.68,2028-01-04,Aisle 06,ambient
Crisp Kesar Pista Lentils Red Masoor 300g,SunBrite Plantations,PANT-001074,890100787126,Pantry & Dry Goods,25,box,252.29,454.00,2027-08-22,Aisle 06,ambient
Sun-Dried Tulsi Honey Brownie Bites 1.5L,Urban Roots Plantations,BAKE-001075,890100787127,Bakery & Deli,184,pcs,102.81,175.39,2026-08-27,Aisle 04,ambient
Sweet Kachi Ghani Mustard Pears 750g,Desi Organics Goods,FRES-001076,890100787128,Fresh Produce,156,bunch,61.59,91.34,2026-09-11,Aisle 02,chilled
Unpolished Masala Chai French Fries Crispy Snack Pack,Kaveri Harvest,FROZ-001077,890100787129,Frozen Foods,209,bag,157.60,279.04,2027-06-20,Aisle 09,frozen
Free-Range Chatpata Masala Feta Cheese 1kg,Deccan Provisions,DAIR-001078,890100787130,Dairy & Eggs,222,carton,349.79,552.96,2026-09-12,Aisle 02,chilled
Premium Kashmiri Saffron Stainless Steel Scrubber 3pk 2-Pack,Kaveri Dairy,HOUS-001079,890100787131,Household & Personal Care,13,box,369.45,541.74,2028-05-28,Aisle 11,ambient
Gourmet Cinnamon Swirl Buns 100g,Kaveri Foods,BAKE-001080,890100787132,Bakery & Deli,134,pack,147.64,190.56,2026-08-28,Aisle 04,chilled
Cold-Pressed Spicy Peanut Chikki 150g,Saffola Plantations,SNAC-001081,890100787133,Snacks & Confectionery,246,tub,407.76,637.40,2027-06-23,Aisle 09,ambient
Smoked Ciabatta Roll 1L,Heritage Harvest,BAKE-001082,890100787134,Bakery & Deli,88,box,33.56,43.87,2026-09-02,Aisle 04,ambient
Aged Smoked Paprika Greek Yogurt 2L,Pure Vedic Provisions,DAIR-001083,890100787135,Dairy & Eggs,143,carton,278.67,408.16,2026-08-28,Aisle 02,chilled
Cold-Pressed Matcha Green Tea Herbal Hand Wash Neem 500g,Kaveri Goods,HOUS-001084,890100787136,Household & Personal Care,29,box,401.19,540.57,2029-04-23,Aisle 12,ambient
Zero-Sugar Toasted Sesame Lentils Red Masoor 750ml,Catch Botanicals,PANT-001085,890100787137,Pantry & Dry Goods,180,bottle,30.91,42.99,2027-01-07,Aisle 07,ambient
Premium Pav 6-Pack 250ml,FarmGold Springs,BAKE-001086,890100787138,Bakery & Deli,217,box,279.12,369.70,2026-09-10,Aisle 04,ambient
Cured Sweet Tamarind Lavash Crackers 200g,Pure Vedic Agro,BAKE-001087,890100787139,Bakery & Deli,59,pcs,307.88,385.40,2026-09-03,Aisle 04,ambient
Plant-Based Tandoori Smoked Electrolyte Energy Drink 10-Pack,Fortune Goods,BEVE-001088,890100787140,Beverages,203,bag,359.30,465.36,2027-06-15,Aisle 05,ambient
Plant-Based Smoked Paprika Iced Lemon Tea 50g,Tata Kitchens,BEVE-001089,890100787141,Beverages,68,pack,179.76,308.46,2027-03-01,Aisle 06,ambient
Cold-Pressed Smoked Chicken Slices 2-Pack,Ganga Goods,BAKE-001090,890100787142,Bakery & Deli,35,pcs,214.47,328.88,2026-08-31,Aisle 03,chilled
Sun-Dried Herbal Hand Wash Neem 10kg,Patanjali Kitchens,HOUS-001091,890100787143,Household & Personal Care,105,packet,455.77,663.13,2029-03-05,Aisle 11,ambient
Extra-Virgin Garlic Naan Frozen 4pk 12-Pack,Heritage Co.,FROZ-001092,890100787144,Frozen Foods,41,box,336.08,436.76,2027-06-26,Aisle 08,frozen
Valley Fresh Soan Papdi Box 100g,Everest Provisions,SNAC-001093,890100787145,Snacks & Confectionery,199,pack,401.81,716.63,2026-11-26,Aisle 10,ambient
Farm-Fresh Cinnamon Spice Cow Milk 4-Pack,Heritage Farms,DAIR-001094,890100787146,Dairy & Eggs,190,carton,234.19,420.68,2026-09-23,Aisle 02,chilled
Premium Roasted Salted Cashews 8-Pack,Deccan Springs,SNAC-001095,890100787147,Snacks & Confectionery,59,packet,153.25,280.00,2026-08-16,Aisle 10,ambient
Farm-Fresh Nagpur Orange Mutton Chops 5kg,Nature Harvest Harvest,MEAT-001096,890100787148,Meat & Seafood,97,pack,821.63,1255.50,2026-08-30,Aisle 05,chilled
Desi Wood-Fired Veggie Pizza 750ml,Catch Provisions,FROZ-001097,890100787149,Frozen Foods,135,packet,198.43,353.61,2026-11-02,Aisle 08,frozen
Aged Ricotta Fresh 2L,Deccan Organics,DAIR-001098,890100787150,Dairy & Eggs,78,pack,384.51,594.08,2026-09-02,Aisle 02,chilled
Heritage Mint Lime Pav 6-Pack 750g,Ganga Botanicals,BAKE-001099,890100787151,Bakery & Deli,38,pack,150.07,216.95,2026-09-10,Aisle 04,ambient
Low-Sodium Smoked Paprika Garlic Naan Frozen 4pk 100g,Dabur Organics,FROZ-001100,890100787152,Frozen Foods,244,box,113.84,198.87,2027-01-30,Aisle 08,frozen
Farm-Fresh Masala Potato Chips 2L,SunBrite Co.,SNAC-001101,890100787153,Snacks & Confectionery,15,pack,310.20,450.27,2027-05-24,Aisle 10,ambient
Country Style Kaju Katli Sweet Box 4-Pack,Fortune Mills,SNAC-001102,890100787154,Snacks & Confectionery,209,pack,241.72,415.34,2026-12-09,Aisle 09,ambient
Select Toor Dal Premium 200ml,Amul Plantations,PANT-001103,890100787155,Pantry & Dry Goods,155,bottle,78.66,105.78,2027-04-29,Aisle 06,ambient
Spiced Lavash Crackers 5L,Bhoomi Goods,BAKE-001104,890100787156,Bakery & Deli,89,pcs,113.52,148.76,2026-08-29,Aisle 04,chilled
Natural Bamboo Toothbrush 2pk 200g,Organic Tattva Provisions,HOUS-001105,890100787157,Household & Personal Care,200,packet,495.42,720.38,2028-03-18,Aisle 12,ambient
Traditional Tulsi Honey Garlic Naan Frozen 4pk 2-Pack,Organic Tattva Naturals,FROZ-001106,890100787158,Frozen Foods,246,packet,408.72,664.80,2027-03-03,Aisle 09,frozen
Premium Raw Wildflower Honey 500g,Amul Farms,PANT-001107,890100787159,Pantry & Dry Goods,136,bag,158.03,211.30,2027-11-03,Aisle 07,ambient
Stone-Ground Garlic Naan Frozen 4pk 2kg,Organic Tattva Foods,FROZ-001108,890100787160,Frozen Foods,236,tub,405.84,532.59,2027-01-19,Aisle 08,frozen
Low-Sodium Coconut Cream Banana Chips Kerala Style 750ml,Urban Roots Kitchens,SNAC-001109,890100787161,Snacks & Confectionery,95,packet,186.78,329.10,2026-08-27,Aisle 10,ambient
Organic Sweet Tamarind Gourmet Cookies Choco-Chip 6-Pack,Desi Organics Goods,SNAC-001110,890100787162,Snacks & Confectionery,105,bar,328.77,580.80,2027-02-12,Aisle 09,ambient
Farm-Fresh Tandoori Smoked Ginger Kombucha 150g,Bhoomi Dairy,BEVE-001111,890100787163,Beverages,231,pack,446.53,778.19,2027-04-20,Aisle 05,chilled
Pure Basa Fish Fillets 100g,Nature Harvest Co.,MEAT-001112,890100787164,Meat & Seafood,97,pcs,597.74,818.27,2026-08-29,Aisle 05,chilled
Homestyle Matcha Green Tea Ricotta Fresh 750g,Patanjali Botanicals,DAIR-001113,890100787165,Dairy & Eggs,70,carton,361.34,581.24,2026-09-22,Aisle 02,chilled
Plant-Based Kashmiri Saffron Coconut Milk Canned 250g,Tata Provisions,PANT-001114,890100787166,Pantry & Dry Goods,183,bag,636.37,1074.96,2027-11-13,Aisle 06,ambient
Low-Sodium Alphonso Mango Hash Browns 6pk 50g,Himalayan Botanicals,FROZ-001115,890100787167,Frozen Foods,178,box,362.07,551.38,2026-08-29,Aisle 08,frozen
Sweet Masala Chai Amla Juice Pure 750ml,Fortune Botanicals,BEVE-001116,890100787168,Beverages,171,bag,104.37,176.60,2027-05-30,Aisle 06,chilled
Traditional Unsalted White Butter Value Pack,Desi Organics Naturals,DAIR-001117,890100787169,Dairy & Eggs,124,packet,133.52,196.62,2026-09-08,Aisle 03,chilled
Farm-Fresh Caramelized Onion Soy Milk Protein 200ml,Desi Organics Provisions,DAIR-001118,890100787170,Dairy & Eggs,214,carton,519.09,747.15,2026-09-02,Aisle 03,chilled
Sun-Dried Atlantic Salmon Fillet 50g,Amul Plantations,MEAT-001119,890100787171,Meat & Seafood,61,pcs,309.46,426.68,2026-09-03,Aisle 04,chilled
Roasted Frozen Green Peas 1kg,Green Earth Milling,FROZ-001120,890100787172,Frozen Foods,52,packet,227.92,340.77,2026-08-18,Aisle 09,frozen
Free-Range Masala Chai Bamboo Toothbrush 2pk 5kg,Heritage Co.,HOUS-001121,890100787173,Household & Personal Care,166,packet,269.49,460.88,2029-01-23,Aisle 11,ambient
Unpolished Kitchen Paper Towels 4-Roll 350g,Fortune Plantations,HOUS-001122,890100787174,Household & Personal Care,41,bottle,48.42,72.62,2027-03-05,Aisle 12,ambient
Signature Frozen Paneer Cubes 500g,Heritage Springs,FROZ-001123,890100787175,Frozen Foods,45,tub,66.36,96.54,2027-02-07,Aisle 08,frozen
Plant-Based Caramelized Onion Bath Tissue 6-Pack 5L,Saffola Mills,HOUS-001124,890100787176,Household & Personal Care,161,packet,291.39,421.63,2027-03-18,Aisle 11,ambient
Country Style Bagel Plain 4pk 500g,Everest Foods,BAKE-001125,890100787177,Bakery & Deli,74,pack,35.89,64.31,2026-08-28,Aisle 03,chilled
Authentic Organic Brown Sugar 250ml,Mother Dairy Farms,PANT-001126,890100787178,Pantry & Dry Goods,105,jar,534.69,971.03,2027-04-06,Aisle 08,ambient
Pure Nagpur Orange Feta Cheese 4-Pack,Catch Botanicals,DAIR-001127,890100787179,Dairy & Eggs,205,tub,113.36,202.81,2026-08-27,Aisle 02,chilled
Free-Range Roasted Makhana Foxnuts 10-Pack,Heritage Goods,SNAC-001128,890100787180,Snacks & Confectionery,183,box,82.87,140.12,2026-10-23,Aisle 10,ambient
Pure Moong Dal Washed 1L,Saffola Kitchens,PANT-001129,890100787181,Pantry & Dry Goods,186,bottle,143.09,199.22,2027-05-18,Aisle 06,ambient
Cold-Pressed Ginger Kombucha 10kg,Urban Roots Naturals,BEVE-001130,890100787182,Beverages,214,bag,133.80,238.72,2027-07-05,Aisle 06,chilled
Valley Fresh Golden Ginger Greek Yogurt 500ml,Desi Organics Organics,DAIR-001131,890100787183,Dairy & Eggs,177,tub,228.26,354.53,2026-09-26,Aisle 03,chilled
Spiced Kashmiri Saffron Surface Floor Cleaner Rose 4-Pack,Patanjali Co.,HOUS-001132,890100787184,Household & Personal Care,75,packet,530.75,743.92,2028-03-27,Aisle 11,ambient
Grass-Fed Ajwain & Jeera Carrots 500ml,Pure Vedic Provisions,FRES-001133,890100787185,Fresh Produce,93,pack,143.38,212.47,2026-09-04,Aisle 02,ambient
Valley Fresh Red Onions 10-Pack,Everest Foods,FRES-001134,890100787186,Fresh Produce,7,pcs,131.88,209.64,2026-09-05,Aisle 01,chilled
Authentic Smoked Paprika Hash Browns 6pk 500ml,Green Earth Plantations,FROZ-001135,890100787187,Frozen Foods,99,pack,158.23,262.88,2027-07-03,Aisle 09,frozen
Valley Fresh Truffle Infused Gulab Jamun Tin 500ml,Deccan Dairy,SNAC-001136,890100787188,Snacks & Confectionery,204,tub,280.49,484.30,2026-08-29,Aisle 10,ambient
Pure Gourmet Cookies Choco-Chip 1L,Tata Foods,SNAC-001137,890100787189,Snacks & Confectionery,160,box,91.30,148.36,2026-11-11,Aisle 09,ambient
Homestyle Apples 200ml,Himalayan Plantations,FRES-001138,890100787190,Fresh Produce,145,bunch,88.83,114.52,2026-09-04,Aisle 01,chilled
Stone-Ground Herbal Hand Wash Neem 2L,Dabur Farms,HOUS-001139,890100787191,Household & Personal Care,191,bottle,39.34,53.00,2026-08-22,Aisle 12,ambient
Gluten-Free Garlic & Herb Fresh Rohu Fish 350g,Desi Organics Goods,MEAT-001140,890100787192,Meat & Seafood,75,pack,747.75,993.12,2026-09-01,Aisle 04,chilled
Gourmet Pure Jaggery Powder (Gud) 200g,Urban Roots Botanicals,PANT-001141,890100787193,Pantry & Dry Goods,23,packet,612.19,881.88,2027-07-21,Aisle 06,ambient
Raw Shampoo Anti-Dandruff 750ml,Bhoomi Botanicals,HOUS-001142,890100787194,Household & Personal Care,51,bottle,548.93,831.43,2026-08-15,Aisle 12,ambient
Sweet Mint Lime Rawa Sooji 200g,Amul Naturals,PANT-001143,890100787195,Pantry & Dry Goods,21,box,567.12,950.82,2028-08-15,Aisle 07,ambient
Gluten-Free Herbal Hand Wash Neem 1L,Dabur Mills,HOUS-001144,890100787196,Household & Personal Care,53,bottle,115.80,173.96,2027-08-05,Aisle 11,ambient
Sun-Dried Makhana Crunch Iced Lemon Tea 10kg,Pashmina Goods,BEVE-001145,890100787197,Beverages,141,can,174.83,286.89,2026-11-14,Aisle 05,chilled
Country Style Chicken Frankfurters 5kg,FarmGold Organics,BAKE-001146,890100787198,Bakery & Deli,212,pack,60.19,87.49,2026-08-20,Aisle 04,chilled
Golden Stainless Steel Scrubber 3pk 10-Pack,Heritage Milling,HOUS-001147,890100787199,Household & Personal Care,47,pack,48.33,82.86,2027-03-21,Aisle 11,ambient
Heritage Floor Disinfectant Pine 400g,Amul Agro,HOUS-001148,890100787200,Household & Personal Care,107,box,584.66,898.94,2027-10-27,Aisle 12,ambient
Desi Tandoori Smoked Veg Spring Rolls Snack Pack,Satvik Springs,FROZ-001149,890100787201,Frozen Foods,12,tub,225.85,305.29,2026-10-27,Aisle 09,frozen
Sun-Dried Biodegradable Garbage Bags 330ml,Vedic Fresh Co.,HOUS-001150,890100787202,Household & Personal Care,74,tube,473.39,655.96,2028-08-31,Aisle 12,ambient
Low-Sodium Kesar Pista Biodegradable Garbage Bags 4-Pack,Saffola Goods,HOUS-001151,890100787203,Household & Personal Care,16,packet,434.69,740.34,2028-03-25,Aisle 12,ambient
Golden Chatpata Masala Chaash / Buttermilk 150g,Fortune Milling,DAIR-001152,890100787204,Dairy & Eggs,39,carton,446.02,772.58,2026-09-21,Aisle 02,chilled
Spiced Strawberries 750ml,Bhoomi Plantations,FRES-001153,890100787205,Fresh Produce,250,bunch,75.92,132.60,2026-09-03,Aisle 01,ambient
Extra-Virgin Kesar Pista Ricotta Fresh Value Pack,Nilgiri Organics,DAIR-001154,890100787206,Dairy & Eggs,192,pack,388.01,677.91,2026-09-22,Aisle 03,chilled
Homestyle Wood-Fired Veggie Pizza 400g,Dabur Plantations,FROZ-001155,890100787207,Frozen Foods,229,pack,83.22,127.66,2027-02-01,Aisle 09,frozen
Gluten-Free Double Toned Milk 12-Pack,Tata Harvest,DAIR-001156,890100787208,Dairy & Eggs,67,carton,292.60,387.41,2026-09-25,Aisle 03,chilled
Handcrafted Bamboo Toothbrush 2pk Snack Pack,Royal Indian Botanicals,HOUS-001157,890100787209,Household & Personal Care,170,pack,431.37,788.09,2028-09-22,Aisle 12,ambient
Authentic Ajwain & Jeera Sweet Corn Kernels 1kg,Deccan Foods,FROZ-001158,890100787210,Frozen Foods,237,bag,269.68,415.52,2027-02-13,Aisle 09,frozen
Plant-Based Buffalo Milk 2kg,SunBrite Co.,DAIR-001159,890100787211,Dairy & Eggs,221,packet,121.60,155.29,2026-09-04,Aisle 02,chilled
Roasted Sparkling Mineral Water 4-Pack,Pashmina Co.,BEVE-001160,890100787212,Beverages,250,bottle,149.78,189.02,2027-06-30,Aisle 06,ambient
Raw Carrots 500ml,Amul Harvest,FRES-001161,890100787213,Fresh Produce,18,kg,63.17,101.99,2026-09-15,Aisle 01,chilled
Select Sourdough Loaf 150g,Fortune Springs,BAKE-001162,890100787214,Bakery & Deli,232,pcs,104.17,164.12,2026-09-10,Aisle 03,chilled
Authentic Kulcha 4-Pack 50g,Urban Roots Plantations,BAKE-001163,890100787215,Bakery & Deli,103,box,152.40,245.37,2026-08-31,Aisle 04,chilled
Gourmet Jalapeno Lime Moong Dal Namkeen 2L,Catch Naturals,SNAC-001164,890100787216,Snacks & Confectionery,12,bag,166.16,304.63,2027-02-17,Aisle 09,ambient
Aged Brownie Bites 4-Pack,Green Earth Provisions,BAKE-001165,890100787217,Bakery & Deli,248,pcs,29.39,44.31,2026-09-01,Aisle 03,ambient
Roasted Stainless Steel Scrubber 3pk 150g,Nature Harvest Naturals,HOUS-001166,890100787218,Household & Personal Care,13,tube,472.13,731.01,2026-08-15,Aisle 12,ambient
Traditional Coconut Cream Raw Wildflower Honey 200g,Urban Roots Provisions,PANT-001167,890100787219,Pantry & Dry Goods,185,can,557.46,933.42,2027-10-25,Aisle 08,ambient
Wildcrafted Ciabatta Roll 8-Pack,Bhoomi Harvest,BAKE-001168,890100787220,Bakery & Deli,15,box,104.32,146.00,2026-08-28,Aisle 03,ambient
Natural Truffle Infused Chicken Keema 500ml,Green Earth Mills,MEAT-001169,890100787221,Meat & Seafood,237,kg,161.60,281.82,2026-09-02,Aisle 04,chilled
Cold-Pressed Gouda Block 750ml,Catch Botanicals,DAIR-001170,890100787222,Dairy & Eggs,149,pack,283.19,455.64,2026-09-21,Aisle 03,chilled
Cured Coconut Cream Cashew Paste Curry Base 2L,Ganga Provisions,PANT-001171,890100787223,Pantry & Dry Goods,15,bottle,121.58,178.09,2027-10-07,Aisle 07,ambient
Gourmet Pista Almond Tonic Water Premium 10kg,Green Earth Provisions,BEVE-001172,890100787224,Beverages,104,bottle,446.42,673.26,2026-10-23,Aisle 06,ambient
Valley Fresh Chatpata Masala Organic Brown Sugar 1L,Nature Harvest Mills,PANT-001173,890100787225,Pantry & Dry Goods,146,packet,145.72,188.90,2026-11-26,Aisle 07,ambient
Gourmet Bamboo Toothbrush 2pk 8-Pack,FarmGold Harvest,HOUS-001174,890100787226,Household & Personal Care,27,tube,470.78,839.72,2028-03-02,Aisle 11,ambient
Free-Range Butter Croissants 5L,Fortune Farms,BAKE-001175,890100787227,Bakery & Deli,113,pack,155.31,214.76,2026-09-08,Aisle 04,ambient
Grass-Fed Surface Floor Cleaner Rose 500g,Fortune Plantations,HOUS-001176,890100787228,Household & Personal Care,244,tube,168.37,258.02,2029-02-22,Aisle 11,ambient
Smoked Veg Burger Patties 200ml,Pure Vedic Foods,FROZ-001177,890100787229,Frozen Foods,199,bag,415.70,719.89,2027-02-04,Aisle 09,frozen
Handcrafted Vanilla Bean Pav 6-Pack 100g,Green Earth Dairy,BAKE-001178,890100787230,Bakery & Deli,101,box,169.10,263.30,2026-09-08,Aisle 03,ambient
Free-Range Raw Wildflower Honey 6-Pack,FarmGold Goods,PANT-001179,890100787231,Pantry & Dry Goods,120,jar,561.72,1037.83,2027-04-09,Aisle 06,ambient
Desi Garlic & Herb Tender Coconut Water 4-Pack,Tata Springs,BEVE-001180,890100787232,Beverages,85,bottle,276.74,429.50,2027-01-15,Aisle 06,chilled
Signature Cinnamon Spice Surface Floor Cleaner Rose 250g,Kaveri Botanicals,HOUS-001181,890100787233,Household & Personal Care,74,box,231.14,420.33,2027-03-14,Aisle 11,ambient
Royal Chatpata Masala Butter Croissants 2-Pack,Dabur Botanicals,BAKE-001182,890100787234,Bakery & Deli,7,pcs,265.20,342.67,2026-09-09,Aisle 04,ambient
Wildcrafted Pista Almond Electrolyte Energy Drink 200ml,Ganga Co.,BEVE-001183,890100787235,Beverages,240,carton,26.74,49.25,2026-08-23,Aisle 06,ambient
Roasted Tulsi Honey Ricotta Fresh 250g,Organic Tattva Foods,DAIR-001184,890100787236,Dairy & Eggs,173,packet,426.98,676.10,2026-09-09,Aisle 02,chilled
Plant-Based Fresh Mint (Pudina) 50g,FarmGold Kitchens,FRES-001185,890100787237,Fresh Produce,165,kg,142.95,231.37,2026-09-02,Aisle 01,chilled
Golden Watermelon 10kg,Deccan Organics,FRES-001186,890100787238,Fresh Produce,162,kg,73.64,92.97,2026-09-11,Aisle 01,ambient
Desi Ladyfinger (Bhindi) 10kg,Dabur Springs,FRES-001187,890100787239,Fresh Produce,188,bunch,28.16,36.47,2026-09-17,Aisle 01,ambient
Country Style Wood-Fired Veggie Pizza 750ml,Deccan Naturals,FROZ-001188,890100787240,Frozen Foods,163,box,66.34,114.82,2027-03-12,Aisle 08,frozen
Aged Cold-Pressed Groundnut Oil 8-Pack,Amul Co.,PANT-001189,890100787241,Pantry & Dry Goods,95,bottle,678.43,891.19,2027-07-05,Aisle 06,ambient
Authentic Butter Murukku 150g,Nature Harvest Naturals,SNAC-001190,890100787242,Snacks & Confectionery,234,bar,360.87,495.72,2026-10-21,Aisle 10,ambient
Handcrafted Alphonso Mango Surface Floor Cleaner Rose 500g,Urban Roots Co.,HOUS-001191,890100787243,Household & Personal Care,125,bottle,158.73,289.69,2028-06-07,Aisle 12,ambient
Country Style Mosquito Vaporizer Refill 500ml,Tata Naturals,HOUS-001192,890100787244,Household & Personal Care,122,bottle,78.01,107.95,2028-03-23,Aisle 12,ambient
Grass-Fed Garlic & Herb Pasture Eggs 330ml,Vedic Fresh Milling,DAIR-001193,890100787245,Dairy & Eggs,188,box,263.87,411.20,2026-09-21,Aisle 03,chilled
Cured Mozzarella Shredded Snack Pack,Heritage Co.,DAIR-001194,890100787246,Dairy & Eggs,113,carton,166.24,220.39,2026-09-10,Aisle 03,chilled
Cured Cinnamon Spice Kulcha 4-Pack Family Pack,Ganga Botanicals,BAKE-001195,890100787247,Bakery & Deli,35,pack,35.29,50.33,2026-08-28,Aisle 03,chilled
Rustic Makhana Crunch Coconut Milk Canned 750ml,Nilgiri Milling,PANT-001196,890100787248,Pantry & Dry Goods,236,jar,375.93,656.82,2027-10-27,Aisle 06,ambient
Free-Range Rose Infused Cold Pressed Orange Juice 350g,Dabur Plantations,BEVE-001197,890100787249,Beverages,217,bag,210.49,327.62,2027-02-03,Aisle 06,chilled
Farm-Fresh Cardamom Spiced Himalayan Spring Water Value Pack,Himalayan Provisions,BEVE-001198,890100787250,Beverages,88,bottle,345.55,489.82,2026-08-28,Aisle 06,chilled
Stone-Ground Toasted Sesame Biodegradable Garbage Bags 1.5L,Himalayan Organics,HOUS-001199,890100787251,Household & Personal Care,111,packet,195.23,331.16,2027-06-12,Aisle 11,ambient
Natural Red Chilli & Garlic Unsalted White Butter 1L,Mother Dairy Foods,DAIR-001200,890100787252,Dairy & Eggs,166,bottle,463.82,659.67,2026-09-07,Aisle 02,chilled
Grass-Fed Kachi Ghani Mustard Crab Meat Fresh 10-Pack,Amul Agro,MEAT-001201,890100787253,Meat & Seafood,126,pcs,180.31,234.89,2026-09-03,Aisle 04,chilled
Homestyle Lentils Red Masoor 200ml,SunBrite Organics,PANT-001202,890100787254,Pantry & Dry Goods,188,packet,216.87,375.01,2027-06-25,Aisle 06,ambient
Natural 70% Dark Chocolate Bar 400g,Heritage Kitchens,SNAC-001203,890100787255,Snacks & Confectionery,49,box,303.75,502.66,2027-02-16,Aisle 09,ambient
Rustic Garlic & Herb Lentils Red Masoor Snack Pack,Everest Dairy,PANT-001204,890100787256,Pantry & Dry Goods,39,packet,181.97,291.55,2027-04-24,Aisle 08,ambient
Smoked Fresh Rohu Fish Family Pack,Satvik Goods,MEAT-001205,890100787257,Meat & Seafood,98,kg,367.85,566.66,2026-08-30,Aisle 04,chilled
Wildcrafted Paneer Tikka Deli 50g,Mother Dairy Foods,BAKE-001206,890100787258,Bakery & Deli,39,pcs,211.05,269.17,2026-09-10,Aisle 03,ambient
Cold-Pressed Toasted Sesame Kabuli Chana Large 4-Pack,Amul Mills,PANT-001207,890100787259,Pantry & Dry Goods,14,can,345.48,496.48,2028-08-12,Aisle 06,ambient
Select Tulsi Honey Hash Browns 6pk 350g,Pashmina Milling,FROZ-001208,890100787260,Frozen Foods,232,pack,289.40,526.78,2027-02-01,Aisle 08,frozen
Sweet Pineapples 6-Pack,Nature Harvest Dairy,FRES-001209,890100787261,Fresh Produce,103,kg,25.00,42.13,2026-09-06,Aisle 02,chilled
Sweet Kashmiri Saffron Chicken Drumsticks 10-Pack,Bhoomi Harvest,MEAT-001210,890100787262,Meat & Seafood,98,pack,232.12,330.17,2026-08-31,Aisle 04,chilled
Unpolished Vanilla Bean Mutton Curry Cut 10-Pack,Nilgiri Naturals,MEAT-001211,890100787263,Meat & Seafood,16,pack,870.40,1316.89,2026-09-03,Aisle 04,chilled
Signature Kitchen Paper Towels 4-Roll 1L,Himalayan Botanicals,HOUS-001212,890100787264,Household & Personal Care,13,pack,544.68,782.37,2029-01-27,Aisle 11,ambient
Farm-Fresh Truffle Infused Soan Papdi Box 5L,Catch Plantations,SNAC-001213,890100787265,Snacks & Confectionery,93,bar,117.83,213.81,2027-03-03,Aisle 09,ambient
Rustic Goat Mince Premium 5kg,Himalayan Organics,MEAT-001214,890100787266,Meat & Seafood,231,pcs,652.74,953.23,2026-09-03,Aisle 04,chilled
Cold-Pressed Mint Lime Himalayan Spring Water Value Pack,Heritage Goods,BEVE-001215,890100787267,Beverages,57,can,201.24,365.64,2027-03-06,Aisle 05,chilled
Artisan Kashmiri Saffron Granola Health Bars 330ml,Kaveri Provisions,SNAC-001216,890100787268,Snacks & Confectionery,34,tub,330.05,500.42,2026-11-10,Aisle 10,ambient
Premium Makhana Crunch Organic Rolled Oats 400g,Ganga Botanicals,PANT-001217,890100787269,Pantry & Dry Goods,63,can,296.43,521.65,2027-08-31,Aisle 07,ambient
Roasted Tandoori Smoked Surmai Steaks 150g,Deccan Springs,MEAT-001218,890100787270,Meat & Seafood,97,pcs,749.78,1311.16,2026-08-29,Aisle 05,chilled
Zero-Sugar Kashmiri Saffron Cauliflower 100g,Himalayan Milling,FRES-001219,890100787271,Fresh Produce,119,pcs,99.08,168.48,2026-08-26,Aisle 02,chilled
Stone-Ground Spicy Peanut Chikki 5kg,Urban Roots Farms,SNAC-001220,890100787272,Snacks & Confectionery,172,bar,301.53,426.97,2027-05-07,Aisle 10,ambient
Low-Sodium Nagpur Orange Poha Thick Flakes 8-Pack,Himalayan Kitchens,PANT-001221,890100787273,Pantry & Dry Goods,226,jar,246.74,385.38,2028-06-30,Aisle 07,ambient
Pure Cardamom Spiced Pita Bread 200ml,Everest Milling,BAKE-001222,890100787274,Bakery & Deli,192,pcs,250.38,315.67,2026-09-04,Aisle 03,ambient
Roasted Dishwash Gel Lemon 200ml,Mother Dairy Goods,HOUS-001223,890100787275,Household & Personal Care,93,pack,578.49,788.45,2026-08-28,Aisle 12,ambient
Homestyle Fresh Rohu Fish 1L,Vedic Fresh Botanicals,MEAT-001224,890100787276,Meat & Seafood,132,pack,184.49,300.93,2026-09-01,Aisle 05,chilled
Sun-Dried Frozen Veg Momos 200g,Satvik Provisions,FROZ-001225,890100787277,Frozen Foods,89,bag,189.61,306.24,2026-12-03,Aisle 08,frozen
Handcrafted Garlic Bulbs 2kg,Nilgiri Milling,FRES-001226,890100787278,Fresh Produce,8,pack,65.69,100.83,2026-09-04,Aisle 02,chilled
Authentic Jalapeno Lime Banana Chips Kerala Style 2kg,Pure Vedic Dairy,SNAC-001227,890100787279,Snacks & Confectionery,224,box,228.94,331.88,2027-02-28,Aisle 10,ambient
Spiced Buffalo Milk 250g,Deccan Goods,DAIR-001228,890100787280,Dairy & Eggs,201,box,134.21,235.15,2026-09-25,Aisle 03,chilled
Artisan Butter Murukku 1kg,Tata Kitchens,SNAC-001229,890100787281,Snacks & Confectionery,225,box,437.93,755.92,2026-11-27,Aisle 09,ambient
Aged Flavored Yogurt 200ml,Desi Organics Mills,DAIR-001230,890100787282,Dairy & Eggs,25,box,394.31,554.62,2026-09-05,Aisle 03,chilled
Country Style Smoked Paprika Organic Brown Sugar Family Pack,Organic Tattva Goods,PANT-001231,890100787283,Pantry & Dry Goods,35,can,379.62,510.98,2027-05-31,Aisle 07,ambient
Extra-Virgin Dark Chocolate Pears 10-Pack,Everest Botanicals,FRES-001232,890100787284,Fresh Produce,182,bag,112.58,174.09,2026-09-02,Aisle 02,chilled
Crisp Cinnamon Spice Surface Floor Cleaner Rose 6-Pack,SunBrite Naturals,HOUS-001233,890100787285,Household & Personal Care,195,box,216.30,365.21,2028-07-29,Aisle 11,ambient
Spiced Boneless Chicken Breast 12-Pack,Vedic Fresh Naturals,MEAT-001234,890100787286,Meat & Seafood,109,kg,747.13,1102.41,2026-09-03,Aisle 05,chilled
Raw Sea Salt Biodegradable Garbage Bags 200ml,Dabur Harvest,HOUS-001235,890100787287,Household & Personal Care,77,packet,399.19,573.54,2028-11-01,Aisle 11,ambient
Premium Nagpur Orange Paneer Block 750ml,Desi Organics Milling,DAIR-001236,890100787288,Dairy & Eggs,152,tub,115.22,191.74,2026-09-13,Aisle 03,chilled
Grass-Fed Parmigiano-Reggiano 2-Pack,Green Earth Mills,DAIR-001237,890100787289,Dairy & Eggs,120,bottle,455.11,569.08,2026-09-25,Aisle 03,chilled
Zero-Sugar Pista Almond Garlic Naan Frozen 4pk 200ml,Royal Indian Milling,FROZ-001238,890100787290,Frozen Foods,241,box,369.60,477.29,2027-08-26,Aisle 09,frozen
Gourmet Coconut Cream Mutton Curry Cut 200ml,Nature Harvest Springs,MEAT-001239,890100787291,Meat & Seafood,128,kg,181.56,316.38,2026-08-29,Aisle 05,chilled
Extra-Virgin Alphonso Mango Chicken Keema 10kg,Everest Mills,MEAT-001240,890100787292,Meat & Seafood,49,kg,673.42,860.65,2026-09-02,Aisle 05,chilled
Pure Cinnamon Spice Diet Mixture Namkeen 250g,Green Earth Springs,SNAC-001241,890100787293,Snacks & Confectionery,149,packet,327.47,545.40,2026-11-30,Aisle 10,ambient
Signature Masala Chai Soan Papdi Box 5L,Catch Provisions,SNAC-001242,890100787294,Snacks & Confectionery,128,box,355.40,615.42,2026-11-13,Aisle 09,ambient
Gluten-Free Multigrain Tortillas 1kg,Desi Organics Springs,BAKE-001243,890100787295,Bakery & Deli,138,pcs,142.88,205.30,2026-08-22,Aisle 03,ambient
Free-Range Basa Fish Fillets 250ml,Fortune Goods,MEAT-001244,890100787296,Meat & Seafood,98,pcs,331.57,572.56,2026-09-03,Aisle 05,chilled
Stone-Ground Frozen Green Peas 24-Pack,Amul Plantations,FROZ-001245,890100787297,Frozen Foods,88,tub,354.16,487.53,2027-02-12,Aisle 09,frozen
Organic Desi Cow Ghee 8-Pack,Green Earth Milling,DAIR-001246,890100787298,Dairy & Eggs,104,pack,502.87,711.02,2026-09-13,Aisle 03,chilled
Royal Matcha Green Tea Dishwash Gel Lemon 200ml,Saffola Naturals,HOUS-001247,890100787299,Household & Personal Care,152,bottle,136.18,239.99,2028-01-08,Aisle 12,ambient
Signature Iced Lemon Tea 24-Pack,Pure Vedic Milling,BEVE-001248,890100787300,Beverages,105,bag,429.07,718.44,2026-12-21,Aisle 05,ambient
Aged Banana Chips Kerala Style 5kg,SunBrite Co.,SNAC-001249,890100787301,Snacks & Confectionery,189,bar,312.38,396.04,2026-08-17,Aisle 10,ambient
Gluten-Free Mint Lime Cold-Pressed Groundnut Oil 1kg,Himalayan Organics,PANT-001250,890100787302,Pantry & Dry Goods,140,bottle,168.34,233.81,2026-08-29,Aisle 06,ambient
Country Style Chicken Frankfurters 6-Pack,Organic Tattva Agro,BAKE-001251,890100787303,Bakery & Deli,205,pack,134.90,213.87,2026-08-31,Aisle 04,chilled
Artisan Cardamom Spiced Ladyfinger (Bhindi) 10kg,Organic Tattva Agro,FRES-001252,890100787304,Fresh Produce,84,kg,48.34,87.74,2026-09-06,Aisle 02,chilled
Plant-Based Soan Papdi Box 1kg,Tata Agro,SNAC-001253,890100787305,Snacks & Confectionery,148,packet,101.61,158.69,2026-11-13,Aisle 10,ambient
Gluten-Free Sweet Potatoes 8-Pack,Amul Mills,FRES-001254,890100787306,Fresh Produce,196,bag,50.28,63.98,2026-09-07,Aisle 01,ambient
Low-Sodium Alphonso Mango Garlic Naan Frozen 4pk 350g,Tata Provisions,FROZ-001255,890100787307,Frozen Foods,91,packet,309.68,558.19,2027-07-05,Aisle 09,frozen
Zero-Sugar Herbal Hand Wash Neem 1.5L,Mother Dairy Harvest,HOUS-001256,890100787308,Household & Personal Care,71,tube,124.45,173.76,2028-06-05,Aisle 11,ambient
Organic Tulsi Honey Shampoo Anti-Dandruff 150g,Mother Dairy Co.,HOUS-001257,890100787309,Household & Personal Care,245,tube,527.28,859.41,2027-06-03,Aisle 12,ambient
Whole-Grain Kashmiri Saffron Mozzarella Shredded 200g,FarmGold Springs,DAIR-001258,890100787310,Dairy & Eggs,137,packet,274.21,437.92,2026-09-25,Aisle 02,chilled
Country Style Alphonso Mangoes 8-Pack,Heritage Foods,FRES-001259,890100787311,Fresh Produce,228,kg,128.19,188.41,2026-08-17,Aisle 01,ambient
Sun-Dried Caramelized Onion Banana Chips Kerala Style 12-Pack,Pure Vedic Farms,SNAC-001260,890100787312,Snacks & Confectionery,93,pack,97.99,160.58,2026-10-12,Aisle 09,ambient
Desi Bhujia Sev 250ml,Tata Milling,SNAC-001261,890100787313,Snacks & Confectionery,181,bag,229.02,408.87,2027-01-05,Aisle 09,ambient
Organic Fish Fingers Frozen 5kg,Desi Organics Farms,FROZ-001262,890100787314,Frozen Foods,125,packet,401.25,586.22,2026-08-21,Aisle 08,frozen
Plant-Based Watermelon 4-Pack,Urban Roots Foods,FRES-001263,890100787315,Fresh Produce,177,bunch,145.89,184.22,2026-09-06,Aisle 02,ambient
Organic Bhujia Sev 6-Pack,Nature Harvest Milling,SNAC-001264,890100787316,Snacks & Confectionery,179,bag,63.77,90.33,2027-01-27,Aisle 09,ambient
Smoked Kachi Ghani Mustard Banana Chips Kerala Style 750ml,Fortune Agro,SNAC-001265,890100787317,Snacks & Confectionery,235,bar,399.27,574.32,2027-02-19,Aisle 09,ambient
Sweet Garlic Naan Frozen 4pk 750ml,Pure Vedic Goods,FROZ-001266,890100787318,Frozen Foods,204,tub,315.85,525.93,2026-12-18,Aisle 08,frozen
Valley Fresh Ciabatta Roll 6-Pack,Catch Plantations,BAKE-001267,890100787319,Bakery & Deli,236,pcs,89.43,153.96,2026-09-04,Aisle 04,ambient
Raw Greek Yogurt 750ml,Himalayan Foods,DAIR-001268,890100787320,Dairy & Eggs,16,tub,506.80,856.26,2026-09-05,Aisle 03,chilled
Royal Flavored Yogurt 100g,Tata Agro,DAIR-001269,890100787321,Dairy & Eggs,70,packet,449.20,588.84,2026-09-22,Aisle 03,chilled
Signature Basa Fish Fillets 5L,Everest Co.,MEAT-001270,890100787322,Meat & Seafood,124,pack,214.14,333.97,2026-09-01,Aisle 05,chilled
Homestyle Organic Sharbati Atta 8-Pack,Fortune Farms,PANT-001271,890100787323,Pantry & Dry Goods,98,can,414.94,624.28,2027-01-29,Aisle 06,ambient
Premium Masala Chai Mosquito Vaporizer Refill 1kg,Everest Springs,HOUS-001272,890100787324,Household & Personal Care,32,tube,581.18,1022.77,2027-12-19,Aisle 11,ambient
Select Biodegradable Garbage Bags 4-Pack,Catch Plantations,HOUS-001273,890100787325,Household & Personal Care,61,tube,202.51,368.09,2026-08-19,Aisle 11,ambient
Roasted Kesar Pista Herbal Hand Wash Neem 10-Pack,Organic Tattva Goods,HOUS-001274,890100787326,Household & Personal Care,60,bottle,60.00,107.79,2028-06-21,Aisle 12,ambient
Wildcrafted Dark Chocolate Organic Brown Sugar Snack Pack,Satvik Milling,PANT-001275,890100787327,Pantry & Dry Goods,236,bottle,227.37,294.76,2027-08-23,Aisle 06,ambient
Cured Tulsi Honey Sourdough Loaf 4-Pack,Everest Provisions,BAKE-001276,890100787328,Bakery & Deli,93,box,155.39,274.43,2026-09-01,Aisle 04,ambient
Handcrafted Bottle Gourd (Lauki) 5kg,Nilgiri Farms,FRES-001277,890100787329,Fresh Produce,60,pack,62.92,81.67,2026-09-12,Aisle 01,ambient
Cold-Pressed Crab Meat Fresh 1kg,Heritage Goods,MEAT-001278,890100787330,Meat & Seafood,245,kg,226.55,353.04,2026-08-24,Aisle 05,chilled
Golden Bananas 24-Pack,Catch Botanicals,FRES-001279,890100787331,Fresh Produce,113,pcs,75.99,107.61,2026-09-12,Aisle 01,ambient
Aged Mint Lime Crab Meat Fresh 150g,Fortune Co.,MEAT-001280,890100787332,Meat & Seafood,204,pcs,363.89,493.66,2026-09-02,Aisle 04,chilled
Plant-Based Spicy Peanut Chikki 300g,Catch Dairy,SNAC-001281,890100787333,Snacks & Confectionery,194,box,118.80,165.71,2026-12-13,Aisle 10,ambient
Unpolished Tandoori Smoked Catla Fish Steaks 150g,Bhoomi Springs,MEAT-001282,890100787334,Meat & Seafood,84,kg,823.10,1277.07,2026-09-02,Aisle 05,chilled
Golden Nagpur Orange Paneer Paratha Frozen 10-Pack,Tata Botanicals,FROZ-001283,890100787335,Frozen Foods,85,bag,359.44,468.06,2027-08-15,Aisle 08,frozen
Gluten-Free Toasted Sesame Boneless Chicken Breast Value Pack,Ganga Agro,MEAT-001284,890100787336,Meat & Seafood,52,kg,872.68,1524.35,2026-08-28,Aisle 05,chilled
Heritage Toasted Sesame Watermelon 250ml,Dabur Goods,FRES-001285,890100787337,Fresh Produce,205,bunch,96.42,165.58,2026-08-29,Aisle 01,ambient
Smoked Kaju Katli Sweet Box Value Pack,Vedic Fresh Provisions,SNAC-001286,890100787338,Snacks & Confectionery,113,packet,270.97,367.33,2026-11-29,Aisle 10,ambient
Pure Parmigiano-Reggiano 750g,Mother Dairy Botanicals,DAIR-001287,890100787339,Dairy & Eggs,200,box,391.35,610.82,2026-09-03,Aisle 03,chilled
Gourmet Fruit Cake Slice Family Pack,Pashmina Springs,BAKE-001288,890100787340,Bakery & Deli,76,pcs,43.74,63.12,2026-08-28,Aisle 04,ambient
Crisp Rose Infused Cold Pressed Orange Juice 12-Pack,Patanjali Provisions,BEVE-001289,890100787341,Beverages,14,box,340.46,523.38,2027-04-16,Aisle 06,chilled
Cold-Pressed Chana Dal Polished 250ml,Nilgiri Organics,PANT-001290,890100787342,Pantry & Dry Goods,195,bag,311.46,554.65,2028-03-03,Aisle 08,ambient
Cured Atlantic Salmon Fillet 24-Pack,Himalayan Kitchens,MEAT-001291,890100787343,Meat & Seafood,106,pack,903.15,1344.19,2026-08-29,Aisle 04,chilled
Sweet Basa Fish Fillets 200ml,Pure Vedic Milling,MEAT-001292,890100787344,Meat & Seafood,49,kg,812.77,1229.02,2026-09-03,Aisle 04,chilled
Natural Dry Fruits Trail Mix 6-Pack,Satvik Provisions,SNAC-001293,890100787345,Snacks & Confectionery,187,box,414.05,534.03,2027-04-18,Aisle 09,ambient
Plant-Based Rose Infused Pomegranates 1.5L,Mother Dairy Agro,FRES-001294,890100787346,Fresh Produce,133,bunch,137.10,207.58,2026-09-02,Aisle 02,ambient
Cured Bananas 8-Pack,Pure Vedic Kitchens,FRES-001295,890100787347,Fresh Produce,185,bunch,99.45,179.67,2026-09-11,Aisle 01,chilled
Gourmet Cardamom Spiced Masala CTC Tea 750ml,Vedic Fresh Plantations,BEVE-001296,890100787348,Beverages,29,bag,66.61,121.53,2027-07-19,Aisle 05,ambient
Signature Alphonso Mango Organic Sharbati Atta 1.5L,Heritage Mills,PANT-001297,890100787349,Pantry & Dry Goods,81,bag,220.49,355.32,2027-08-26,Aisle 07,ambient
Cured Makhana Crunch Iced Lemon Tea 1.5L,Nature Harvest Agro,BEVE-001298,890100787350,Beverages,147,box,86.12,116.63,2026-08-18,Aisle 06,chilled
Extra-Virgin Truffle Infused Garlic Naan Frozen 4pk 2kg,Mother Dairy Harvest,FROZ-001299,890100787351,Frozen Foods,10,packet,360.32,637.25,2027-01-15,Aisle 08,frozen
Organic Kesar Pista Guava Chilli Juice 750g,Tata Organics,BEVE-001300,890100787352,Beverages,113,box,158.26,218.03,2027-03-05,Aisle 05,chilled
Royal Edamame Pods 24-Pack,Amul Naturals,FROZ-001301,890100787353,Frozen Foods,40,tub,300.69,499.58,2027-07-28,Aisle 09,frozen
Natural Rose Infused California Almonds 750ml,Catch Dairy,SNAC-001302,890100787354,Snacks & Confectionery,17,tub,44.08,68.27,2027-05-25,Aisle 10,ambient
Zero-Sugar Chatpata Masala Greek Yogurt Family Pack,Ganga Milling,DAIR-001303,890100787355,Dairy & Eggs,147,carton,33.23,51.94,2026-09-18,Aisle 03,chilled
Golden Vanilla Bean Cow Milk 250ml,Green Earth Mills,DAIR-001304,890100787356,Dairy & Eggs,25,box,345.06,519.44,2026-08-27,Aisle 03,chilled
Zero-Sugar Pista Almond Kitchen Paper Towels 4-Roll 5kg,Royal Indian Mills,HOUS-001305,890100787357,Household & Personal Care,72,bottle,389.67,528.74,2029-04-10,Aisle 12,ambient
Sweet Sea Salt Roasted Salted Cashews 10kg,Vedic Fresh Goods,SNAC-001306,890100787358,Snacks & Confectionery,175,packet,35.49,47.72,2027-02-20,Aisle 09,ambient
Unpolished Mozzarella Shredded 1kg,Amul Kitchens,DAIR-001307,890100787359,Dairy & Eggs,220,packet,45.28,79.92,2026-09-09,Aisle 02,chilled
Aged Caramelized Onion Organic Brown Sugar 150g,Patanjali Organics,PANT-001308,890100787360,Pantry & Dry Goods,245,can,583.55,918.90,2027-07-16,Aisle 06,ambient
Select Paneer Tikka Deli 1L,Mother Dairy Agro,BAKE-001309,890100787361,Bakery & Deli,144,pack,268.44,429.58,2026-09-04,Aisle 03,chilled
Free-Range Biodegradable Garbage Bags 10kg,Satvik Milling,HOUS-001310,890100787362,Household & Personal Care,46,tube,110.38,147.92,2027-09-08,Aisle 11,ambient
Whole-Grain Paneer Paratha Frozen 750g,Kaveri Organics,FROZ-001311,890100787363,Frozen Foods,146,tub,103.61,144.53,2026-12-13,Aisle 09,frozen
Valley Fresh Apple Cider Vinegar Drink 500g,Urban Roots Organics,BEVE-001312,890100787364,Beverages,141,box,255.02,430.55,2026-09-15,Aisle 06,chilled
Homestyle Nagpur Orange Herbal Hand Wash Neem 200ml,Organic Tattva Naturals,HOUS-001313,890100787365,Household & Personal Care,132,packet,591.71,1042.67,2027-03-01,Aisle 12,ambient
Cured Matcha Green Tea Organic Green Tea 1kg,Deccan Kitchens,BEVE-001314,890100787366,Beverages,236,carton,164.71,251.83,2027-08-20,Aisle 05,ambient
Heritage Cardamom Spiced Soan Papdi Box 500ml,Pashmina Agro,SNAC-001315,890100787367,Snacks & Confectionery,149,bar,301.94,499.82,2027-03-21,Aisle 10,ambient
Crisp Pink Himalayan Salt 100g,FarmGold Botanicals,PANT-001316,890100787368,Pantry & Dry Goods,172,jar,678.58,1070.45,2027-10-23,Aisle 06,ambient
Wildcrafted Cardamom Spiced Poha Thick Flakes Family Pack,Ganga Organics,PANT-001317,890100787369,Pantry & Dry Goods,250,can,328.82,558.99,2027-12-16,Aisle 07,ambient
Cured Royal Basmati Rice 10-Pack,Desi Organics Foods,PANT-001318,890100787370,Pantry & Dry Goods,100,packet,498.17,711.07,2027-06-17,Aisle 08,ambient
Signature Organic Sharbati Atta 350g,Pure Vedic Naturals,PANT-001319,890100787371,Pantry & Dry Goods,21,box,98.64,140.70,2027-02-11,Aisle 06,ambient
Spiced 70% Dark Chocolate Bar 5L,SunBrite Provisions,SNAC-001320,890100787372,Snacks & Confectionery,53,box,362.36,503.91,2027-05-25,Aisle 09,ambient
Signature Gourmet Cookies Choco-Chip Family Pack,Patanjali Springs,SNAC-001321,890100787373,Snacks & Confectionery,140,tub,240.49,412.04,2026-08-29,Aisle 09,ambient
Stone-Ground Jalapeno Lime Sourdough Loaf 10kg,Tata Goods,BAKE-001322,890100787374,Bakery & Deli,18,pack,317.67,471.70,2026-09-01,Aisle 04,ambient
Spiced Fruit Muffins 750ml,Heritage Mills,BAKE-001323,890100787375,Bakery & Deli,143,box,257.66,385.72,2026-09-09,Aisle 03,chilled
Crisp Matcha Green Tea Mosquito Vaporizer Refill 2kg,Fortune Mills,HOUS-001324,890100787376,Household & Personal Care,139,tube,366.58,667.64,2028-06-24,Aisle 11,ambient
Gluten-Free Kachi Ghani Mustard Electrolyte Energy Drink 2kg,FarmGold Mills,BEVE-001325,890100787377,Beverages,49,bottle,136.91,187.40,2027-07-16,Aisle 05,ambient
Cured Moong Dal Namkeen 10kg,Heritage Mills,SNAC-001326,890100787378,Snacks & Confectionery,217,bar,323.62,414.34,2026-12-22,Aisle 10,ambient
Homestyle Rose Infused Pink Himalayan Salt 350g,Organic Tattva Co.,PANT-001327,890100787379,Pantry & Dry Goods,41,bottle,551.91,976.47,2027-06-01,Aisle 06,ambient
Desi Cinnamon Spice Frozen Samosas 50g,Everest Co.,FROZ-001328,890100787380,Frozen Foods,82,box,234.45,316.40,2027-04-02,Aisle 08,frozen
Stone-Ground Nagpur Orange Fruit Muffins 1kg,Satvik Naturals,BAKE-001329,890100787381,Bakery & Deli,45,pack,304.91,495.29,2026-09-04,Aisle 04,chilled
Smoked Raw Wildflower Honey 150g,Fortune Naturals,PANT-001330,890100787382,Pantry & Dry Goods,86,box,57.71,78.66,2027-08-19,Aisle 08,ambient
Aged Red Chilli & Garlic Kulcha 4-Pack 12-Pack,Urban Roots Kitchens,BAKE-001331,890100787383,Bakery & Deli,189,box,211.87,362.84,2026-08-29,Aisle 03,ambient
Artisan Cinnamon Spice Veg Spring Rolls 500g,Patanjali Co.,FROZ-001332,890100787384,Frozen Foods,5,box,347.90,620.82,2027-04-22,Aisle 08,frozen
Cold-Pressed Kesar Pista Papayas 750g,Patanjali Dairy,FRES-001333,890100787385,Fresh Produce,55,pack,84.87,124.98,2026-09-03,Aisle 01,chilled
Unpolished Rose Infused Tonic Water Premium 750ml,Green Earth Mills,BEVE-001334,890100787386,Beverages,73,pack,252.68,391.59,2026-10-21,Aisle 05,chilled
Gourmet Pomegranates 50g,Organic Tattva Springs,FRES-001335,890100787387,Fresh Produce,165,bunch,94.90,131.51,2026-09-07,Aisle 02,ambient
Artisan Toasted Sesame Shampoo Anti-Dandruff 200ml,Heritage Foods,HOUS-001336,890100787388,Household & Personal Care,176,tube,163.54,249.73,2029-04-14,Aisle 12,ambient
Low-Sodium Fresh Mosambi Juice 6-Pack,Tata Provisions,BEVE-001337,890100787389,Beverages,245,box,247.66,367.10,2027-01-13,Aisle 06,chilled
Free-Range Hash Browns 6pk 330ml,Ganga Mills,FROZ-001338,890100787390,Frozen Foods,221,packet,322.51,406.97,2027-03-19,Aisle 08,frozen
Authentic Toasted Sesame Organic Green Tea 350g,Heritage Foods,BEVE-001339,890100787391,Beverages,150,can,24.62,40.73,2027-04-12,Aisle 05,chilled
Grass-Fed Cream Cheese 200ml,Green Earth Plantations,DAIR-001340,890100787392,Dairy & Eggs,39,pack,356.63,650.37,2026-09-02,Aisle 03,chilled
Low-Sodium Buffalo Milk 50g,Dabur Botanicals,DAIR-001341,890100787393,Dairy & Eggs,32,tub,135.04,187.31,2026-09-12,Aisle 03,chilled
Free-Range Lemon Pepper Cheese Croissant 150ml,Deccan Springs,BAKE-001342,890100787394,Bakery & Deli,78,box,222.10,310.91,2026-09-07,Aisle 03,ambient
Valley Fresh Coconut Cream Diet Mixture Namkeen 200g,Mother Dairy Dairy,SNAC-001343,890100787395,Snacks & Confectionery,119,box,158.30,235.52,2026-08-28,Aisle 10,ambient
Cold-Pressed Nagpur Orange Buffalo Milk 6-Pack,Fortune Harvest,DAIR-001344,890100787396,Dairy & Eggs,55,carton,75.43,128.46,2026-09-10,Aisle 02,chilled
Signature Dark Chocolate Cold-Pressed Groundnut Oil 8-Pack,Satvik Milling,PANT-001345,890100787397,Pantry & Dry Goods,227,jar,86.14,135.63,2027-07-19,Aisle 06,ambient
Artisan Mint Lime Filter Coffee Beans 150ml,Green Earth Springs,BEVE-001346,890100787398,Beverages,162,bag,32.93,60.39,2027-06-07,Aisle 05,chilled
Raw Alphonso Mango Cinnamon Swirl Buns 200ml,Kaveri Plantations,BAKE-001347,890100787399,Bakery & Deli,170,pcs,232.02,375.97,2026-08-28,Aisle 03,ambient
Low-Sodium Aloo Tikki 8-Pack 6-Pack,Patanjali Co.,FROZ-001348,890100787400,Frozen Foods,76,tub,235.74,432.61,2027-05-23,Aisle 09,frozen
Traditional Red Chilli & Garlic 70% Dark Chocolate Bar 8-Pack,Fortune Provisions,SNAC-001349,890100787401,Snacks & Confectionery,8,bar,292.73,368.58,2026-12-22,Aisle 09,ambient
Grass-Fed Nagpur Orange Garlic Naan Frozen 4pk 750g,Tata Springs,FROZ-001350,890100787402,Frozen Foods,223,packet,264.74,433.10,2027-03-20,Aisle 09,frozen
Crisp Garlic & Herb Dry Fruits Trail Mix 750g,Kaveri Springs,SNAC-001351,890100787403,Snacks & Confectionery,225,pack,47.37,86.70,2026-10-23,Aisle 09,ambient
Gluten-Free Kulcha 4-Pack 250g,SunBrite Farms,BAKE-001352,890100787404,Bakery & Deli,80,box,82.38,147.41,2026-09-02,Aisle 03,chilled
Farm-Fresh Sweet Tamarind Heavy Cream 5L,Himalayan Co.,DAIR-001353,890100787405,Dairy & Eggs,66,carton,184.03,285.79,2026-09-19,Aisle 03,chilled
Cold-Pressed Masala Chai Oat Milk 1kg,Patanjali Co.,DAIR-001354,890100787406,Dairy & Eggs,170,tub,304.74,519.93,2026-09-04,Aisle 02,chilled
Signature Cardamom Spiced Mozzarella Shredded 500g,Ganga Goods,DAIR-001355,890100787407,Dairy & Eggs,22,tub,137.58,215.02,2026-09-11,Aisle 02,chilled
Valley Fresh Pista Almond 70% Dark Chocolate Bar 12-Pack,Amul Plantations,SNAC-001356,890100787408,Snacks & Confectionery,109,bag,302.11,519.12,2026-12-08,Aisle 09,ambient
Traditional Pink Himalayan Salt 500g,Green Earth Naturals,PANT-001357,890100787409,Pantry & Dry Goods,112,packet,649.89,954.95,2028-06-29,Aisle 08,ambient
Aged Chatpata Masala Frozen Paneer Cubes 150ml,SunBrite Farms,FROZ-001358,890100787410,Frozen Foods,195,bag,313.41,450.33,2027-07-26,Aisle 09,frozen
Golden Pista Almond Paneer Tikka Deli 4-Pack,Saffola Kitchens,BAKE-001359,890100787411,Bakery & Deli,29,pack,145.69,182.40,2026-09-10,Aisle 03,ambient
Homestyle Green Peas Fresh 1L,Everest Naturals,FRES-001360,890100787412,Fresh Produce,94,kg,34.99,62.18,2026-09-03,Aisle 01,ambient
Spiced Mint Lime Organic Green Tea 2kg,Dabur Mills,BEVE-001361,890100787413,Beverages,240,bag,175.05,248.15,2027-08-24,Aisle 05,ambient
Authentic Veg Spring Rolls 200ml,Urban Roots Mills,FROZ-001362,890100787414,Frozen Foods,237,box,144.34,183.49,2027-04-26,Aisle 09,frozen
Zero-Sugar Nimbu Paani Soda 5kg,Amul Foods,BEVE-001363,890100787415,Beverages,140,bag,297.40,544.46,2026-12-01,Aisle 05,chilled
Farm-Fresh Cream Cheese 500ml,Amul Botanicals,DAIR-001364,890100787416,Dairy & Eggs,32,bottle,378.94,697.55,2026-09-17,Aisle 02,chilled
Gourmet Caramelized Onion Mutton Curry Cut 10-Pack,Everest Dairy,MEAT-001365,890100787417,Meat & Seafood,122,pack,259.60,356.34,2026-09-03,Aisle 05,chilled
Extra-Virgin Fish Fingers Frozen 330ml,Himalayan Agro,FROZ-001366,890100787418,Frozen Foods,58,box,148.12,193.46,2026-11-20,Aisle 08,frozen
Raw Truffle Infused 70% Dark Chocolate Bar 5L,Bhoomi Springs,SNAC-001367,890100787419,Snacks & Confectionery,91,pack,277.79,348.50,2026-08-19,Aisle 09,ambient
Unpolished Frozen Green Peas Family Pack,Mother Dairy Kitchens,FROZ-001368,890100787420,Frozen Foods,75,pack,45.28,81.03,2027-07-20,Aisle 09,frozen
Low-Sodium Toasted Sesame Multigrain Tortillas 8-Pack,Saffola Farms,BAKE-001369,890100787421,Bakery & Deli,46,pcs,243.03,410.87,2026-08-15,Aisle 03,chilled
Wildcrafted Smoked Paprika Veg Burger Patties 24-Pack,Green Earth Organics,FROZ-001370,890100787422,Frozen Foods,151,pack,280.90,367.11,2027-07-29,Aisle 09,frozen
Zero-Sugar Mint Lime Chamomile Herbal Tea 350g,Green Earth Milling,BEVE-001371,890100787423,Beverages,136,bottle,325.21,584.84,2027-04-02,Aisle 06,ambient
Desi Masala Chai Ladyfinger (Bhindi) 250ml,SunBrite Agro,FRES-001372,890100787424,Fresh Produce,30,kg,153.63,254.40,2026-08-27,Aisle 01,ambient
Artisan Caramelized Onion Chana Dal Polished 150ml,Patanjali Dairy,PANT-001373,890100787425,Pantry & Dry Goods,120,bag,211.66,368.65,2028-06-19,Aisle 07,ambient
Premium Garlic & Herb Amla Juice Pure 10kg,Fortune Harvest,BEVE-001374,890100787426,Beverages,210,can,286.35,371.80,2026-08-28,Aisle 06,ambient
Aged Dark Chocolate Rusk Toast 10-Pack,Ganga Farms,BAKE-001375,890100787427,Bakery & Deli,43,pcs,265.08,460.87,2026-09-02,Aisle 03,chilled
Smoked Sweet Potatoes 1kg,Green Earth Farms,FRES-001376,890100787428,Fresh Produce,12,pcs,48.61,72.76,2026-09-13,Aisle 01,ambient
Wildcrafted Rawa Sooji 300g,Bhoomi Farms,PANT-001377,890100787429,Pantry & Dry Goods,135,can,396.11,502.80,2027-09-25,Aisle 07,ambient
Artisan Ricotta Fresh 1.5L,Pashmina Co.,DAIR-001378,890100787430,Dairy & Eggs,33,carton,349.04,469.08,2026-08-30,Aisle 02,chilled
Golden Vanilla Bean Soan Papdi Box 50g,Himalayan Foods,SNAC-001379,890100787431,Snacks & Confectionery,44,tub,372.95,689.54,2026-08-17,Aisle 10,ambient
Unpolished Frozen Green Peas 1.5L,Catch Botanicals,FROZ-001380,890100787432,Frozen Foods,249,bag,362.10,664.37,2027-05-07,Aisle 08,frozen
Crisp Cardamom Spiced Filter Coffee Beans 6-Pack,Organic Tattva Mills,BEVE-001381,890100787433,Beverages,171,box,308.13,501.17,2026-08-30,Aisle 06,ambient
Traditional Kachi Ghani Mustard Sparkling Mineral Water 250g,FarmGold Dairy,BEVE-001382,890100787434,Beverages,148,box,96.31,169.63,2027-05-12,Aisle 06,ambient
Crisp Almond Milk 750ml,Nature Harvest Provisions,DAIR-001383,890100787435,Dairy & Eggs,72,packet,105.59,160.60,2026-09-13,Aisle 02,chilled
Desi Heavy Cream 350g,Bhoomi Foods,DAIR-001384,890100787436,Dairy & Eggs,237,pack,148.17,226.07,2026-09-23,Aisle 02,chilled
Natural Rusk Toast 250ml,Catch Goods,BAKE-001385,890100787437,Bakery & Deli,47,pcs,47.90,78.43,2026-08-30,Aisle 04,chilled
Country Style Gouda Block 250ml,Pashmina Mills,DAIR-001386,890100787438,Dairy & Eggs,24,box,460.09,666.37,2026-08-28,Aisle 02,chilled
Pure Red Chilli & Garlic Sparkling Mineral Water 1kg,Royal Indian Organics,BEVE-001387,890100787439,Beverages,106,bottle,155.34,203.10,2026-11-15,Aisle 06,chilled
Valley Fresh Frozen Samosas Family Pack,Amul Harvest,FROZ-001388,890100787440,Frozen Foods,29,tub,315.07,457.65,2026-11-23,Aisle 08,frozen
Aged Vanilla Bean Toor Dal Premium 12-Pack,Pashmina Plantations,PANT-001389,890100787441,Pantry & Dry Goods,235,can,598.69,765.30,2027-08-22,Aisle 07,ambient
Rustic Bamboo Toothbrush 2pk Family Pack,Urban Roots Plantations,HOUS-001390,890100787442,Household & Personal Care,216,tube,510.62,800.02,2029-01-07,Aisle 12,ambient
Aged Kaju Katli Sweet Box 24-Pack,Nature Harvest Botanicals,SNAC-001391,890100787443,Snacks & Confectionery,133,box,211.14,268.17,2027-05-02,Aisle 09,ambient
Whole-Grain Cinnamon Spice Cold Pressed Orange Juice 1.5L,Catch Harvest,BEVE-001392,890100787444,Beverages,76,can,144.23,183.28,2027-08-01,Aisle 06,chilled
Zero-Sugar Sweet Tamarind Butter Croissants 150ml,Kaveri Foods,BAKE-001393,890100787445,Bakery & Deli,208,pcs,107.92,175.49,2026-09-07,Aisle 03,ambient
Wildcrafted Red Chilli & Garlic Curd Tub (Dahi) 1kg,Bhoomi Springs,DAIR-001394,890100787446,Dairy & Eggs,61,bottle,407.04,611.63,2026-09-16,Aisle 03,chilled
Spiced Coconut Milk Canned 150g,SunBrite Naturals,PANT-001395,890100787447,Pantry & Dry Goods,131,packet,645.38,1084.17,2026-08-15,Aisle 07,ambient
Artisan Roma Tomatoes 5L,Royal Indian Kitchens,FRES-001396,890100787448,Fresh Produce,78,pcs,46.21,71.16,2026-09-05,Aisle 01,ambient
Stone-Ground Paneer Tikka Deli 8-Pack,FarmGold Springs,BAKE-001397,890100787449,Bakery & Deli,103,pcs,318.04,556.39,2026-09-10,Aisle 04,ambient
Valley Fresh Kesar Pista Ricotta Fresh 250ml,Vedic Fresh Plantations,DAIR-001398,890100787450,Dairy & Eggs,115,tub,377.77,640.50,2026-09-10,Aisle 02,chilled
Cold-Pressed Kaju Katli Sweet Box 100g,Pashmina Kitchens,SNAC-001399,890100787451,Snacks & Confectionery,135,pack,244.04,437.67,2027-05-10,Aisle 09,ambient
Organic Golden Ginger Mishri Mawa 350g,Deccan Dairy,DAIR-001400,890100787452,Dairy & Eggs,143,box,181.44,281.13,2026-09-12,Aisle 02,chilled
Farm-Fresh Alphonso Mangoes 1L,Fortune Agro,FRES-001401,890100787453,Fresh Produce,121,kg,65.48,82.74,2026-08-31,Aisle 02,ambient
Crisp Pure Jaggery Powder (Gud) 5kg,Heritage Foods,PANT-001402,890100787454,Pantry & Dry Goods,20,box,314.26,484.40,2028-01-25,Aisle 08,ambient
Golden Vanilla Bean Moong Dal Namkeen 24-Pack,Catch Co.,SNAC-001403,890100787455,Snacks & Confectionery,10,bar,426.31,706.64,2027-06-10,Aisle 10,ambient
Golden Liquid Laundry Detergent 24-Pack,Royal Indian Agro,HOUS-001404,890100787456,Household & Personal Care,26,pack,170.92,315.27,2026-08-25,Aisle 12,ambient
Unpolished Smoked Paprika Mozzarella Shredded 1.5L,Urban Roots Goods,DAIR-001405,890100787457,Dairy & Eggs,177,box,166.99,285.67,2026-09-04,Aisle 03,chilled
Roasted Matcha Green Tea Oranges Nagpur 400g,Himalayan Dairy,FRES-001406,890100787458,Fresh Produce,49,kg,15.59,23.56,2026-09-03,Aisle 02,chilled
Free-Range Garlic & Herb Masala Potato Chips 4-Pack,Himalayan Organics,SNAC-001407,890100787459,Snacks & Confectionery,118,bar,544.96,746.69,2027-01-31,Aisle 10,ambient
Whole-Grain Ricotta Fresh 12-Pack,Vedic Fresh Milling,DAIR-001408,890100787460,Dairy & Eggs,164,bottle,193.36,328.51,2026-08-30,Aisle 02,chilled
Sun-Dried 70% Dark Chocolate Bar 400g,Heritage Farms,SNAC-001409,890100787461,Snacks & Confectionery,233,bar,166.48,261.66,2027-05-18,Aisle 09,ambient
Farm-Fresh Custard Apple (Sitaphal) 200g,Royal Indian Organics,FRES-001410,890100787462,Fresh Produce,23,pack,34.80,52.92,2026-09-02,Aisle 01,chilled
Spiced Golden Ginger Squid Rings Cleaned 6-Pack,Desi Organics Naturals,MEAT-001411,890100787463,Meat & Seafood,216,pack,743.77,1255.44,2026-09-03,Aisle 04,chilled
Select Edamame Pods 750g,Kaveri Harvest,FROZ-001412,890100787464,Frozen Foods,182,bag,55.44,99.17,2026-08-27,Aisle 09,frozen
Zero-Sugar Biodegradable Garbage Bags 5L,Pure Vedic Goods,HOUS-001413,890100787465,Household & Personal Care,138,tube,546.16,779.27,2027-04-26,Aisle 12,ambient
Sweet Vanilla Bean Ladyfinger (Bhindi) 750ml,Ganga Farms,FRES-001414,890100787466,Fresh Produce,23,pcs,51.04,93.68,2026-09-13,Aisle 02,chilled
Wildcrafted Sweet Tamarind Biodegradable Garbage Bags Value Pack,Catch Farms,HOUS-001415,890100787467,Household & Personal Care,84,box,375.27,644.42,2028-12-20,Aisle 12,ambient
Wildcrafted Bagel Plain 4pk 200g,Deccan Goods,BAKE-001416,890100787468,Bakery & Deli,160,pcs,238.10,339.22,2026-09-06,Aisle 03,chilled
Zero-Sugar Alphonso Kulfi Tub 200g,Deccan Co.,FROZ-001417,890100787469,Frozen Foods,51,pack,135.44,197.92,2027-08-18,Aisle 08,frozen
Stone-Ground Lemon Pepper Rusk Toast 12-Pack,Desi Organics Farms,BAKE-001418,890100787470,Bakery & Deli,249,pcs,41.44,66.65,2026-08-31,Aisle 03,ambient
Zero-Sugar Jalapeno Lime Ciabatta Roll 10kg,Amul Dairy,BAKE-001419,890100787471,Bakery & Deli,30,box,161.30,278.46,2026-09-02,Aisle 03,chilled
Natural Bamboo Toothbrush 2pk 150ml,Vedic Fresh Agro,HOUS-001420,890100787472,Household & Personal Care,28,pack,376.02,568.31,2027-09-11,Aisle 12,ambient
Farm-Fresh 70% Dark Chocolate Bar 24-Pack,Satvik Naturals,SNAC-001421,890100787473,Snacks & Confectionery,180,box,345.38,637.08,2027-04-07,Aisle 09,ambient
Pure Alphonso Mango Curd Tub (Dahi) 150g,Green Earth Kitchens,DAIR-001422,890100787474,Dairy & Eggs,38,tub,501.93,796.14,2026-09-12,Aisle 03,chilled
Heritage Cinnamon Spice Buffalo Milk 300g,Urban Roots Mills,DAIR-001423,890100787475,Dairy & Eggs,231,pack,267.10,349.58,2026-08-24,Aisle 02,chilled
Signature Whole Wheat Atta Bread 1kg,Urban Roots Milling,BAKE-001424,890100787476,Bakery & Deli,9,pcs,266.02,337.93,2026-08-31,Aisle 04,ambient
Aged Tandoori Smoked Cow Milk 250g,Ganga Foods,DAIR-001425,890100787477,Dairy & Eggs,176,bottle,360.71,457.13,2026-08-30,Aisle 03,chilled
Golden Rose Infused Papayas 500g,Urban Roots Goods,FRES-001426,890100787478,Fresh Produce,161,bunch,115.13,205.30,2026-09-07,Aisle 01,chilled
Farm-Fresh Ginger Kombucha 300g,Himalayan Milling,BEVE-001427,890100787479,Beverages,102,pack,102.91,174.73,2027-04-06,Aisle 05,ambient
Gluten-Free Ladyfinger (Bhindi) 6-Pack,Saffola Dairy,FRES-001428,890100787480,Fresh Produce,69,bunch,127.93,236.56,2026-09-02,Aisle 01,chilled
Cured Tulsi Honey Mozzarella Shredded 5L,Tata Goods,DAIR-001429,890100787481,Dairy & Eggs,241,tub,441.86,594.83,2026-09-19,Aisle 03,chilled
Organic Kesar Pista Pomfret Whole 1L,Catch Botanicals,MEAT-001430,890100787482,Meat & Seafood,65,pcs,242.95,336.75,2026-08-29,Aisle 04,chilled
Gluten-Free Edamame Pods 2L,Ganga Dairy,FROZ-001431,890100787483,Frozen Foods,171,bag,290.09,414.00,2026-08-29,Aisle 09,frozen
Pure Kashmiri Saffron Stainless Steel Scrubber 3pk 2L,Royal Indian Botanicals,HOUS-001432,890100787484,Household & Personal Care,98,tube,228.11,333.98,2027-05-13,Aisle 11,ambient
Cured Masala Potato Chips 350g,Desi Organics Plantations,SNAC-001433,890100787485,Snacks & Confectionery,151,bag,240.53,315.66,2026-11-27,Aisle 09,ambient
Pure Kachi Ghani Mustard Baby Spinach 200ml,Kaveri Kitchens,FRES-001434,890100787486,Fresh Produce,172,kg,87.97,146.35,2026-09-15,Aisle 01,ambient
Cold-Pressed Caramelized Onion Mosquito Vaporizer Refill 5kg,Everest Dairy,HOUS-001435,890100787487,Household & Personal Care,158,box,229.15,336.64,2027-04-22,Aisle 11,ambient
Whole-Grain Sea Salt Garlic Focaccia 50g,Desi Organics Harvest,BAKE-001436,890100787488,Bakery & Deli,25,box,27.02,36.49,2026-09-02,Aisle 04,ambient
Handcrafted Smoked Paprika Roma Tomatoes 2L,Mother Dairy Dairy,FRES-001437,890100787489,Fresh Produce,243,pcs,143.65,190.56,2026-09-15,Aisle 02,ambient
Spiced Garlic & Herb Poha Thick Flakes 2-Pack,Nilgiri Plantations,PANT-001438,890100787490,Pantry & Dry Goods,104,bag,189.34,253.98,2026-12-11,Aisle 06,ambient
Gourmet Jalapeno Lime Parmigiano-Reggiano 350g,SunBrite Springs,DAIR-001439,890100787491,Dairy & Eggs,22,carton,254.53,365.77,2026-09-22,Aisle 03,chilled
Premium Pomegranates 750ml,Desi Organics Kitchens,FRES-001440,890100787492,Fresh Produce,82,pack,110.92,187.76,2026-08-31,Aisle 01,ambient
Handcrafted Pineapples 10-Pack,Himalayan Kitchens,FRES-001441,890100787493,Fresh Produce,197,pack,111.96,156.08,2026-09-11,Aisle 02,chilled
Wildcrafted Carrots 5L,Heritage Dairy,FRES-001442,890100787494,Fresh Produce,74,pcs,139.44,239.31,2026-09-14,Aisle 01,chilled
Handcrafted Coconut Milk Canned 200g,Heritage Springs,PANT-001443,890100787495,Pantry & Dry Goods,86,packet,91.16,131.06,2027-10-31,Aisle 07,ambient
Zero-Sugar Masala Chai Green Chillies Value Pack,Everest Springs,FRES-001444,890100787496,Fresh Produce,155,bag,93.05,158.52,2026-09-07,Aisle 02,chilled
Crisp Smoked Paprika Organic Green Tea 330ml,Deccan Harvest,BEVE-001445,890100787497,Beverages,156,bag,384.22,662.89,2027-02-18,Aisle 06,ambient
Heritage Cardamom Spiced Feta Cheese 2kg,Royal Indian Botanicals,DAIR-001446,890100787498,Dairy & Eggs,71,box,399.96,620.29,2026-08-30,Aisle 02,chilled
Plant-Based Vanilla Bean Bamboo Toothbrush 2pk 150ml,Nature Harvest Springs,HOUS-001447,890100787499,Household & Personal Care,93,pack,428.96,758.05,2027-08-08,Aisle 11,ambient
Organic Organic Sharbati Atta 300g,Bhoomi Plantations,PANT-001448,890100787500,Pantry & Dry Goods,161,jar,603.50,824.89,2027-07-26,Aisle 07,ambient
Golden French Fries Crispy 1.5L,Catch Mills,FROZ-001449,890100787501,Frozen Foods,63,packet,146.97,268.57,2026-11-23,Aisle 09,frozen
Extra-Virgin Wood-Fired Veggie Pizza 4-Pack,Saffola Provisions,FROZ-001450,890100787502,Frozen Foods,230,box,231.46,362.91,2026-08-23,Aisle 08,frozen
Homestyle Coconut Cream Mishri Mawa 1kg,Satvik Organics,DAIR-001451,890100787503,Dairy & Eggs,107,box,198.76,355.46,2026-08-18,Aisle 02,chilled
Crisp Kachi Ghani Mustard Mosquito Vaporizer Refill 4-Pack,Saffola Organics,HOUS-001452,890100787504,Household & Personal Care,27,bottle,168.31,294.37,2028-02-21,Aisle 11,ambient
Roasted Whole Wheat Atta Bread 12-Pack,Organic Tattva Organics,BAKE-001453,890100787505,Bakery & Deli,85,pack,43.65,72.28,2026-08-28,Aisle 04,ambient
Valley Fresh Bamboo Toothbrush 2pk 24-Pack,Satvik Dairy,HOUS-001454,890100787506,Household & Personal Care,148,bottle,305.13,475.77,2028-01-16,Aisle 12,ambient
Authentic Jalapeno Lime Kabuli Chana Large 100g,Royal Indian Botanicals,PANT-001455,890100787507,Pantry & Dry Goods,65,can,48.68,68.84,2028-05-20,Aisle 06,ambient
Valley Fresh Mint Lime Alphonso Kulfi Tub 12-Pack,Nature Harvest Farms,FROZ-001456,890100787508,Frozen Foods,214,packet,152.11,206.63,2027-06-23,Aisle 09,frozen
Authentic Red Chilli & Garlic Greek Yogurt 24-Pack,Everest Agro,DAIR-001457,890100787509,Dairy & Eggs,163,box,87.25,120.54,2026-09-24,Aisle 02,chilled
Artisan Nagpur Orange Gulab Jamun Tin Snack Pack,Nilgiri Foods,SNAC-001458,890100787510,Snacks & Confectionery,39,pack,55.41,94.38,2027-06-14,Aisle 10,ambient
Cured Mint Lime Aloo Tikki 8-Pack 2-Pack,Kaveri Plantations,FROZ-001459,890100787511,Frozen Foods,115,box,120.91,182.08,2026-12-08,Aisle 09,frozen
Golden Sea Salt Boneless Chicken Breast 1kg,Urban Roots Foods,MEAT-001460,890100787512,Meat & Seafood,220,pcs,252.19,332.40,2026-08-27,Aisle 05,chilled
Pure Iced Lemon Tea 400g,Green Earth Kitchens,BEVE-001461,890100787513,Beverages,212,carton,85.92,139.26,2026-10-18,Aisle 05,ambient
Spiced Ladyfinger (Bhindi) 1.5L,Heritage Co.,FRES-001462,890100787514,Fresh Produce,229,kg,23.27,37.72,2026-09-10,Aisle 02,chilled
Whole-Grain Makhana Crunch Diet Mixture Namkeen Snack Pack,Dabur Co.,SNAC-001463,890100787515,Snacks & Confectionery,14,tub,64.90,99.58,2027-05-26,Aisle 10,ambient
Cold-Pressed Chicken Frankfurters 250g,FarmGold Dairy,BAKE-001464,890100787516,Bakery & Deli,191,box,205.75,377.12,2026-09-07,Aisle 04,ambient
Rustic Sea Salt Pomfret Whole 200ml,Ganga Organics,MEAT-001465,890100787517,Meat & Seafood,125,pcs,437.18,741.29,2026-08-30,Aisle 05,chilled
Gluten-Free Matcha Green Tea Stainless Steel Scrubber 3pk 8-Pack,Royal Indian Kitchens,HOUS-001466,890100787518,Household & Personal Care,74,bottle,70.54,103.74,2027-05-13,Aisle 11,ambient
Aged Mint Lime Kulcha 4-Pack 1.5L,Himalayan Organics,BAKE-001467,890100787519,Bakery & Deli,29,pcs,143.36,191.75,2026-09-08,Aisle 03,ambient
Zero-Sugar Alphonso Mango Curd Tub (Dahi) 10kg,Amul Farms,DAIR-001468,890100787520,Dairy & Eggs,107,box,432.20,780.52,2026-09-21,Aisle 03,chilled
Homestyle Smoked Paprika Soan Papdi Box Value Pack,Dabur Mills,SNAC-001469,890100787521,Snacks & Confectionery,246,packet,72.65,103.01,2026-12-04,Aisle 09,ambient
Farm-Fresh Chana Dal Polished 2-Pack,Deccan Goods,PANT-001470,890100787522,Pantry & Dry Goods,183,bag,738.25,1076.47,2027-04-09,Aisle 08,ambient
Homestyle Chatpata Masala Flavored Yogurt 10-Pack,Bhoomi Plantations,DAIR-001471,890100787523,Dairy & Eggs,187,packet,481.63,887.72,2026-08-30,Aisle 03,chilled
Pure Tandoori Smoked Guava Chilli Juice 500g,Pashmina Botanicals,BEVE-001472,890100787524,Beverages,122,can,238.97,299.26,2026-08-27,Aisle 05,chilled
Raw Dark Chocolate Tiger Prawns Jumbo 150ml,Nature Harvest Provisions,MEAT-001473,890100787525,Meat & Seafood,192,pcs,694.08,1272.32,2026-08-31,Aisle 04,chilled
Royal Matcha Green Tea Curd Tub (Dahi) Family Pack,Nature Harvest Harvest,DAIR-001474,890100787526,Dairy & Eggs,4,bottle,148.97,208.73,2026-09-06,Aisle 03,chilled
Desi Cardamom Spiced Mosquito Vaporizer Refill 250g,Patanjali Co.,HOUS-001475,890100787527,Household & Personal Care,133,packet,548.64,831.58,2028-07-02,Aisle 12,ambient
Extra-Virgin Vanilla Bean Squid Rings Cleaned 8-Pack,Ganga Naturals,MEAT-001476,890100787528,Meat & Seafood,16,kg,947.18,1655.67,2026-08-29,Aisle 04,chilled
Traditional Herbal Hand Wash Neem 50g,Green Earth Agro,HOUS-001477,890100787529,Household & Personal Care,165,tube,61.20,83.48,2027-07-10,Aisle 11,ambient
Low-Sodium Surmai Steaks 150ml,Bhoomi Provisions,MEAT-001478,890100787530,Meat & Seafood,27,pack,873.77,1178.93,2026-09-01,Aisle 04,chilled
Crisp Pure Jaggery Powder (Gud) 10-Pack,FarmGold Harvest,PANT-001479,890100787531,Pantry & Dry Goods,240,packet,202.85,367.41,2027-08-08,Aisle 08,ambient
Whole-Grain Garlic & Herb Granola Health Bars 100g,Nilgiri Springs,SNAC-001480,890100787532,Snacks & Confectionery,202,box,459.68,652.94,2027-06-18,Aisle 10,ambient
Cold-Pressed Pav 6-Pack 2-Pack,Desi Organics Kitchens,BAKE-001481,890100787533,Bakery & Deli,52,box,113.95,193.29,2026-09-10,Aisle 03,ambient
Low-Sodium Truffle Infused French Fries Crispy 150g,Mother Dairy Farms,FROZ-001482,890100787534,Frozen Foods,142,pack,414.16,540.44,2027-01-20,Aisle 08,frozen
Gluten-Free Red Chilli & Garlic Ricotta Fresh 24-Pack,Himalayan Co.,DAIR-001483,890100787535,Dairy & Eggs,180,box,296.74,420.48,2026-08-27,Aisle 03,chilled
Homestyle Ciabatta Roll 2-Pack,Himalayan Agro,BAKE-001484,890100787536,Bakery & Deli,66,box,76.10,132.14,2026-09-07,Aisle 04,ambient
Rustic Catla Fish Steaks 10-Pack,Nilgiri Naturals,MEAT-001485,890100787537,Meat & Seafood,250,kg,710.47,1089.97,2026-09-01,Aisle 04,chilled
Authentic Sea Salt Cream Cheese 250g,Green Earth Mills,DAIR-001486,890100787538,Dairy & Eggs,76,bottle,470.63,757.03,2026-09-06,Aisle 03,chilled
Sun-Dried Rose Infused Pure Jaggery Powder (Gud) 150ml,Vedic Fresh Farms,PANT-001487,890100787539,Pantry & Dry Goods,210,box,596.36,913.89,2028-01-27,Aisle 08,ambient
Select Bananas Snack Pack,Nilgiri Mills,FRES-001488,890100787540,Fresh Produce,34,kg,77.77,125.69,2026-09-08,Aisle 02,chilled
Authentic Espresso Roast Ground Coffee Value Pack,Bhoomi Plantations,BEVE-001489,890100787541,Beverages,46,box,114.06,144.31,2027-02-12,Aisle 05,ambient
Farm-Fresh Squid Rings Cleaned 150g,Kaveri Plantations,MEAT-001490,890100787542,Meat & Seafood,229,kg,216.93,343.21,2026-08-29,Aisle 04,chilled
Roasted Ajwain & Jeera Mutton Curry Cut 150ml,Desi Organics Provisions,MEAT-001491,890100787543,Meat & Seafood,7,pcs,451.50,740.63,2026-08-30,Aisle 05,chilled
Artisan Diet Mixture Namkeen Family Pack,Kaveri Agro,SNAC-001492,890100787544,Snacks & Confectionery,199,bar,426.14,596.05,2026-11-27,Aisle 09,ambient
Premium Sweet Tamarind Cold Brew Coffee Family Pack,Patanjali Naturals,BEVE-001493,890100787545,Beverages,199,bottle,374.64,649.86,2026-11-23,Aisle 06,ambient
Premium Sourdough Loaf 100g,Amul Mills,BAKE-001494,890100787546,Bakery & Deli,24,pack,88.19,136.40,2026-08-28,Aisle 03,ambient
Grass-Fed Matcha Green Tea Butter Murukku 750g,Amul Foods,SNAC-001495,890100787547,Snacks & Confectionery,50,tub,316.60,531.69,2026-11-30,Aisle 09,ambient
Plant-Based Ajwain & Jeera 70% Dark Chocolate Bar 10kg,Everest Plantations,SNAC-001496,890100787548,Snacks & Confectionery,97,packet,370.77,528.71,2027-03-09,Aisle 09,ambient
Organic Coconut Cream Multigrain Tortillas 1.5L,FarmGold Goods,BAKE-001497,890100787549,Bakery & Deli,241,pcs,264.91,487.94,2026-09-07,Aisle 03,ambient
Heritage Sea Salt Sparkling Mineral Water 8-Pack,Deccan Mills,BEVE-001498,890100787550,Beverages,207,can,177.17,318.80,2027-05-12,Aisle 06,chilled
Cold-Pressed Ajwain & Jeera Penne Rigate Pasta 2L,Organic Tattva Harvest,PANT-001499,890100787551,Pantry & Dry Goods,174,packet,323.77,480.00,2027-08-22,Aisle 08,ambient
Grass-Fed Vanilla Bean Badam Milk Drink 4-Pack,Pashmina Naturals,BEVE-001500,890100787552,Beverages,179,pack,153.17,237.44,2027-03-11,Aisle 05,chilled
Stone-Ground Toned Milk 2L,Nilgiri Plantations,DAIR-001501,890100787553,Dairy & Eggs,239,pack,394.58,494.41,2026-09-03,Aisle 02,chilled
Artisan Caramelized Onion Chicken Drumsticks 2kg,Pashmina Provisions,MEAT-001502,890100787554,Meat & Seafood,183,kg,564.75,836.35,2026-08-27,Aisle 05,chilled
Farm-Fresh Chatpata Masala Veg Burger Patties 5L,Amul Milling,FROZ-001503,890100787555,Frozen Foods,210,pack,119.96,190.33,2027-06-02,Aisle 09,frozen
Rustic Nagpur Orange Mixed Berries Frozen 6-Pack,Royal Indian Dairy,FROZ-001504,890100787556,Frozen Foods,193,tub,217.35,379.60,2027-08-12,Aisle 09,frozen
Plant-Based Ginger Kombucha 2L,Saffola Harvest,BEVE-001505,890100787557,Beverages,203,bottle,147.27,214.59,2026-12-28,Aisle 05,ambient
Cured Boneless Chicken Breast 350g,Saffola Milling,MEAT-001506,890100787558,Meat & Seafood,99,pack,769.78,1234.44,2026-09-01,Aisle 04,chilled
Cold-Pressed Masala CTC Tea 200g,Everest Goods,BEVE-001507,890100787559,Beverages,236,bag,116.58,203.54,2027-01-27,Aisle 05,chilled
Authentic Ajwain & Jeera Shampoo Anti-Dandruff 300g,Heritage Dairy,HOUS-001508,890100787560,Household & Personal Care,177,bottle,107.40,167.24,2029-05-02,Aisle 12,ambient
Natural Sea Salt Red Onions 500ml,Himalayan Naturals,FRES-001509,890100787561,Fresh Produce,210,bag,100.59,134.45,2026-09-02,Aisle 01,chilled
Crisp Mutton Chops Snack Pack,Organic Tattva Provisions,MEAT-001510,890100787562,Meat & Seafood,234,pack,674.90,1001.57,2026-09-03,Aisle 04,chilled
Raw Makhana Crunch Bhujia Sev Family Pack,Urban Roots Plantations,SNAC-001511,890100787563,Snacks & Confectionery,236,pack,226.87,338.44,2026-11-27,Aisle 10,ambient
Organic Rusk Toast 5kg,Kaveri Organics,BAKE-001512,890100787564,Bakery & Deli,177,pack,111.84,184.98,2026-08-27,Aisle 04,chilled
Signature Royal Basmati Rice 24-Pack,Pashmina Co.,PANT-001513,890100787565,Pantry & Dry Goods,43,can,323.98,555.90,2027-02-24,Aisle 07,ambient
Aged Nagpur Orange Rawa Sooji 1kg,Amul Kitchens,PANT-001514,890100787566,Pantry & Dry Goods,177,bag,166.10,239.18,2028-07-27,Aisle 08,ambient
Natural Kachi Ghani Mustard Lavash Crackers Value Pack,Fortune Naturals,BAKE-001515,890100787567,Bakery & Deli,131,box,129.85,195.48,2026-08-29,Aisle 03,ambient
Pure Kesar Pista Iced Lemon Tea 8-Pack,Desi Organics Kitchens,BEVE-001516,890100787568,Beverages,186,bottle,146.04,203.60,2026-10-22,Aisle 05,chilled
Organic Matcha Green Tea Crab Meat Fresh 330ml,Organic Tattva Provisions,MEAT-001517,890100787569,Meat & Seafood,41,pcs,486.33,762.38,2026-08-31,Aisle 05,chilled
Heritage Double Toned Milk 150ml,Bhoomi Naturals,DAIR-001518,890100787570,Dairy & Eggs,112,box,175.29,287.91,2026-09-24,Aisle 03,chilled
Smoked Chicken Keema 1.5L,Deccan Kitchens,MEAT-001519,890100787571,Meat & Seafood,101,kg,618.09,838.66,2026-08-31,Aisle 04,chilled
Cured Matcha Green Tea Fruit Muffins 750ml,Saffola Dairy,BAKE-001520,890100787572,Bakery & Deli,140,pcs,97.95,179.44,2026-08-28,Aisle 04,ambient
Signature Makhana Crunch Custard Apple (Sitaphal) 8-Pack,Amul Harvest,FRES-001521,890100787573,Fresh Produce,230,bag,115.38,168.55,2026-09-10,Aisle 02,ambient
Roasted Alphonso Mango Dry Fruits Trail Mix 4-Pack,Tata Plantations,SNAC-001522,890100787574,Snacks & Confectionery,155,bag,244.82,401.71,2027-05-09,Aisle 10,ambient
Cold-Pressed Golden Ginger Aloo Tikki 8-Pack 1kg,Pashmina Goods,FROZ-001523,890100787575,Frozen Foods,223,packet,189.41,291.32,2027-02-10,Aisle 09,frozen
Homestyle Sweet Corn Kernels 1kg,Catch Botanicals,FROZ-001524,890100787576,Frozen Foods,171,tub,315.33,498.22,2027-04-06,Aisle 09,frozen
Wildcrafted Pita Bread 24-Pack,Vedic Fresh Springs,BAKE-001525,890100787577,Bakery & Deli,31,pack,284.57,501.93,2026-09-06,Aisle 03,chilled
Handcrafted Edamame Pods 250ml,Organic Tattva Organics,FROZ-001526,890100787578,Frozen Foods,40,tub,233.33,375.36,2026-11-25,Aisle 08,frozen
Desi Dark Chocolate Hash Browns 6pk 8-Pack,Pashmina Agro,FROZ-001527,890100787579,Frozen Foods,151,tub,412.25,714.58,2027-08-25,Aisle 09,frozen
Cured Masala Chai Rusk Toast 150ml,Deccan Organics,BAKE-001528,890100787580,Bakery & Deli,23,pcs,179.45,296.66,2026-08-28,Aisle 04,ambient
Sun-Dried Boneless Chicken Breast Family Pack,Heritage Harvest,MEAT-001529,890100787581,Meat & Seafood,118,kg,517.36,899.66,2026-09-02,Aisle 04,chilled
Extra-Virgin Alphonso Mango Floor Disinfectant Pine 400g,Urban Roots Springs,HOUS-001530,890100787582,Household & Personal Care,206,packet,234.54,386.66,2027-09-15,Aisle 12,ambient
Aged Smoked Chicken Slices 200g,Patanjali Kitchens,BAKE-001531,890100787583,Bakery & Deli,124,pack,81.30,117.72,2026-09-05,Aisle 03,chilled
Select Mutton Chops 10-Pack,Amul Agro,MEAT-001532,890100787584,Meat & Seafood,229,pcs,291.99,459.15,2026-09-02,Aisle 04,chilled
Traditional Kabuli Chana Large 150ml,Kaveri Agro,PANT-001533,890100787585,Pantry & Dry Goods,44,jar,468.27,833.55,2026-08-27,Aisle 08,ambient
Extra-Virgin Chatpata Masala Organic Sharbati Atta 150ml,Catch Foods,PANT-001534,890100787586,Pantry & Dry Goods,205,jar,80.72,109.49,2028-05-01,Aisle 06,ambient
Farm-Fresh Vanilla Bean Dishwash Gel Lemon 10kg,Dabur Harvest,HOUS-001535,890100787587,Household & Personal Care,232,packet,229.17,361.42,2029-02-21,Aisle 12,ambient
Rustic Aloo Tikki 8-Pack 50g,Nilgiri Plantations,FROZ-001536,890100787588,Frozen Foods,198,pack,315.63,521.96,2027-04-22,Aisle 08,frozen
Cured California Almonds 50g,Pashmina Dairy,SNAC-001537,890100787589,Snacks & Confectionery,118,box,418.53,658.53,2027-05-20,Aisle 10,ambient
Grass-Fed Alphonso Mango Veg Burger Patties 8-Pack,Deccan Milling,FROZ-001538,890100787590,Frozen Foods,152,pack,390.27,714.35,2026-12-06,Aisle 09,frozen
Low-Sodium Chicken Keema 150g,Pure Vedic Foods,MEAT-001539,890100787591,Meat & Seafood,233,pack,745.48,1222.02,2026-09-03,Aisle 04,chilled
Extra-Virgin Dark Chocolate Bath Tissue 6-Pack 1kg,Royal Indian Mills,HOUS-001540,890100787592,Household & Personal Care,169,bottle,569.93,906.70,2026-08-26,Aisle 11,ambient
Handcrafted Masala Chai Fresh Chicken Curry Cut 2L,Kaveri Organics,MEAT-001541,890100787593,Meat & Seafood,74,pack,661.36,1204.03,2026-08-31,Aisle 04,chilled
Natural Lemon Pepper Kulcha 4-Pack 1.5L,SunBrite Springs,BAKE-001542,890100787594,Bakery & Deli,88,box,35.79,49.71,2026-09-07,Aisle 03,chilled
Handcrafted Rawa Sooji 12-Pack,Vedic Fresh Agro,PANT-001543,890100787595,Pantry & Dry Goods,212,jar,694.28,1129.46,2026-08-27,Aisle 06,ambient
Handcrafted Kitchen Paper Towels 4-Roll 750ml,Dabur Springs,HOUS-001544,890100787596,Household & Personal Care,114,box,331.42,604.80,2028-01-25,Aisle 12,ambient
Signature Smoked Paprika Poha Thick Flakes 500ml,Vedic Fresh Agro,PANT-001545,890100787597,Pantry & Dry Goods,80,bottle,178.12,304.51,2027-01-27,Aisle 08,ambient
Cold-Pressed Dark Chocolate Squid Rings Cleaned 4-Pack,Pure Vedic Provisions,MEAT-001546,890100787598,Meat & Seafood,96,kg,515.63,906.18,2026-08-29,Aisle 05,chilled
Select Mint Lime Cream Cheese 10kg,Tata Botanicals,DAIR-001547,890100787599,Dairy & Eggs,107,box,395.86,618.34,2026-09-02,Aisle 03,chilled
Extra-Virgin Oranges Nagpur Snack Pack,Nature Harvest Kitchens,FRES-001548,890100787600,Fresh Produce,4,pack,62.09,103.08,2026-09-05,Aisle 01,ambient
Valley Fresh Shampoo Anti-Dandruff 100g,SunBrite Milling,HOUS-001549,890100787601,Household & Personal Care,188,packet,166.39,276.27,2029-01-21,Aisle 11,ambient
Crisp Ricotta Fresh 6-Pack,Bhoomi Agro,DAIR-001550,890100787602,Dairy & Eggs,39,box,199.65,359.88,2026-08-30,Aisle 02,chilled
Sweet Sweet Corn Kernels Value Pack,Desi Organics Mills,FROZ-001551,890100787603,Frozen Foods,68,tub,142.30,214.02,2027-06-18,Aisle 08,frozen
Gluten-Free Red Chilli & Garlic Cheese Croissant 250ml,Bhoomi Mills,BAKE-001552,890100787604,Bakery & Deli,105,pcs,216.83,285.39,2026-09-01,Aisle 03,chilled
Handcrafted Kachi Ghani Mustard Ayurvedic Bath Soap 2kg,Urban Roots Plantations,HOUS-001553,890100787605,Household & Personal Care,121,pack,317.75,445.33,2028-08-17,Aisle 12,ambient
Traditional Sweet Tamarind Moong Dal Washed 500ml,Satvik Springs,PANT-001554,890100787606,Pantry & Dry Goods,248,box,49.30,86.35,2027-04-30,Aisle 06,ambient
Rustic Sea Salt Pav 6-Pack 150g,Dabur Agro,BAKE-001555,890100787607,Bakery & Deli,225,box,63.90,93.59,2026-08-27,Aisle 04,ambient
Low-Sodium Garlic & Herb Ginger Kombucha 50g,Desi Organics Naturals,BEVE-001556,890100787608,Beverages,237,carton,295.61,468.89,2026-12-21,Aisle 05,chilled
Homestyle Sweet Tamarind Unsalted White Butter 150g,Patanjali Dairy,DAIR-001557,890100787609,Dairy & Eggs,238,pack,289.97,382.35,2026-09-15,Aisle 03,chilled
Stone-Ground Dishwash Gel Lemon 5L,Royal Indian Co.,HOUS-001558,890100787610,Household & Personal Care,30,packet,58.01,95.30,2029-02-18,Aisle 11,ambient
Aged Tandoori Smoked Chana Dal Polished 6-Pack,Mother Dairy Springs,PANT-001559,890100787611,Pantry & Dry Goods,68,box,549.39,788.86,2026-08-27,Aisle 06,ambient
Organic Tandoori Smoked Pineapples 1kg,Green Earth Milling,FRES-001560,890100787612,Fresh Produce,98,bag,146.27,249.54,2026-08-29,Aisle 02,ambient
Smoked Chicken Frankfurters 1kg,Ganga Goods,BAKE-001561,890100787613,Bakery & Deli,247,box,261.99,421.54,2026-09-09,Aisle 04,ambient
Free-Range Ajwain & Jeera Fresh Mosambi Juice 500ml,Vedic Fresh Co.,BEVE-001562,890100787614,Beverages,59,bag,230.53,289.49,2026-10-09,Aisle 05,ambient
Smoked Jeera Masala Soda 250g,Nature Harvest Goods,BEVE-001563,890100787615,Beverages,22,bag,360.62,477.56,2026-12-29,Aisle 06,ambient
Spiced Smoked Paprika Cold Brew Coffee 10kg,Dabur Harvest,BEVE-001564,890100787616,Beverages,92,bottle,289.21,467.93,2026-12-28,Aisle 05,ambient
Desi Makhana Crunch Lavash Crackers 150ml,Nilgiri Milling,BAKE-001565,890100787617,Bakery & Deli,73,pack,69.58,117.98,2026-09-01,Aisle 04,ambient
Gluten-Free Cinnamon Spice Pure Jaggery Powder (Gud) 100g,Patanjali Botanicals,PANT-001566,890100787618,Pantry & Dry Goods,10,bottle,182.71,268.11,2026-12-06,Aisle 06,ambient
Grass-Fed Smoked Chicken Slices 12-Pack,Tata Kitchens,BAKE-001567,890100787619,Bakery & Deli,202,pack,304.62,545.18,2026-09-03,Aisle 04,chilled
Zero-Sugar Caramelized Onion Pasture Eggs 2-Pack,Pashmina Plantations,DAIR-001568,890100787620,Dairy & Eggs,208,tub,519.83,952.26,2026-08-30,Aisle 03,chilled
Royal Roasted Salted Cashews Value Pack,Amul Naturals,SNAC-001569,890100787621,Snacks & Confectionery,207,bar,424.63,554.43,2027-05-09,Aisle 10,ambient
Golden Tulsi Honey Tiger Prawns Jumbo 1L,Catch Plantations,MEAT-001570,890100787622,Meat & Seafood,129,pcs,840.89,1081.62,2026-08-30,Aisle 04,chilled
Signature Kitchen Paper Towels 4-Roll 500g,Urban Roots Plantations,HOUS-001571,890100787623,Household & Personal Care,104,box,577.70,1031.88,2028-03-10,Aisle 12,ambient
Cold-Pressed Vanilla Bean French Fries Crispy 250ml,Himalayan Goods,FROZ-001572,890100787624,Frozen Foods,235,pack,102.03,139.40,2027-04-09,Aisle 09,frozen
Spiced Roasted Makhana Foxnuts 4-Pack,Saffola Springs,SNAC-001573,890100787625,Snacks & Confectionery,188,bag,376.99,485.94,2027-02-15,Aisle 09,ambient
Golden Organic Green Tea 24-Pack,Nilgiri Plantations,BEVE-001574,890100787626,Beverages,5,bottle,356.62,631.00,2026-10-12,Aisle 05,chilled
Plant-Based Feta Cheese 350g,Everest Mills,DAIR-001575,890100787627,Dairy & Eggs,77,bottle,34.17,46.30,2026-09-23,Aisle 02,chilled
Zero-Sugar Nagpur Orange Cow Milk 50g,Dabur Provisions,DAIR-001576,890100787628,Dairy & Eggs,206,bottle,285.15,492.16,2026-09-06,Aisle 03,chilled
Aged Apple Cider Vinegar Drink 1kg,Everest Springs,BEVE-001577,890100787629,Beverages,106,box,118.63,153.18,2026-11-16,Aisle 06,chilled
Sweet Dark Chocolate Poha Thick Flakes 250ml,Royal Indian Organics,PANT-001578,890100787630,Pantry & Dry Goods,126,bag,299.26,498.03,2028-02-10,Aisle 06,ambient
Aged Cashew Paste Curry Base 150g,Heritage Mills,PANT-001579,890100787631,Pantry & Dry Goods,157,bag,328.81,540.72,2026-08-15,Aisle 06,ambient
Natural Garlic & Herb Portobello Mushrooms 24-Pack,Pure Vedic Provisions,FRES-001580,890100787632,Fresh Produce,52,pcs,112.24,165.17,2026-09-16,Aisle 01,chilled
Stone-Ground Rose Infused Soan Papdi Box 6-Pack,Green Earth Botanicals,SNAC-001581,890100787633,Snacks & Confectionery,61,tub,464.02,841.29,2026-11-08,Aisle 10,ambient
Artisan Rose Infused Lavash Crackers 400g,Himalayan Provisions,BAKE-001582,890100787634,Bakery & Deli,100,pack,132.02,212.49,2026-08-20,Aisle 03,ambient
Gourmet Golden Ginger Cinnamon Swirl Buns 350g,Bhoomi Agro,BAKE-001583,890100787635,Bakery & Deli,192,pcs,291.94,529.76,2026-09-09,Aisle 04,chilled
Traditional Biodegradable Garbage Bags 750g,Pashmina Farms,HOUS-001584,890100787636,Household & Personal Care,171,box,320.76,534.75,2028-01-25,Aisle 11,ambient
Golden Unsalted White Butter 10-Pack,Urban Roots Co.,DAIR-001585,890100787637,Dairy & Eggs,19,carton,112.00,199.87,2026-09-07,Aisle 03,chilled
Plant-Based Tulsi Honey Liquid Laundry Detergent 300g,Nilgiri Co.,HOUS-001586,890100787638,Household & Personal Care,127,box,552.17,1000.98,2028-04-27,Aisle 12,ambient
Valley Fresh Ricotta Fresh 350g,Patanjali Organics,DAIR-001587,890100787639,Dairy & Eggs,36,packet,180.61,321.49,2026-09-01,Aisle 02,chilled
Organic Pink Himalayan Salt 1kg,FarmGold Plantations,PANT-001588,890100787640,Pantry & Dry Goods,85,jar,92.52,146.98,2028-01-20,Aisle 07,ambient
Organic Pomegranates 300g,Amul Agro,FRES-001589,890100787641,Fresh Produce,66,bag,149.76,261.11,2026-08-30,Aisle 01,chilled
Free-Range Desi Cow Ghee 300g,FarmGold Provisions,DAIR-001590,890100787642,Dairy & Eggs,77,carton,166.12,304.62,2026-08-24,Aisle 02,chilled
Natural Mint Lime Mustard Oil Kachi Ghani 750g,Pure Vedic Naturals,PANT-001591,890100787643,Pantry & Dry Goods,136,box,686.07,1121.74,2027-11-10,Aisle 07,ambient
Whole-Grain Pomfret Whole 200ml,Heritage Dairy,MEAT-001592,890100787644,Meat & Seafood,228,kg,491.60,716.26,2026-08-27,Aisle 05,chilled
Zero-Sugar Garlic & Herb Catla Fish Steaks 1L,Dabur Organics,MEAT-001593,890100787645,Meat & Seafood,150,kg,745.67,1207.91,2026-09-03,Aisle 05,chilled
Signature Organic Green Tea 150ml,Kaveri Organics,BEVE-001594,890100787646,Beverages,157,pack,151.80,250.72,2027-05-09,Aisle 06,chilled
Unpolished Sweet Tamarind Pears 50g,Royal Indian Naturals,FRES-001595,890100787647,Fresh Produce,161,bag,116.20,202.14,2026-09-07,Aisle 01,ambient
Premium Toor Dal Premium 250g,Nilgiri Harvest,PANT-001596,890100787648,Pantry & Dry Goods,165,can,378.78,655.75,2027-11-26,Aisle 07,ambient
Pure Dishwash Gel Lemon 500ml,Deccan Co.,HOUS-001597,890100787649,Household & Personal Care,190,bottle,483.69,805.25,2027-09-18,Aisle 12,ambient
Country Style Lemon Pepper Parmigiano-Reggiano 2L,Nilgiri Goods,DAIR-001598,890100787650,Dairy & Eggs,7,packet,156.78,238.22,2026-09-09,Aisle 02,chilled
Authentic Frozen Samosas 10kg,Bhoomi Farms,FROZ-001599,890100787651,Frozen Foods,155,packet,195.73,248.89,2026-08-29,Aisle 08,frozen
Handcrafted Banana Chips Kerala Style 10kg,Nilgiri Provisions,SNAC-001600,890100787652,Snacks & Confectionery,62,packet,136.65,218.23,2026-11-10,Aisle 10,ambient
Organic Gulab Jamun Tin 250g,Deccan Goods,SNAC-001601,890100787653,Snacks & Confectionery,122,packet,146.01,265.73,2026-11-10,Aisle 10,ambient
Golden Herbal Hand Wash Neem 750ml,Nature Harvest Springs,HOUS-001602,890100787654,Household & Personal Care,218,box,465.02,837.67,2027-08-02,Aisle 12,ambient
Handcrafted Kesar Pista Raw Wildflower Honey 2L,Mother Dairy Harvest,PANT-001603,890100787655,Pantry & Dry Goods,153,can,34.09,48.84,2027-04-23,Aisle 08,ambient
Cold-Pressed Strawberries 12-Pack,Urban Roots Milling,FRES-001604,890100787656,Fresh Produce,179,bag,19.65,29.13,2026-09-09,Aisle 01,chilled
Artisan Caramelized Onion Salted Butter 2L,Vedic Fresh Springs,DAIR-001605,890100787657,Dairy & Eggs,153,bottle,263.25,369.71,2026-09-03,Aisle 02,chilled
Signature Green Peas Fresh Value Pack,Desi Organics Provisions,FRES-001606,890100787658,Fresh Produce,176,bag,63.25,113.00,2026-09-05,Aisle 01,chilled
Sun-Dried Kachi Ghani Mustard Fresh Mint (Pudina) 24-Pack,Green Earth Farms,FRES-001607,890100787659,Fresh Produce,65,bunch,19.92,27.68,2026-09-17,Aisle 01,chilled
Handcrafted Pita Bread 200g,Deccan Goods,BAKE-001608,890100787660,Bakery & Deli,127,pcs,139.91,230.22,2026-09-05,Aisle 04,chilled
Sweet Coconut Milk Canned 500ml,Pashmina Provisions,PANT-001609,890100787661,Pantry & Dry Goods,156,packet,293.41,405.36,2028-03-06,Aisle 08,ambient
Heritage Sweet Tamarind Stainless Steel Scrubber 3pk 1kg,Nilgiri Kitchens,HOUS-001610,890100787662,Household & Personal Care,107,box,141.86,185.71,2028-12-24,Aisle 11,ambient
Pure Mutton Chops 8-Pack,Satvik Foods,MEAT-001611,890100787663,Meat & Seafood,180,pcs,227.75,370.42,2026-08-28,Aisle 04,chilled
Aged Red Chilli & Garlic Ayurvedic Bath Soap Family Pack,Mother Dairy Co.,HOUS-001612,890100787664,Household & Personal Care,135,box,540.18,735.39,2029-03-22,Aisle 12,ambient
Natural Ajwain & Jeera Cold Brew Coffee 330ml,Green Earth Organics,BEVE-001613,890100787665,Beverages,179,bag,204.00,334.76,2026-12-11,Aisle 05,ambient
Wildcrafted Hash Browns 6pk 24-Pack,Mother Dairy Farms,FROZ-001614,890100787666,Frozen Foods,24,bag,138.47,250.01,2027-08-20,Aisle 08,frozen
Whole-Grain Kachi Ghani Mustard Greek Yogurt 6-Pack,Royal Indian Agro,DAIR-001615,890100787667,Dairy & Eggs,96,tub,31.00,42.59,2026-08-31,Aisle 02,chilled
Low-Sodium Caramelized Onion French Fries Crispy 2kg,Desi Organics Springs,FROZ-001616,890100787668,Frozen Foods,147,packet,416.09,702.02,2027-03-06,Aisle 09,frozen
Select Tulsi Honey Frozen Paneer Cubes 2L,Nilgiri Provisions,FROZ-001617,890100787669,Frozen Foods,16,packet,292.60,411.61,2027-02-07,Aisle 09,frozen
Cured Kitchen Paper Towels 4-Roll 5L,Vedic Fresh Mills,HOUS-001618,890100787670,Household & Personal Care,14,box,62.99,99.28,2028-09-08,Aisle 11,ambient
Signature Avocados 200ml,Amul Co.,FRES-001619,890100787671,Fresh Produce,250,bag,144.71,262.65,2026-09-03,Aisle 01,ambient
Grass-Fed Kitchen Paper Towels 4-Roll 750g,Nilgiri Provisions,HOUS-001620,890100787672,Household & Personal Care,226,box,459.90,751.75,2027-03-19,Aisle 11,ambient
Sun-Dried Garlic & Herb Granola Health Bars 250g,Nature Harvest Plantations,SNAC-001621,890100787673,Snacks & Confectionery,178,box,28.65,38.32,2027-02-14,Aisle 09,ambient
Artisan Lemon Pepper Hash Browns 6pk 750g,Saffola Farms,FROZ-001622,890100787674,Frozen Foods,13,bag,337.47,444.48,2027-04-04,Aisle 09,frozen
Stone-Ground Tender Coconut Water 1.5L,Ganga Farms,BEVE-001623,890100787675,Beverages,29,pack,289.10,529.00,2027-04-18,Aisle 05,chilled
Smoked Toasted Sesame Squid Rings Cleaned 750g,Urban Roots Agro,MEAT-001624,890100787676,Meat & Seafood,243,pcs,677.44,1056.01,2026-08-31,Aisle 04,chilled
Grass-Fed Ginger Kombucha 200ml,Saffola Mills,BEVE-001625,890100787677,Beverages,98,pack,29.28,45.04,2026-10-19,Aisle 06,ambient
Free-Range Mint Lime Amla Juice Pure 330ml,Green Earth Goods,BEVE-001626,890100787678,Beverages,99,bottle,427.99,635.74,2026-12-02,Aisle 06,chilled
Natural Coconut Cream Bananas 250ml,Dabur Harvest,FRES-001627,890100787679,Fresh Produce,27,bunch,42.17,69.73,2026-08-30,Aisle 01,chilled
Signature Cardamom Spiced Espresso Roast Ground Coffee 2kg,Kaveri Mills,BEVE-001628,890100787680,Beverages,39,carton,215.12,318.52,2027-04-16,Aisle 05,ambient
Cured Organic Green Tea 150g,Satvik Botanicals,BEVE-001629,890100787681,Beverages,193,box,201.88,351.60,2027-04-15,Aisle 06,ambient
Gourmet Alphonso Mango Mishri Mawa 150g,Organic Tattva Provisions,DAIR-001630,890100787682,Dairy & Eggs,191,tub,303.36,442.53,2026-09-08,Aisle 03,chilled
Traditional Rusk Toast 300g,Satvik Naturals,BAKE-001631,890100787683,Bakery & Deli,140,box,117.92,157.70,2026-08-20,Aisle 03,chilled
Sun-Dried Jalapeno Lime Oat Milk 200ml,Nilgiri Co.,DAIR-001632,890100787684,Dairy & Eggs,77,bottle,469.85,825.63,2026-09-16,Aisle 02,chilled
Authentic Iced Lemon Tea 1L,Urban Roots Plantations,BEVE-001633,890100787685,Beverages,204,carton,396.10,500.80,2027-03-07,Aisle 05,chilled
Natural Garlic Focaccia 1kg,Dabur Dairy,BAKE-001634,890100787686,Bakery & Deli,209,pack,278.89,398.42,2026-09-05,Aisle 04,chilled
Sweet Sweet Tamarind Chicken Frankfurters 500g,Fortune Co.,BAKE-001635,890100787687,Bakery & Deli,19,box,184.85,252.05,2026-09-09,Aisle 04,ambient
Desi Stainless Steel Scrubber 3pk 500g,Tata Goods,HOUS-001636,890100787688,Household & Personal Care,236,tube,224.25,332.27,2027-04-27,Aisle 12,ambient
Whole-Grain Chicken Keema 750g,Saffola Kitchens,MEAT-001637,890100787689,Meat & Seafood,87,pack,838.36,1375.07,2026-08-30,Aisle 05,chilled
Extra-Virgin Blueberries 12-Pack,Nilgiri Kitchens,FRES-001638,890100787690,Fresh Produce,146,kg,88.77,143.28,2026-09-05,Aisle 02,ambient
Royal Kashmiri Saffron Tiger Prawns Jumbo 5kg,Fortune Foods,MEAT-001639,890100787691,Meat & Seafood,165,pcs,633.06,1013.85,2026-09-01,Aisle 05,chilled
Heritage Mint Lime Fresh Rohu Fish 350g,Amul Goods,MEAT-001640,890100787692,Meat & Seafood,51,pcs,726.41,983.07,2026-09-02,Aisle 05,chilled
Spiced Smoked Paprika Fresh Chicken Curry Cut 5kg,Pashmina Kitchens,MEAT-001641,890100787693,Meat & Seafood,44,kg,343.61,578.69,2026-09-03,Aisle 04,chilled
Select Nagpur Orange Flavored Yogurt 24-Pack,Fortune Agro,DAIR-001642,890100787694,Dairy & Eggs,75,carton,96.19,165.97,2026-09-09,Aisle 03,chilled
Valley Fresh Smoked Paprika Mozzarella Shredded 150g,Everest Dairy,DAIR-001643,890100787695,Dairy & Eggs,209,carton,461.55,622.19,2026-08-31,Aisle 03,chilled
Rustic Unsalted White Butter 250ml,Everest Plantations,DAIR-001644,890100787696,Dairy & Eggs,127,tub,217.78,275.83,2026-09-12,Aisle 02,chilled
Unpolished Garlic & Herb Brioche Burger Buns Snack Pack,Mother Dairy Dairy,BAKE-001645,890100787697,Bakery & Deli,186,box,283.47,488.61,2026-09-09,Aisle 03,ambient
Desi Tulsi Honey Penne Rigate Pasta 500ml,Himalayan Naturals,PANT-001646,890100787698,Pantry & Dry Goods,192,bag,200.43,355.40,2027-01-07,Aisle 08,ambient
Cured Kesar Pista Catla Fish Steaks 350g,FarmGold Milling,MEAT-001647,890100787699,Meat & Seafood,65,pcs,827.52,1419.78,2026-09-01,Aisle 05,chilled
Unpolished Red Onions 2kg,Nilgiri Dairy,FRES-001648,890100787700,Fresh Produce,243,bunch,52.93,71.33,2026-09-16,Aisle 02,chilled
Low-Sodium Ajwain & Jeera Kabuli Chana Large 330ml,FarmGold Dairy,PANT-001649,890100787701,Pantry & Dry Goods,132,box,243.00,324.90,2027-11-11,Aisle 07,ambient
Organic Golden Ginger Frozen Samosas 750ml,Royal Indian Kitchens,FROZ-001650,890100787702,Frozen Foods,147,pack,366.32,631.79,2027-07-10,Aisle 08,frozen
Artisan Cinnamon Spice Badam Milk Drink 1.5L,Pure Vedic Dairy,BEVE-001651,890100787703,Beverages,88,bottle,331.91,428.44,2026-12-04,Aisle 06,ambient
Spiced Tandoori Smoked Moong Dal Namkeen 250ml,Kaveri Provisions,SNAC-001652,890100787704,Snacks & Confectionery,21,bag,202.81,375.10,2026-08-29,Aisle 10,ambient
Rustic Smoked Paprika Apple Cider Vinegar Drink 24-Pack,Everest Plantations,BEVE-001653,890100787705,Beverages,59,can,445.45,604.32,2026-11-30,Aisle 06,ambient
Whole-Grain Fresh Chicken Curry Cut 750g,Dabur Naturals,MEAT-001654,890100787706,Meat & Seafood,223,kg,176.48,315.10,2026-09-02,Aisle 04,chilled
Free-Range Cucumbers 250g,Vedic Fresh Goods,FRES-001655,890100787707,Fresh Produce,107,pcs,47.79,83.70,2026-09-04,Aisle 02,ambient
Farm-Fresh Red Onions 8-Pack,Nilgiri Farms,FRES-001656,890100787708,Fresh Produce,206,pcs,106.72,139.37,2026-09-15,Aisle 01,chilled
Traditional Toasted Sesame Crab Meat Fresh 750g,Saffola Kitchens,MEAT-001657,890100787709,Meat & Seafood,52,pack,425.93,687.84,2026-08-30,Aisle 05,chilled
Aged Ayurvedic Bath Soap 24-Pack,Ganga Mills,HOUS-001658,890100787710,Household & Personal Care,19,tube,458.95,710.66,2028-08-08,Aisle 11,ambient
Rustic Multigrain Tortillas 10-Pack,Saffola Co.,BAKE-001659,890100787711,Bakery & Deli,106,pcs,251.83,450.40,2026-08-28,Aisle 03,chilled
Artisan Red Chilli & Garlic Bitter Gourd (Karela) 50g,Vedic Fresh Organics,FRES-001660,890100787712,Fresh Produce,131,bunch,15.16,22.39,2026-09-11,Aisle 01,chilled
Whole-Grain Makhana Crunch Kokum Sharbat 200g,Royal Indian Dairy,BEVE-001661,890100787713,Beverages,92,bottle,165.77,268.73,2027-03-11,Aisle 06,ambient
Handcrafted Masala Chai Herbal Hand Wash Neem 1L,SunBrite Provisions,HOUS-001662,890100787714,Household & Personal Care,156,tube,341.42,479.47,2029-04-01,Aisle 11,ambient
Zero-Sugar Sea Salt Granola Health Bars 330ml,Urban Roots Foods,SNAC-001663,890100787715,Snacks & Confectionery,65,pack,450.44,618.02,2026-12-10,Aisle 10,ambient
Desi Ayurvedic Bath Soap 1kg,Desi Organics Agro,HOUS-001664,890100787716,Household & Personal Care,95,bottle,473.59,820.13,2028-01-02,Aisle 11,ambient
Roasted Clove & Mint Toothpaste 400g,Tata Harvest,HOUS-001665,890100787717,Household & Personal Care,112,bottle,571.30,866.91,2027-11-03,Aisle 11,ambient
Authentic Matcha Green Tea Roasted Salted Cashews 300g,Pashmina Harvest,SNAC-001666,890100787718,Snacks & Confectionery,4,tub,418.91,619.46,2027-02-05,Aisle 09,ambient
Valley Fresh Salted Butter 5kg,Organic Tattva Co.,DAIR-001667,890100787719,Dairy & Eggs,128,bottle,353.54,522.69,2026-09-15,Aisle 03,chilled
Stone-Ground Alphonso Mango Broccoli Crowns 750ml,Deccan Kitchens,FRES-001668,890100787720,Fresh Produce,157,bag,146.84,260.00,2026-08-28,Aisle 01,chilled
Stone-Ground Cardamom Spiced Fish Fingers Frozen 150g,Urban Roots Kitchens,FROZ-001669,890100787721,Frozen Foods,157,packet,246.19,399.25,2026-10-30,Aisle 09,frozen
Rustic Fruit Muffins 350g,Saffola Plantations,BAKE-001670,890100787722,Bakery & Deli,193,box,182.31,234.24,2026-09-10,Aisle 03,chilled
Wildcrafted Red Chilli & Garlic Rawa Sooji 5L,Himalayan Mills,PANT-001671,890100787723,Pantry & Dry Goods,79,box,659.79,1196.87,2028-07-22,Aisle 06,ambient
Smoked Caramelized Onion Alphonso Kulfi Tub Value Pack,Kaveri Mills,FROZ-001672,890100787724,Frozen Foods,50,bag,355.41,449.85,2027-02-03,Aisle 09,frozen
Desi Truffle Infused Fruit Cake Slice 500g,Tata Mills,BAKE-001673,890100787725,Bakery & Deli,79,pack,263.36,462.10,2026-09-05,Aisle 03,chilled
Farm-Fresh Banana Chips Kerala Style 24-Pack,Bhoomi Provisions,SNAC-001674,890100787726,Snacks & Confectionery,169,pack,436.30,673.27,2026-12-15,Aisle 09,ambient
Country Style Alphonso Mango Fruit Muffins 10kg,Deccan Foods,BAKE-001675,890100787727,Bakery & Deli,168,pack,185.31,311.72,2026-09-06,Aisle 04,chilled
Wildcrafted Kashmiri Saffron Parmigiano-Reggiano 2L,Catch Mills,DAIR-001676,890100787728,Dairy & Eggs,23,tub,60.60,88.90,2026-09-03,Aisle 02,chilled
Unpolished Kokum Sharbat Family Pack,Everest Naturals,BEVE-001677,890100787729,Beverages,56,bag,263.67,476.88,2027-02-28,Aisle 05,chilled
Cold-Pressed Vanilla Bean Nimbu Paani Soda 300g,Pashmina Organics,BEVE-001678,890100787730,Beverages,241,bottle,403.38,644.16,2027-08-19,Aisle 05,chilled
Farm-Fresh Roasted Makhana Foxnuts 1.5L,Urban Roots Dairy,SNAC-001679,890100787731,Snacks & Confectionery,23,tub,418.89,702.01,2027-01-08,Aisle 09,ambient
Stone-Ground Dishwash Gel Lemon Value Pack,Fortune Botanicals,HOUS-001680,890100787732,Household & Personal Care,72,bottle,51.20,77.89,2027-03-23,Aisle 11,ambient
Farm-Fresh Alphonso Mango Sourdough Loaf 1kg,Fortune Mills,BAKE-001681,890100787733,Bakery & Deli,78,box,154.49,216.89,2026-09-02,Aisle 03,ambient
Spiced Sea Salt Surface Floor Cleaner Rose 50g,FarmGold Foods,HOUS-001682,890100787734,Household & Personal Care,179,tube,228.31,393.41,2026-08-30,Aisle 11,ambient
Roasted Smoked Paprika Surmai Steaks 500g,Ganga Naturals,MEAT-001683,890100787735,Meat & Seafood,238,kg,906.90,1441.85,2026-08-29,Aisle 05,chilled
Low-Sodium Moong Dal Namkeen 350g,Mother Dairy Milling,SNAC-001684,890100787736,Snacks & Confectionery,123,bag,103.58,147.94,2027-01-13,Aisle 10,ambient
Extra-Virgin Roasted Makhana Foxnuts 5L,Organic Tattva Harvest,SNAC-001685,890100787737,Snacks & Confectionery,115,box,292.00,497.78,2027-05-30,Aisle 10,ambient
Signature Mixed Berries Frozen 2-Pack,Nature Harvest Agro,FROZ-001686,890100787738,Frozen Foods,113,tub,248.03,322.77,2027-02-02,Aisle 09,frozen
Cold-Pressed Chicken Sausages 350g,Tata Naturals,MEAT-001687,890100787739,Meat & Seafood,189,kg,458.86,706.38,2026-08-31,Aisle 04,chilled
Artisan Veg Burger Patties 6-Pack,Green Earth Milling,FROZ-001688,890100787740,Frozen Foods,218,packet,149.87,206.85,2027-03-14,Aisle 09,frozen
Cold-Pressed Mint Lime Sparkling Mineral Water 2-Pack,Patanjali Foods,BEVE-001689,890100787741,Beverages,246,box,142.55,180.11,2026-10-27,Aisle 05,ambient
Crisp Coconut Cream Sparkling Mineral Water 200g,Royal Indian Organics,BEVE-001690,890100787742,Beverages,211,can,49.90,87.45,2026-08-28,Aisle 06,ambient
Roasted Makhana Crunch Pomegranates 2kg,Pashmina Goods,FRES-001691,890100787743,Fresh Produce,88,bag,62.27,99.34,2026-09-08,Aisle 02,ambient
Extra-Virgin Pure Jaggery Powder (Gud) 330ml,Bhoomi Dairy,PANT-001692,890100787744,Pantry & Dry Goods,172,jar,108.36,139.39,2026-08-20,Aisle 08,ambient
Homestyle Dry Fruits Trail Mix 8-Pack,Tata Milling,SNAC-001693,890100787745,Snacks & Confectionery,82,box,519.10,722.84,2027-05-11,Aisle 09,ambient
Organic Kachi Ghani Mustard Masala Potato Chips 500ml,Everest Plantations,SNAC-001694,890100787746,Snacks & Confectionery,130,tub,357.09,450.45,2027-01-15,Aisle 09,ambient
Rustic Masala Chai Flavored Yogurt 1kg,Pashmina Kitchens,DAIR-001695,890100787747,Dairy & Eggs,200,packet,61.63,105.32,2026-09-19,Aisle 03,chilled
Select Pasture Eggs 1L,Tata Mills,DAIR-001696,890100787748,Dairy & Eggs,4,bottle,207.47,331.21,2026-09-07,Aisle 02,chilled
Handcrafted Golden Ginger Organic Brown Sugar 6-Pack,FarmGold Foods,PANT-001697,890100787749,Pantry & Dry Goods,42,packet,84.25,154.20,2027-02-05,Aisle 08,ambient
Royal Nagpur Orange Fruit Cake Slice 5kg,Nature Harvest Provisions,BAKE-001698,890100787750,Bakery & Deli,236,pcs,28.70,40.47,2026-08-28,Aisle 04,ambient
Handcrafted Bamboo Toothbrush 2pk 500ml,Desi Organics Agro,HOUS-001699,890100787751,Household & Personal Care,250,tube,139.94,237.79,2027-10-14,Aisle 11,ambient
Raw Cold-Pressed Groundnut Oil 150g,Amul Agro,PANT-001700,890100787752,Pantry & Dry Goods,126,bottle,588.54,766.66,2027-05-02,Aisle 08,ambient
Heritage Cardamom Spiced Aloo Tikki 8-Pack 10-Pack,Catch Mills,FROZ-001701,890100787753,Frozen Foods,215,pack,237.83,370.40,2027-01-23,Aisle 09,frozen
Low-Sodium Tandoori Smoked Heavy Cream 330ml,Pure Vedic Botanicals,DAIR-001702,890100787754,Dairy & Eggs,129,carton,83.38,105.00,2026-08-31,Aisle 03,chilled
Valley Fresh Fabric Softener Floral 50g,Nilgiri Springs,HOUS-001703,890100787755,Household & Personal Care,149,bottle,311.20,551.00,2027-09-26,Aisle 12,ambient
Rustic Makhana Crunch Yukon Gold Potatoes 2kg,Royal Indian Organics,FRES-001704,890100787756,Fresh Produce,148,pcs,18.54,23.36,2026-09-16,Aisle 01,chilled
Desi Mozzarella Shredded 150ml,Desi Organics Plantations,DAIR-001705,890100787757,Dairy & Eggs,40,box,231.10,365.34,2026-08-18,Aisle 03,chilled
Zero-Sugar Caramelized Onion Surface Floor Cleaner Rose 1L,Nature Harvest Goods,HOUS-001706,890100787758,Household & Personal Care,184,pack,244.12,341.98,2028-11-29,Aisle 12,ambient
Rustic Alphonso Mangoes 100g,Bhoomi Dairy,FRES-001707,890100787759,Fresh Produce,66,bunch,157.93,207.78,2026-09-06,Aisle 02,chilled
Smoked Alphonso Mango Fresh Rohu Fish 24-Pack,SunBrite Foods,MEAT-001708,890100787760,Meat & Seafood,75,kg,297.15,476.02,2026-09-03,Aisle 04,chilled
Extra-Virgin Kulcha 4-Pack 6-Pack,Himalayan Botanicals,BAKE-001709,890100787761,Bakery & Deli,22,pcs,88.13,135.04,2026-09-03,Aisle 03,ambient
Zero-Sugar Kashmiri Saffron Frozen Veg Momos 200g,Fortune Botanicals,FROZ-001710,890100787762,Frozen Foods,130,pack,203.22,372.73,2026-08-29,Aisle 09,frozen
Spiced Cinnamon Swirl Buns 12-Pack,Nature Harvest Provisions,BAKE-001711,890100787763,Bakery & Deli,243,pcs,33.59,59.52,2026-09-03,Aisle 04,chilled
Sweet Cinnamon Spice Soan Papdi Box 1.5L,Deccan Organics,SNAC-001712,890100787764,Snacks & Confectionery,191,bag,47.72,63.58,2027-03-18,Aisle 09,ambient
Pure Kesar Pista Veg Burger Patties 1kg,Mother Dairy Dairy,FROZ-001713,890100787765,Frozen Foods,190,pack,143.51,193.50,2027-06-28,Aisle 08,frozen
Crisp Cardamom Spiced Mutton Chops 750g,Pure Vedic Organics,MEAT-001714,890100787766,Meat & Seafood,172,kg,780.36,981.84,2026-09-02,Aisle 05,chilled
Stone-Ground Smoked Paprika Ayurvedic Bath Soap 250g,Himalayan Agro,HOUS-001715,890100787767,Household & Personal Care,9,pack,595.72,858.04,2027-12-01,Aisle 11,ambient
Cold-Pressed Jalapeno Lime Cold Pressed Orange Juice 200ml,Kaveri Organics,BEVE-001716,890100787768,Beverages,159,can,39.29,60.38,2027-01-28,Aisle 06,chilled
Farm-Fresh Fresh Chicken Curry Cut 8-Pack,Deccan Milling,MEAT-001717,890100787769,Meat & Seafood,248,pcs,815.51,1299.14,2026-08-30,Aisle 05,chilled
Cured Red Chilli & Garlic Pomfret Whole 1.5L,Patanjali Plantations,MEAT-001718,890100787770,Meat & Seafood,228,pcs,878.58,1449.81,2026-08-31,Aisle 05,chilled
Gourmet Surface Floor Cleaner Rose Family Pack,FarmGold Farms,HOUS-001719,890100787771,Household & Personal Care,55,pack,322.01,547.30,2028-06-13,Aisle 11,ambient
Heritage Matcha Green Tea Tonic Water Premium 150ml,Catch Agro,BEVE-001720,890100787772,Beverages,211,bag,152.40,244.11,2027-01-11,Aisle 05,ambient
Crisp Multigrain Tortillas 500ml,SunBrite Mills,BAKE-001721,890100787773,Bakery & Deli,19,pcs,274.67,492.61,2026-08-31,Aisle 04,chilled
Country Style Paneer Tikka Deli 8-Pack,Saffola Naturals,BAKE-001722,890100787774,Bakery & Deli,91,pcs,150.99,236.65,2026-09-08,Aisle 04,ambient
Aged Chatpata Masala Buffalo Milk 750g,Fortune Farms,DAIR-001723,890100787775,Dairy & Eggs,142,carton,364.30,588.92,2026-09-23,Aisle 03,chilled
Spiced Chana Dal Polished 5L,Green Earth Organics,PANT-001724,890100787776,Pantry & Dry Goods,44,bottle,604.69,791.68,2027-03-31,Aisle 06,ambient
Gourmet Fruit Muffins 10kg,Amul Harvest,BAKE-001725,890100787777,Bakery & Deli,250,pcs,305.02,406.75,2026-08-28,Aisle 03,chilled
Golden Kulcha 4-Pack 150g,Green Earth Mills,BAKE-001726,890100787778,Bakery & Deli,229,box,165.58,270.46,2026-08-30,Aisle 03,chilled
Whole-Grain Desi Cow Ghee 150ml,Nilgiri Provisions,DAIR-001727,890100787779,Dairy & Eggs,79,pack,88.00,154.35,2026-09-11,Aisle 03,chilled
Royal Hash Browns 6pk 2kg,Fortune Provisions,FROZ-001728,890100787780,Frozen Foods,39,bag,378.01,694.06,2027-02-26,Aisle 08,frozen
Country Style Lemon Pepper Butter Croissants 10kg,Kaveri Botanicals,BAKE-001729,890100787781,Bakery & Deli,50,box,110.16,199.65,2026-08-31,Aisle 03,ambient
Farm-Fresh Vanilla Bean Ladyfinger (Bhindi) 150ml,Dabur Provisions,FRES-001730,890100787782,Fresh Produce,179,pcs,55.19,99.33,2026-09-03,Aisle 02,chilled
Royal Badam Milk Drink 500ml,Organic Tattva Harvest,BEVE-001731,890100787783,Beverages,137,carton,319.83,574.00,2027-08-14,Aisle 05,chilled
Roasted Paneer Block 24-Pack,Deccan Organics,DAIR-001732,890100787784,Dairy & Eggs,136,tub,464.18,614.41,2026-09-04,Aisle 02,chilled
Heritage Surface Floor Cleaner Rose 10-Pack,Desi Organics Botanicals,HOUS-001733,890100787785,Household & Personal Care,6,bottle,528.74,966.77,2028-03-02,Aisle 12,ambient
Rustic Chicken Keema 750g,Satvik Mills,MEAT-001734,890100787786,Meat & Seafood,233,kg,600.37,1034.76,2026-08-29,Aisle 05,chilled
Smoked Masala Chai Mosquito Vaporizer Refill 5L,Tata Milling,HOUS-001735,890100787787,Household & Personal Care,144,packet,412.64,697.07,2026-08-27,Aisle 12,ambient
Homestyle Kachi Ghani Mustard Cinnamon Swirl Buns 750ml,Vedic Fresh Mills,BAKE-001736,890100787788,Bakery & Deli,39,pack,87.07,129.96,2026-09-04,Aisle 03,ambient
Sweet Roasted Salted Cashews 24-Pack,SunBrite Agro,SNAC-001737,890100787789,Snacks & Confectionery,127,box,162.27,239.77,2026-08-28,Aisle 10,ambient
Golden Cardamom Spiced Ciabatta Roll 10kg,Bhoomi Milling,BAKE-001738,890100787790,Bakery & Deli,236,box,226.64,304.07,2026-09-08,Aisle 04,chilled
Royal Mint Lime Penne Rigate Pasta 1L,Kaveri Naturals,PANT-001739,890100787791,Pantry & Dry Goods,54,box,305.11,405.27,2026-08-27,Aisle 07,ambient
Crisp Granola Health Bars 250g,Pure Vedic Plantations,SNAC-001740,890100787792,Snacks & Confectionery,182,pack,361.69,594.08,2027-02-21,Aisle 10,ambient
Valley Fresh Chatpata Masala Paneer Paratha Frozen Value Pack,Nilgiri Farms,FROZ-001741,890100787793,Frozen Foods,140,packet,178.24,309.37,2027-04-17,Aisle 09,frozen
Signature Kokum Sharbat 5kg,Green Earth Goods,BEVE-001742,890100787794,Beverages,212,can,207.21,344.62,2027-04-24,Aisle 05,chilled
Spiced Lemon Pepper Fabric Softener Floral 5L,Fortune Farms,HOUS-001743,890100787795,Household & Personal Care,150,tube,532.84,889.48,2027-08-28,Aisle 12,ambient
Organic Tender Coconut Water 750g,FarmGold Milling,BEVE-001744,890100787796,Beverages,92,bottle,300.65,448.30,2027-05-23,Aisle 05,chilled
Plant-Based Bagel Plain 4pk 24-Pack,Heritage Organics,BAKE-001745,890100787797,Bakery & Deli,11,pcs,192.56,244.90,2026-09-04,Aisle 04,ambient
Pure Golden Ginger Clove & Mint Toothpaste 10-Pack,Mother Dairy Springs,HOUS-001746,890100787798,Household & Personal Care,71,bottle,85.29,117.83,2029-03-09,Aisle 11,ambient
Roasted Aloo Tikki 8-Pack 2-Pack,Tata Co.,FROZ-001747,890100787799,Frozen Foods,222,tub,285.15,421.53,2027-01-28,Aisle 09,frozen
Sun-Dried Kesar Pista Mishri Mawa 1L,SunBrite Agro,DAIR-001748,890100787800,Dairy & Eggs,74,packet,353.53,468.43,2026-09-22,Aisle 02,chilled
Traditional Dishwash Gel Lemon 1L,Nature Harvest Foods,HOUS-001749,890100787801,Household & Personal Care,212,pack,271.70,444.88,2029-01-26,Aisle 12,ambient
Wildcrafted Surface Floor Cleaner Rose 500g,Nature Harvest Botanicals,HOUS-001750,890100787802,Household & Personal Care,66,box,453.27,589.31,2028-05-28,Aisle 12,ambient
Sweet Kesar Pista Bamboo Toothbrush 2pk 50g,Ganga Springs,HOUS-001751,890100787803,Household & Personal Care,169,box,266.79,427.95,2027-09-19,Aisle 11,ambient
Premium Mint Lime Butter Croissants 500ml,Bhoomi Plantations,BAKE-001752,890100787804,Bakery & Deli,169,pcs,310.66,442.83,2026-08-27,Aisle 04,chilled
Desi Truffle Infused Alphonso Kulfi Tub 150ml,Green Earth Foods,FROZ-001753,890100787805,Frozen Foods,206,tub,383.98,696.13,2027-06-21,Aisle 09,frozen
Rustic Tandoori Smoked Lassi Mango Infused Family Pack,Kaveri Milling,DAIR-001754,890100787806,Dairy & Eggs,219,pack,297.55,538.13,2026-09-18,Aisle 03,chilled
Unpolished Chicken Keema 750ml,Saffola Springs,MEAT-001755,890100787807,Meat & Seafood,130,pcs,746.73,1342.49,2026-09-01,Aisle 05,chilled
Royal Fresh Chicken Curry Cut 750ml,Amul Milling,MEAT-001756,890100787808,Meat & Seafood,240,kg,465.09,675.08,2026-09-02,Aisle 05,chilled
Spiced Tulsi Honey Organic Green Tea 1kg,Mother Dairy Harvest,BEVE-001757,890100787809,Beverages,208,bag,118.05,202.76,2026-09-12,Aisle 05,chilled
Sun-Dried Mint Lime Masala CTC Tea 1L,Kaveri Springs,BEVE-001758,890100787810,Beverages,42,pack,276.22,509.30,2027-06-27,Aisle 05,ambient
Handcrafted Rose Infused Stainless Steel Scrubber 3pk 8-Pack,Green Earth Co.,HOUS-001759,890100787811,Household & Personal Care,147,tube,494.88,877.77,2026-08-29,Aisle 11,ambient
Low-Sodium Salted Butter 500g,Royal Indian Kitchens,DAIR-001760,890100787812,Dairy & Eggs,228,pack,369.97,527.99,2026-09-21,Aisle 02,chilled
Whole-Grain Rose Infused Pomfret Whole 500g,Dabur Agro,MEAT-001761,890100787813,Meat & Seafood,212,pcs,804.13,1172.77,2026-09-02,Aisle 04,chilled
Premium Cinnamon Spice Desi Cow Ghee 200g,Desi Organics Co.,DAIR-001762,890100787814,Dairy & Eggs,159,box,204.22,376.15,2026-08-29,Aisle 03,chilled
Artisan Chatpata Masala Biodegradable Garbage Bags 400g,Amul Goods,HOUS-001763,890100787815,Household & Personal Care,28,box,304.25,433.98,2029-03-25,Aisle 11,ambient
Unpolished Ayurvedic Bath Soap 750ml,FarmGold Provisions,HOUS-001764,890100787816,Household & Personal Care,59,bottle,214.17,372.47,2028-04-23,Aisle 12,ambient
Raw Red Chilli & Garlic Goat Mince Premium 2kg,Deccan Mills,MEAT-001765,890100787817,Meat & Seafood,212,pack,775.13,1242.81,2026-09-01,Aisle 05,chilled
Handcrafted Nagpur Orange Almond Milk 1L,Pashmina Botanicals,DAIR-001766,890100787818,Dairy & Eggs,35,carton,429.25,641.99,2026-09-10,Aisle 02,chilled
Authentic Floor Disinfectant Pine 4-Pack,Tata Co.,HOUS-001767,890100787819,Household & Personal Care,69,packet,376.35,635.45,2027-04-06,Aisle 11,ambient
Desi Rusk Toast 300g,Bhoomi Farms,BAKE-001768,890100787820,Bakery & Deli,199,box,181.35,321.05,2026-08-28,Aisle 04,ambient
Spiced Strawberries 250g,Kaveri Plantations,FRES-001769,890100787821,Fresh Produce,60,pcs,18.83,27.54,2026-08-30,Aisle 02,ambient
Sweet Golden Ginger Floor Disinfectant Pine Value Pack,Mother Dairy Naturals,HOUS-001770,890100787822,Household & Personal Care,14,box,146.36,260.72,2028-10-08,Aisle 11,ambient
Extra-Virgin Yukon Gold Potatoes 50g,Bhoomi Milling,FRES-001771,890100787823,Fresh Produce,72,bunch,30.37,45.82,2026-09-06,Aisle 02,ambient
Wildcrafted Pasture Eggs 1L,Heritage Naturals,DAIR-001772,890100787824,Dairy & Eggs,20,box,176.53,221.75,2026-09-03,Aisle 03,chilled
Raw Masala Chai Pav 6-Pack 200g,Tata Goods,BAKE-001773,890100787825,Bakery & Deli,227,pcs,312.30,435.22,2026-08-28,Aisle 04,chilled
Desi Tulsi Honey Granola Health Bars 400g,Catch Harvest,SNAC-001774,890100787826,Snacks & Confectionery,92,bag,131.91,177.98,2026-12-22,Aisle 09,ambient
Cured Chicken Sausages 1.5L,Deccan Provisions,MEAT-001775,890100787827,Meat & Seafood,130,kg,306.79,480.75,2026-08-29,Aisle 05,chilled
Heritage Caramelized Onion Lentils Red Masoor 200g,Patanjali Agro,PANT-001776,890100787828,Pantry & Dry Goods,83,bag,615.31,1078.93,2026-08-21,Aisle 07,ambient
Signature Mosquito Vaporizer Refill 150g,Ganga Organics,HOUS-001777,890100787829,Household & Personal Care,23,box,401.08,674.44,2028-08-22,Aisle 12,ambient
Rustic Gourmet Cookies Choco-Chip 4-Pack,Mother Dairy Kitchens,SNAC-001778,890100787830,Snacks & Confectionery,170,pack,96.66,141.01,2026-12-04,Aisle 10,ambient
Premium Herbal Hand Wash Neem 12-Pack,Everest Mills,HOUS-001779,890100787831,Household & Personal Care,97,box,193.24,256.87,2029-02-27,Aisle 11,ambient
Organic Pomfret Whole Value Pack,Urban Roots Kitchens,MEAT-001780,890100787832,Meat & Seafood,41,kg,636.29,1058.49,2026-09-01,Aisle 04,chilled
Plant-Based Basa Fish Fillets 2kg,Pashmina Foods,MEAT-001781,890100787833,Meat & Seafood,162,pcs,394.27,698.19,2026-08-31,Aisle 05,chilled
Free-Range Bhujia Sev 1L,Organic Tattva Kitchens,SNAC-001782,890100787834,Snacks & Confectionery,13,bar,244.16,439.55,2026-08-28,Aisle 10,ambient
Traditional Chicken Sausages 8-Pack,Green Earth Co.,MEAT-001783,890100787835,Meat & Seafood,65,kg,696.91,1141.06,2026-08-29,Aisle 05,chilled
Wildcrafted Desi Cow Ghee 4-Pack,Himalayan Farms,DAIR-001784,890100787836,Dairy & Eggs,74,packet,389.79,638.65,2026-09-18,Aisle 03,chilled
Gluten-Free Sea Salt Butter Murukku 400g,Kaveri Farms,SNAC-001785,890100787837,Snacks & Confectionery,10,pack,138.36,219.40,2027-02-07,Aisle 10,ambient
Whole-Grain Mint Lime Amla Juice Pure 50g,Pashmina Farms,BEVE-001786,890100787838,Beverages,213,bag,170.10,298.45,2027-06-06,Aisle 06,chilled
Zero-Sugar Roasted Salted Cashews 500g,Dabur Naturals,SNAC-001787,890100787839,Snacks & Confectionery,83,tub,74.64,129.90,2027-02-04,Aisle 09,ambient
Artisan Surface Floor Cleaner Rose Family Pack,Everest Foods,HOUS-001788,890100787840,Household & Personal Care,236,packet,326.45,477.85,2029-01-18,Aisle 11,ambient
Gourmet Strawberries 150g,Deccan Harvest,FRES-001789,890100787841,Fresh Produce,157,pack,56.64,80.95,2026-09-02,Aisle 01,ambient
Sweet Paneer Paratha Frozen 2kg,Urban Roots Foods,FROZ-001790,890100787842,Frozen Foods,249,packet,300.49,448.16,2027-04-26,Aisle 09,frozen
Pure Brioche Burger Buns 10kg,Satvik Dairy,BAKE-001791,890100787843,Bakery & Deli,198,box,297.77,387.67,2026-09-06,Aisle 03,ambient
Desi Kachi Ghani Mustard Butter Murukku 350g,Dabur Harvest,SNAC-001792,890100787844,Snacks & Confectionery,200,pack,338.06,605.32,2027-02-25,Aisle 10,ambient
Grass-Fed Iced Lemon Tea 400g,Ganga Botanicals,BEVE-001793,890100787845,Beverages,73,bag,201.31,313.55,2027-04-14,Aisle 05,chilled
Heritage Cardamom Spiced Cheese Croissant 6-Pack,Urban Roots Co.,BAKE-001794,890100787846,Bakery & Deli,141,pcs,212.80,286.69,2026-09-10,Aisle 03,ambient
Cold-Pressed Banana Chips Kerala Style 750g,Himalayan Dairy,SNAC-001795,890100787847,Snacks & Confectionery,226,packet,305.32,474.38,2027-01-22,Aisle 09,ambient
Spiced Parmigiano-Reggiano 330ml,Fortune Goods,DAIR-001796,890100787848,Dairy & Eggs,188,packet,485.87,812.22,2026-09-07,Aisle 03,chilled
Free-Range Chicken Keema 24-Pack,Everest Foods,MEAT-001797,890100787849,Meat & Seafood,7,pcs,889.80,1139.96,2026-08-29,Aisle 05,chilled
Pure Catla Fish Steaks 300g,Catch Organics,MEAT-001798,890100787850,Meat & Seafood,248,kg,588.83,1033.02,2026-08-29,Aisle 05,chilled
Raw Tandoori Smoked California Almonds 330ml,Mother Dairy Milling,SNAC-001799,890100787851,Snacks & Confectionery,134,bar,343.71,446.49,2027-02-11,Aisle 09,ambient
Gluten-Free California Almonds 24-Pack,Bhoomi Plantations,SNAC-001800,890100787852,Snacks & Confectionery,110,pack,144.76,262.00,2027-05-04,Aisle 10,ambient
Country Style Chatpata Masala Chicken Salami 4-Pack,Saffola Provisions,BAKE-001801,890100787853,Bakery & Deli,141,pack,231.58,342.06,2026-08-23,Aisle 03,chilled
Rustic Espresso Roast Ground Coffee 150g,Dabur Kitchens,BEVE-001802,890100787854,Beverages,221,can,268.82,337.21,2027-01-17,Aisle 06,chilled
Smoked Crab Meat Fresh 400g,Pure Vedic Mills,MEAT-001803,890100787855,Meat & Seafood,204,pack,356.25,558.46,2026-08-30,Aisle 05,chilled
Roasted Mustard Oil Kachi Ghani 12-Pack,Saffola Springs,PANT-001804,890100787856,Pantry & Dry Goods,192,bag,465.75,615.63,2027-07-12,Aisle 08,ambient
Desi Cinnamon Spice Fresh Methi 5L,Mother Dairy Co.,FRES-001805,890100787857,Fresh Produce,48,pcs,143.41,207.84,2026-09-08,Aisle 02,chilled
Zero-Sugar Coconut Cream Squid Rings Cleaned 1L,Nature Harvest Naturals,MEAT-001806,890100787858,Meat & Seafood,241,kg,205.10,300.00,2026-08-29,Aisle 05,chilled
Golden Caramelized Onion Herbal Hand Wash Neem 200ml,Heritage Farms,HOUS-001807,890100787859,Household & Personal Care,219,tube,408.32,731.48,2028-05-09,Aisle 12,ambient
Desi Frozen Green Peas 10-Pack,Kaveri Farms,FROZ-001808,890100787860,Frozen Foods,28,bag,129.40,204.91,2027-08-12,Aisle 08,frozen
Golden Jalapeno Lime Electrolyte Energy Drink 250ml,Dabur Plantations,BEVE-001809,890100787861,Beverages,18,carton,116.15,196.98,2027-05-04,Aisle 06,chilled
Roasted Basa Fish Fillets 5kg,Bhoomi Provisions,MEAT-001810,890100787862,Meat & Seafood,75,pack,192.27,261.82,2026-09-03,Aisle 04,chilled
Smoked Poha Thick Flakes 400g,Catch Foods,PANT-001811,890100787863,Pantry & Dry Goods,186,bottle,637.85,1102.22,2027-06-12,Aisle 06,ambient
Stone-Ground Jalapeno Lime Extra Virgin Olive Oil 50g,FarmGold Mills,PANT-001812,890100787864,Pantry & Dry Goods,191,box,633.52,1048.84,2028-04-22,Aisle 07,ambient
Desi Broccoli Crowns 2-Pack,Nature Harvest Mills,FRES-001813,890100787865,Fresh Produce,136,bag,156.62,248.12,2026-08-28,Aisle 01,ambient
Gourmet Sea Salt California Almonds Family Pack,Kaveri Kitchens,SNAC-001814,890100787866,Snacks & Confectionery,11,packet,298.73,492.87,2027-05-14,Aisle 09,ambient
Farm-Fresh Mint Lime Pomfret Whole 350g,Amul Farms,MEAT-001815,890100787867,Meat & Seafood,17,pcs,929.27,1197.08,2026-08-29,Aisle 04,chilled
Rustic Cinnamon Spice Floor Disinfectant Pine 300g,Ganga Milling,HOUS-001816,890100787868,Household & Personal Care,164,bottle,51.94,65.14,2028-03-04,Aisle 12,ambient
Valley Fresh Vanilla Bean Atlantic Salmon Fillet 250g,SunBrite Organics,MEAT-001817,890100787869,Meat & Seafood,68,pack,581.63,841.06,2026-09-01,Aisle 05,chilled
Roasted Smoked Paprika Lentils Red Masoor 350g,SunBrite Mills,PANT-001818,890100787870,Pantry & Dry Goods,98,packet,737.31,1288.42,2028-02-12,Aisle 06,ambient
Farm-Fresh Fruit Muffins 24-Pack,Pashmina Milling,BAKE-001819,890100787871,Bakery & Deli,205,box,183.86,324.82,2026-09-09,Aisle 04,chilled
Premium Salted Butter 24-Pack,Pashmina Plantations,DAIR-001820,890100787872,Dairy & Eggs,131,pack,207.76,360.40,2026-08-15,Aisle 03,chilled
Country Style Pomfret Whole 200g,Kaveri Mills,MEAT-001821,890100787873,Meat & Seafood,180,pack,229.75,420.88,2026-08-28,Aisle 04,chilled
Handcrafted Edamame Pods 500g,Catch Naturals,FROZ-001822,890100787874,Frozen Foods,187,pack,229.94,323.52,2027-04-24,Aisle 08,frozen
Royal Smoked Paprika Bath Tissue 6-Pack 330ml,Heritage Naturals,HOUS-001823,890100787875,Household & Personal Care,24,tube,105.61,158.07,2026-08-29,Aisle 12,ambient
Traditional Kesar Pista Diet Mixture Namkeen 150g,Mother Dairy Naturals,SNAC-001824,890100787876,Snacks & Confectionery,123,packet,471.60,799.72,2027-03-18,Aisle 09,ambient
Sun-Dried Jalapeno Lime Coriander Leaves 150ml,Amul Naturals,FRES-001825,890100787877,Fresh Produce,236,pack,92.26,164.55,2026-09-02,Aisle 02,ambient
Pure Gulab Jamun Tin 10kg,Fortune Naturals,SNAC-001826,890100787878,Snacks & Confectionery,95,pack,487.39,784.46,2027-01-20,Aisle 09,ambient
Signature Kashmiri Saffron Apples 750g,Urban Roots Kitchens,FRES-001827,890100787879,Fresh Produce,62,bunch,83.52,111.10,2026-09-04,Aisle 02,ambient
Grass-Fed Toasted Sesame Chicken Frankfurters 1kg,Organic Tattva Foods,BAKE-001828,890100787880,Bakery & Deli,177,pcs,306.46,566.71,2026-09-01,Aisle 04,chilled
Roasted Kashmiri Saffron Multigrain Tortillas 1L,Pure Vedic Kitchens,BAKE-001829,890100787881,Bakery & Deli,26,box,111.89,142.93,2026-09-06,Aisle 04,chilled
Organic Unsalted White Butter 200g,Amul Farms,DAIR-001830,890100787882,Dairy & Eggs,142,box,45.54,61.27,2026-09-13,Aisle 02,chilled
Roasted Sweet Tamarind Ayurvedic Bath Soap 10kg,Amul Naturals,HOUS-001831,890100787883,Household & Personal Care,120,bottle,226.90,402.36,2028-10-01,Aisle 11,ambient
Raw Golden Ginger Espresso Roast Ground Coffee 12-Pack,Himalayan Agro,BEVE-001832,890100787884,Beverages,165,can,288.05,464.43,2026-10-25,Aisle 06,ambient
Rustic Makhana Crunch Biodegradable Garbage Bags Snack Pack,SunBrite Milling,HOUS-001833,890100787885,Household & Personal Care,184,packet,323.17,461.11,2027-11-30,Aisle 12,ambient
Valley Fresh Red Chilli & Garlic Lavash Crackers 300g,Vedic Fresh Botanicals,BAKE-001834,890100787886,Bakery & Deli,57,pack,234.93,334.08,2026-09-05,Aisle 03,ambient
Aged Bitter Gourd (Karela) 200g,Green Earth Harvest,FRES-001835,890100787887,Fresh Produce,138,kg,33.68,51.15,2026-08-29,Aisle 02,ambient
Valley Fresh Vanilla Bean Coriander Leaves 350g,Desi Organics Agro,FRES-001836,890100787888,Fresh Produce,141,kg,96.74,137.46,2026-09-09,Aisle 01,ambient
Extra-Virgin Nagpur Orange Ginger Kombucha 2-Pack,Fortune Provisions,BEVE-001837,890100787889,Beverages,237,carton,248.93,455.72,2026-12-14,Aisle 06,chilled
Raw Red Chilli & Garlic Kokum Sharbat 12-Pack,Mother Dairy Foods,BEVE-001838,890100787890,Beverages,108,can,92.33,166.81,2027-08-14,Aisle 05,chilled
Whole-Grain Cinnamon Spice Mutton Curry Cut 500ml,Himalayan Botanicals,MEAT-001839,890100787891,Meat & Seafood,47,kg,851.67,1429.80,2026-09-01,Aisle 04,chilled
Low-Sodium 70% Dark Chocolate Bar 10-Pack,Tata Milling,SNAC-001840,890100787892,Snacks & Confectionery,62,pack,354.11,605.40,2027-04-23,Aisle 09,ambient
Authentic Goat Mince Premium 8-Pack,Heritage Dairy,MEAT-001841,890100787893,Meat & Seafood,247,kg,435.25,625.51,2026-09-02,Aisle 05,chilled
Premium Dry Fruits Trail Mix 330ml,Dabur Farms,SNAC-001842,890100787894,Snacks & Confectionery,226,tub,144.74,252.08,2027-05-13,Aisle 09,ambient
Roasted Nagpur Orange Fruit Cake Slice 500ml,Everest Milling,BAKE-001843,890100787895,Bakery & Deli,207,pcs,260.11,368.63,2026-09-01,Aisle 03,ambient
Wildcrafted Pista Almond Soy Milk Protein 50g,Himalayan Dairy,DAIR-001844,890100787896,Dairy & Eggs,190,pack,336.79,600.80,2026-09-26,Aisle 02,chilled
Gluten-Free Kesar Pista Sweet Corn Kernels 6-Pack,SunBrite Plantations,FROZ-001845,890100787897,Frozen Foods,248,box,150.09,198.50,2027-04-17,Aisle 09,frozen
Select Cardamom Spiced Raw Wildflower Honey 10kg,Fortune Agro,PANT-001846,890100787898,Pantry & Dry Goods,167,box,695.44,1131.34,2027-03-20,Aisle 06,ambient
Golden Rose Infused Amla Juice Pure 150g,Satvik Provisions,BEVE-001847,890100787899,Beverages,16,bag,342.29,547.68,2027-08-07,Aisle 06,ambient
Natural Iced Lemon Tea 5L,Deccan Harvest,BEVE-001848,890100787900,Beverages,51,box,385.68,618.17,2026-08-24,Aisle 06,chilled
Crisp Mutton Chops 5L,Vedic Fresh Milling,MEAT-001849,890100787901,Meat & Seafood,46,kg,498.92,905.94,2026-09-02,Aisle 05,chilled
Traditional Atlantic Salmon Fillet 1.5L,Desi Organics Naturals,MEAT-001850,890100787902,Meat & Seafood,223,kg,651.89,972.78,2026-09-03,Aisle 05,chilled
Raw Toasted Sesame Ayurvedic Bath Soap 350g,Tata Organics,HOUS-001851,890100787903,Household & Personal Care,43,tube,509.42,935.98,2028-01-26,Aisle 12,ambient
Gluten-Free Kachi Ghani Mustard Aloo Tikki 8-Pack Snack Pack,Ganga Co.,FROZ-001852,890100787904,Frozen Foods,246,packet,159.01,215.59,2027-08-12,Aisle 09,frozen
Stone-Ground Truffle Infused Soy Milk Protein Snack Pack,Desi Organics Provisions,DAIR-001853,890100787905,Dairy & Eggs,217,packet,230.89,385.53,2026-09-16,Aisle 03,chilled
Valley Fresh Toasted Sesame Desi Cow Ghee 250g,Fortune Foods,DAIR-001854,890100787906,Dairy & Eggs,11,bottle,484.66,709.82,2026-09-19,Aisle 03,chilled
Premium Tandoori Smoked Pears 5kg,FarmGold Agro,FRES-001855,890100787907,Fresh Produce,96,kg,42.65,60.86,2026-09-16,Aisle 02,chilled
Homestyle Pista Almond Ayurvedic Bath Soap 5L,Organic Tattva Plantations,HOUS-001856,890100787908,Household & Personal Care,34,box,253.79,426.66,2027-11-26,Aisle 11,ambient
Natural Seedless Grapes 1L,FarmGold Agro,FRES-001857,890100787909,Fresh Produce,109,bunch,111.06,156.33,2026-09-17,Aisle 01,ambient
Crisp Golden Ginger Amla Juice Pure 300g,Nature Harvest Naturals,BEVE-001858,890100787910,Beverages,185,bottle,341.99,600.75,2027-05-09,Aisle 06,ambient
Extra-Virgin Cinnamon Spice Sweet Potatoes Value Pack,Kaveri Botanicals,FRES-001859,890100787911,Fresh Produce,137,pcs,29.92,48.72,2026-08-25,Aisle 01,ambient
Royal Cinnamon Spice Pomfret Whole 250g,Patanjali Organics,MEAT-001860,890100787912,Meat & Seafood,79,pcs,275.71,461.95,2026-09-02,Aisle 04,chilled
Wildcrafted Rose Infused Brioche Burger Buns 12-Pack,Nature Harvest Agro,BAKE-001861,890100787913,Bakery & Deli,194,pcs,277.27,433.07,2026-09-05,Aisle 04,chilled
Organic Butter Murukku 1kg,Vedic Fresh Co.,SNAC-001862,890100787914,Snacks & Confectionery,201,pack,350.75,482.16,2027-04-29,Aisle 09,ambient
Cold-Pressed Rose Infused Liquid Laundry Detergent 12-Pack,Saffola Harvest,HOUS-001863,890100787915,Household & Personal Care,42,box,177.01,286.59,2027-06-30,Aisle 12,ambient
Traditional Smoked Chicken Slices 100g,Pure Vedic Goods,BAKE-001864,890100787916,Bakery & Deli,211,pcs,309.67,547.77,2026-09-09,Aisle 04,chilled
Farm-Fresh Raw Wildflower Honey 400g,Fortune Organics,PANT-001865,890100787917,Pantry & Dry Goods,238,packet,519.95,923.78,2027-05-13,Aisle 06,ambient
Gourmet Makhana Crunch Toor Dal Premium 6-Pack,Organic Tattva Harvest,PANT-001866,890100787918,Pantry & Dry Goods,241,bottle,313.73,550.34,2026-12-08,Aisle 08,ambient
Free-Range Chicken Drumsticks 250ml,Fortune Harvest,MEAT-001867,890100787919,Meat & Seafood,118,kg,283.93,451.31,2026-09-03,Aisle 04,chilled
Farm-Fresh Filter Coffee Beans 750ml,Nature Harvest Dairy,BEVE-001868,890100787920,Beverages,160,bottle,31.69,58.34,2026-08-27,Aisle 06,ambient
Roasted Cinnamon Spice Fresh Rohu Fish 50g,SunBrite Farms,MEAT-001869,890100787921,Meat & Seafood,90,kg,172.29,309.62,2026-08-29,Aisle 04,chilled
Traditional Rusk Toast 12-Pack,Deccan Springs,BAKE-001870,890100787922,Bakery & Deli,32,pcs,206.80,310.36,2026-09-07,Aisle 04,chilled
Handcrafted Caramelized Onion Penne Rigate Pasta Snack Pack,Mother Dairy Goods,PANT-001871,890100787923,Pantry & Dry Goods,194,bag,31.40,45.40,2028-03-20,Aisle 07,ambient
Homestyle Makhana Crunch Herbal Hand Wash Neem 6-Pack,FarmGold Milling,HOUS-001872,890100787924,Household & Personal Care,188,pack,408.98,612.09,2027-07-04,Aisle 11,ambient
Rustic Garlic & Herb Frozen Samosas 6-Pack,Deccan Kitchens,FROZ-001873,890100787925,Frozen Foods,12,packet,286.53,508.71,2027-02-26,Aisle 08,frozen
Golden Sourdough Loaf 200g,Patanjali Goods,BAKE-001874,890100787926,Bakery & Deli,123,box,64.98,119.71,2026-08-25,Aisle 04,chilled
Aged Coriander Leaves 1kg,Heritage Co.,FRES-001875,890100787927,Fresh Produce,117,bunch,21.96,30.24,2026-09-07,Aisle 02,chilled
Crisp Rose Infused Bath Tissue 6-Pack Value Pack,Saffola Botanicals,HOUS-001876,890100787928,Household & Personal Care,55,tube,236.28,319.20,2028-11-30,Aisle 12,ambient
Gourmet Surmai Steaks 8-Pack,Royal Indian Dairy,MEAT-001877,890100787929,Meat & Seafood,15,kg,645.34,1091.80,2026-09-01,Aisle 05,chilled
Traditional Rusk Toast 4-Pack,Pure Vedic Provisions,BAKE-001878,890100787930,Bakery & Deli,132,box,244.25,409.44,2026-09-10,Aisle 03,ambient
Roasted Royal Basmati Rice 150g,Deccan Provisions,PANT-001879,890100787931,Pantry & Dry Goods,41,packet,538.05,856.16,2028-02-15,Aisle 08,ambient
Desi Golden Ginger Butter Croissants 2L,SunBrite Harvest,BAKE-001880,890100787932,Bakery & Deli,33,pcs,100.51,167.04,2026-09-05,Aisle 03,chilled
Plant-Based Garlic & Herb Alphonso Kulfi Tub 350g,Royal Indian Goods,FROZ-001881,890100787933,Frozen Foods,166,box,398.06,599.65,2027-04-08,Aisle 08,frozen
Artisan Kachi Ghani Mustard Chicken Keema 10-Pack,Satvik Agro,MEAT-001882,890100787934,Meat & Seafood,25,pack,736.74,1171.74,2026-09-02,Aisle 04,chilled
Spiced Multigrain Tortillas 5kg,Deccan Springs,BAKE-001883,890100787935,Bakery & Deli,167,pack,68.58,90.28,2026-09-10,Aisle 03,ambient
Farm-Fresh Rawa Sooji 2kg,Green Earth Botanicals,PANT-001884,890100787936,Pantry & Dry Goods,115,box,162.89,216.76,2028-08-12,Aisle 07,ambient
Gluten-Free Ajwain & Jeera Paneer Tikka Deli 750g,Catch Milling,BAKE-001885,890100787937,Bakery & Deli,32,box,271.02,436.64,2026-09-09,Aisle 04,ambient
Traditional Garlic & Herb Electrolyte Energy Drink Family Pack,Nature Harvest Naturals,BEVE-001886,890100787938,Beverages,90,box,378.97,526.76,2026-08-16,Aisle 05,ambient
Pure Toasted Sesame 70% Dark Chocolate Bar 200ml,Satvik Goods,SNAC-001887,890100787939,Snacks & Confectionery,140,bag,267.94,350.69,2027-02-07,Aisle 10,ambient
Heritage Makhana Crunch Shampoo Anti-Dandruff 2L,Vedic Fresh Farms,HOUS-001888,890100787940,Household & Personal Care,24,tube,305.52,426.35,2027-03-17,Aisle 12,ambient
Sun-Dried Mishri Mawa 2kg,Amul Mills,DAIR-001889,890100787941,Dairy & Eggs,69,pack,512.75,677.78,2026-09-21,Aisle 03,chilled
Grass-Fed Masala Potato Chips 750ml,Dabur Goods,SNAC-001890,890100787942,Snacks & Confectionery,172,bag,311.11,566.81,2027-03-08,Aisle 10,ambient
Whole-Grain Nagpur Orange Whole Wheat Atta Bread 24-Pack,Deccan Farms,BAKE-001891,890100787943,Bakery & Deli,5,pcs,313.40,508.42,2026-08-29,Aisle 04,chilled
Stone-Ground Edamame Pods 12-Pack,Pure Vedic Foods,FROZ-001892,890100787944,Frozen Foods,41,pack,206.42,343.78,2026-08-26,Aisle 09,frozen
Gluten-Free Matcha Green Tea Yukon Gold Potatoes 2L,Green Earth Kitchens,FRES-001893,890100787945,Fresh Produce,137,pcs,19.62,34.17,2026-08-30,Aisle 02,ambient
Rustic Golden Ginger Masala CTC Tea 200ml,Organic Tattva Foods,BEVE-001894,890100787946,Beverages,8,bag,294.40,371.11,2026-12-30,Aisle 06,chilled
Sun-Dried Masala Chai Ginger Kombucha 750ml,Saffola Dairy,BEVE-001895,890100787947,Beverages,163,pack,320.38,400.75,2027-03-01,Aisle 05,chilled
Artisan Ajwain & Jeera Palak Leaves 250g,Ganga Farms,FRES-001896,890100787948,Fresh Produce,250,kg,76.93,97.89,2026-09-01,Aisle 01,ambient
Rustic Green Chillies 4-Pack,Catch Springs,FRES-001897,890100787949,Fresh Produce,59,pack,37.66,55.66,2026-09-10,Aisle 01,ambient
Natural Kitchen Paper Towels 4-Roll 12-Pack,Royal Indian Farms,HOUS-001898,890100787950,Household & Personal Care,36,bottle,433.75,703.22,2027-11-27,Aisle 11,ambient
Golden Salted Butter 2kg,Dabur Plantations,DAIR-001899,890100787951,Dairy & Eggs,60,packet,237.77,319.31,2026-09-03,Aisle 02,chilled
Artisan Chicken Keema 250ml,Amul Botanicals,MEAT-001900,890100787952,Meat & Seafood,195,pcs,468.85,734.90,2026-08-23,Aisle 05,chilled
Smoked Ricotta Fresh 750ml,Dabur Botanicals,DAIR-001901,890100787953,Dairy & Eggs,66,pack,321.23,489.65,2026-09-15,Aisle 03,chilled
Grass-Fed Chicken Salami Snack Pack,Nilgiri Mills,BAKE-001902,890100787954,Bakery & Deli,224,box,53.16,67.89,2026-08-28,Aisle 04,ambient
Farm-Fresh Coconut Cream Organic Sharbati Atta 4-Pack,FarmGold Mills,PANT-001903,890100787955,Pantry & Dry Goods,240,bottle,251.08,399.14,2026-08-27,Aisle 06,ambient
Signature Cardamom Spiced Crab Meat Fresh 2L,Tata Organics,MEAT-001904,890100787956,Meat & Seafood,167,pack,668.14,1039.32,2026-09-03,Aisle 04,chilled
Grass-Fed Amla Juice Pure Family Pack,Heritage Naturals,BEVE-001905,890100787957,Beverages,93,can,181.64,235.23,2026-12-21,Aisle 06,chilled
Cold-Pressed Chatpata Masala Fresh Chicken Curry Cut 400g,Amul Provisions,MEAT-001906,890100787958,Meat & Seafood,188,pcs,364.61,472.08,2026-08-30,Aisle 05,chilled
Artisan Coconut Milk Canned 100g,Patanjali Naturals,PANT-001907,890100787959,Pantry & Dry Goods,102,jar,475.49,615.55,2027-07-20,Aisle 06,ambient
Heritage Fresh Mosambi Juice 1L,Vedic Fresh Milling,BEVE-001908,890100787960,Beverages,48,pack,185.17,310.04,2027-08-22,Aisle 05,chilled
Desi Malai Kulfi Bar 2-Pack,Nilgiri Co.,FROZ-001909,890100787961,Frozen Foods,225,bag,375.66,667.46,2027-04-10,Aisle 08,frozen
Premium Nagpur Orange Surface Floor Cleaner Rose 4-Pack,Bhoomi Dairy,HOUS-001910,890100787962,Household & Personal Care,242,packet,569.12,993.38,2028-11-23,Aisle 11,ambient
Natural Granola Health Bars 250g,Organic Tattva Goods,SNAC-001911,890100787963,Snacks & Confectionery,57,bar,511.53,853.61,2027-02-24,Aisle 10,ambient
Heritage Tiger Prawns Jumbo 750g,Tata Dairy,MEAT-001912,890100787964,Meat & Seafood,127,kg,450.20,761.67,2026-09-03,Aisle 05,chilled
Whole-Grain Coconut Cream Red Onions 200g,Deccan Co.,FRES-001913,890100787965,Fresh Produce,245,kg,46.96,77.60,2026-09-17,Aisle 02,ambient
Free-Range Cardamom Spiced Red Onions 200ml,Satvik Springs,FRES-001914,890100787966,Fresh Produce,99,bag,140.47,213.86,2026-09-10,Aisle 01,chilled
Raw Chaash / Buttermilk 6-Pack,Himalayan Plantations,DAIR-001915,890100787967,Dairy & Eggs,36,pack,450.10,791.01,2026-09-19,Aisle 02,chilled
Grass-Fed Truffle Infused Shampoo Anti-Dandruff 300g,Bhoomi Organics,HOUS-001916,890100787968,Household & Personal Care,43,pack,122.90,220.43,2028-04-20,Aisle 11,ambient
Gluten-Free Ajwain & Jeera Granola Health Bars 12-Pack,Green Earth Goods,SNAC-001917,890100787969,Snacks & Confectionery,225,tub,159.70,279.27,2026-10-18,Aisle 09,ambient
Signature Cardamom Spiced Red Onions 250g,Satvik Organics,FRES-001918,890100787970,Fresh Produce,250,bunch,78.88,104.94,2026-09-15,Aisle 02,ambient
Whole-Grain Ladyfinger (Bhindi) Family Pack,Desi Organics Naturals,FRES-001919,890100787971,Fresh Produce,125,pcs,42.74,68.77,2026-09-04,Aisle 02,chilled
Heritage Sparkling Mineral Water 1L,Heritage Milling,BEVE-001920,890100787972,Beverages,165,bottle,135.93,209.40,2027-06-29,Aisle 06,chilled
Authentic Organic Rolled Oats 6-Pack,Organic Tattva Naturals,PANT-001921,890100787973,Pantry & Dry Goods,215,bag,613.73,931.89,2026-08-29,Aisle 07,ambient
Organic Vanilla Bean Lavash Crackers 500g,SunBrite Kitchens,BAKE-001922,890100787974,Bakery & Deli,223,box,197.79,320.61,2026-09-05,Aisle 04,ambient
Premium Pomegranates 150g,Pure Vedic Naturals,FRES-001923,890100787975,Fresh Produce,46,bunch,155.92,268.05,2026-09-05,Aisle 01,chilled
Heritage Custard Apple (Sitaphal) Family Pack,Mother Dairy Farms,FRES-001924,890100787976,Fresh Produce,55,bag,152.60,224.67,2026-09-03,Aisle 01,chilled
Handcrafted Buffalo Milk 100g,Nature Harvest Provisions,DAIR-001925,890100787977,Dairy & Eggs,180,bottle,509.76,720.61,2026-09-24,Aisle 03,chilled
Farm-Fresh California Almonds 12-Pack,Green Earth Mills,SNAC-001926,890100787978,Snacks & Confectionery,153,box,272.36,476.54,2027-06-21,Aisle 09,ambient
Homestyle Toor Dal Premium 50g,Nilgiri Naturals,PANT-001927,890100787979,Pantry & Dry Goods,13,jar,442.18,715.63,2027-11-23,Aisle 07,ambient
Golden Coriander Leaves 10-Pack,Royal Indian Dairy,FRES-001928,890100787980,Fresh Produce,119,bunch,37.87,48.77,2026-09-13,Aisle 02,chilled
Wildcrafted Brioche Burger Buns 350g,Nature Harvest Goods,BAKE-001929,890100787981,Bakery & Deli,239,pack,60.76,85.18,2026-09-01,Aisle 03,chilled
Whole-Grain Jalapeno Lime Double Toned Milk 500ml,Organic Tattva Co.,DAIR-001930,890100787982,Dairy & Eggs,18,pack,249.59,363.58,2026-09-21,Aisle 03,chilled
Cold-Pressed Fresh Chicken Curry Cut 1kg,Amul Milling,MEAT-001931,890100787983,Meat & Seafood,101,pcs,642.15,1000.58,2026-08-30,Aisle 05,chilled
Extra-Virgin Coconut Cream Chaash / Buttermilk 8-Pack,Patanjali Mills,DAIR-001932,890100787984,Dairy & Eggs,17,tub,145.97,245.77,2026-09-10,Aisle 03,chilled
Sun-Dried Cardamom Spiced Fresh Rohu Fish 300g,Urban Roots Botanicals,MEAT-001933,890100787985,Meat & Seafood,155,pack,487.76,663.45,2026-08-30,Aisle 05,chilled
Spiced Chicken Frankfurters 150g,Pashmina Dairy,BAKE-001934,890100787986,Bakery & Deli,134,pcs,92.63,144.37,2026-08-28,Aisle 04,ambient
Authentic Mint Lime Frozen Samosas 300g,Deccan Naturals,FROZ-001935,890100787987,Frozen Foods,163,bag,206.14,306.41,2027-03-25,Aisle 08,frozen
Royal Alphonso Mangoes 50g,SunBrite Goods,FRES-001936,890100787988,Fresh Produce,177,bag,147.16,196.68,2026-08-29,Aisle 02,chilled
Cured Cold-Pressed Groundnut Oil 10-Pack,Nature Harvest Plantations,PANT-001937,890100787989,Pantry & Dry Goods,115,packet,414.29,540.40,2026-08-27,Aisle 08,ambient
Select Surmai Steaks 1.5L,Desi Organics Goods,MEAT-001938,890100787990,Meat & Seafood,159,kg,146.12,264.69,2026-08-31,Aisle 04,chilled
Grass-Fed Alphonso Mango Cucumbers 50g,Heritage Goods,FRES-001939,890100787991,Fresh Produce,124,pcs,126.32,157.99,2026-09-16,Aisle 02,chilled
Golden Palak Leaves 6-Pack,Everest Mills,FRES-001940,890100787992,Fresh Produce,207,pcs,40.39,67.04,2026-09-07,Aisle 02,ambient
Whole-Grain Sea Salt Rusk Toast 6-Pack,Everest Foods,BAKE-001941,890100787993,Bakery & Deli,112,box,305.33,509.89,2026-09-08,Aisle 04,ambient
Wildcrafted Alphonso Mango Lavash Crackers 1kg,Green Earth Foods,BAKE-001942,890100787994,Bakery & Deli,138,pcs,302.87,453.30,2026-09-01,Aisle 04,chilled
Handcrafted Gouda Block 150ml,Fortune Naturals,DAIR-001943,890100787995,Dairy & Eggs,69,packet,468.24,594.62,2026-08-17,Aisle 03,chilled
Unpolished Smoked Paprika Pita Bread 200g,Pashmina Agro,BAKE-001944,890100787996,Bakery & Deli,29,box,75.15,120.96,2026-08-28,Aisle 03,chilled
Natural Smoked Paprika Moong Dal Namkeen 200ml,Urban Roots Agro,SNAC-001945,890100787997,Snacks & Confectionery,10,pack,384.61,605.47,2026-08-30,Aisle 09,ambient
Roasted Himalayan Spring Water 1L,Satvik Dairy,BEVE-001946,890100787998,Beverages,237,bottle,338.06,603.50,2026-11-06,Aisle 06,chilled
Crisp Matcha Green Tea Garlic Focaccia Value Pack,Mother Dairy Naturals,BAKE-001947,890100787999,Bakery & Deli,210,box,104.48,163.86,2026-09-06,Aisle 03,ambient
Cold-Pressed Jalapeno Lime Roasted Makhana Foxnuts 250g,Pashmina Springs,SNAC-001948,890100788000,Snacks & Confectionery,89,tub,161.08,259.04,2027-03-06,Aisle 10,ambient
Premium Paneer Tikka Deli 6-Pack,Nature Harvest Dairy,BAKE-001949,890100788001,Bakery & Deli,76,pcs,238.86,394.78,2026-09-09,Aisle 04,chilled
Sweet Ayurvedic Bath Soap 5L,Catch Organics,HOUS-001950,890100788002,Household & Personal Care,170,bottle,456.85,654.59,2028-10-14,Aisle 11,ambient
Sweet Ajwain & Jeera Frozen Veg Momos 200ml,Vedic Fresh Dairy,FROZ-001951,890100788003,Frozen Foods,196,packet,215.98,365.41,2027-05-12,Aisle 09,frozen
Extra-Virgin Custard Apple (Sitaphal) 2L,Satvik Botanicals,FRES-001952,890100788004,Fresh Produce,5,bunch,84.61,143.07,2026-08-30,Aisle 01,ambient
Rustic Matcha Green Tea Ricotta Fresh 750g,Ganga Naturals,DAIR-001953,890100788005,Dairy & Eggs,150,bottle,381.04,547.94,2026-09-04,Aisle 03,chilled
Traditional Sweet Tamarind Coriander Leaves 150g,Kaveri Botanicals,FRES-001954,890100788006,Fresh Produce,229,bunch,36.12,47.47,2026-09-07,Aisle 01,chilled
Low-Sodium Ajwain & Jeera Banana Chips Kerala Style 24-Pack,Mother Dairy Agro,SNAC-001955,890100788007,Snacks & Confectionery,167,packet,266.88,402.90,2027-04-28,Aisle 09,ambient
Wildcrafted Basa Fish Fillets 10-Pack,Fortune Harvest,MEAT-001956,890100788008,Meat & Seafood,128,kg,616.68,814.93,2026-09-02,Aisle 04,chilled
Cold-Pressed Tandoori Smoked Roasted Salted Cashews 2kg,Ganga Organics,SNAC-001957,890100788009,Snacks & Confectionery,152,bag,425.05,661.38,2027-05-26,Aisle 10,ambient
Raw Toasted Sesame Smoked Chicken Slices 750ml,Saffola Naturals,BAKE-001958,890100788010,Bakery & Deli,99,box,223.18,382.32,2026-09-09,Aisle 04,ambient
Pure Garlic Naan Frozen 4pk 8-Pack,Tata Goods,FROZ-001959,890100788011,Frozen Foods,75,bag,59.21,102.35,2027-06-29,Aisle 09,frozen
Desi Tonic Water Premium 250g,Organic Tattva Kitchens,BEVE-001960,890100788012,Beverages,141,bag,193.77,270.53,2027-02-23,Aisle 06,ambient
Zero-Sugar Urad Dal Whole 5L,Amul Organics,PANT-001961,890100788013,Pantry & Dry Goods,17,jar,646.16,1103.89,2028-01-01,Aisle 06,ambient
Premium Mint Lime Frozen Veg Momos 5L,Nilgiri Farms,FROZ-001962,890100788014,Frozen Foods,184,box,66.38,97.58,2027-03-12,Aisle 09,frozen
Signature Mint Lime Chamomile Herbal Tea 200ml,Himalayan Botanicals,BEVE-001963,890100788015,Beverages,74,bottle,44.30,65.71,2027-07-06,Aisle 06,chilled
Crisp Nagpur Orange Amla Juice Pure 8-Pack,Amul Kitchens,BEVE-001964,890100788016,Beverages,180,carton,433.66,792.72,2026-12-01,Aisle 05,chilled
Desi Kachi Ghani Mustard Cinnamon Swirl Buns 5kg,Desi Organics Foods,BAKE-001965,890100788017,Bakery & Deli,109,pack,60.52,83.06,2026-09-08,Aisle 04,ambient
Heritage Smoked Paprika Kabuli Chana Large 12-Pack,Royal Indian Provisions,PANT-001966,890100788018,Pantry & Dry Goods,7,can,246.61,441.76,2026-08-18,Aisle 06,ambient
Whole-Grain Mint Lime Bamboo Toothbrush 2pk 24-Pack,Saffola Harvest,HOUS-001967,890100788019,Household & Personal Care,82,bottle,411.10,690.64,2028-09-01,Aisle 12,ambient
Desi Rose Infused Whole Wheat Atta Bread 250g,Bhoomi Plantations,BAKE-001968,890100788020,Bakery & Deli,178,box,217.84,306.10,2026-08-27,Aisle 04,chilled
Farm-Fresh Red Chilli & Garlic Whole Wheat Atta Bread 4-Pack,Amul Organics,BAKE-001969,890100788021,Bakery & Deli,22,box,95.63,150.75,2026-09-04,Aisle 04,ambient
Gourmet Aloo Tikki 8-Pack 2-Pack,Heritage Organics,FROZ-001970,890100788022,Frozen Foods,205,pack,417.88,602.89,2027-01-28,Aisle 09,frozen
Select Truffle Infused Ginger Root 100g,Patanjali Farms,FRES-001971,890100788023,Fresh Produce,47,bunch,53.01,70.81,2026-08-30,Aisle 01,ambient
Heritage Alphonso Mango Parmigiano-Reggiano 150ml,Nilgiri Milling,DAIR-001972,890100788024,Dairy & Eggs,73,box,224.47,392.93,2026-09-03,Aisle 03,chilled
Desi Caramelized Onion Mustard Oil Kachi Ghani 5L,Ganga Plantations,PANT-001973,890100788025,Pantry & Dry Goods,156,bag,215.56,298.77,2028-03-24,Aisle 07,ambient
Heritage Garlic & Herb Banana Chips Kerala Style 100g,Organic Tattva Foods,SNAC-001974,890100788026,Snacks & Confectionery,224,pack,366.32,647.12,2027-04-17,Aisle 09,ambient
Signature Mint Lime Extra Virgin Olive Oil 8-Pack,Bhoomi Co.,PANT-001975,890100788027,Pantry & Dry Goods,33,can,635.43,1067.40,2027-05-17,Aisle 06,ambient
Golden Ajwain & Jeera Parmigiano-Reggiano 4-Pack,SunBrite Springs,DAIR-001976,890100788028,Dairy & Eggs,235,tub,395.59,685.75,2026-08-25,Aisle 02,chilled
Farm-Fresh Toasted Sesame Espresso Roast Ground Coffee Family Pack,Desi Organics Goods,BEVE-001977,890100788029,Beverages,201,box,227.09,358.06,2026-10-10,Aisle 05,chilled
Grass-Fed Rusk Toast 400g,Amul Harvest,BAKE-001978,890100788030,Bakery & Deli,24,pack,307.37,410.22,2026-09-04,Aisle 04,ambient
Raw Smoked Paprika Kaju Katli Sweet Box 5kg,Tata Provisions,SNAC-001979,890100788031,Snacks & Confectionery,146,box,135.55,170.64,2027-01-18,Aisle 09,ambient
Signature Amla Juice Pure 4-Pack,Pure Vedic Mills,BEVE-001980,890100788032,Beverages,154,carton,200.59,307.14,2026-11-15,Aisle 05,chilled
Sun-Dried Soan Papdi Box 330ml,Desi Organics Dairy,SNAC-001981,890100788033,Snacks & Confectionery,52,bag,139.89,252.88,2026-08-26,Aisle 09,ambient
Handcrafted Caramelized Onion Ayurvedic Bath Soap 750g,Royal Indian Plantations,HOUS-001982,890100788034,Household & Personal Care,100,packet,309.75,568.00,2029-04-08,Aisle 11,ambient
Homestyle Smoked Paprika Bagel Plain 4pk Family Pack,Fortune Plantations,BAKE-001983,890100788035,Bakery & Deli,37,pack,40.19,67.63,2026-09-04,Aisle 04,chilled
Premium Makhana Crunch Cinnamon Swirl Buns 500ml,Heritage Co.,BAKE-001984,890100788036,Bakery & Deli,20,box,300.39,394.09,2026-09-08,Aisle 04,ambient
Smoked Granola Health Bars 2L,Himalayan Provisions,SNAC-001985,890100788037,Snacks & Confectionery,185,packet,237.55,324.64,2027-02-21,Aisle 10,ambient
Roasted Truffle Infused Kabuli Chana Large 50g,SunBrite Agro,PANT-001986,890100788038,Pantry & Dry Goods,222,can,200.04,267.37,2027-04-17,Aisle 06,ambient
Gluten-Free Spicy Peanut Chikki 2-Pack,Heritage Dairy,SNAC-001987,890100788039,Snacks & Confectionery,208,tub,159.48,277.78,2027-01-06,Aisle 10,ambient
Zero-Sugar Soy Milk Protein 50g,Tata Kitchens,DAIR-001988,890100788040,Dairy & Eggs,150,bottle,452.58,775.87,2026-09-02,Aisle 02,chilled
Cured Bagel Plain 4pk 400g,Royal Indian Provisions,BAKE-001989,890100788041,Bakery & Deli,145,pcs,203.06,309.25,2026-08-31,Aisle 04,chilled
Sweet Smoked Chicken Slices 100g,Nature Harvest Botanicals,BAKE-001990,890100788042,Bakery & Deli,44,box,141.19,252.16,2026-09-10,Aisle 04,chilled
Extra-Virgin French Fries Crispy 250g,Urban Roots Provisions,FROZ-001991,890100788043,Frozen Foods,104,packet,305.24,390.98,2027-07-10,Aisle 08,frozen
Farm-Fresh Sea Salt Spicy Peanut Chikki 300g,Green Earth Harvest,SNAC-001992,890100788044,Snacks & Confectionery,148,bar,307.90,487.34,2027-02-20,Aisle 09,ambient
Unpolished Alphonso Mango Brownie Bites 5L,Patanjali Naturals,BAKE-001993,890100788045,Bakery & Deli,33,pack,63.21,85.68,2026-09-04,Aisle 03,ambient
Artisan Boneless Chicken Breast 12-Pack,Amul Mills,MEAT-001994,890100788046,Meat & Seafood,56,kg,269.66,425.17,2026-09-01,Aisle 04,chilled
Plant-Based Tulsi Honey Apple Cider Vinegar Drink 250ml,Amul Farms,BEVE-001995,890100788047,Beverages,177,bottle,277.00,350.88,2027-01-14,Aisle 06,ambient
Plant-Based Toasted Sesame Fish Fingers Frozen 350g,Bhoomi Organics,FROZ-001996,890100788048,Frozen Foods,83,box,211.34,335.39,2027-04-28,Aisle 08,frozen
Handcrafted 70% Dark Chocolate Bar 24-Pack,Mother Dairy Provisions,SNAC-001997,890100788049,Snacks & Confectionery,128,box,82.54,128.24,2027-04-08,Aisle 10,ambient
Signature Tandoori Smoked Cow Milk 400g,Everest Milling,DAIR-001998,890100788050,Dairy & Eggs,93,packet,61.16,112.36,2026-09-20,Aisle 03,chilled
Pure Frozen Green Peas 1kg,Organic Tattva Goods,FROZ-001999,890100788051,Frozen Foods,168,bag,102.70,172.83,2026-08-27,Aisle 09,frozen
Handcrafted Moong Dal Namkeen 250ml,Catch Harvest,SNAC-002000,890100788052,Snacks & Confectionery,170,pack,71.49,96.20,2026-11-04,Aisle 09,ambient
