Name,Brand,SKU,Barcode,Category,CurrentStock,Unit,CostPrice,SellingPrice,ExpiryDate,Aisle,TempZone
Grass-Fed Squid Rings Cleaned 8-Pack,Satvik Farms,MEAT-000001,890100638999,Meat & Seafood,46,pcs,745.03,1009.68,2026-09-01,Aisle 04,chilled
Low-Sodium Portobello Mushrooms 200ml,Organic Tattva Milling,FRES-000002,890100639000,Fresh Produce,206,pack,16.72,27.33,2026-08-31,Aisle 01,chilled
Wildcrafted Vanilla Bean Diet Mixture Namkeen 150g,Tata Agro,SNAC-000003,890100639001,Snacks & Confectionery,200,packet,29.39,51.29,2027-05-28,Aisle 10,ambient
Gluten-Free Sea Salt Aloo Tikki 8-Pack 200ml,Urban Roots Mills,FROZ-000004,890100639002,Frozen Foods,146,box,59.50,79.96,2026-08-26,Aisle 09,frozen
Royal Catla Fish Steaks 5L,Amul Kitchens,MEAT-000005,890100639003,Meat & Seafood,191,pack,169.82,302.83,2026-09-02,Aisle 05,chilled
Cold-Pressed Chatpata Masala Biodegradable Garbage Bags 350g,Mother Dairy Milling,HOUS-000006,890100639004,Household & Personal Care,89,packet,560.33,883.34,2028-06-06,Aisle 12,ambient
Smoked Soy Milk Protein 350g,Pashmina Springs,DAIR-000007,890100639005,Dairy & Eggs,110,tub,249.87,340.31,2026-09-02,Aisle 02,chilled
Roasted Rose Infused Avocados 12-Pack,Nature Harvest Co.,FRES-000008,890100639006,Fresh Produce,103,kg,107.89,166.91,2026-09-04,Aisle 02,ambient
Gluten-Free Chicken Sausages Snack Pack,Amul Goods,MEAT-000009,890100639007,Meat & Seafood,136,pack,904.45,1183.84,2026-08-31,Aisle 05,chilled
Signature Alphonso Mango Butter Murukku 400g,Dabur Springs,SNAC-000010,890100639008,Snacks & Confectionery,178,bag,374.10,524.65,2026-08-25,Aisle 09,ambient
Stone-Ground Avocados 250ml,Himalayan Springs,FRES-000011,890100639009,Fresh Produce,212,bag,48.97,75.08,2026-09-14,Aisle 01,chilled
Zero-Sugar Goat Mince Premium Value Pack,Desi Organics Mills,MEAT-000012,890100639010,Meat & Seafood,247,kg,716.15,1000.78,2026-08-29,Aisle 04,chilled
Aged Roasted Salted Cashews 750g,Mother Dairy Harvest,SNAC-000013,890100639011,Snacks & Confectionery,79,tub,209.24,341.76,2027-06-11,Aisle 09,ambient
Natural Red Chilli & Garlic Butter Croissants 330ml,Organic Tattva Organics,BAKE-000014,890100639012,Bakery & Deli,35,pack,253.32,361.03,2026-09-07,Aisle 04,ambient
Select Caramelized Onion Kulcha 4-Pack 400g,Amul Agro,BAKE-000015,890100639013,Bakery & Deli,188,pack,225.71,382.32,2026-09-10,Aisle 03,ambient
Premium Fabric Softener Floral Family Pack,Mother Dairy Springs,HOUS-000016,890100639014,Household & Personal Care,159,packet,107.13,166.62,2027-11-11,Aisle 11,ambient
Low-Sodium Gouda Block 200g,Deccan Kitchens,DAIR-000017,890100639015,Dairy & Eggs,117,pack,437.03,793.75,2026-08-29,Aisle 03,chilled
Crisp Ayurvedic Bath Soap 1L,Dabur Agro,HOUS-000018,890100639016,Household & Personal Care,79,bottle,386.41,495.98,2028-11-05,Aisle 12,ambient
Smoked Makhana Crunch Roasted Salted Cashews 50g,Patanjali Goods,SNAC-000019,890100639017,Snacks & Confectionery,81,bar,249.89,316.85,2027-03-08,Aisle 10,ambient
Royal Jalapeno Lime Paneer Paratha Frozen 750ml,Mother Dairy Harvest,FROZ-000020,890100639018,Frozen Foods,249,tub,392.08,604.05,2027-02-03,Aisle 08,frozen
Aged Caramelized Onion Cheese Croissant 5L,Amul Agro,BAKE-000021,890100639019,Bakery & Deli,177,box,41.98,76.06,2026-09-03,Aisle 03,ambient
Premium Soan Papdi Box 2kg,Dabur Mills,SNAC-000022,890100639020,Snacks & Confectionery,56,box,106.14,136.54,2026-10-15,Aisle 09,ambient
Select Salted Butter 500ml,Mother Dairy Co.,DAIR-000023,890100639021,Dairy & Eggs,86,carton,218.33,338.56,2026-09-11,Aisle 02,chilled
Crisp Caramelized Onion Pineapples 250ml,Kaveri Milling,FRES-000024,890100639022,Fresh Produce,36,pack,38.09,60.43,2026-08-29,Aisle 01,ambient
Royal Sea Salt Mustard Oil Kachi Ghani 400g,Saffola Agro,PANT-000025,890100639023,Pantry & Dry Goods,204,bottle,382.11,570.99,2027-08-17,Aisle 08,ambient
Handcrafted Pista Almond Gouda Block 250ml,Satvik Foods,DAIR-000026,890100639024,Dairy & Eggs,208,bottle,307.63,530.17,2026-09-02,Aisle 03,chilled
Extra-Virgin Wood-Fired Veggie Pizza 250g,Desi Organics Farms,FROZ-000027,890100639025,Frozen Foods,40,tub,177.10,319.33,2027-04-27,Aisle 09,frozen
Zero-Sugar Mozzarella Shredded 10kg,FarmGold Co.,DAIR-000028,890100639026,Dairy & Eggs,102,bottle,512.42,681.58,2026-09-26,Aisle 03,chilled
Roasted Malai Kulfi Bar 1L,Royal Indian Dairy,FROZ-000029,890100639027,Frozen Foods,138,tub,260.14,377.07,2027-06-25,Aisle 09,frozen
Desi Golden Ginger Chicken Sausages 250g,Fortune Organics,MEAT-000030,890100639028,Meat & Seafood,247,kg,638.97,1069.84,2026-08-30,Aisle 05,chilled
Authentic Ajwain & Jeera Guava Chilli Juice Snack Pack,Patanjali Provisions,BEVE-000031,890100639029,Beverages,184,box,302.55,481.97,2027-08-05,Aisle 06,chilled
Zero-Sugar Truffle Infused Lassi Mango Infused 250g,Fortune Springs,DAIR-000032,890100639030,Dairy & Eggs,65,packet,179.44,260.03,2026-09-01,Aisle 02,chilled
Royal Chatpata Masala Sona Masoori Rice 200ml,Saffola Milling,PANT-000033,890100639031,Pantry & Dry Goods,147,packet,555.00,828.66,2028-01-12,Aisle 08,ambient
Authentic Caramelized Onion Raw Wildflower Honey 330ml,Himalayan Milling,PANT-000034,890100639032,Pantry & Dry Goods,141,jar,352.84,587.82,2026-08-19,Aisle 08,ambient
Artisan Masala Chai Chicken Sausages 250g,Ganga Farms,MEAT-000035,890100639033,Meat & Seafood,60,kg,502.32,837.47,2026-09-01,Aisle 05,chilled
Extra-Virgin Royal Basmati Rice 100g,Amul Farms,PANT-000036,890100639034,Pantry & Dry Goods,186,can,234.74,322.63,2027-04-29,Aisle 07,ambient
Sweet Kashmiri Saffron Granola Health Bars 330ml,Satvik Springs,SNAC-000037,890100639035,Snacks & Confectionery,78,bar,539.89,888.26,2027-06-22,Aisle 09,ambient
Unpolished Electrolyte Energy Drink 24-Pack,Heritage Kitchens,BEVE-000038,890100639036,Beverages,210,bottle,178.52,296.14,2027-04-06,Aisle 05,chilled
Premium Ladyfinger (Bhindi) 350g,Satvik Farms,FRES-000039,890100639037,Fresh Produce,137,bag,62.31,91.13,2026-08-16,Aisle 01,chilled
Artisan Pears Snack Pack,Mother Dairy Foods,FRES-000040,890100639038,Fresh Produce,67,kg,61.20,85.98,2026-08-25,Aisle 02,chilled
Cured Double Toned Milk 150g,Nature Harvest Farms,DAIR-000041,890100639039,Dairy & Eggs,55,packet,113.00,174.81,2026-09-04,Aisle 03,chilled
Natural Makhana Crunch Raw Wildflower Honey 500ml,Satvik Mills,PANT-000042,890100639040,Pantry & Dry Goods,247,bag,375.49,611.44,2028-06-02,Aisle 06,ambient
Whole-Grain Kashmiri Saffron Pure Jaggery Powder (Gud) 10-Pack,Patanjali Kitchens,PANT-000043,890100639041,Pantry & Dry Goods,181,bag,604.73,802.63,2027-03-31,Aisle 06,ambient
Sweet Sea Salt Buffalo Milk 10-Pack,Kaveri Organics,DAIR-000044,890100639042,Dairy & Eggs,185,pack,143.77,192.40,2026-08-27,Aisle 02,chilled
Valley Fresh Cardamom Spiced Cold Pressed Orange Juice Value Pack,Tata Organics,BEVE-000045,890100639043,Beverages,36,can,440.22,644.17,2027-06-10,Aisle 05,ambient
Desi Red Chilli & Garlic Bhujia Sev Snack Pack,Satvik Foods,SNAC-000046,890100639044,Snacks & Confectionery,98,pack,112.01,166.17,2026-12-28,Aisle 09,ambient
Desi Tender Coconut Water Value Pack,Saffola Co.,BEVE-000047,890100639045,Beverages,110,box,234.13,316.58,2027-08-09,Aisle 05,chilled
Sweet Espresso Roast Ground Coffee 8-Pack,Dabur Naturals,BEVE-000048,890100639046,Beverages,146,can,255.05,441.80,2027-07-20,Aisle 05,chilled
Low-Sodium Chicken Salami 750ml,Deccan Plantations,BAKE-000049,890100639047,Bakery & Deli,145,box,205.25,321.46,2026-08-30,Aisle 04,chilled
Authentic Gulab Jamun Tin 6-Pack,Mother Dairy Agro,SNAC-000050,890100639048,Snacks & Confectionery,187,packet,376.01,578.12,2027-06-22,Aisle 10,ambient
Signature Roma Tomatoes 6-Pack,Deccan Naturals,FRES-000051,890100639049,Fresh Produce,136,pcs,30.99,45.22,2026-09-03,Aisle 01,ambient
Desi Himalayan Spring Water 400g,Pure Vedic Springs,BEVE-000052,890100639050,Beverages,100,carton,36.16,46.32,2027-02-22,Aisle 06,chilled
Stone-Ground Ayurvedic Bath Soap 50g,Dabur Foods,HOUS-000053,890100639051,Household & Personal Care,144,packet,117.93,166.34,2028-10-30,Aisle 11,ambient
Roasted Bath Tissue 6-Pack 24-Pack,SunBrite Dairy,HOUS-000054,890100639052,Household & Personal Care,43,packet,394.45,722.79,2028-11-26,Aisle 12,ambient
Cured Bamboo Toothbrush 2pk 5kg,Green Earth Foods,HOUS-000055,890100639053,Household & Personal Care,134,packet,268.17,400.58,2027-04-18,Aisle 12,ambient
Low-Sodium Nagpur Orange Chicken Drumsticks 100g,Deccan Botanicals,MEAT-000056,890100639054,Meat & Seafood,243,kg,657.67,916.60,2026-09-02,Aisle 04,chilled
Zero-Sugar Shampoo Anti-Dandruff 4-Pack,Dabur Goods,HOUS-000057,890100639055,Household & Personal Care,29,box,407.64,697.20,2028-01-18,Aisle 11,ambient
Heritage Paneer Paratha Frozen Snack Pack,Dabur Mills,FROZ-000058,890100639056,Frozen Foods,212,packet,309.75,393.68,2026-11-03,Aisle 09,frozen
Artisan Alphonso Mango Lassi Mango Infused Family Pack,Mother Dairy Farms,DAIR-000059,890100639057,Dairy & Eggs,67,pack,165.62,250.92,2026-08-27,Aisle 03,chilled
Signature Dark Chocolate Soy Milk Protein 400g,Kaveri Milling,DAIR-000060,890100639058,Dairy & Eggs,130,bottle,458.16,598.33,2026-08-29,Aisle 02,chilled
Traditional Sea Salt Moong Dal Washed 5kg,Pure Vedic Dairy,PANT-000061,890100639059,Pantry & Dry Goods,7,bag,361.22,653.53,2027-12-06,Aisle 06,ambient
Signature Lemon Pepper Raw Wildflower Honey 750ml,Tata Milling,PANT-000062,890100639060,Pantry & Dry Goods,8,bag,350.74,557.18,2028-06-18,Aisle 06,ambient
Organic Liquid Laundry Detergent 1L,Organic Tattva Co.,HOUS-000063,890100639061,Household & Personal Care,227,pack,95.84,151.42,2027-09-21,Aisle 12,ambient
Free-Range Ginger Kombucha 5L,Saffola Foods,BEVE-000064,890100639062,Beverages,178,carton,86.69,109.26,2027-07-05,Aisle 05,chilled
Premium Himalayan Spring Water 250ml,Himalayan Milling,BEVE-000065,890100639063,Beverages,105,pack,243.65,424.57,2027-05-16,Aisle 05,ambient
Smoked Himalayan Spring Water 150g,Fortune Organics,BEVE-000066,890100639064,Beverages,86,pack,284.33,385.35,2027-06-30,Aisle 05,chilled
Traditional Chatpata Masala Coconut Milk Canned 1kg,Organic Tattva Harvest,PANT-000067,890100639065,Pantry & Dry Goods,213,bottle,376.55,549.33,2028-04-09,Aisle 06,ambient
Stone-Ground Tulsi Honey Fresh Chicken Curry Cut 350g,Dabur Harvest,MEAT-000068,890100639066,Meat & Seafood,53,kg,466.87,687.50,2026-08-30,Aisle 05,chilled
Zero-Sugar Makhana Crunch Banana Chips Kerala Style 1kg,Pashmina Kitchens,SNAC-000069,890100639067,Snacks & Confectionery,229,pack,345.48,606.00,2027-03-26,Aisle 10,ambient
Unpolished Smoked Chicken Slices 24-Pack,Ganga Plantations,BAKE-000070,890100639068,Bakery & Deli,187,pcs,86.63,110.29,2026-09-01,Aisle 03,chilled
Traditional Nimbu Paani Soda 200ml,Desi Organics Farms,BEVE-000071,890100639069,Beverages,58,pack,251.04,409.72,2026-09-27,Aisle 06,ambient
Gluten-Free Veg Spring Rolls 330ml,Satvik Botanicals,FROZ-000072,890100639070,Frozen Foods,169,packet,60.28,96.64,2027-06-11,Aisle 09,frozen
Extra-Virgin California Almonds 10kg,Vedic Fresh Co.,SNAC-000073,890100639071,Snacks & Confectionery,162,tub,300.29,548.64,2027-06-17,Aisle 10,ambient
Homestyle Nagpur Orange Mosquito Vaporizer Refill 4-Pack,Mother Dairy Foods,HOUS-000074,890100639072,Household & Personal Care,180,box,347.11,617.55,2028-08-16,Aisle 12,ambient
Royal Vanilla Bean Chaash / Buttermilk 4-Pack,Pashmina Botanicals,DAIR-000075,890100639073,Dairy & Eggs,244,tub,376.85,522.24,2026-09-12,Aisle 02,chilled
Smoked Ciabatta Roll 100g,Himalayan Foods,BAKE-000076,890100639074,Bakery & Deli,176,pcs,279.62,390.24,2026-09-08,Aisle 03,ambient
Low-Sodium Tulsi Honey Biodegradable Garbage Bags Snack Pack,Mother Dairy Plantations,HOUS-000077,890100639075,Household & Personal Care,211,box,580.55,903.08,2028-07-11,Aisle 12,ambient
Natural Kesar Pista Catla Fish Steaks 200ml,Nature Harvest Plantations,MEAT-000078,890100639076,Meat & Seafood,199,pcs,893.50,1261.87,2026-09-03,Aisle 05,chilled
Smoked Sea Salt Clove & Mint Toothpaste 150g,Amul Plantations,HOUS-000079,890100639077,Household & Personal Care,230,packet,507.98,815.25,2027-06-23,Aisle 11,ambient
Sweet Chatpata Masala Oat Milk 350g,Green Earth Botanicals,DAIR-000080,890100639078,Dairy & Eggs,20,box,184.89,248.42,2026-09-02,Aisle 02,chilled
Golden Chatpata Masala Veg Spring Rolls 5kg,Kaveri Dairy,FROZ-000081,890100639079,Frozen Foods,28,packet,383.76,595.47,2026-08-17,Aisle 08,frozen
Gluten-Free Caramelized Onion Masala Potato Chips 4-Pack,Green Earth Agro,SNAC-000082,890100639080,Snacks & Confectionery,14,packet,487.15,801.29,2027-05-13,Aisle 10,ambient
Wildcrafted Whole Wheat Atta Bread 12-Pack,Kaveri Springs,BAKE-000083,890100639081,Bakery & Deli,79,box,313.99,507.80,2026-09-02,Aisle 04,ambient
Sun-Dried Pita Bread 200g,Nature Harvest Botanicals,BAKE-000084,890100639082,Bakery & Deli,167,box,306.58,494.19,2026-09-07,Aisle 03,chilled
Valley Fresh Frozen Samosas 1.5L,Mother Dairy Provisions,FROZ-000085,890100639083,Frozen Foods,197,bag,171.92,287.27,2027-03-08,Aisle 08,frozen
Golden Roasted Salted Cashews 400g,Patanjali Kitchens,SNAC-000086,890100639084,Snacks & Confectionery,178,tub,156.59,256.69,2027-06-10,Aisle 09,ambient
Gluten-Free Organic Brown Sugar 330ml,Tata Farms,PANT-000087,890100639085,Pantry & Dry Goods,202,can,63.46,91.24,2026-08-28,Aisle 06,ambient
Grass-Fed Golden Ginger Jeera Masala Soda 12-Pack,Organic Tattva Naturals,BEVE-000088,890100639086,Beverages,83,carton,89.16,118.28,2027-06-30,Aisle 06,ambient
Gluten-Free Pista Almond Garlic Naan Frozen 4pk 330ml,Royal Indian Kitchens,FROZ-000089,890100639087,Frozen Foods,238,packet,205.24,364.35,2027-08-19,Aisle 09,frozen
Cured Lemon Pepper Chicken Drumsticks 150g,Amul Organics,MEAT-000090,890100639088,Meat & Seafood,203,pcs,478.87,868.69,2026-09-01,Aisle 05,chilled
Stone-Ground Mutton Chops 5L,Saffola Mills,MEAT-000091,890100639089,Meat & Seafood,80,pack,347.97,535.39,2026-09-01,Aisle 05,chilled
Signature Cinnamon Spice Mosquito Vaporizer Refill 350g,Patanjali Milling,HOUS-000092,890100639090,Household & Personal Care,96,pack,149.50,199.35,2028-12-10,Aisle 11,ambient
Country Style Fresh Chicken Curry Cut 2-Pack,Saffola Foods,MEAT-000093,890100639091,Meat & Seafood,135,pcs,649.99,1051.01,2026-09-02,Aisle 04,chilled
Handcrafted Red Chilli & Garlic Jeera Masala Soda 200ml,Everest Farms,BEVE-000094,890100639092,Beverages,47,can,55.20,85.88,2027-05-14,Aisle 06,chilled
Crisp Smoked Paprika Pasture Eggs 1.5L,Pure Vedic Naturals,DAIR-000095,890100639093,Dairy & Eggs,172,packet,455.99,834.67,2026-08-30,Aisle 02,chilled
Farm-Fresh Kokum Sharbat 6-Pack,Nature Harvest Farms,BEVE-000096,890100639094,Beverages,56,bottle,194.14,315.80,2027-07-05,Aisle 05,chilled
Signature Garlic & Herb Biodegradable Garbage Bags 500g,Fortune Co.,HOUS-000097,890100639095,Household & Personal Care,73,pack,202.72,283.32,2028-07-07,Aisle 11,ambient
Handcrafted Masala Chai French Fries Crispy 1.5L,Dabur Milling,FROZ-000098,890100639096,Frozen Foods,133,packet,192.55,343.39,2027-05-02,Aisle 08,frozen
Spiced Tandoori Smoked Jeera Masala Soda 200ml,Green Earth Botanicals,BEVE-000099,890100639097,Beverages,39,bottle,410.57,584.88,2026-11-18,Aisle 06,ambient
Signature Sea Salt Boneless Chicken Breast 750ml,Nature Harvest Mills,MEAT-000100,890100639098,Meat & Seafood,109,pack,636.22,968.21,2026-09-02,Aisle 04,chilled
Stone-Ground Alphonso Mango Roasted Makhana Foxnuts 2-Pack,Nature Harvest Milling,SNAC-000101,890100639099,Snacks & Confectionery,247,packet,298.36,418.68,2027-03-23,Aisle 10,ambient
Free-Range Double Toned Milk 250g,Vedic Fresh Milling,DAIR-000102,890100639100,Dairy & Eggs,141,carton,286.91,425.37,2026-09-12,Aisle 03,chilled
Raw Watermelon 5L,Green Earth Plantations,FRES-000103,890100639101,Fresh Produce,42,pack,42.08,55.22,2026-08-28,Aisle 01,ambient
Sweet Vanilla Bean Moong Dal Washed 250ml,Himalayan Springs,PANT-000104,890100639102,Pantry & Dry Goods,165,jar,213.06,346.56,2027-01-25,Aisle 08,ambient
Authentic Boneless Chicken Breast 24-Pack,Ganga Provisions,MEAT-000105,890100639103,Meat & Seafood,157,pcs,510.25,815.98,2026-08-30,Aisle 04,chilled
Gourmet Toasted Sesame Pav 6-Pack 8-Pack,Kaveri Provisions,BAKE-000106,890100639104,Bakery & Deli,43,pack,69.45,88.80,2026-09-01,Aisle 03,chilled
Cured Chicken Keema 24-Pack,Pashmina Agro,MEAT-000107,890100639105,Meat & Seafood,154,kg,569.97,911.44,2026-08-29,Aisle 05,chilled
Desi Green Peas Fresh 150ml,Heritage Mills,FRES-000108,890100639106,Fresh Produce,158,bunch,69.75,104.72,2026-09-05,Aisle 01,ambient
Extra-Virgin Lemons 10kg,Pure Vedic Botanicals,FRES-000109,890100639107,Fresh Produce,88,pack,95.69,150.59,2026-09-14,Aisle 02,chilled
Select Caramelized Onion Garlic Naan Frozen 4pk 12-Pack,Heritage Co.,FROZ-000110,890100639108,Frozen Foods,223,box,75.59,118.59,2026-12-15,Aisle 09,frozen
Artisan Chana Dal Polished 2kg,Catch Plantations,PANT-000111,890100639109,Pantry & Dry Goods,19,box,34.12,43.77,2027-03-31,Aisle 06,ambient
Natural Matcha Green Tea Ricotta Fresh 1kg,Royal Indian Naturals,DAIR-000112,890100639110,Dairy & Eggs,44,bottle,153.48,258.05,2026-09-17,Aisle 02,chilled
Wildcrafted Tulsi Honey Organic Green Tea 6-Pack,Saffola Foods,BEVE-000113,890100639111,Beverages,85,carton,386.11,695.70,2026-08-29,Aisle 05,chilled
Zero-Sugar Roasted Makhana Foxnuts 200g,Everest Co.,SNAC-000114,890100639112,Snacks & Confectionery,129,pack,189.94,246.89,2026-08-29,Aisle 09,ambient
Gourmet Smoked Paprika Blueberries 500g,Nature Harvest Foods,FRES-000115,890100639113,Fresh Produce,83,kg,61.28,103.55,2026-09-12,Aisle 02,ambient
Low-Sodium Cardamom Spiced Cashew Paste Curry Base 4-Pack,Mother Dairy Foods,PANT-000116,890100639114,Pantry & Dry Goods,209,box,482.78,753.04,2027-08-28,Aisle 07,ambient
Low-Sodium Kashmiri Saffron Kabuli Chana Large 50g,Saffola Springs,PANT-000117,890100639115,Pantry & Dry Goods,109,can,424.11,666.48,2027-09-04,Aisle 06,ambient
Rustic Red Chilli & Garlic Crab Meat Fresh 200g,Nature Harvest Botanicals,MEAT-000118,890100639116,Meat & Seafood,184,pcs,682.96,1028.94,2026-09-01,Aisle 05,chilled
Signature Sweet Tamarind Chaash / Buttermilk 500g,Catch Farms,DAIR-000119,890100639117,Dairy & Eggs,18,tub,363.75,650.60,2026-08-27,Aisle 02,chilled
Sun-Dried Chicken Keema 24-Pack,Himalayan Plantations,MEAT-000120,890100639118,Meat & Seafood,179,pcs,774.26,1400.37,2026-09-01,Aisle 05,chilled
Unpolished Rose Infused Frozen Green Peas 50g,Tata Goods,FROZ-000121,890100639119,Frozen Foods,172,bag,386.10,665.21,2026-12-06,Aisle 08,frozen
Heritage Cardamom Spiced Surface Floor Cleaner Rose 330ml,Green Earth Kitchens,HOUS-000122,890100639120,Household & Personal Care,145,bottle,182.37,303.40,2027-03-22,Aisle 11,ambient
Premium Chatpata Masala Seedless Grapes 8-Pack,Satvik Harvest,FRES-000123,890100639121,Fresh Produce,169,pack,29.77,41.91,2026-09-05,Aisle 02,ambient
Cold-Pressed Smoked Paprika Pears 150ml,Vedic Fresh Farms,FRES-000124,890100639122,Fresh Produce,66,bag,111.58,175.38,2026-09-04,Aisle 01,ambient
Sun-Dried Smoked Chicken Slices 250ml,Green Earth Agro,BAKE-000125,890100639123,Bakery & Deli,116,box,188.81,312.54,2026-08-28,Aisle 04,ambient
Select Sea Salt Garlic Naan Frozen 4pk 5kg,Patanjali Goods,FROZ-000126,890100639124,Frozen Foods,49,box,52.41,90.40,2027-08-20,Aisle 09,frozen
Gluten-Free Jalapeno Lime Organic Sharbati Atta 300g,Fortune Springs,PANT-000127,890100639125,Pantry & Dry Goods,224,bottle,709.32,1091.60,2027-04-12,Aisle 08,ambient
Gourmet Goat Mince Premium 300g,Royal Indian Harvest,MEAT-000128,890100639126,Meat & Seafood,146,kg,542.93,950.45,2026-08-29,Aisle 04,chilled
Handcrafted Parmigiano-Reggiano 10-Pack,Satvik Dairy,DAIR-000129,890100639127,Dairy & Eggs,9,box,392.71,612.64,2026-09-25,Aisle 03,chilled
Desi Kachi Ghani Mustard Lavash Crackers 200ml,Vedic Fresh Dairy,BAKE-000130,890100639128,Bakery & Deli,114,box,56.30,70.88,2026-08-29,Aisle 04,ambient
Low-Sodium Coriander Leaves 5L,Patanjali Mills,FRES-000131,890100639129,Fresh Produce,92,pack,52.09,90.37,2026-08-30,Aisle 02,ambient
Premium Makhana Crunch Goat Mince Premium 2kg,Patanjali Goods,MEAT-000132,890100639130,Meat & Seafood,177,kg,190.99,304.38,2026-09-02,Aisle 04,chilled
Cured Royal Basmati Rice 5kg,Satvik Springs,PANT-000133,890100639131,Pantry & Dry Goods,148,packet,598.44,1040.80,2028-01-21,Aisle 07,ambient
Valley Fresh Mint Lime Fresh Methi 2-Pack,Dabur Foods,FRES-000134,890100639132,Fresh Produce,210,kg,37.76,56.51,2026-08-27,Aisle 02,ambient
Select Kesar Pista Jeera Masala Soda 750g,Kaveri Dairy,BEVE-000135,890100639133,Beverages,71,carton,387.45,535.01,2027-02-04,Aisle 06,ambient
Zero-Sugar Boneless Chicken Breast 5L,Urban Roots Organics,MEAT-000136,890100639134,Meat & Seafood,248,kg,749.42,1057.18,2026-08-31,Aisle 04,chilled
Spiced Desi Cow Ghee 2-Pack,Fortune Dairy,DAIR-000137,890100639135,Dairy & Eggs,235,carton,463.77,659.38,2026-08-28,Aisle 03,chilled
Natural Amla Juice Pure 150g,Heritage Harvest,BEVE-000138,890100639136,Beverages,191,can,168.55,262.32,2026-11-21,Aisle 05,ambient
Select Oranges Nagpur 1.5L,Dabur Organics,FRES-000139,890100639137,Fresh Produce,121,pcs,115.01,144.04,2026-09-05,Aisle 02,chilled
Roasted Jalapeno Lime Frozen Green Peas 5L,Organic Tattva Springs,FROZ-000140,890100639138,Frozen Foods,185,packet,196.61,265.45,2027-07-01,Aisle 08,frozen
Spiced Cinnamon Spice Masala Potato Chips 5L,Amul Agro,SNAC-000141,890100639139,Snacks & Confectionery,213,bar,57.65,78.68,2026-08-22,Aisle 09,ambient
Wildcrafted Frozen Paneer Cubes 2-Pack,Urban Roots Botanicals,FROZ-000142,890100639140,Frozen Foods,218,bag,61.66,107.78,2027-03-06,Aisle 09,frozen
Sweet Rose Infused Pink Himalayan Salt 50g,Organic Tattva Farms,PANT-000143,890100639141,Pantry & Dry Goods,221,can,82.47,108.15,2027-04-02,Aisle 07,ambient
Cold-Pressed Wood-Fired Veggie Pizza 100g,Dabur Naturals,FROZ-000144,890100639142,Frozen Foods,4,box,350.14,614.85,2027-07-05,Aisle 09,frozen
Raw Pista Almond Mutton Chops 150ml,Dabur Harvest,MEAT-000145,890100639143,Meat & Seafood,93,pack,864.12,1264.78,2026-08-30,Aisle 05,chilled
Pure Roasted Makhana Foxnuts 330ml,Nature Harvest Plantations,SNAC-000146,890100639144,Snacks & Confectionery,161,bar,430.38,748.36,2027-06-15,Aisle 09,ambient
Royal Kesar Pista Garlic Focaccia 6-Pack,Deccan Dairy,BAKE-000147,890100639145,Bakery & Deli,169,pack,46.68,60.90,2026-09-09,Aisle 03,ambient
Smoked Matcha Green Tea Gourmet Cookies Choco-Chip 50g,Fortune Harvest,SNAC-000148,890100639146,Snacks & Confectionery,247,bar,81.71,102.36,2026-08-28,Aisle 10,ambient
Stone-Ground French Fries Crispy 24-Pack,Satvik Agro,FROZ-000149,890100639147,Frozen Foods,112,bag,412.57,700.90,2027-08-18,Aisle 08,frozen
Sweet Smoked Paprika Amla Juice Pure 250g,Pure Vedic Plantations,BEVE-000150,890100639148,Beverages,72,bag,105.85,182.16,2026-12-26,Aisle 05,ambient
Aged Cold Brew Coffee 10kg,Fortune Kitchens,BEVE-000151,890100639149,Beverages,158,pack,257.72,459.59,2027-07-21,Aisle 05,chilled
Gourmet Matcha Green Tea Granola Health Bars 200g,Urban Roots Organics,SNAC-000152,890100639150,Snacks & Confectionery,100,bar,163.14,211.87,2027-04-30,Aisle 09,ambient
Homestyle California Almonds Value Pack,Pure Vedic Naturals,SNAC-000153,890100639151,Snacks & Confectionery,54,tub,273.30,415.37,2027-02-11,Aisle 09,ambient
Golden Makhana Crunch Goat Mince Premium 250g,Bhoomi Plantations,MEAT-000154,890100639152,Meat & Seafood,151,kg,374.29,619.02,2026-08-29,Aisle 04,chilled
Gluten-Free Sea Salt California Almonds 200ml,Catch Foods,SNAC-000155,890100639153,Snacks & Confectionery,128,pack,42.16,70.28,2026-11-14,Aisle 10,ambient
Stone-Ground Banana Chips Kerala Style 750ml,Saffola Provisions,SNAC-000156,890100639154,Snacks & Confectionery,96,box,39.04,64.67,2027-06-02,Aisle 10,ambient
Grass-Fed Dark Chocolate Herbal Hand Wash Neem 2L,Himalayan Goods,HOUS-000157,890100639155,Household & Personal Care,140,pack,120.25,155.94,2028-09-02,Aisle 12,ambient
Spiced Fabric Softener Floral 400g,Fortune Organics,HOUS-000158,890100639156,Household & Personal Care,181,bottle,68.11,89.14,2028-08-29,Aisle 12,ambient
Signature Frozen Samosas 250g,Urban Roots Organics,FROZ-000159,890100639157,Frozen Foods,84,tub,65.10,87.11,2027-05-22,Aisle 08,frozen
Traditional Chatpata Masala Cucumbers 6-Pack,Bhoomi Agro,FRES-000160,890100639158,Fresh Produce,232,pack,48.25,72.42,2026-08-29,Aisle 02,chilled
Plant-Based Toasted Sesame Kaju Katli Sweet Box 350g,Deccan Co.,SNAC-000161,890100639159,Snacks & Confectionery,246,packet,233.31,352.60,2026-11-05,Aisle 09,ambient
Sun-Dried Sweet Tamarind Kokum Sharbat 12-Pack,Bhoomi Farms,BEVE-000162,890100639160,Beverages,163,carton,306.89,421.21,2026-10-14,Aisle 05,chilled
Roasted Mutton Curry Cut 1.5L,Pure Vedic Botanicals,MEAT-000163,890100639161,Meat & Seafood,35,kg,545.46,779.45,2026-08-30,Aisle 05,chilled
Roasted Vanilla Bean Boneless Chicken Breast 750g,Dabur Farms,MEAT-000164,890100639162,Meat & Seafood,186,kg,779.05,1229.28,2026-09-02,Aisle 05,chilled
Natural Toasted Sesame Yukon Gold Potatoes 50g,Pure Vedic Farms,FRES-000165,890100639163,Fresh Produce,75,bunch,18.34,28.88,2026-09-14,Aisle 02,chilled
Crisp Gulab Jamun Tin 200ml,Mother Dairy Organics,SNAC-000166,890100639164,Snacks & Confectionery,187,packet,276.70,421.85,2027-01-11,Aisle 09,ambient
Pure Lassi Mango Infused 5L,Dabur Foods,DAIR-000167,890100639165,Dairy & Eggs,165,box,483.38,849.57,2026-09-26,Aisle 02,chilled
Raw Caramelized Onion Roasted Salted Cashews 12-Pack,Fortune Kitchens,SNAC-000168,890100639166,Snacks & Confectionery,230,tub,524.16,671.40,2027-03-20,Aisle 10,ambient
Pure Tulsi Honey Masala CTC Tea 300g,Nilgiri Foods,BEVE-000169,890100639167,Beverages,89,can,48.64,73.26,2026-12-17,Aisle 06,ambient
Aged Toasted Sesame Lavash Crackers 50g,Tata Provisions,BAKE-000170,890100639168,Bakery & Deli,7,box,167.83,238.61,2026-09-02,Aisle 04,chilled
Smoked Wood-Fired Veggie Pizza 250g,Bhoomi Foods,FROZ-000171,890100639169,Frozen Foods,64,bag,401.41,510.23,2027-01-02,Aisle 09,frozen
Homestyle Kashmiri Saffron Herbal Hand Wash Neem 330ml,Satvik Organics,HOUS-000172,890100639170,Household & Personal Care,105,pack,192.81,268.13,2028-10-25,Aisle 12,ambient
Raw Cinnamon Spice California Almonds 100g,Amul Dairy,SNAC-000173,890100639171,Snacks & Confectionery,216,pack,436.60,565.73,2026-11-03,Aisle 09,ambient
Gourmet Ajwain & Jeera Coconut Milk Canned 5L,Saffola Provisions,PANT-000174,890100639172,Pantry & Dry Goods,195,bag,286.39,502.38,2028-07-18,Aisle 08,ambient
Gourmet Red Chilli & Garlic French Fries Crispy 10kg,Pure Vedic Farms,FROZ-000175,890100639173,Frozen Foods,142,pack,320.28,453.08,2027-04-17,Aisle 08,frozen
Free-Range Smoked Paprika Rusk Toast 300g,FarmGold Naturals,BAKE-000176,890100639174,Bakery & Deli,79,box,154.44,249.63,2026-09-02,Aisle 03,ambient
Desi Organic Green Tea 250ml,Organic Tattva Harvest,BEVE-000177,890100639175,Beverages,203,pack,322.94,483.72,2026-09-12,Aisle 05,chilled
Golden Ricotta Fresh 330ml,Royal Indian Mills,DAIR-000178,890100639176,Dairy & Eggs,10,tub,154.95,227.19,2026-08-18,Aisle 02,chilled
Artisan Toasted Sesame Strawberries 2kg,Bhoomi Kitchens,FRES-000179,890100639177,Fresh Produce,49,bunch,133.94,198.62,2026-09-02,Aisle 02,ambient
Heritage Smoked Paprika Tiger Prawns Jumbo 2kg,Catch Goods,MEAT-000180,890100639178,Meat & Seafood,54,kg,260.08,379.67,2026-08-31,Aisle 04,chilled
Signature Sweet Corn Kernels 6-Pack,Organic Tattva Organics,FROZ-000181,890100639179,Frozen Foods,26,box,177.79,287.82,2027-02-21,Aisle 08,frozen
Cured Sweet Tamarind Masala CTC Tea 1.5L,Urban Roots Kitchens,BEVE-000182,890100639180,Beverages,223,pack,444.21,712.03,2027-03-18,Aisle 05,chilled
Wildcrafted Lavash Crackers 200ml,Desi Organics Botanicals,BAKE-000183,890100639181,Bakery & Deli,113,pcs,277.47,404.29,2026-09-01,Aisle 03,chilled
Signature Jeera Masala Soda 2-Pack,FarmGold Dairy,BEVE-000184,890100639182,Beverages,157,bottle,234.31,394.16,2027-02-23,Aisle 06,chilled
Whole-Grain Clove & Mint Toothpaste 2-Pack,Nilgiri Foods,HOUS-000185,890100639183,Household & Personal Care,98,pack,112.98,180.89,2028-09-21,Aisle 12,ambient
Spiced Red Chilli & Garlic Lavash Crackers Family Pack,Dabur Springs,BAKE-000186,890100639184,Bakery & Deli,217,pack,74.66,99.23,2026-09-02,Aisle 04,ambient
Golden Rose Infused Yukon Gold Potatoes 12-Pack,Desi Organics Goods,FRES-000187,890100639185,Fresh Produce,142,bunch,153.12,205.77,2026-09-08,Aisle 02,chilled
Rustic Matcha Green Tea Bath Tissue 6-Pack 250g,Bhoomi Goods,HOUS-000188,890100639186,Household & Personal Care,223,pack,469.98,742.90,2029-04-04,Aisle 11,ambient
Sweet Lemon Pepper California Almonds 6-Pack,Amul Co.,SNAC-000189,890100639187,Snacks & Confectionery,9,bar,426.68,664.84,2027-02-27,Aisle 10,ambient
Sun-Dried Paneer Paratha Frozen 150ml,Green Earth Goods,FROZ-000190,890100639188,Frozen Foods,58,tub,126.93,193.95,2027-06-14,Aisle 09,frozen
Extra-Virgin Parmigiano-Reggiano 8-Pack,Nilgiri Harvest,DAIR-000191,890100639189,Dairy & Eggs,189,packet,408.79,610.99,2026-08-30,Aisle 03,chilled
Free-Range Paneer Paratha Frozen Snack Pack,Saffola Organics,FROZ-000192,890100639190,Frozen Foods,215,tub,318.13,576.30,2027-04-19,Aisle 08,frozen
Whole-Grain Garlic & Herb Kitchen Paper Towels 4-Roll 350g,FarmGold Goods,HOUS-000193,890100639191,Household & Personal Care,81,bottle,54.71,89.12,2027-02-26,Aisle 12,ambient
Royal Portobello Mushrooms 6-Pack,Ganga Mills,FRES-000194,890100639192,Fresh Produce,208,bunch,155.11,260.79,2026-08-30,Aisle 01,ambient
Traditional Feta Cheese 4-Pack,Royal Indian Botanicals,DAIR-000195,890100639193,Dairy & Eggs,42,bottle,283.83,440.41,2026-09-22,Aisle 03,chilled
Handcrafted Fish Fingers Frozen 1.5L,Nature Harvest Co.,FROZ-000196,890100639194,Frozen Foods,61,bag,169.26,304.29,2027-08-16,Aisle 08,frozen
Authentic Makhana Crunch Cold Pressed Orange Juice 250ml,Amul Foods,BEVE-000197,890100639195,Beverages,134,pack,283.83,433.63,2027-04-27,Aisle 06,chilled
Plant-Based Sea Salt Garlic Focaccia Family Pack,Urban Roots Milling,BAKE-000198,890100639196,Bakery & Deli,145,box,268.98,480.11,2026-09-03,Aisle 03,chilled
Extra-Virgin Penne Rigate Pasta 300g,Fortune Goods,PANT-000199,890100639197,Pantry & Dry Goods,106,jar,721.29,1000.31,2028-03-17,Aisle 07,ambient
Gluten-Free Matcha Green Tea Biodegradable Garbage Bags 1.5L,Urban Roots Mills,HOUS-000200,890100639198,Household & Personal Care,116,packet,217.17,317.58,2028-05-29,Aisle 11,ambient
Spiced Alphonso Mango Blueberries 150ml,Satvik Farms,FRES-000201,890100639199,Fresh Produce,50,bag,31.77,48.75,2026-09-01,Aisle 01,ambient
Zero-Sugar Golden Ginger Atlantic Salmon Fillet 500g,Heritage Organics,MEAT-000202,890100639200,Meat & Seafood,82,pack,383.75,555.37,2026-08-30,Aisle 04,chilled
Free-Range Chana Dal Polished 4-Pack,Green Earth Harvest,PANT-000203,890100639201,Pantry & Dry Goods,229,box,722.92,1237.30,2027-02-21,Aisle 06,ambient
Sun-Dried Ajwain & Jeera Shampoo Anti-Dandruff 50g,FarmGold Organics,HOUS-000204,890100639202,Household & Personal Care,221,bottle,360.46,458.05,2027-04-24,Aisle 12,ambient
Crisp Banana Chips Kerala Style 5kg,Dabur Agro,SNAC-000205,890100639203,Snacks & Confectionery,228,box,47.04,85.12,2026-08-27,Aisle 10,ambient
Signature Extra Virgin Olive Oil 1L,Urban Roots Botanicals,PANT-000206,890100639204,Pantry & Dry Goods,167,bag,627.66,865.40,2028-04-22,Aisle 08,ambient
Premium Jalapeno Lime Penne Rigate Pasta 330ml,Nilgiri Agro,PANT-000207,890100639205,Pantry & Dry Goods,96,packet,207.07,292.43,2028-05-21,Aisle 06,ambient
Smoked Pista Almond Kitchen Paper Towels 4-Roll 50g,Heritage Milling,HOUS-000208,890100639206,Household & Personal Care,190,bottle,31.53,47.75,2028-07-01,Aisle 12,ambient
Desi Rose Infused Sweet Potatoes 10-Pack,Everest Organics,FRES-000209,890100639207,Fresh Produce,130,bag,147.42,220.86,2026-08-29,Aisle 02,ambient
Raw Jalapeno Lime Soy Milk Protein 5L,Green Earth Botanicals,DAIR-000210,890100639208,Dairy & Eggs,44,carton,140.28,258.56,2026-09-25,Aisle 03,chilled
Homestyle Paneer Tikka Deli 5kg,Vedic Fresh Provisions,BAKE-000211,890100639209,Bakery & Deli,206,pack,206.57,341.68,2026-09-03,Aisle 03,ambient
Grass-Fed Ajwain & Jeera Mishri Mawa 250g,Tata Foods,DAIR-000212,890100639210,Dairy & Eggs,154,carton,366.88,673.53,2026-09-25,Aisle 02,chilled
Sweet Organic Brown Sugar 1L,FarmGold Kitchens,PANT-000213,890100639211,Pantry & Dry Goods,70,bag,122.95,195.85,2026-12-16,Aisle 07,ambient
Crisp Diet Mixture Namkeen 1kg,Royal Indian Plantations,SNAC-000214,890100639212,Snacks & Confectionery,234,bag,478.87,817.84,2026-08-28,Aisle 09,ambient
Unpolished Golden Ginger Smoked Chicken Slices 10kg,Everest Agro,BAKE-000215,890100639213,Bakery & Deli,136,box,224.84,289.24,2026-09-02,Aisle 04,chilled
Cold-Pressed Bagel Plain 4pk 400g,SunBrite Plantations,BAKE-000216,890100639214,Bakery & Deli,14,box,307.57,439.27,2026-09-07,Aisle 04,chilled
Premium Guava Chilli Juice 200ml,Everest Provisions,BEVE-000217,890100639215,Beverages,28,can,292.83,443.02,2027-03-16,Aisle 06,chilled
Sun-Dried Red Chilli & Garlic Sparkling Mineral Water 24-Pack,Dabur Mills,BEVE-000218,890100639216,Beverages,125,bag,399.01,621.88,2027-08-11,Aisle 05,chilled
Low-Sodium Mishri Mawa 10-Pack,Kaveri Agro,DAIR-000219,890100639217,Dairy & Eggs,81,box,356.31,545.59,2026-08-29,Aisle 02,chilled
Whole-Grain Roasted Salted Cashews 500g,Saffola Botanicals,SNAC-000220,890100639218,Snacks & Confectionery,192,tub,354.74,496.64,2026-08-27,Aisle 10,ambient
Grass-Fed Sea Salt Fruit Muffins 4-Pack,Himalayan Plantations,BAKE-000221,890100639219,Bakery & Deli,92,pcs,111.95,161.03,2026-09-01,Aisle 03,ambient
Gluten-Free Banana Chips Kerala Style 6-Pack,Pashmina Milling,SNAC-000222,890100639220,Snacks & Confectionery,9,tub,533.48,813.45,2026-11-16,Aisle 10,ambient
Valley Fresh Paneer Tikka Deli 1kg,Urban Roots Plantations,BAKE-000223,890100639221,Bakery & Deli,113,box,118.12,205.05,2026-09-04,Aisle 04,ambient
Cold-Pressed Veg Spring Rolls 150ml,Tata Plantations,FROZ-000224,890100639222,Frozen Foods,161,packet,380.39,549.25,2027-07-28,Aisle 08,frozen
Authentic Chaash / Buttermilk Family Pack,Mother Dairy Organics,DAIR-000225,890100639223,Dairy & Eggs,128,packet,300.37,389.82,2026-09-14,Aisle 02,chilled
Spiced Tandoori Smoked Veg Spring Rolls 5L,SunBrite Provisions,FROZ-000226,890100639224,Frozen Foods,235,packet,335.38,420.13,2026-12-18,Aisle 08,frozen
Natural Mozzarella Shredded 1L,Vedic Fresh Milling,DAIR-000227,890100639225,Dairy & Eggs,40,packet,140.74,190.16,2026-09-13,Aisle 02,chilled
Pure Lavash Crackers 400g,Satvik Kitchens,BAKE-000228,890100639226,Bakery & Deli,213,box,188.73,289.72,2026-09-07,Aisle 04,chilled
Premium Bath Tissue 6-Pack 150g,Mother Dairy Co.,HOUS-000229,890100639227,Household & Personal Care,156,tube,428.90,563.74,2028-07-27,Aisle 12,ambient
Pure Sparkling Mineral Water 750g,Catch Organics,BEVE-000230,890100639228,Beverages,226,bag,350.76,616.70,2026-08-22,Aisle 06,chilled
Gluten-Free Kabuli Chana Large 150ml,Everest Milling,PANT-000231,890100639229,Pantry & Dry Goods,84,packet,682.02,862.37,2028-02-24,Aisle 06,ambient
Heritage Red Chilli & Garlic Tender Coconut Water 200g,Catch Mills,BEVE-000232,890100639230,Beverages,91,carton,146.55,236.57,2026-11-08,Aisle 06,ambient
Natural Lemon Pepper Extra Virgin Olive Oil 2L,Vedic Fresh Organics,PANT-000233,890100639231,Pantry & Dry Goods,216,can,445.92,689.65,2028-06-19,Aisle 08,ambient
Valley Fresh Sweet Tamarind Herbal Hand Wash Neem Value Pack,SunBrite Agro,HOUS-000234,890100639232,Household & Personal Care,67,bottle,138.13,210.38,2028-06-01,Aisle 11,ambient
Zero-Sugar Sweet Tamarind Roasted Makhana Foxnuts 750ml,Bhoomi Provisions,SNAC-000235,890100639233,Snacks & Confectionery,80,bar,295.57,374.20,2027-03-14,Aisle 09,ambient
Free-Range Extra Virgin Olive Oil 5L,Dabur Kitchens,PANT-000236,890100639234,Pantry & Dry Goods,233,bottle,527.24,853.26,2027-05-19,Aisle 06,ambient
Grass-Fed Kesar Pista Stainless Steel Scrubber 3pk 300g,Nilgiri Foods,HOUS-000237,890100639235,Household & Personal Care,22,box,260.13,433.71,2028-03-30,Aisle 12,ambient
Desi Red Chilli & Garlic Veg Spring Rolls 5kg,Kaveri Harvest,FROZ-000238,890100639236,Frozen Foods,234,bag,184.30,292.84,2027-04-04,Aisle 08,frozen
Homestyle Pista Almond Roasted Makhana Foxnuts 250ml,Desi Organics Mills,SNAC-000239,890100639237,Snacks & Confectionery,200,box,264.52,358.02,2026-08-27,Aisle 10,ambient
Stone-Ground Sweet Tamarind Toned Milk 5L,SunBrite Plantations,DAIR-000240,890100639238,Dairy & Eggs,60,box,220.93,305.18,2026-09-04,Aisle 02,chilled
Desi Veg Burger Patties 10kg,Nilgiri Springs,FROZ-000241,890100639239,Frozen Foods,193,packet,225.70,348.97,2027-05-19,Aisle 08,frozen
Plant-Based Mixed Berries Frozen 12-Pack,Organic Tattva Dairy,FROZ-000242,890100639240,Frozen Foods,213,packet,320.05,563.21,2026-08-15,Aisle 09,frozen
Country Style Golden Ginger Tonic Water Premium 5L,Heritage Foods,BEVE-000243,890100639241,Beverages,219,can,212.11,321.37,2026-12-24,Aisle 06,ambient
Gourmet Makhana Crunch Custard Apple (Sitaphal) 8-Pack,Fortune Co.,FRES-000244,890100639242,Fresh Produce,82,bag,49.94,69.79,2026-09-12,Aisle 02,ambient
Golden Masala Chai Seedless Grapes 200ml,Green Earth Milling,FRES-000245,890100639243,Fresh Produce,190,pcs,118.03,169.41,2026-08-17,Aisle 02,ambient
Rustic Feta Cheese 12-Pack,Royal Indian Foods,DAIR-000246,890100639244,Dairy & Eggs,114,pack,433.52,725.63,2026-08-20,Aisle 02,chilled
Raw Floor Disinfectant Pine 5kg,Ganga Mills,HOUS-000247,890100639245,Household & Personal Care,97,bottle,116.18,203.68,2028-05-24,Aisle 11,ambient
Natural Multigrain Tortillas Family Pack,Himalayan Plantations,BAKE-000248,890100639246,Bakery & Deli,249,pcs,171.97,223.68,2026-08-31,Aisle 04,ambient
Raw Cinnamon Spice California Almonds 2-Pack,Desi Organics Agro,SNAC-000249,890100639247,Snacks & Confectionery,104,bar,548.87,697.09,2026-12-08,Aisle 09,ambient
Low-Sodium Sweet Corn Kernels 500ml,Tata Co.,FROZ-000250,890100639248,Frozen Foods,130,packet,117.82,208.55,2027-01-26,Aisle 09,frozen
Traditional Kachi Ghani Mustard Shampoo Anti-Dandruff 350g,Deccan Harvest,HOUS-000251,890100639249,Household & Personal Care,119,tube,290.92,421.93,2027-07-05,Aisle 12,ambient
Authentic Truffle Infused Ladyfinger (Bhindi) Value Pack,Pure Vedic Co.,FRES-000252,890100639250,Fresh Produce,12,bunch,112.08,171.90,2026-08-30,Aisle 02,chilled
Plant-Based Soan Papdi Box 12-Pack,Mother Dairy Provisions,SNAC-000253,890100639251,Snacks & Confectionery,213,box,240.09,340.09,2026-12-10,Aisle 09,ambient
Smoked Kashmiri Saffron Mutton Chops Family Pack,Nature Harvest Milling,MEAT-000254,890100639252,Meat & Seafood,247,kg,270.58,425.25,2026-08-27,Aisle 05,chilled
Cured Bath Tissue 6-Pack 12-Pack,Himalayan Botanicals,HOUS-000255,890100639253,Household & Personal Care,175,box,221.66,395.61,2027-06-26,Aisle 12,ambient
Desi Cinnamon Spice Hash Browns 6pk 2kg,Nature Harvest Plantations,FROZ-000256,890100639254,Frozen Foods,16,bag,244.93,342.01,2027-02-18,Aisle 08,frozen
Valley Fresh Pista Almond Catla Fish Steaks 500g,Royal Indian Foods,MEAT-000257,890100639255,Meat & Seafood,122,pcs,335.93,525.06,2026-08-31,Aisle 04,chilled
Golden Cold-Pressed Groundnut Oil 300g,Everest Mills,PANT-000258,890100639256,Pantry & Dry Goods,5,packet,156.84,253.93,2027-06-13,Aisle 08,ambient
Raw Golden Ginger Parmigiano-Reggiano Snack Pack,Amul Agro,DAIR-000259,890100639257,Dairy & Eggs,44,pack,47.55,72.77,2026-09-10,Aisle 03,chilled
Smoked Organic Green Tea 5kg,Desi Organics Naturals,BEVE-000260,890100639258,Beverages,186,bag,323.77,552.63,2027-03-13,Aisle 06,chilled
Smoked Mosquito Vaporizer Refill 10-Pack,Pure Vedic Dairy,HOUS-000261,890100639259,Household & Personal Care,160,box,595.45,763.36,2026-08-20,Aisle 11,ambient
Country Style Cheese Croissant 1L,Fortune Organics,BAKE-000262,890100639260,Bakery & Deli,56,box,57.51,93.17,2026-09-03,Aisle 03,ambient
Signature Chicken Salami 300g,Desi Organics Farms,BAKE-000263,890100639261,Bakery & Deli,67,pack,312.81,535.53,2026-08-28,Aisle 03,ambient
Low-Sodium Malai Kulfi Bar 750g,Pure Vedic Organics,FROZ-000264,890100639262,Frozen Foods,82,bag,200.65,309.51,2026-11-01,Aisle 09,frozen
Authentic Kachi Ghani Mustard Chicken Salami 300g,Vedic Fresh Springs,BAKE-000265,890100639263,Bakery & Deli,223,pcs,134.12,168.54,2026-09-03,Aisle 03,chilled
Gluten-Free Vanilla Bean Bath Tissue 6-Pack 500g,Catch Farms,HOUS-000266,890100639264,Household & Personal Care,57,pack,349.92,598.98,2028-01-18,Aisle 11,ambient
Grass-Fed Smoked Paprika Mustard Oil Kachi Ghani 500g,Royal Indian Foods,PANT-000267,890100639265,Pantry & Dry Goods,124,bag,513.70,942.70,2027-06-20,Aisle 07,ambient
Farm-Fresh Kesar Pista Coriander Leaves 350g,Fortune Naturals,FRES-000268,890100639266,Fresh Produce,229,pcs,112.32,166.94,2026-09-08,Aisle 01,chilled
Heritage Moong Dal Washed 250g,Kaveri Plantations,PANT-000269,890100639267,Pantry & Dry Goods,245,can,579.66,1051.17,2027-05-16,Aisle 07,ambient
Cured Goat Mince Premium Value Pack,Nilgiri Goods,MEAT-000270,890100639268,Meat & Seafood,100,kg,652.63,1096.85,2026-08-29,Aisle 04,chilled
Raw Chicken Keema 5kg,Dabur Dairy,MEAT-000271,890100639269,Meat & Seafood,10,pcs,711.02,890.99,2026-09-03,Aisle 04,chilled
Roasted Pista Almond Pav 6-Pack 1kg,Tata Foods,BAKE-000272,890100639270,Bakery & Deli,179,pack,132.66,170.63,2026-08-31,Aisle 04,chilled
Zero-Sugar Mint Lime Amla Juice Pure 100g,Pure Vedic Co.,BEVE-000273,890100639271,Beverages,84,can,231.96,312.30,2026-10-20,Aisle 06,chilled
Unpolished Garlic & Herb Organic Rolled Oats 24-Pack,Pure Vedic Farms,PANT-000274,890100639272,Pantry & Dry Goods,72,bottle,192.58,299.64,2027-11-13,Aisle 06,ambient
Low-Sodium Nagpur Orange Chicken Keema 400g,Satvik Kitchens,MEAT-000275,890100639273,Meat & Seafood,71,kg,195.38,294.98,2026-08-30,Aisle 04,chilled
Select Sourdough Loaf Family Pack,Fortune Co.,BAKE-000276,890100639274,Bakery & Deli,9,pack,132.32,221.00,2026-09-01,Aisle 04,chilled
Gluten-Free Fresh Mosambi Juice 1L,Desi Organics Kitchens,BEVE-000277,890100639275,Beverages,92,carton,245.48,405.88,2027-06-06,Aisle 06,chilled
Gluten-Free Shampoo Anti-Dandruff 500g,Green Earth Foods,HOUS-000278,890100639276,Household & Personal Care,167,box,519.02,682.80,2029-02-27,Aisle 11,ambient
Authentic Masala Chai Cold-Pressed Groundnut Oil 400g,Green Earth Naturals,PANT-000279,890100639277,Pantry & Dry Goods,20,box,296.75,478.58,2027-03-14,Aisle 08,ambient
Roasted Tandoori Smoked Bottle Gourd (Lauki) 150ml,Vedic Fresh Goods,FRES-000280,890100639278,Fresh Produce,12,pack,142.97,256.90,2026-09-02,Aisle 01,ambient
Gourmet Heavy Cream 24-Pack,Green Earth Harvest,DAIR-000281,890100639279,Dairy & Eggs,14,packet,156.47,200.01,2026-09-10,Aisle 03,chilled
Artisan Matcha Green Tea Catla Fish Steaks 400g,Heritage Mills,MEAT-000282,890100639280,Meat & Seafood,243,pcs,682.86,1040.90,2026-08-31,Aisle 05,chilled
Authentic Sweet Tamarind Guava Chilli Juice 5kg,Organic Tattva Co.,BEVE-000283,890100639281,Beverages,159,box,365.00,550.16,2026-12-01,Aisle 06,ambient
Cured Basa Fish Fillets 6-Pack,SunBrite Organics,MEAT-000284,890100639282,Meat & Seafood,38,pack,748.09,1092.41,2026-08-30,Aisle 05,chilled
Smoked Coconut Cream Moong Dal Washed 2-Pack,Bhoomi Farms,PANT-000285,890100639283,Pantry & Dry Goods,234,can,685.75,1128.09,2028-08-07,Aisle 06,ambient
Gluten-Free Garlic & Herb Bell Peppers 330ml,FarmGold Mills,FRES-000286,890100639284,Fresh Produce,85,pack,51.03,84.01,2026-09-10,Aisle 02,chilled
Traditional Rose Infused Unsalted White Butter 330ml,FarmGold Kitchens,DAIR-000287,890100639285,Dairy & Eggs,114,bottle,248.84,339.90,2026-09-24,Aisle 02,chilled
Spiced Tandoori Smoked Cashew Paste Curry Base 200g,Desi Organics Foods,PANT-000288,890100639286,Pantry & Dry Goods,76,bag,49.40,76.25,2027-11-15,Aisle 08,ambient
Gluten-Free Vanilla Bean Spicy Peanut Chikki 330ml,Ganga Goods,SNAC-000289,890100639287,Snacks & Confectionery,10,bar,316.26,467.30,2026-08-29,Aisle 10,ambient
Stone-Ground Atlantic Salmon Fillet 2L,Fortune Dairy,MEAT-000290,890100639288,Meat & Seafood,169,kg,819.68,1115.44,2026-09-01,Aisle 04,chilled
Whole-Grain Roma Tomatoes 500ml,SunBrite Agro,FRES-000291,890100639289,Fresh Produce,152,pcs,27.10,47.16,2026-09-13,Aisle 01,ambient
Zero-Sugar Organic Sharbati Atta 100g,FarmGold Agro,PANT-000292,890100639290,Pantry & Dry Goods,13,packet,615.38,1022.84,2028-03-16,Aisle 07,ambient
Handcrafted Cinnamon Swirl Buns 500ml,Tata Naturals,BAKE-000293,890100639291,Bakery & Deli,240,pcs,155.55,261.98,2026-09-01,Aisle 04,ambient
Stone-Ground Jalapeno Lime Stainless Steel Scrubber 3pk 200ml,Amul Organics,HOUS-000294,890100639292,Household & Personal Care,125,box,261.04,372.24,2028-04-10,Aisle 12,ambient
Select Ajwain & Jeera Iced Lemon Tea 300g,SunBrite Harvest,BEVE-000295,890100639293,Beverages,163,bag,75.88,104.18,2027-03-14,Aisle 05,ambient
Signature Makhana Crunch Herbal Hand Wash Neem 2L,Dabur Foods,HOUS-000296,890100639294,Household & Personal Care,145,packet,324.01,447.80,2029-01-09,Aisle 11,ambient
Desi Nimbu Paani Soda 200g,Nilgiri Dairy,BEVE-000297,890100639295,Beverages,208,carton,128.46,168.07,2026-11-18,Aisle 05,ambient
Zero-Sugar Truffle Infused Smoked Chicken Slices Value Pack,SunBrite Goods,BAKE-000298,890100639296,Bakery & Deli,86,box,101.80,135.31,2026-08-19,Aisle 04,ambient
Aged Tulsi Honey Multigrain Tortillas 150ml,SunBrite Foods,BAKE-000299,890100639297,Bakery & Deli,114,box,305.07,393.03,2026-08-29,Aisle 04,ambient
Extra-Virgin Toasted Sesame Chaash / Buttermilk 400g,Nilgiri Springs,DAIR-000300,890100639298,Dairy & Eggs,45,box,116.80,194.82,2026-09-13,Aisle 02,chilled
Pure Cheese Croissant 500ml,Fortune Foods,BAKE-000301,890100639299,Bakery & Deli,245,pcs,280.45,365.09,2026-08-30,Aisle 04,ambient
Wildcrafted Sea Salt Lavash Crackers 5kg,Pure Vedic Mills,BAKE-000302,890100639300,Bakery & Deli,175,pack,278.52,470.68,2026-08-31,Aisle 03,ambient
Stone-Ground Sea Salt Biodegradable Garbage Bags 24-Pack,Desi Organics Milling,HOUS-000303,890100639301,Household & Personal Care,109,tube,216.46,307.80,2026-08-28,Aisle 12,ambient
Free-Range Nagpur Orange Organic Brown Sugar 5L,Deccan Dairy,PANT-000304,890100639302,Pantry & Dry Goods,38,can,354.11,617.77,2027-03-21,Aisle 08,ambient
Valley Fresh Pink Himalayan Salt 330ml,Vedic Fresh Plantations,PANT-000305,890100639303,Pantry & Dry Goods,34,bottle,583.43,884.19,2027-07-02,Aisle 06,ambient
Unpolished Toasted Sesame Pears 100g,Urban Roots Botanicals,FRES-000306,890100639304,Fresh Produce,115,pack,77.73,141.85,2026-09-12,Aisle 02,ambient
Desi Red Chilli & Garlic Guavas 12-Pack,Mother Dairy Springs,FRES-000307,890100639305,Fresh Produce,67,pack,146.40,257.22,2026-09-02,Aisle 02,chilled
Aged Chatpata Masala Ginger Kombucha 100g,Nature Harvest Naturals,BEVE-000308,890100639306,Beverages,145,pack,39.21,51.51,2027-05-16,Aisle 06,ambient
Sweet Kachi Ghani Mustard Strawberries 1kg,FarmGold Mills,FRES-000309,890100639307,Fresh Produce,243,kg,36.85,48.50,2026-09-14,Aisle 02,ambient
Free-Range Unsalted White Butter 250g,Himalayan Plantations,DAIR-000310,890100639308,Dairy & Eggs,162,box,519.00,896.32,2026-09-08,Aisle 02,chilled
Organic Masala Potato Chips 6-Pack,Fortune Naturals,SNAC-000311,890100639309,Snacks & Confectionery,132,packet,130.91,171.16,2026-10-19,Aisle 09,ambient
Whole-Grain Dark Chocolate Bath Tissue 6-Pack 150g,Catch Goods,HOUS-000312,890100639310,Household & Personal Care,124,tube,242.22,333.62,2028-12-02,Aisle 12,ambient
Free-Range Sea Salt Curd Tub (Dahi) 5kg,Tata Agro,DAIR-000313,890100639311,Dairy & Eggs,48,tub,117.22,190.82,2026-08-23,Aisle 02,chilled
Free-Range Dark Chocolate Pasture Eggs 10-Pack,Himalayan Springs,DAIR-000314,890100639312,Dairy & Eggs,180,carton,114.89,211.23,2026-09-25,Aisle 02,chilled
Artisan Cardamom Spiced Sourdough Loaf 10-Pack,Fortune Co.,BAKE-000315,890100639313,Bakery & Deli,230,pcs,88.30,114.72,2026-09-07,Aisle 03,chilled
Handcrafted Red Chilli & Garlic Kitchen Paper Towels 4-Roll 8-Pack,Royal Indian Farms,HOUS-000316,890100639314,Household & Personal Care,72,pack,89.34,152.88,2028-06-01,Aisle 12,ambient
Valley Fresh Herbal Hand Wash Neem 150g,Royal Indian Springs,HOUS-000317,890100639315,Household & Personal Care,71,bottle,334.86,452.83,2027-10-19,Aisle 12,ambient
Zero-Sugar Kashmiri Saffron Multigrain Tortillas 6-Pack,SunBrite Agro,BAKE-000318,890100639316,Bakery & Deli,23,pcs,187.14,258.71,2026-09-01,Aisle 03,chilled
Crisp Spicy Peanut Chikki 2kg,SunBrite Plantations,SNAC-000319,890100639317,Snacks & Confectionery,197,tub,93.64,135.83,2026-11-02,Aisle 10,ambient
Crisp Rawa Sooji 10kg,Everest Provisions,PANT-000320,890100639318,Pantry & Dry Goods,125,bag,678.00,1116.43,2026-08-29,Aisle 07,ambient
Gourmet Mozzarella Shredded 400g,Royal Indian Harvest,DAIR-000321,890100639319,Dairy & Eggs,81,packet,399.56,696.36,2026-08-27,Aisle 03,chilled
Aged Caramelized Onion Ginger Kombucha Family Pack,Kaveri Plantations,BEVE-000322,890100639320,Beverages,244,pack,372.20,683.57,2027-05-16,Aisle 06,ambient
Handcrafted Roasted Salted Cashews 5L,Mother Dairy Kitchens,SNAC-000323,890100639321,Snacks & Confectionery,177,bag,378.04,600.49,2027-06-23,Aisle 09,ambient
Stone-Ground Oat Milk 500ml,Heritage Plantations,DAIR-000324,890100639322,Dairy & Eggs,188,bottle,42.60,78.74,2026-09-26,Aisle 03,chilled
Cured Smoked Paprika Chicken Frankfurters 4-Pack,Himalayan Farms,BAKE-000325,890100639323,Bakery & Deli,151,box,197.42,337.80,2026-09-09,Aisle 03,ambient
Cured Garlic & Herb Poha Thick Flakes 750ml,Tata Provisions,PANT-000326,890100639324,Pantry & Dry Goods,124,packet,640.51,1044.86,2027-03-12,Aisle 07,ambient
Country Style Alphonso Mango Kitchen Paper Towels 4-Roll 1.5L,Kaveri Plantations,HOUS-000327,890100639325,Household & Personal Care,175,tube,104.20,164.73,2028-06-29,Aisle 11,ambient
Wildcrafted Organic Brown Sugar Snack Pack,Urban Roots Mills,PANT-000328,890100639326,Pantry & Dry Goods,247,box,463.96,679.96,2028-03-15,Aisle 08,ambient
Organic Kachi Ghani Mustard Pure Jaggery Powder (Gud) 330ml,Ganga Provisions,PANT-000329,890100639327,Pantry & Dry Goods,236,bottle,591.98,965.65,2027-07-09,Aisle 08,ambient
Authentic Kashmiri Saffron Paneer Block 1.5L,Organic Tattva Co.,DAIR-000330,890100639328,Dairy & Eggs,138,tub,395.60,533.78,2026-09-20,Aisle 03,chilled
Select Kesar Pista Fabric Softener Floral 750g,Patanjali Harvest,HOUS-000331,890100639329,Household & Personal Care,79,packet,315.97,404.07,2027-09-01,Aisle 12,ambient
Farm-Fresh Frozen Samosas Value Pack,Amul Botanicals,FROZ-000332,890100639330,Frozen Foods,117,packet,354.95,622.42,2027-06-21,Aisle 09,frozen
Golden Ladyfinger (Bhindi) 250ml,Heritage Organics,FRES-000333,890100639331,Fresh Produce,98,kg,53.20,87.36,2026-08-26,Aisle 02,chilled
Roasted Truffle Infused Moong Dal Washed 12-Pack,Kaveri Harvest,PANT-000334,890100639332,Pantry & Dry Goods,10,packet,720.01,967.81,2028-02-12,Aisle 07,ambient
Grass-Fed Smoked Paprika Green Peas Fresh 12-Pack,Vedic Fresh Agro,FRES-000335,890100639333,Fresh Produce,136,pcs,77.80,100.68,2026-09-15,Aisle 01,ambient
Golden Sea Salt Bath Tissue 6-Pack 750g,Bhoomi Dairy,HOUS-000336,890100639334,Household & Personal Care,136,tube,559.54,775.35,2028-03-27,Aisle 11,ambient
Valley Fresh Sea Salt Floor Disinfectant Pine 350g,Kaveri Co.,HOUS-000337,890100639335,Household & Personal Care,26,bottle,293.00,402.82,2027-02-27,Aisle 11,ambient
Aged Bagel Plain 4pk 10-Pack,Amul Agro,BAKE-000338,890100639336,Bakery & Deli,41,pcs,310.03,448.00,2026-09-04,Aisle 04,chilled
Aged Red Chilli & Garlic Surface Floor Cleaner Rose 100g,Patanjali Provisions,HOUS-000339,890100639337,Household & Personal Care,23,packet,128.86,170.18,2027-03-09,Aisle 12,ambient
Premium Matcha Green Tea Portobello Mushrooms 1kg,Everest Provisions,FRES-000340,890100639338,Fresh Produce,24,bag,39.40,51.17,2026-09-16,Aisle 02,ambient
Pure Cinnamon Spice Granola Health Bars 4-Pack,Mother Dairy Goods,SNAC-000341,890100639339,Snacks & Confectionery,97,tub,453.15,795.58,2027-01-14,Aisle 09,ambient
Stone-Ground Rose Infused Lentils Red Masoor 100g,Nilgiri Foods,PANT-000342,890100639340,Pantry & Dry Goods,169,packet,504.32,799.97,2028-06-25,Aisle 07,ambient
Rustic Rose Infused Extra Virgin Olive Oil 50g,Nature Harvest Provisions,PANT-000343,890100639341,Pantry & Dry Goods,90,bag,433.33,743.82,2027-08-25,Aisle 08,ambient
Whole-Grain Tender Coconut Water 500ml,Pashmina Kitchens,BEVE-000344,890100639342,Beverages,48,bag,257.73,339.38,2027-07-13,Aisle 05,chilled
Smoked Chatpata Masala Frozen Paneer Cubes 2-Pack,Pashmina Springs,FROZ-000345,890100639343,Frozen Foods,79,tub,69.71,101.07,2026-11-03,Aisle 09,frozen
Raw Garlic Naan Frozen 4pk Value Pack,Amul Naturals,FROZ-000346,890100639344,Frozen Foods,91,box,130.77,164.96,2027-03-15,Aisle 08,frozen
Unpolished Diet Mixture Namkeen 300g,Organic Tattva Milling,SNAC-000347,890100639345,Snacks & Confectionery,128,bar,262.08,441.90,2026-12-05,Aisle 09,ambient
Select Makhana Crunch Electrolyte Energy Drink 24-Pack,Mother Dairy Milling,BEVE-000348,890100639346,Beverages,114,carton,142.30,200.71,2027-05-22,Aisle 06,ambient
Cold-Pressed Ajwain & Jeera Hash Browns 6pk Snack Pack,Patanjali Goods,FROZ-000349,890100639347,Frozen Foods,30,bag,202.95,270.44,2026-11-18,Aisle 09,frozen
Plant-Based Unsalted White Butter 350g,Nilgiri Co.,DAIR-000350,890100639348,Dairy & Eggs,79,box,137.09,206.92,2026-08-30,Aisle 03,chilled
Raw Mint Lime Spicy Peanut Chikki 1L,Satvik Organics,SNAC-000351,890100639349,Snacks & Confectionery,139,tub,227.22,328.20,2026-11-11,Aisle 09,ambient
Aged Jalapeno Lime Pomfret Whole 2kg,Desi Organics Springs,MEAT-000352,890100639350,Meat & Seafood,123,pcs,401.57,719.86,2026-08-31,Aisle 05,chilled
Traditional Chicken Frankfurters 200g,Green Earth Mills,BAKE-000353,890100639351,Bakery & Deli,111,box,212.97,266.55,2026-09-04,Aisle 04,chilled
Zero-Sugar Makhana Crunch Biodegradable Garbage Bags 350g,Dabur Farms,HOUS-000354,890100639352,Household & Personal Care,12,box,379.11,625.99,2028-02-15,Aisle 12,ambient
Raw Masala Chai Mustard Oil Kachi Ghani 10kg,Saffola Mills,PANT-000355,890100639353,Pantry & Dry Goods,137,box,181.96,284.61,2028-07-13,Aisle 07,ambient
Premium Crab Meat Fresh 10-Pack,Patanjali Kitchens,MEAT-000356,890100639354,Meat & Seafood,168,kg,272.06,484.50,2026-08-31,Aisle 05,chilled
Cured Matcha Green Tea Ladyfinger (Bhindi) 4-Pack,Vedic Fresh Foods,FRES-000357,890100639355,Fresh Produce,134,pack,73.19,98.77,2026-09-13,Aisle 02,chilled
Extra-Virgin Bottle Gourd (Lauki) 5kg,Vedic Fresh Kitchens,FRES-000358,890100639356,Fresh Produce,209,pcs,88.42,143.66,2026-09-10,Aisle 02,ambient
Country Style Kesar Pista Pasture Eggs 5L,Satvik Botanicals,DAIR-000359,890100639357,Dairy & Eggs,33,tub,133.96,169.64,2026-09-25,Aisle 02,chilled
Heritage Tulsi Honey Bell Peppers 350g,Dabur Dairy,FRES-000360,890100639358,Fresh Produce,26,pack,48.34,61.24,2026-09-06,Aisle 01,ambient
Spiced Sea Salt Espresso Roast Ground Coffee Value Pack,Mother Dairy Botanicals,BEVE-000361,890100639359,Beverages,101,can,431.95,708.95,2027-03-26,Aisle 06,chilled
Low-Sodium Caramelized Onion Mustard Oil Kachi Ghani Family Pack,Pashmina Dairy,PANT-000362,890100639360,Pantry & Dry Goods,240,bag,573.17,946.49,2027-08-18,Aisle 08,ambient
Plant-Based Aloo Tikki 8-Pack 250ml,FarmGold Organics,FROZ-000363,890100639361,Frozen Foods,143,bag,391.57,679.56,2027-06-16,Aisle 09,frozen
Free-Range Tandoori Smoked Aloo Tikki 8-Pack 200g,Heritage Botanicals,FROZ-000364,890100639362,Frozen Foods,42,bag,241.08,366.31,2027-05-20,Aisle 09,frozen
Stone-Ground Tandoori Smoked Pomegranates Value Pack,Royal Indian Naturals,FRES-000365,890100639363,Fresh Produce,188,bag,107.99,143.06,2026-09-06,Aisle 02,ambient
Premium Edamame Pods 500g,Himalayan Provisions,FROZ-000366,890100639364,Frozen Foods,241,pack,124.95,214.89,2027-03-01,Aisle 08,frozen
Stone-Ground Sweet Tamarind Wood-Fired Veggie Pizza 750g,Bhoomi Organics,FROZ-000367,890100639365,Frozen Foods,240,pack,405.90,594.40,2027-02-23,Aisle 09,frozen
Sun-Dried Urad Dal Whole 24-Pack,Heritage Kitchens,PANT-000368,890100639366,Pantry & Dry Goods,188,bag,488.28,626.14,2027-11-02,Aisle 08,ambient
Natural Pomfret Whole 150ml,Deccan Springs,MEAT-000369,890100639367,Meat & Seafood,157,pack,920.01,1667.32,2026-09-01,Aisle 04,chilled
Premium Red Chilli & Garlic Kitchen Paper Towels 4-Roll 250ml,Pure Vedic Foods,HOUS-000370,890100639368,Household & Personal Care,44,bottle,76.28,124.33,2027-06-06,Aisle 12,ambient
Rustic Fish Fingers Frozen 6-Pack,SunBrite Milling,FROZ-000371,890100639369,Frozen Foods,93,tub,398.42,508.12,2027-03-23,Aisle 09,frozen
Aged Brioche Burger Buns 24-Pack,Desi Organics Foods,BAKE-000372,890100639370,Bakery & Deli,156,pack,164.49,260.75,2026-08-30,Aisle 04,chilled
Desi Crab Meat Fresh 1.5L,Nature Harvest Milling,MEAT-000373,890100639371,Meat & Seafood,241,pack,848.62,1133.42,2026-08-30,Aisle 05,chilled
Heritage Soan Papdi Box 2L,Fortune Plantations,SNAC-000374,890100639372,Snacks & Confectionery,65,pack,422.06,710.83,2027-01-09,Aisle 09,ambient
Cured Nagpur Orange Mutton Chops 200ml,Catch Mills,MEAT-000375,890100639373,Meat & Seafood,67,pcs,331.64,441.81,2026-09-01,Aisle 04,chilled
Handcrafted Roasted Salted Cashews 4-Pack,Dabur Dairy,SNAC-000376,890100639374,Snacks & Confectionery,187,packet,461.03,583.73,2026-08-24,Aisle 10,ambient
Spiced Kitchen Paper Towels 4-Roll 6-Pack,Royal Indian Co.,HOUS-000377,890100639375,Household & Personal Care,154,tube,489.30,734.99,2026-08-29,Aisle 12,ambient
Authentic Extra Virgin Olive Oil 2L,Dabur Agro,PANT-000378,890100639376,Pantry & Dry Goods,137,jar,129.03,177.42,2026-12-30,Aisle 07,ambient
Gluten-Free Masala Potato Chips 12-Pack,Tata Milling,SNAC-000379,890100639377,Snacks & Confectionery,233,bag,189.35,342.02,2027-04-02,Aisle 10,ambient
Low-Sodium Vanilla Bean Brownie Bites 300g,Green Earth Naturals,BAKE-000380,890100639378,Bakery & Deli,228,box,76.76,112.97,2026-09-02,Aisle 03,ambient
Sweet Rawa Sooji 6-Pack,Deccan Organics,PANT-000381,890100639379,Pantry & Dry Goods,118,can,62.44,89.31,2027-12-02,Aisle 06,ambient
Authentic Pineapples 10kg,Organic Tattva Dairy,FRES-000382,890100639380,Fresh Produce,224,pack,140.64,245.39,2026-09-02,Aisle 02,chilled
Zero-Sugar Portobello Mushrooms 10-Pack,Desi Organics Botanicals,FRES-000383,890100639381,Fresh Produce,56,kg,35.61,45.84,2026-09-06,Aisle 02,ambient
Heritage Dark Chocolate Cow Milk 1.5L,Patanjali Naturals,DAIR-000384,890100639382,Dairy & Eggs,150,pack,346.31,514.73,2026-09-15,Aisle 03,chilled
Zero-Sugar Squid Rings Cleaned 100g,Organic Tattva Dairy,MEAT-000385,890100639383,Meat & Seafood,200,pcs,751.12,1142.33,2026-09-02,Aisle 04,chilled
Rustic Pav 6-Pack Family Pack,Heritage Dairy,BAKE-000386,890100639384,Bakery & Deli,16,pcs,233.30,372.62,2026-08-27,Aisle 04,ambient
Premium Iced Lemon Tea 200ml,Satvik Kitchens,BEVE-000387,890100639385,Beverages,118,carton,72.54,129.68,2027-05-19,Aisle 06,chilled
Select Ajwain & Jeera Basa Fish Fillets 10kg,Mother Dairy Agro,MEAT-000388,890100639386,Meat & Seafood,70,pack,311.29,425.78,2026-08-31,Aisle 04,chilled
Grass-Fed Red Chilli & Garlic Butter Murukku 5L,Dabur Milling,SNAC-000389,890100639387,Snacks & Confectionery,227,bag,374.08,508.32,2027-03-02,Aisle 10,ambient
Free-Range Mint Lime Liquid Laundry Detergent 5L,Green Earth Plantations,HOUS-000390,890100639388,Household & Personal Care,14,tube,266.00,486.93,2028-09-03,Aisle 12,ambient
Low-Sodium Cinnamon Spice Bitter Gourd (Karela) 750ml,Nilgiri Naturals,FRES-000391,890100639389,Fresh Produce,230,pcs,49.35,78.27,2026-09-01,Aisle 01,ambient
Wildcrafted Kaju Katli Sweet Box 2L,Urban Roots Kitchens,SNAC-000392,890100639390,Snacks & Confectionery,138,tub,339.13,491.31,2027-04-21,Aisle 09,ambient
Gluten-Free Rose Infused Broccoli Crowns 1.5L,Tata Goods,FRES-000393,890100639391,Fresh Produce,28,kg,132.77,172.32,2026-09-08,Aisle 02,ambient
Golden Jalapeno Lime Frozen Paneer Cubes 24-Pack,Pashmina Farms,FROZ-000394,890100639392,Frozen Foods,154,pack,69.75,126.18,2027-03-02,Aisle 09,frozen
Traditional Veg Burger Patties 500g,Desi Organics Milling,FROZ-000395,890100639393,Frozen Foods,155,tub,320.41,489.19,2026-08-28,Aisle 09,frozen
Cold-Pressed Filter Coffee Beans 6-Pack,Heritage Co.,BEVE-000396,890100639394,Beverages,17,box,204.17,292.08,2027-06-13,Aisle 05,chilled
Sun-Dried Sweet Tamarind Spicy Peanut Chikki 12-Pack,Tata Organics,SNAC-000397,890100639395,Snacks & Confectionery,185,pack,96.97,134.92,2026-10-14,Aisle 09,ambient
Premium Frozen Veg Momos 10-Pack,Amul Harvest,FROZ-000398,890100639396,Frozen Foods,107,packet,354.11,568.75,2027-07-05,Aisle 08,frozen
Country Style Ajwain & Jeera Bagel Plain 4pk 2kg,Amul Milling,BAKE-000399,890100639397,Bakery & Deli,219,pcs,125.53,190.66,2026-09-09,Aisle 04,chilled
Traditional Caramelized Onion Nimbu Paani Soda 2L,Ganga Harvest,BEVE-000400,890100639398,Beverages,230,box,307.45,509.89,2027-02-15,Aisle 06,ambient
Premium Tandoori Smoked Kitchen Paper Towels 4-Roll 6-Pack,Pure Vedic Botanicals,HOUS-000401,890100639399,Household & Personal Care,183,box,431.85,686.15,2029-03-19,Aisle 12,ambient
Golden Chatpata Masala Crab Meat Fresh 24-Pack,Patanjali Springs,MEAT-000402,890100639400,Meat & Seafood,113,pcs,806.42,1313.24,2026-09-01,Aisle 04,chilled
Natural Stainless Steel Scrubber 3pk 12-Pack,Ganga Kitchens,HOUS-000403,890100639401,Household & Personal Care,171,pack,350.95,442.95,2026-08-28,Aisle 11,ambient
Zero-Sugar Truffle Infused Atlantic Salmon Fillet 500g,Catch Agro,MEAT-000404,890100639402,Meat & Seafood,238,pcs,847.47,1279.61,2026-08-30,Aisle 05,chilled
Valley Fresh Clove & Mint Toothpaste 250g,Green Earth Kitchens,HOUS-000405,890100639403,Household & Personal Care,129,packet,257.66,462.41,2027-12-23,Aisle 12,ambient
Royal Sweet Tamarind Chicken Salami 12-Pack,Urban Roots Kitchens,BAKE-000406,890100639404,Bakery & Deli,11,pack,122.72,185.23,2026-08-29,Aisle 03,chilled
Traditional Custard Apple (Sitaphal) 50g,Fortune Mills,FRES-000407,890100639405,Fresh Produce,180,kg,68.41,111.11,2026-08-19,Aisle 02,ambient
Aged Crab Meat Fresh 200ml,Amul Botanicals,MEAT-000408,890100639406,Meat & Seafood,201,pack,739.01,1105.97,2026-09-01,Aisle 05,chilled
Stone-Ground Chaash / Buttermilk 10kg,Catch Co.,DAIR-000409,890100639407,Dairy & Eggs,148,tub,379.85,683.05,2026-09-10,Aisle 02,chilled
Cold-Pressed Caramelized Onion Atlantic Salmon Fillet 2L,Kaveri Milling,MEAT-000410,890100639408,Meat & Seafood,178,pack,596.34,771.25,2026-08-29,Aisle 05,chilled
Plant-Based Truffle Infused 70% Dark Chocolate Bar 250g,FarmGold Mills,SNAC-000411,890100639409,Snacks & Confectionery,219,bar,33.51,59.43,2027-04-20,Aisle 10,ambient
Valley Fresh Masala Chai Paneer Block 1kg,Saffola Botanicals,DAIR-000412,890100639410,Dairy & Eggs,220,tub,260.53,335.26,2026-09-26,Aisle 02,chilled
Homestyle Vanilla Bean Kokum Sharbat 12-Pack,Catch Agro,BEVE-000413,890100639411,Beverages,72,pack,80.09,107.62,2026-08-29,Aisle 06,ambient
Heritage Heavy Cream 350g,Green Earth Organics,DAIR-000414,890100639412,Dairy & Eggs,17,box,100.15,183.86,2026-09-17,Aisle 03,chilled
Handcrafted Pure Jaggery Powder (Gud) 750ml,Mother Dairy Botanicals,PANT-000415,890100639413,Pantry & Dry Goods,222,bottle,82.09,120.75,2026-08-19,Aisle 06,ambient
Artisan Moong Dal Washed 150g,Dabur Co.,PANT-000416,890100639414,Pantry & Dry Goods,11,jar,311.40,424.76,2026-12-28,Aisle 06,ambient
Zero-Sugar Jalapeno Lime Frozen Paneer Cubes 1.5L,Everest Naturals,FROZ-000417,890100639415,Frozen Foods,75,pack,295.78,493.29,2027-01-21,Aisle 08,frozen
Stone-Ground Pista Almond Extra Virgin Olive Oil 2L,Vedic Fresh Harvest,PANT-000418,890100639416,Pantry & Dry Goods,151,packet,584.39,762.74,2027-11-25,Aisle 07,ambient
Signature Rose Infused Organic Sharbati Atta 150g,Pure Vedic Agro,PANT-000419,890100639417,Pantry & Dry Goods,43,box,160.73,290.80,2028-06-16,Aisle 08,ambient
Natural Chatpata Masala Catla Fish Steaks 200g,Catch Dairy,MEAT-000420,890100639418,Meat & Seafood,196,pack,436.09,567.05,2026-09-03,Aisle 05,chilled
Sweet Chatpata Masala Kokum Sharbat 10kg,Pure Vedic Dairy,BEVE-000421,890100639419,Beverages,48,bottle,335.31,609.00,2027-01-04,Aisle 05,ambient
Rustic Frozen Paneer Cubes 6-Pack,Green Earth Milling,FROZ-000422,890100639420,Frozen Foods,188,tub,54.60,77.28,2027-05-13,Aisle 08,frozen
Royal Masala Potato Chips 300g,Mother Dairy Mills,SNAC-000423,890100639421,Snacks & Confectionery,107,tub,411.01,634.61,2026-08-23,Aisle 10,ambient
Roasted Cold Brew Coffee 4-Pack,Nature Harvest Botanicals,BEVE-000424,890100639422,Beverages,9,can,385.37,528.91,2026-08-29,Aisle 05,ambient
Low-Sodium Pista Almond Frozen Green Peas 1L,Fortune Springs,FROZ-000425,890100639423,Frozen Foods,195,pack,295.88,476.93,2027-05-19,Aisle 09,frozen
Sweet Coconut Cream Buffalo Milk 150g,Urban Roots Plantations,DAIR-000426,890100639424,Dairy & Eggs,247,box,514.07,778.42,2026-09-07,Aisle 03,chilled
Royal Makhana Crunch Frozen Veg Momos 750g,Pashmina Agro,FROZ-000427,890100639425,Frozen Foods,93,tub,331.22,601.92,2026-12-27,Aisle 09,frozen
Zero-Sugar Chicken Frankfurters Family Pack,Tata Plantations,BAKE-000428,890100639426,Bakery & Deli,171,box,173.91,295.61,2026-09-10,Aisle 04,chilled
Crisp Sea Salt Liquid Laundry Detergent 4-Pack,Catch Agro,HOUS-000429,890100639427,Household & Personal Care,23,packet,321.13,575.88,2027-06-12,Aisle 11,ambient
Cold-Pressed Jalapeno Lime 70% Dark Chocolate Bar 250ml,Everest Co.,SNAC-000430,890100639428,Snacks & Confectionery,172,bar,95.66,149.40,2026-08-27,Aisle 09,ambient
Heritage Mint Lime Frozen Veg Momos 150ml,Dabur Harvest,FROZ-000431,890100639429,Frozen Foods,111,pack,360.81,655.42,2027-04-27,Aisle 09,frozen
Valley Fresh Chatpata Masala Nimbu Paani Soda 1.5L,Ganga Co.,BEVE-000432,890100639430,Beverages,244,pack,402.38,572.65,2027-06-05,Aisle 06,ambient
Authentic Tulsi Honey Mozzarella Shredded 250ml,Vedic Fresh Dairy,DAIR-000433,890100639431,Dairy & Eggs,188,packet,39.49,55.84,2026-09-13,Aisle 02,chilled
Stone-Ground Cheese Croissant 750ml,Heritage Mills,BAKE-000434,890100639432,Bakery & Deli,8,box,179.10,240.92,2026-08-28,Aisle 04,ambient
Rustic Coriander Leaves 1kg,Ganga Goods,FRES-000435,890100639433,Fresh Produce,119,bag,87.94,123.48,2026-09-13,Aisle 02,chilled
Natural Alphonso Mango Dishwash Gel Lemon Family Pack,Amul Harvest,HOUS-000436,890100639434,Household & Personal Care,120,tube,346.18,470.79,2027-09-20,Aisle 12,ambient
Valley Fresh Smoked Paprika Lentils Red Masoor 24-Pack,Tata Plantations,PANT-000437,890100639435,Pantry & Dry Goods,221,bag,403.42,681.65,2027-08-26,Aisle 08,ambient
Stone-Ground Alphonso Mango Green Peas Fresh 2kg,Desi Organics Foods,FRES-000438,890100639436,Fresh Produce,247,bag,101.16,170.66,2026-09-04,Aisle 02,chilled
Crisp Ladyfinger (Bhindi) 750g,Heritage Provisions,FRES-000439,890100639437,Fresh Produce,89,pack,159.20,248.65,2026-08-26,Aisle 02,ambient
Smoked Pears 350g,Fortune Goods,FRES-000440,890100639438,Fresh Produce,6,kg,89.17,112.73,2026-09-07,Aisle 02,chilled
Raw Truffle Infused Dry Fruits Trail Mix 100g,Royal Indian Agro,SNAC-000441,890100639439,Snacks & Confectionery,82,pack,517.27,674.76,2027-01-11,Aisle 09,ambient
Wildcrafted Garlic Focaccia 4-Pack,Heritage Goods,BAKE-000442,890100639440,Bakery & Deli,23,box,27.83,46.25,2026-09-01,Aisle 03,ambient
Stone-Ground Masala Chai Veg Spring Rolls 200g,Pashmina Co.,FROZ-000443,890100639441,Frozen Foods,203,pack,339.93,546.95,2027-06-28,Aisle 08,frozen
Valley Fresh Kashmiri Saffron Organic Brown Sugar 300g,Bhoomi Harvest,PANT-000444,890100639442,Pantry & Dry Goods,8,bag,194.94,277.24,2027-08-14,Aisle 07,ambient
Organic Cinnamon Spice Basa Fish Fillets 500ml,Catch Plantations,MEAT-000445,890100639443,Meat & Seafood,87,pack,765.55,1216.05,2026-08-29,Aisle 04,chilled
Wildcrafted Crab Meat Fresh 12-Pack,Bhoomi Harvest,MEAT-000446,890100639444,Meat & Seafood,148,pack,293.37,436.40,2026-08-30,Aisle 05,chilled
Roasted Dark Chocolate Pink Himalayan Salt 50g,Green Earth Naturals,PANT-000447,890100639445,Pantry & Dry Goods,226,jar,200.78,261.09,2027-09-21,Aisle 08,ambient
Natural Sea Salt Edamame Pods 200ml,Desi Organics Foods,FROZ-000448,890100639446,Frozen Foods,120,tub,100.52,142.45,2026-12-29,Aisle 08,frozen
Golden Organic Rolled Oats 150ml,Himalayan Naturals,PANT-000449,890100639447,Pantry & Dry Goods,56,bag,520.25,723.84,2027-10-22,Aisle 08,ambient
Signature Pomfret Whole 50g,Patanjali Farms,MEAT-000450,890100639448,Meat & Seafood,83,pcs,352.25,602.33,2026-09-03,Aisle 04,chilled
Crisp Kashmiri Saffron Coconut Milk Canned 2L,Saffola Foods,PANT-000451,890100639449,Pantry & Dry Goods,94,box,285.58,525.55,2028-08-09,Aisle 07,ambient
Extra-Virgin Caramelized Onion Sona Masoori Rice 300g,Patanjali Agro,PANT-000452,890100639450,Pantry & Dry Goods,196,jar,274.66,348.97,2026-08-19,Aisle 08,ambient
Country Style Red Chilli & Garlic Ladyfinger (Bhindi) 1L,Patanjali Goods,FRES-000453,890100639451,Fresh Produce,127,kg,31.99,40.42,2026-09-09,Aisle 02,ambient
Cured Custard Apple (Sitaphal) 10kg,Fortune Plantations,FRES-000454,890100639452,Fresh Produce,215,bunch,37.66,48.78,2026-09-12,Aisle 01,ambient
Roasted Chatpata Masala Floor Disinfectant Pine 250ml,FarmGold Co.,HOUS-000455,890100639453,Household & Personal Care,41,bottle,401.87,742.69,2026-08-27,Aisle 11,ambient
Handcrafted Filter Coffee Beans 150g,Vedic Fresh Harvest,BEVE-000456,890100639454,Beverages,106,pack,319.52,508.60,2027-08-20,Aisle 05,chilled
Golden Cashew Paste Curry Base 10kg,Fortune Harvest,PANT-000457,890100639455,Pantry & Dry Goods,24,box,493.25,620.85,2026-08-28,Aisle 08,ambient
Sun-Dried Masala Chai Pure Jaggery Powder (Gud) Snack Pack,Desi Organics Dairy,PANT-000458,890100639456,Pantry & Dry Goods,38,box,435.15,737.61,2028-07-26,Aisle 06,ambient
Organic Golden Ginger Roasted Salted Cashews 5L,FarmGold Mills,SNAC-000459,890100639457,Snacks & Confectionery,184,pack,321.83,582.55,2027-03-03,Aisle 10,ambient
Country Style Matcha Green Tea Organic Brown Sugar 2kg,Pashmina Kitchens,PANT-000460,890100639458,Pantry & Dry Goods,207,bottle,694.65,1268.10,2027-12-25,Aisle 08,ambient
Natural Matcha Green Tea Apples 750g,Everest Botanicals,FRES-000461,890100639459,Fresh Produce,117,bag,80.63,105.37,2026-09-17,Aisle 02,chilled
Rustic Avocados 300g,Royal Indian Agro,FRES-000462,890100639460,Fresh Produce,202,pack,96.12,177.16,2026-09-08,Aisle 01,chilled
Organic Vanilla Bean Surmai Steaks 24-Pack,Green Earth Provisions,MEAT-000463,890100639461,Meat & Seafood,57,kg,837.65,1231.51,2026-09-02,Aisle 04,chilled
Unpolished Mishri Mawa 1kg,FarmGold Provisions,DAIR-000464,890100639462,Dairy & Eggs,22,pack,71.02,115.59,2026-09-17,Aisle 02,chilled
Cured Dark Chocolate Fabric Softener Floral 250g,Pashmina Milling,HOUS-000465,890100639463,Household & Personal Care,240,pack,423.59,641.21,2027-09-16,Aisle 11,ambient
Crisp Makhana Crunch Heavy Cream 330ml,Mother Dairy Kitchens,DAIR-000466,890100639464,Dairy & Eggs,202,box,187.56,257.16,2026-09-15,Aisle 03,chilled
Aged Rose Infused Pink Himalayan Salt 250g,Amul Naturals,PANT-000467,890100639465,Pantry & Dry Goods,13,bag,534.91,783.40,2027-02-23,Aisle 07,ambient
Plant-Based Matcha Green Tea Extra Virgin Olive Oil 8-Pack,Heritage Provisions,PANT-000468,890100639466,Pantry & Dry Goods,101,jar,137.30,246.55,2028-04-30,Aisle 08,ambient
Whole-Grain Makhana Crunch Roasted Salted Cashews Value Pack,Everest Agro,SNAC-000469,890100639467,Snacks & Confectionery,144,pack,289.51,425.32,2027-04-25,Aisle 09,ambient
Whole-Grain Yukon Gold Potatoes Family Pack,Pure Vedic Plantations,FRES-000470,890100639468,Fresh Produce,39,bunch,91.36,117.79,2026-09-05,Aisle 02,ambient
Sweet Moong Dal Washed 350g,Dabur Co.,PANT-000471,890100639469,Pantry & Dry Goods,115,bottle,183.55,323.42,2027-10-11,Aisle 06,ambient
Golden Matcha Green Tea Gourmet Cookies Choco-Chip 750ml,Catch Goods,SNAC-000472,890100639470,Snacks & Confectionery,143,pack,353.32,578.39,2027-04-21,Aisle 09,ambient
Zero-Sugar Golden Ginger Banana Chips Kerala Style 250ml,Patanjali Mills,SNAC-000473,890100639471,Snacks & Confectionery,71,bar,446.49,584.36,2026-11-30,Aisle 10,ambient
Low-Sodium Masala Chai Frozen Green Peas 1kg,Organic Tattva Naturals,FROZ-000474,890100639472,Frozen Foods,236,bag,278.48,487.43,2027-02-24,Aisle 09,frozen
Gluten-Free Kachi Ghani Mustard Ayurvedic Bath Soap 2L,Ganga Co.,HOUS-000475,890100639473,Household & Personal Care,172,box,219.46,310.10,2028-02-19,Aisle 11,ambient
Spiced Shampoo Anti-Dandruff 250ml,Organic Tattva Farms,HOUS-000476,890100639474,Household & Personal Care,5,bottle,313.02,519.65,2028-08-21,Aisle 11,ambient
Authentic Kesar Pista Fresh Rohu Fish Snack Pack,Amul Plantations,MEAT-000477,890100639475,Meat & Seafood,244,kg,491.21,829.96,2026-08-30,Aisle 04,chilled
Handcrafted Fresh Mint (Pudina) 750g,Desi Organics Goods,FRES-000478,890100639476,Fresh Produce,171,bunch,86.37,145.59,2026-08-28,Aisle 01,ambient
Pure Greek Yogurt 330ml,Amul Goods,DAIR-000479,890100639477,Dairy & Eggs,130,bottle,421.30,646.74,2026-09-19,Aisle 03,chilled
Authentic Toasted Sesame Garlic Focaccia 10kg,Kaveri Foods,BAKE-000480,890100639478,Bakery & Deli,15,box,159.50,270.86,2026-09-03,Aisle 03,ambient
Valley Fresh Vanilla Bean Chicken Frankfurters 250g,Vedic Fresh Naturals,BAKE-000481,890100639479,Bakery & Deli,246,pack,245.76,400.10,2026-09-06,Aisle 04,ambient
Stone-Ground Pista Almond Gourmet Cookies Choco-Chip 200ml,Pure Vedic Co.,SNAC-000482,890100639480,Snacks & Confectionery,68,box,105.22,150.48,2026-11-16,Aisle 09,ambient
Raw Tandoori Smoked Floor Disinfectant Pine Family Pack,Urban Roots Goods,HOUS-000483,890100639481,Household & Personal Care,119,packet,105.84,144.30,2029-02-22,Aisle 12,ambient
Valley Fresh Lemon Pepper Guava Chilli Juice 4-Pack,FarmGold Dairy,BEVE-000484,890100639482,Beverages,200,bag,189.00,245.50,2027-01-08,Aisle 06,chilled
Smoked Tandoori Smoked Cold-Pressed Groundnut Oil 750g,Desi Organics Plantations,PANT-000485,890100639483,Pantry & Dry Goods,206,box,685.69,1179.03,2028-01-31,Aisle 08,ambient
Aged Garlic & Herb Moong Dal Washed 1kg,Patanjali Provisions,PANT-000486,890100639484,Pantry & Dry Goods,31,packet,541.69,989.43,2028-01-24,Aisle 07,ambient
Plant-Based Truffle Infused Flavored Yogurt Family Pack,Desi Organics Provisions,DAIR-000487,890100639485,Dairy & Eggs,20,pack,181.48,227.49,2026-09-25,Aisle 03,chilled
Smoked Mint Lime Surmai Steaks 2L,Patanjali Naturals,MEAT-000488,890100639486,Meat & Seafood,63,pack,891.26,1128.25,2026-08-29,Aisle 04,chilled
Extra-Virgin Clove & Mint Toothpaste 350g,Bhoomi Foods,HOUS-000489,890100639487,Household & Personal Care,175,box,80.38,139.07,2029-01-09,Aisle 11,ambient
Handcrafted Pista Almond Badam Milk Drink 500g,Organic Tattva Botanicals,BEVE-000490,890100639488,Beverages,22,can,104.40,189.26,2026-10-04,Aisle 06,ambient
Extra-Virgin Electrolyte Energy Drink Value Pack,Desi Organics Harvest,BEVE-000491,890100639489,Beverages,241,can,439.18,677.99,2026-10-28,Aisle 05,chilled
Country Style Catla Fish Steaks 4-Pack,Nilgiri Kitchens,MEAT-000492,890100639490,Meat & Seafood,42,pack,669.03,1098.16,2026-08-29,Aisle 05,chilled
Wildcrafted Frozen Green Peas 12-Pack,Dabur Kitchens,FROZ-000493,890100639491,Frozen Foods,229,tub,144.60,186.50,2027-04-27,Aisle 09,frozen
Sun-Dried Sea Salt Buffalo Milk 200ml,Bhoomi Agro,DAIR-000494,890100639492,Dairy & Eggs,116,bottle,460.13,807.39,2026-09-12,Aisle 02,chilled
Whole-Grain Papayas 1kg,Himalayan Naturals,FRES-000495,890100639493,Fresh Produce,138,kg,142.11,183.86,2026-09-12,Aisle 02,ambient
Roasted Surface Floor Cleaner Rose 1L,Himalayan Dairy,HOUS-000496,890100639494,Household & Personal Care,158,tube,290.56,385.57,2028-02-11,Aisle 11,ambient
Wildcrafted Toasted Sesame Cinnamon Swirl Buns 200g,Pashmina Co.,BAKE-000497,890100639495,Bakery & Deli,200,pack,67.45,96.22,2026-08-28,Aisle 03,chilled
Raw Pav 6-Pack 2kg,Urban Roots Co.,BAKE-000498,890100639496,Bakery & Deli,107,box,135.48,207.81,2026-08-28,Aisle 04,chilled
Low-Sodium Mosquito Vaporizer Refill 5kg,Royal Indian Foods,HOUS-000499,890100639497,Household & Personal Care,228,packet,73.96,120.13,2027-07-29,Aisle 12,ambient
Sweet Desi Cow Ghee Family Pack,Catch Goods,DAIR-000500,890100639498,Dairy & Eggs,176,tub,330.00,490.66,2026-09-20,Aisle 02,chilled
Authentic Pita Bread 4-Pack,Heritage Dairy,BAKE-000501,890100639499,Bakery & Deli,17,pcs,199.57,337.48,2026-09-04,Aisle 03,ambient
Crisp Kokum Sharbat 10-Pack,Royal Indian Mills,BEVE-000502,890100639500,Beverages,135,box,186.58,311.25,2026-10-31,Aisle 05,chilled
Spiced Green Peas Fresh 250ml,Patanjali Springs,FRES-000503,890100639501,Fresh Produce,81,bunch,112.06,151.55,2026-08-27,Aisle 02,ambient
Artisan Kachi Ghani Mustard Fresh Mosambi Juice 300g,Desi Organics Kitchens,BEVE-000504,890100639502,Beverages,111,bottle,117.36,208.98,2027-02-04,Aisle 06,ambient
Country Style Veg Burger Patties 200g,Bhoomi Mills,FROZ-000505,890100639503,Frozen Foods,167,packet,401.85,682.84,2027-03-11,Aisle 09,frozen
Crisp Butter Murukku 24-Pack,Deccan Dairy,SNAC-000506,890100639504,Snacks & Confectionery,134,bar,108.82,192.82,2026-11-10,Aisle 09,ambient
Cured Poha Thick Flakes 50g,Mother Dairy Foods,PANT-000507,890100639505,Pantry & Dry Goods,209,bag,381.47,492.06,2026-12-18,Aisle 08,ambient
Grass-Fed Mint Lime Butter Murukku 12-Pack,Pashmina Naturals,SNAC-000508,890100639506,Snacks & Confectionery,146,tub,265.96,357.24,2026-12-05,Aisle 09,ambient
Spiced Jalapeno Lime Kitchen Paper Towels 4-Roll 150g,Deccan Harvest,HOUS-000509,890100639507,Household & Personal Care,21,packet,337.86,428.11,2028-08-23,Aisle 12,ambient
Organic Kachi Ghani Mustard Surface Floor Cleaner Rose 400g,Everest Mills,HOUS-000510,890100639508,Household & Personal Care,202,pack,308.63,528.57,2029-04-02,Aisle 11,ambient
Free-Range Ajwain & Jeera Bottle Gourd (Lauki) 8-Pack,Ganga Dairy,FRES-000511,890100639509,Fresh Produce,145,bag,81.27,145.49,2026-09-11,Aisle 02,ambient
Smoked Caramelized Onion Frozen Green Peas 24-Pack,Patanjali Co.,FROZ-000512,890100639510,Frozen Foods,249,tub,180.94,329.85,2027-01-12,Aisle 09,frozen
Spiced Cardamom Spiced Cold Pressed Orange Juice 330ml,Heritage Agro,BEVE-000513,890100639511,Beverages,121,can,64.62,82.99,2026-09-29,Aisle 05,ambient
Natural Sweet Tamarind Ciabatta Roll 1kg,Ganga Springs,BAKE-000514,890100639512,Bakery & Deli,70,box,129.74,236.70,2026-08-30,Aisle 04,ambient
Grass-Fed Double Toned Milk 10kg,Urban Roots Kitchens,DAIR-000515,890100639513,Dairy & Eggs,93,tub,126.72,158.97,2026-09-17,Aisle 03,chilled
Heritage Unsalted White Butter 200g,Vedic Fresh Goods,DAIR-000516,890100639514,Dairy & Eggs,6,packet,62.32,85.03,2026-09-11,Aisle 03,chilled
Select Basa Fish Fillets 330ml,Pashmina Harvest,MEAT-000517,890100639515,Meat & Seafood,128,pack,415.50,757.62,2026-09-03,Aisle 04,chilled
Gluten-Free Jalapeno Lime Sparkling Mineral Water Family Pack,Himalayan Kitchens,BEVE-000518,890100639516,Beverages,190,bottle,383.97,658.12,2027-06-13,Aisle 05,ambient
Rustic Mutton Chops 2L,Desi Organics Springs,MEAT-000519,890100639517,Meat & Seafood,170,kg,417.30,549.43,2026-09-02,Aisle 04,chilled
Cured Custard Apple (Sitaphal) 10-Pack,Dabur Goods,FRES-000520,890100639518,Fresh Produce,233,bag,124.76,189.38,2026-09-02,Aisle 02,ambient
Royal Nagpur Orange Ginger Root 5L,Deccan Co.,FRES-000521,890100639519,Fresh Produce,71,bag,151.60,226.29,2026-08-31,Aisle 01,chilled
Handcrafted Smoked Paprika Chicken Drumsticks 330ml,Kaveri Organics,MEAT-000522,890100639520,Meat & Seafood,92,kg,572.67,830.31,2026-09-01,Aisle 04,chilled
Wildcrafted Garlic & Herb Gourmet Cookies Choco-Chip 2L,Fortune Agro,SNAC-000523,890100639521,Snacks & Confectionery,23,tub,238.80,375.58,2027-05-07,Aisle 09,ambient
Crisp Kashmiri Saffron Basa Fish Fillets 150ml,Royal Indian Springs,MEAT-000524,890100639522,Meat & Seafood,10,kg,823.87,1166.40,2026-09-02,Aisle 04,chilled
Country Style Coconut Cream Alphonso Kulfi Tub 400g,Royal Indian Springs,FROZ-000525,890100639523,Frozen Foods,153,pack,307.79,470.10,2026-08-30,Aisle 09,frozen
Royal Tandoori Smoked Urad Dal Whole 330ml,Green Earth Mills,PANT-000526,890100639524,Pantry & Dry Goods,58,box,650.53,884.42,2028-05-06,Aisle 08,ambient
Heritage Chatpata Masala Pasture Eggs 100g,Deccan Dairy,DAIR-000527,890100639525,Dairy & Eggs,109,carton,447.78,629.80,2026-09-12,Aisle 02,chilled
Wildcrafted Mosquito Vaporizer Refill Value Pack,Tata Farms,HOUS-000528,890100639526,Household & Personal Care,108,tube,289.06,369.48,2026-08-29,Aisle 11,ambient
Desi Garlic & Herb Toor Dal Premium 300g,Deccan Goods,PANT-000529,890100639527,Pantry & Dry Goods,19,can,273.07,459.37,2028-07-13,Aisle 07,ambient
Natural Unsalted White Butter Value Pack,Heritage Farms,DAIR-000530,890100639528,Dairy & Eggs,24,pack,84.21,154.57,2026-09-03,Aisle 03,chilled
Aged Spicy Peanut Chikki 24-Pack,Patanjali Botanicals,SNAC-000531,890100639529,Snacks & Confectionery,211,packet,421.59,635.62,2027-05-12,Aisle 10,ambient
Rustic Nagpur Orange Cream Cheese 200ml,SunBrite Dairy,DAIR-000532,890100639530,Dairy & Eggs,160,packet,230.17,376.29,2026-09-14,Aisle 03,chilled
Extra-Virgin Organic Rolled Oats 250ml,Ganga Kitchens,PANT-000533,890100639531,Pantry & Dry Goods,189,packet,444.15,767.33,2027-05-27,Aisle 07,ambient
Heritage Ciabatta Roll 750ml,Organic Tattva Provisions,BAKE-000534,890100639532,Bakery & Deli,12,box,182.70,239.19,2026-09-03,Aisle 04,ambient
Pure Pita Bread 5L,Amul Organics,BAKE-000535,890100639533,Bakery & Deli,153,pcs,269.90,465.85,2026-08-31,Aisle 04,ambient
Smoked Kesar Pista Kokum Sharbat 10kg,Ganga Kitchens,BEVE-000536,890100639534,Beverages,4,box,31.28,41.77,2026-12-21,Aisle 05,ambient
Artisan Kesar Pista Alphonso Mangoes 300g,Tata Dairy,FRES-000537,890100639535,Fresh Produce,183,bag,85.04,121.19,2026-09-05,Aisle 01,chilled
Handcrafted Tulsi Honey Organic Brown Sugar 150ml,Mother Dairy Harvest,PANT-000538,890100639536,Pantry & Dry Goods,206,box,733.85,1303.23,2027-12-11,Aisle 06,ambient
Golden Soy Milk Protein Snack Pack,Urban Roots Co.,DAIR-000539,890100639537,Dairy & Eggs,120,bottle,238.15,426.84,2026-09-18,Aisle 02,chilled
Wildcrafted Almond Milk 150g,Satvik Dairy,DAIR-000540,890100639538,Dairy & Eggs,195,pack,123.43,222.57,2026-09-24,Aisle 02,chilled
Stone-Ground Chicken Salami 10kg,Deccan Farms,BAKE-000541,890100639539,Bakery & Deli,112,pcs,193.76,315.67,2026-08-31,Aisle 04,ambient
Smoked Unsalted White Butter 1kg,Organic Tattva Agro,DAIR-000542,890100639540,Dairy & Eggs,52,box,43.70,72.76,2026-08-28,Aisle 03,chilled
Desi Organic Brown Sugar Value Pack,Dabur Kitchens,PANT-000543,890100639541,Pantry & Dry Goods,114,box,137.10,230.42,2027-11-01,Aisle 06,ambient
Gluten-Free Lemon Pepper Alphonso Mangoes 24-Pack,Vedic Fresh Foods,FRES-000544,890100639542,Fresh Produce,192,bunch,19.23,34.15,2026-08-30,Aisle 02,chilled
Natural Mozzarella Shredded 750ml,Nature Harvest Farms,DAIR-000545,890100639543,Dairy & Eggs,63,tub,314.02,556.96,2026-09-16,Aisle 02,chilled
Artisan Edamame Pods 150ml,Heritage Naturals,FROZ-000546,890100639544,Frozen Foods,229,pack,271.93,447.68,2027-05-08,Aisle 08,frozen
Aged Chicken Frankfurters 150g,Bhoomi Farms,BAKE-000547,890100639545,Bakery & Deli,22,pcs,147.47,185.97,2026-08-28,Aisle 03,ambient
Heritage Spicy Peanut Chikki 150ml,Catch Springs,SNAC-000548,890100639546,Snacks & Confectionery,146,bag,248.72,317.44,2027-02-28,Aisle 10,ambient
Unpolished Caramelized Onion Fruit Cake Slice 200g,Kaveri Kitchens,BAKE-000549,890100639547,Bakery & Deli,66,pack,103.59,182.47,2026-09-01,Aisle 03,chilled
Valley Fresh Cream Cheese 5L,Nilgiri Mills,DAIR-000550,890100639548,Dairy & Eggs,226,pack,260.09,451.92,2026-09-15,Aisle 03,chilled
Unpolished Heavy Cream 400g,Amul Co.,DAIR-000551,890100639549,Dairy & Eggs,228,bottle,191.55,350.13,2026-09-20,Aisle 03,chilled
Farm-Fresh Pita Bread 5kg,Ganga Dairy,BAKE-000552,890100639550,Bakery & Deli,92,box,107.03,141.17,2026-09-07,Aisle 03,chilled
Wildcrafted Sweet Tamarind Almond Milk 8-Pack,Tata Botanicals,DAIR-000553,890100639551,Dairy & Eggs,37,pack,125.21,203.10,2026-09-23,Aisle 02,chilled
Traditional Double Toned Milk 1.5L,Desi Organics Milling,DAIR-000554,890100639552,Dairy & Eggs,79,bottle,386.39,500.21,2026-08-29,Aisle 02,chilled
Grass-Fed Makhana Crunch Dishwash Gel Lemon 250g,Heritage Kitchens,HOUS-000555,890100639553,Household & Personal Care,20,tube,67.87,93.17,2028-07-04,Aisle 12,ambient
Sun-Dried Royal Basmati Rice 1L,Pashmina Naturals,PANT-000556,890100639554,Pantry & Dry Goods,87,bottle,333.20,586.48,2026-08-28,Aisle 07,ambient
Handcrafted Tulsi Honey Curd Tub (Dahi) 200g,Saffola Dairy,DAIR-000557,890100639555,Dairy & Eggs,188,box,469.21,714.22,2026-09-20,Aisle 02,chilled
Artisan Jalapeno Lime Electrolyte Energy Drink 8-Pack,Patanjali Naturals,BEVE-000558,890100639556,Beverages,152,can,353.28,456.00,2026-12-26,Aisle 05,ambient
Sun-Dried Vanilla Bean Edamame Pods 500ml,Tata Naturals,FROZ-000559,890100639557,Frozen Foods,250,box,215.94,338.74,2027-03-31,Aisle 09,frozen
Premium Kachi Ghani Mustard Mishri Mawa 250ml,FarmGold Co.,DAIR-000560,890100639558,Dairy & Eggs,209,pack,451.01,689.72,2026-09-14,Aisle 03,chilled
Heritage Smoked Chicken Slices 250g,Kaveri Botanicals,BAKE-000561,890100639559,Bakery & Deli,238,pack,243.69,389.58,2026-08-30,Aisle 03,chilled
Free-Range Organic Brown Sugar 10-Pack,Heritage Organics,PANT-000562,890100639560,Pantry & Dry Goods,85,box,446.97,814.16,2027-12-17,Aisle 06,ambient
Pure Masala Chai Iced Lemon Tea 4-Pack,SunBrite Organics,BEVE-000563,890100639561,Beverages,214,bag,344.09,590.06,2027-03-06,Aisle 06,ambient
Select Alphonso Mango Roasted Makhana Foxnuts 12-Pack,Nature Harvest Goods,SNAC-000564,890100639562,Snacks & Confectionery,121,packet,335.96,495.90,2027-06-11,Aisle 09,ambient
Low-Sodium Amla Juice Pure 200g,Saffola Co.,BEVE-000565,890100639563,Beverages,196,box,216.15,330.98,2027-04-11,Aisle 06,chilled
Sun-Dried Cardamom Spiced Guava Chilli Juice 4-Pack,Ganga Foods,BEVE-000566,890100639564,Beverages,240,bottle,137.08,234.45,2026-10-14,Aisle 05,chilled
Cured Green Peas Fresh 8-Pack,Nilgiri Plantations,FRES-000567,890100639565,Fresh Produce,31,kg,130.29,202.81,2026-09-05,Aisle 01,chilled
Roasted Kesar Pista Kaju Katli Sweet Box 5L,Kaveri Botanicals,SNAC-000568,890100639566,Snacks & Confectionery,173,bar,390.07,702.62,2027-06-01,Aisle 09,ambient
Select Sea Salt Moong Dal Namkeen 2L,FarmGold Milling,SNAC-000569,890100639567,Snacks & Confectionery,195,box,149.35,239.56,2027-06-21,Aisle 09,ambient
Select Lemon Pepper Alphonso Kulfi Tub 400g,Ganga Farms,FROZ-000570,890100639568,Frozen Foods,166,box,107.79,187.14,2027-03-20,Aisle 08,frozen
Pure Red Chilli & Garlic Floor Disinfectant Pine 50g,Tata Botanicals,HOUS-000571,890100639569,Household & Personal Care,126,packet,167.45,211.85,2027-10-31,Aisle 12,ambient
Gluten-Free Golden Ginger Butter Croissants 750ml,Saffola Goods,BAKE-000572,890100639570,Bakery & Deli,212,box,144.35,242.89,2026-09-10,Aisle 04,ambient
Authentic Mint Lime Kokum Sharbat 24-Pack,Tata Mills,BEVE-000573,890100639571,Beverages,11,pack,201.86,356.14,2026-09-29,Aisle 06,chilled
Spiced Surface Floor Cleaner Rose 8-Pack,Urban Roots Agro,HOUS-000574,890100639572,Household & Personal Care,207,pack,203.35,336.75,2028-02-23,Aisle 11,ambient
Unpolished Coconut Cream Sourdough Loaf 5kg,Tata Organics,BAKE-000575,890100639573,Bakery & Deli,31,box,177.82,283.75,2026-09-06,Aisle 03,chilled
Select Pita Bread 750ml,Bhoomi Foods,BAKE-000576,890100639574,Bakery & Deli,167,box,150.90,247.42,2026-09-04,Aisle 03,ambient
Grass-Fed Golden Ginger Salted Butter 300g,FarmGold Agro,DAIR-000577,890100639575,Dairy & Eggs,79,bottle,447.04,610.01,2026-08-29,Aisle 02,chilled
Artisan Kachi Ghani Mustard Liquid Laundry Detergent 5kg,Bhoomi Harvest,HOUS-000578,890100639576,Household & Personal Care,225,tube,326.08,500.93,2028-02-10,Aisle 11,ambient
Desi Butter Murukku Snack Pack,Bhoomi Provisions,SNAC-000579,890100639577,Snacks & Confectionery,40,bag,70.25,108.85,2027-05-27,Aisle 10,ambient
Desi Jalapeno Lime Espresso Roast Ground Coffee 200g,Deccan Mills,BEVE-000580,890100639578,Beverages,221,bag,426.74,645.50,2026-10-27,Aisle 06,chilled
Premium Apple Cider Vinegar Drink 250g,Desi Organics Naturals,BEVE-000581,890100639579,Beverages,123,bag,34.00,47.83,2027-04-23,Aisle 06,chilled
Royal Squid Rings Cleaned 1L,Fortune Springs,MEAT-000582,890100639580,Meat & Seafood,68,pcs,261.49,340.77,2026-08-29,Aisle 04,chilled
Whole-Grain Kachi Ghani Mustard Soan Papdi Box 5L,Everest Harvest,SNAC-000583,890100639581,Snacks & Confectionery,168,pack,529.42,824.25,2027-02-17,Aisle 09,ambient
Unpolished Masala Chai Fish Fingers Frozen 750ml,Urban Roots Naturals,FROZ-000584,890100639582,Frozen Foods,122,box,204.96,320.29,2027-02-08,Aisle 08,frozen
Gourmet Red Chilli & Garlic 70% Dark Chocolate Bar 10kg,Green Earth Provisions,SNAC-000585,890100639583,Snacks & Confectionery,47,packet,527.03,797.96,2027-06-07,Aisle 09,ambient
Wildcrafted Mint Lime Tonic Water Premium 100g,Green Earth Organics,BEVE-000586,890100639584,Beverages,12,bag,71.28,113.54,2026-09-29,Aisle 05,ambient
Farm-Fresh Pista Almond Sparkling Mineral Water 10kg,FarmGold Botanicals,BEVE-000587,890100639585,Beverages,77,carton,130.21,172.93,2026-11-26,Aisle 05,chilled
Cured Ajwain & Jeera Veg Spring Rolls 4-Pack,Royal Indian Organics,FROZ-000588,890100639586,Frozen Foods,73,box,386.95,621.55,2027-08-23,Aisle 09,frozen
Free-Range Yukon Gold Potatoes 8-Pack,Catch Kitchens,FRES-000589,890100639587,Fresh Produce,193,pcs,54.63,79.37,2026-08-30,Aisle 02,chilled
Select Tulsi Honey Royal Basmati Rice 750g,Mother Dairy Milling,PANT-000590,890100639588,Pantry & Dry Goods,41,bottle,428.86,556.98,2027-10-06,Aisle 06,ambient
Homestyle Heavy Cream 10-Pack,Vedic Fresh Goods,DAIR-000591,890100639589,Dairy & Eggs,9,bottle,294.63,433.36,2026-09-07,Aisle 03,chilled
Cold-Pressed Lassi Mango Infused 150g,Nature Harvest Organics,DAIR-000592,890100639590,Dairy & Eggs,61,pack,267.53,410.18,2026-08-30,Aisle 03,chilled
Authentic Toor Dal Premium 24-Pack,Bhoomi Harvest,PANT-000593,890100639591,Pantry & Dry Goods,133,bottle,452.43,751.25,2027-06-23,Aisle 08,ambient
Country Style Stainless Steel Scrubber 3pk Value Pack,Dabur Organics,HOUS-000594,890100639592,Household & Personal Care,88,box,449.56,667.99,2027-09-06,Aisle 12,ambient
Natural Caramelized Onion Buffalo Milk 2L,Amul Organics,DAIR-000595,890100639593,Dairy & Eggs,31,tub,381.50,518.51,2026-09-25,Aisle 02,chilled
Premium Frozen Veg Momos 100g,Amul Foods,FROZ-000596,890100639594,Frozen Foods,46,tub,359.24,625.45,2027-05-12,Aisle 09,frozen
Sweet Fabric Softener Floral 1.5L,Patanjali Milling,HOUS-000597,890100639595,Household & Personal Care,195,bottle,105.43,135.08,2027-06-04,Aisle 11,ambient
Wildcrafted Sweet Potatoes Snack Pack,Green Earth Plantations,FRES-000598,890100639596,Fresh Produce,187,bag,15.49,27.84,2026-08-31,Aisle 02,chilled
Low-Sodium Masala Chai Iced Lemon Tea Snack Pack,Green Earth Kitchens,BEVE-000599,890100639597,Beverages,142,bottle,197.85,305.60,2026-12-27,Aisle 06,ambient
Country Style Vanilla Bean Clove & Mint Toothpaste 5kg,FarmGold Botanicals,HOUS-000600,890100639598,Household & Personal Care,104,packet,446.01,718.56,2028-04-16,Aisle 11,ambient
Gluten-Free Fish Fingers Frozen 200g,Vedic Fresh Harvest,FROZ-000601,890100639599,Frozen Foods,136,box,149.52,257.80,2027-01-06,Aisle 08,frozen
Stone-Ground Nagpur Orange Ayurvedic Bath Soap 200ml,Pure Vedic Farms,HOUS-000602,890100639600,Household & Personal Care,241,packet,185.27,279.34,2028-04-14,Aisle 12,ambient
Stone-Ground Basa Fish Fillets 10-Pack,Nilgiri Goods,MEAT-000603,890100639601,Meat & Seafood,240,pcs,623.35,807.68,2026-08-30,Aisle 04,chilled
Heritage Kachi Ghani Mustard Coriander Leaves 500ml,Desi Organics Goods,FRES-000604,890100639602,Fresh Produce,221,pack,148.01,234.08,2026-09-05,Aisle 01,ambient
Gluten-Free Chatpata Masala Fresh Mosambi Juice 400g,Dabur Dairy,BEVE-000605,890100639603,Beverages,40,bag,273.20,473.21,2027-03-07,Aisle 06,ambient
Free-Range Alphonso Mango Mutton Curry Cut 2-Pack,Satvik Kitchens,MEAT-000606,890100639604,Meat & Seafood,18,pcs,260.73,349.02,2026-09-01,Aisle 04,chilled
Aged Kachi Ghani Mustard Frozen Veg Momos 350g,Amul Foods,FROZ-000607,890100639605,Frozen Foods,87,pack,377.76,663.89,2026-12-21,Aisle 08,frozen
Whole-Grain Butter Murukku 1kg,FarmGold Provisions,SNAC-000608,890100639606,Snacks & Confectionery,35,bar,193.15,335.31,2026-12-27,Aisle 10,ambient
Cold-Pressed Poha Thick Flakes 50g,SunBrite Organics,PANT-000609,890100639607,Pantry & Dry Goods,138,box,320.20,519.76,2028-05-27,Aisle 06,ambient
Cured Guavas 250ml,Mother Dairy Provisions,FRES-000610,890100639608,Fresh Produce,181,pack,26.07,41.98,2026-09-08,Aisle 02,chilled
Aged Pears Family Pack,Mother Dairy Agro,FRES-000611,890100639609,Fresh Produce,99,bag,99.06,159.00,2026-09-15,Aisle 01,chilled
Whole-Grain Vanilla Bean Banana Chips Kerala Style 1kg,Bhoomi Provisions,SNAC-000612,890100639610,Snacks & Confectionery,154,tub,517.33,680.78,2026-11-09,Aisle 10,ambient
Zero-Sugar Urad Dal Whole 250g,Satvik Foods,PANT-000613,890100639611,Pantry & Dry Goods,22,bottle,459.53,664.45,2028-02-26,Aisle 07,ambient
Sun-Dried Truffle Infused Jeera Masala Soda 5kg,Ganga Milling,BEVE-000614,890100639612,Beverages,65,box,156.97,249.81,2027-01-09,Aisle 05,ambient
Plant-Based Desi Cow Ghee 10-Pack,Satvik Milling,DAIR-000615,890100639613,Dairy & Eggs,140,pack,81.20,146.49,2026-08-26,Aisle 02,chilled
Cold-Pressed Pista Almond Chamomile Herbal Tea 750g,Organic Tattva Milling,BEVE-000616,890100639614,Beverages,156,bottle,162.63,262.17,2027-03-07,Aisle 05,ambient
Low-Sodium Cheese Croissant 2-Pack,Deccan Naturals,BAKE-000617,890100639615,Bakery & Deli,69,pack,37.94,62.85,2026-09-06,Aisle 03,ambient
Traditional Kachi Ghani Mustard Poha Thick Flakes 2kg,Tata Mills,PANT-000618,890100639616,Pantry & Dry Goods,170,bottle,162.66,205.61,2026-08-27,Aisle 07,ambient
Premium Dark Chocolate Roma Tomatoes 1kg,Nilgiri Organics,FRES-000619,890100639617,Fresh Produce,141,bag,145.29,208.98,2026-08-29,Aisle 02,chilled
Organic Tonic Water Premium 50g,Dabur Plantations,BEVE-000620,890100639618,Beverages,222,bottle,372.96,611.76,2027-01-04,Aisle 05,ambient
Select Red Chilli & Garlic Hash Browns 6pk 2-Pack,Nilgiri Agro,FROZ-000621,890100639619,Frozen Foods,155,packet,154.53,234.71,2027-01-16,Aisle 08,frozen
Artisan Surmai Steaks 4-Pack,Amul Harvest,MEAT-000622,890100639620,Meat & Seafood,205,pcs,879.02,1293.43,2026-08-29,Aisle 05,chilled
Organic Jalapeno Lime Extra Virgin Olive Oil 200g,Pashmina Goods,PANT-000623,890100639621,Pantry & Dry Goods,35,packet,166.22,208.85,2027-08-23,Aisle 08,ambient
Traditional Red Chilli & Garlic Cold Pressed Orange Juice Value Pack,Mother Dairy Dairy,BEVE-000624,890100639622,Beverages,250,carton,297.52,456.19,2026-08-27,Aisle 05,chilled
Stone-Ground Basa Fish Fillets 24-Pack,Himalayan Harvest,MEAT-000625,890100639623,Meat & Seafood,154,pack,209.70,325.63,2026-08-29,Aisle 05,chilled
Whole-Grain Cream Cheese 10-Pack,Pure Vedic Kitchens,DAIR-000626,890100639624,Dairy & Eggs,240,packet,256.07,403.33,2026-09-10,Aisle 02,chilled
Select Golden Ginger Gourmet Cookies Choco-Chip 250ml,Himalayan Botanicals,SNAC-000627,890100639625,Snacks & Confectionery,14,pack,318.00,518.06,2027-01-10,Aisle 10,ambient
Roasted Toasted Sesame Bhujia Sev 200g,Vedic Fresh Goods,SNAC-000628,890100639626,Snacks & Confectionery,142,packet,251.08,449.77,2027-06-05,Aisle 09,ambient
Grass-Fed Ajwain & Jeera Atlantic Salmon Fillet 24-Pack,Fortune Goods,MEAT-000629,890100639627,Meat & Seafood,158,pcs,197.81,288.53,2026-08-31,Aisle 05,chilled
Handcrafted Pista Almond Chicken Sausages 250ml,Green Earth Foods,MEAT-000630,890100639628,Meat & Seafood,25,kg,304.84,391.89,2026-08-31,Aisle 05,chilled
Wildcrafted Toasted Sesame Watermelon 300g,Everest Farms,FRES-000631,890100639629,Fresh Produce,162,bag,25.91,44.31,2026-09-13,Aisle 02,chilled
Select Floor Disinfectant Pine 10kg,Desi Organics Harvest,HOUS-000632,890100639630,Household & Personal Care,131,pack,243.33,441.68,2028-03-04,Aisle 11,ambient
Handcrafted Feta Cheese Snack Pack,Bhoomi Plantations,DAIR-000633,890100639631,Dairy & Eggs,129,pack,178.26,281.58,2026-08-31,Aisle 02,chilled
Plant-Based Golden Ginger Butter Murukku 1.5L,Royal Indian Farms,SNAC-000634,890100639632,Snacks & Confectionery,186,box,143.80,243.20,2027-01-01,Aisle 10,ambient
Roasted Gulab Jamun Tin Value Pack,Pashmina Naturals,SNAC-000635,890100639633,Snacks & Confectionery,102,pack,199.62,262.03,2027-06-03,Aisle 10,ambient
Low-Sodium Vanilla Bean Fish Fingers Frozen 2-Pack,Green Earth Dairy,FROZ-000636,890100639634,Frozen Foods,239,tub,315.35,465.60,2026-08-28,Aisle 08,frozen
Unpolished Frozen Paneer Cubes 750g,Satvik Provisions,FROZ-000637,890100639635,Frozen Foods,102,pack,214.90,381.84,2027-05-25,Aisle 08,frozen
Royal Tandoori Smoked Floor Disinfectant Pine 350g,Amul Co.,HOUS-000638,890100639636,Household & Personal Care,22,packet,93.58,166.46,2028-04-23,Aisle 11,ambient
Gourmet Red Chilli & Garlic Moong Dal Namkeen 6-Pack,Ganga Foods,SNAC-000639,890100639637,Snacks & Confectionery,212,tub,487.64,892.69,2026-10-18,Aisle 09,ambient
Artisan Brioche Burger Buns 2-Pack,Saffola Dairy,BAKE-000640,890100639638,Bakery & Deli,60,box,61.69,82.93,2026-09-04,Aisle 03,chilled
Pure Mixed Berries Frozen 150g,FarmGold Provisions,FROZ-000641,890100639639,Frozen Foods,19,bag,244.89,356.20,2027-01-01,Aisle 08,frozen
Premium Alphonso Mango Guava Chilli Juice 5kg,Vedic Fresh Harvest,BEVE-000642,890100639640,Beverages,117,carton,275.09,392.98,2026-12-21,Aisle 05,chilled
Gluten-Free Alphonso Mango Portobello Mushrooms Snack Pack,Fortune Naturals,FRES-000643,890100639641,Fresh Produce,106,kg,96.33,145.07,2026-09-12,Aisle 02,ambient
Authentic Kachi Ghani Mustard Alphonso Kulfi Tub 10kg,Fortune Agro,FROZ-000644,890100639642,Frozen Foods,130,packet,376.63,627.94,2026-08-30,Aisle 09,frozen
Authentic Organic Brown Sugar 500g,Ganga Provisions,PANT-000645,890100639643,Pantry & Dry Goods,204,jar,393.73,657.75,2028-04-23,Aisle 06,ambient
Sweet Jalapeno Lime Penne Rigate Pasta 1kg,Himalayan Milling,PANT-000646,890100639644,Pantry & Dry Goods,215,bag,230.11,307.33,2027-03-24,Aisle 08,ambient
Royal Liquid Laundry Detergent 330ml,Pure Vedic Provisions,HOUS-000647,890100639645,Household & Personal Care,85,packet,573.30,946.50,2027-12-17,Aisle 11,ambient
Aged Rose Infused Sparkling Mineral Water Snack Pack,Pure Vedic Naturals,BEVE-000648,890100639646,Beverages,162,pack,209.62,306.42,2027-04-24,Aisle 06,ambient
Grass-Fed Kesar Pista Lentils Red Masoor 500ml,Nilgiri Springs,PANT-000649,890100639647,Pantry & Dry Goods,115,can,264.31,341.99,2028-04-15,Aisle 08,ambient
Authentic Organic Rolled Oats 330ml,Everest Botanicals,PANT-000650,890100639648,Pantry & Dry Goods,113,can,96.86,146.38,2027-06-01,Aisle 08,ambient
Farm-Fresh Toasted Sesame Masala Potato Chips 2kg,Nature Harvest Harvest,SNAC-000651,890100639649,Snacks & Confectionery,8,bag,422.22,535.13,2026-11-07,Aisle 10,ambient
Homestyle Ayurvedic Bath Soap 750ml,Saffola Plantations,HOUS-000652,890100639650,Household & Personal Care,118,box,307.06,511.56,2028-11-20,Aisle 11,ambient
Aged Matcha Green Tea Masala CTC Tea 8-Pack,Pure Vedic Goods,BEVE-000653,890100639651,Beverages,215,box,37.30,47.76,2027-02-19,Aisle 06,chilled
Select Kesar Pista Cold Pressed Orange Juice 1.5L,Pure Vedic Dairy,BEVE-000654,890100639652,Beverages,229,pack,77.88,97.78,2027-07-09,Aisle 05,ambient
Zero-Sugar Chicken Sausages 2L,Organic Tattva Provisions,MEAT-000655,890100639653,Meat & Seafood,160,pack,414.91,674.89,2026-08-29,Aisle 04,chilled
Farm-Fresh Mint Lime Atlantic Salmon Fillet 5L,Urban Roots Foods,MEAT-000656,890100639654,Meat & Seafood,107,pack,469.89,715.76,2026-08-31,Aisle 04,chilled
Crisp Kashmiri Saffron Guava Chilli Juice 5kg,SunBrite Naturals,BEVE-000657,890100639655,Beverages,243,can,342.03,462.75,2027-07-22,Aisle 06,chilled
Organic Pomfret Whole 1.5L,SunBrite Dairy,MEAT-000658,890100639656,Meat & Seafood,62,kg,510.73,840.37,2026-09-01,Aisle 05,chilled
Grass-Fed Poha Thick Flakes 12-Pack,Ganga Foods,PANT-000659,890100639657,Pantry & Dry Goods,73,bag,560.59,724.10,2028-06-22,Aisle 08,ambient
Valley Fresh Coconut Cream Bamboo Toothbrush 2pk 200ml,Patanjali Goods,HOUS-000660,890100639658,Household & Personal Care,75,pack,139.25,237.60,2028-06-06,Aisle 12,ambient
Free-Range Filter Coffee Beans 24-Pack,Satvik Goods,BEVE-000661,890100639659,Beverages,34,carton,145.95,200.19,2026-08-25,Aisle 05,ambient
Plant-Based Mutton Chops 10kg,Himalayan Organics,MEAT-000662,890100639660,Meat & Seafood,184,pack,291.41,438.40,2026-09-03,Aisle 04,chilled
Grass-Fed Mint Lime Butter Croissants 24-Pack,Pashmina Agro,BAKE-000663,890100639661,Bakery & Deli,90,pcs,92.38,144.59,2026-08-31,Aisle 03,chilled
Low-Sodium Dishwash Gel Lemon 4-Pack,SunBrite Provisions,HOUS-000664,890100639662,Household & Personal Care,70,bottle,513.59,913.97,2027-09-03,Aisle 11,ambient
Sun-Dried Pista Almond Toor Dal Premium 750ml,Desi Organics Dairy,PANT-000665,890100639663,Pantry & Dry Goods,167,packet,639.75,982.11,2028-04-11,Aisle 07,ambient
Stone-Ground Tonic Water Premium 1L,Green Earth Harvest,BEVE-000666,890100639664,Beverages,42,pack,215.89,327.74,2027-01-01,Aisle 06,chilled
Organic Toasted Sesame Cold-Pressed Groundnut Oil 10-Pack,Satvik Botanicals,PANT-000667,890100639665,Pantry & Dry Goods,109,jar,70.32,116.21,2028-04-29,Aisle 07,ambient
Organic Pomegranates 1kg,FarmGold Agro,FRES-000668,890100639666,Fresh Produce,51,bunch,53.47,68.38,2026-09-14,Aisle 02,chilled
Sweet Rawa Sooji 2L,Himalayan Organics,PANT-000669,890100639667,Pantry & Dry Goods,54,bag,131.94,234.39,2028-06-28,Aisle 08,ambient
Stone-Ground Pista Almond Rawa Sooji 250ml,Organic Tattva Mills,PANT-000670,890100639668,Pantry & Dry Goods,119,box,164.37,295.85,2027-05-18,Aisle 06,ambient
Valley Fresh Vanilla Bean Sweet Corn Kernels 200ml,Mother Dairy Mills,FROZ-000671,890100639669,Frozen Foods,202,box,301.57,405.24,2027-04-18,Aisle 09,frozen
Raw Matcha Green Tea Baby Spinach 250g,Dabur Foods,FRES-000672,890100639670,Fresh Produce,158,bunch,54.85,80.88,2026-09-13,Aisle 01,chilled
Rustic Almond Milk 6-Pack,Ganga Organics,DAIR-000673,890100639671,Dairy & Eggs,63,tub,345.61,632.96,2026-09-12,Aisle 02,chilled
Plant-Based Tonic Water Premium 50g,Deccan Organics,BEVE-000674,890100639672,Beverages,219,box,416.46,757.21,2027-05-20,Aisle 05,ambient
Unpolished Guavas 100g,Royal Indian Mills,FRES-000675,890100639673,Fresh Produce,42,pcs,86.12,153.53,2026-09-03,Aisle 01,chilled
Natural Mutton Chops 2-Pack,Saffola Foods,MEAT-000676,890100639674,Meat & Seafood,209,pcs,333.30,505.83,2026-08-29,Aisle 05,chilled
Free-Range California Almonds 200ml,Pashmina Harvest,SNAC-000677,890100639675,Snacks & Confectionery,121,bar,370.83,589.91,2026-08-18,Aisle 09,ambient
Country Style Mint Lime Rawa Sooji 4-Pack,FarmGold Farms,PANT-000678,890100639676,Pantry & Dry Goods,218,box,396.55,709.80,2026-08-19,Aisle 06,ambient
Heritage Jalapeno Lime Dry Fruits Trail Mix 6-Pack,Nilgiri Farms,SNAC-000679,890100639677,Snacks & Confectionery,140,box,291.30,441.36,2026-12-28,Aisle 10,ambient
Smoked Jalapeno Lime Fresh Rohu Fish 50g,Tata Springs,MEAT-000680,890100639678,Meat & Seafood,132,pack,287.76,505.48,2026-08-28,Aisle 05,chilled
Sun-Dried Bamboo Toothbrush 2pk 6-Pack,Dabur Springs,HOUS-000681,890100639679,Household & Personal Care,228,box,52.60,97.12,2028-08-25,Aisle 11,ambient
Crisp Royal Basmati Rice 10-Pack,Everest Dairy,PANT-000682,890100639680,Pantry & Dry Goods,162,bottle,340.13,589.27,2027-06-08,Aisle 08,ambient
Smoked Mint Lime Royal Basmati Rice 1L,Bhoomi Goods,PANT-000683,890100639681,Pantry & Dry Goods,153,packet,486.06,866.33,2028-07-21,Aisle 08,ambient
Traditional Curd Tub (Dahi) 330ml,Vedic Fresh Naturals,DAIR-000684,890100639682,Dairy & Eggs,242,packet,474.00,637.78,2026-08-31,Aisle 03,chilled
Unpolished Kesar Pista Iced Lemon Tea 24-Pack,SunBrite Goods,BEVE-000685,890100639683,Beverages,60,carton,248.08,370.92,2026-08-25,Aisle 06,chilled
Valley Fresh Boneless Chicken Breast 150g,Desi Organics Springs,MEAT-000686,890100639684,Meat & Seafood,133,pcs,890.09,1539.73,2026-08-31,Aisle 04,chilled
Cold-Pressed Mint Lime Butter Murukku 50g,Vedic Fresh Goods,SNAC-000687,890100639685,Snacks & Confectionery,133,packet,211.93,291.43,2027-04-05,Aisle 09,ambient
Natural Red Chilli & Garlic Granola Health Bars 4-Pack,Ganga Milling,SNAC-000688,890100639686,Snacks & Confectionery,192,tub,372.61,503.61,2027-02-17,Aisle 09,ambient
Valley Fresh Filter Coffee Beans 24-Pack,Saffola Springs,BEVE-000689,890100639687,Beverages,123,can,221.57,402.16,2027-04-27,Aisle 06,ambient
Whole-Grain Smoked Paprika Urad Dal Whole 200ml,Urban Roots Organics,PANT-000690,890100639688,Pantry & Dry Goods,18,bottle,341.68,536.49,2028-03-17,Aisle 08,ambient
Artisan Toned Milk 6-Pack,Green Earth Co.,DAIR-000691,890100639689,Dairy & Eggs,24,packet,33.53,45.30,2026-09-25,Aisle 03,chilled
Traditional Ginger Kombucha 250g,FarmGold Farms,BEVE-000692,890100639690,Beverages,228,can,66.90,93.26,2027-08-11,Aisle 06,ambient
Stone-Ground Crab Meat Fresh 8-Pack,Patanjali Goods,MEAT-000693,890100639691,Meat & Seafood,27,kg,823.00,1374.23,2026-09-02,Aisle 05,chilled
Authentic Rose Infused California Almonds 8-Pack,Heritage Naturals,SNAC-000694,890100639692,Snacks & Confectionery,191,pack,495.44,707.32,2027-01-27,Aisle 09,ambient
Heritage Brownie Bites 4-Pack,Vedic Fresh Harvest,BAKE-000695,890100639693,Bakery & Deli,150,pack,186.77,330.48,2026-08-22,Aisle 03,ambient
Zero-Sugar Dark Chocolate Flavored Yogurt 5kg,Dabur Agro,DAIR-000696,890100639694,Dairy & Eggs,238,carton,383.33,480.37,2026-09-20,Aisle 03,chilled
Roasted Sea Salt Buffalo Milk 5kg,Saffola Kitchens,DAIR-000697,890100639695,Dairy & Eggs,123,tub,396.43,500.83,2026-09-01,Aisle 03,chilled
Rustic Red Chilli & Garlic Gouda Block 150ml,SunBrite Mills,DAIR-000698,890100639696,Dairy & Eggs,145,box,368.70,568.56,2026-09-19,Aisle 02,chilled
Grass-Fed Dark Chocolate Coriander Leaves 2-Pack,Amul Milling,FRES-000699,890100639697,Fresh Produce,89,pcs,22.56,38.62,2026-09-07,Aisle 02,chilled
Valley Fresh Ajwain & Jeera Squid Rings Cleaned 100g,Amul Mills,MEAT-000700,890100639698,Meat & Seafood,183,pcs,883.88,1559.12,2026-08-29,Aisle 04,chilled
Traditional Extra Virgin Olive Oil Snack Pack,Amul Harvest,PANT-000701,890100639699,Pantry & Dry Goods,69,bottle,64.92,115.16,2028-06-30,Aisle 06,ambient
Natural Bottle Gourd (Lauki) 500ml,Ganga Goods,FRES-000702,890100639700,Fresh Produce,94,bag,133.52,233.64,2026-09-10,Aisle 02,ambient
Organic Ayurvedic Bath Soap 2-Pack,Nature Harvest Botanicals,HOUS-000703,890100639701,Household & Personal Care,79,packet,130.96,195.90,2028-12-14,Aisle 12,ambient
Raw Garlic Focaccia 750ml,Amul Foods,BAKE-000704,890100639702,Bakery & Deli,103,pack,33.38,56.71,2026-08-30,Aisle 03,ambient
Cold-Pressed Squid Rings Cleaned 50g,Pure Vedic Kitchens,MEAT-000705,890100639703,Meat & Seafood,80,pack,577.98,763.18,2026-09-03,Aisle 05,chilled
Rustic Bath Tissue 6-Pack 250ml,Saffola Organics,HOUS-000706,890100639704,Household & Personal Care,145,tube,321.95,422.59,2028-07-21,Aisle 12,ambient
Wildcrafted Mint Lime Fresh Mosambi Juice 1.5L,Patanjali Co.,BEVE-000707,890100639705,Beverages,169,pack,219.58,341.73,2027-04-24,Aisle 05,chilled
Grass-Fed Kesar Pista Gulab Jamun Tin Snack Pack,Satvik Plantations,SNAC-000708,890100639706,Snacks & Confectionery,53,bag,376.71,475.51,2027-02-01,Aisle 09,ambient
Wildcrafted Lemon Pepper Heavy Cream 50g,Urban Roots Botanicals,DAIR-000709,890100639707,Dairy & Eggs,250,bottle,179.91,244.48,2026-09-05,Aisle 03,chilled
Farm-Fresh Heavy Cream 1L,Dabur Dairy,DAIR-000710,890100639708,Dairy & Eggs,43,packet,319.83,437.57,2026-09-23,Aisle 02,chilled
Cured Kachi Ghani Mustard Seedless Grapes 500g,Tata Springs,FRES-000711,890100639709,Fresh Produce,10,pcs,63.15,79.98,2026-09-11,Aisle 01,ambient
Wildcrafted Jalapeno Lime Kaju Katli Sweet Box 250g,Urban Roots Kitchens,SNAC-000712,890100639710,Snacks & Confectionery,5,packet,37.95,54.23,2026-12-13,Aisle 09,ambient
Plant-Based Frozen Samosas 10-Pack,Kaveri Springs,FROZ-000713,890100639711,Frozen Foods,133,packet,334.92,594.31,2027-02-25,Aisle 09,frozen
Sun-Dried Masala Chai Boneless Chicken Breast 5kg,Satvik Co.,MEAT-000714,890100639712,Meat & Seafood,188,pcs,664.73,1228.32,2026-09-01,Aisle 05,chilled
Sweet Coconut Cream Paneer Block 2kg,Green Earth Plantations,DAIR-000715,890100639713,Dairy & Eggs,9,pack,506.92,840.26,2026-08-29,Aisle 02,chilled
Zero-Sugar Kashmiri Saffron Granola Health Bars 750ml,Bhoomi Springs,SNAC-000716,890100639714,Snacks & Confectionery,131,packet,213.73,360.01,2026-08-29,Aisle 10,ambient
Pure Sparkling Mineral Water 200g,Himalayan Goods,BEVE-000717,890100639715,Beverages,135,can,84.48,154.34,2026-08-23,Aisle 05,ambient
Wildcrafted Smoked Paprika Oranges Nagpur 250g,Royal Indian Springs,FRES-000718,890100639716,Fresh Produce,83,kg,52.29,91.87,2026-09-06,Aisle 02,ambient
Whole-Grain Sweet Tamarind Sweet Corn Kernels 12-Pack,Amul Organics,FROZ-000719,890100639717,Frozen Foods,53,tub,189.55,261.41,2027-06-20,Aisle 09,frozen
Smoked Himalayan Spring Water 2L,Catch Milling,BEVE-000720,890100639718,Beverages,23,box,331.49,535.62,2026-12-28,Aisle 05,ambient
Cold-Pressed Red Chilli & Garlic Lassi Mango Infused 6-Pack,Green Earth Organics,DAIR-000721,890100639719,Dairy & Eggs,76,pack,55.56,94.14,2026-09-04,Aisle 03,chilled
Homestyle Espresso Roast Ground Coffee 2-Pack,Catch Plantations,BEVE-000722,890100639720,Beverages,77,box,39.02,50.76,2027-03-09,Aisle 06,chilled
Cold-Pressed Tulsi Honey Broccoli Crowns Value Pack,Desi Organics Kitchens,FRES-000723,890100639721,Fresh Produce,58,pack,137.27,248.48,2026-09-17,Aisle 01,ambient
Free-Range Kachi Ghani Mustard Greek Yogurt 100g,SunBrite Dairy,DAIR-000724,890100639722,Dairy & Eggs,137,carton,207.60,363.21,2026-09-02,Aisle 02,chilled
Royal Portobello Mushrooms 150g,Royal Indian Foods,FRES-000725,890100639723,Fresh Produce,120,kg,98.13,148.65,2026-08-29,Aisle 02,ambient
Farm-Fresh Bath Tissue 6-Pack 500ml,Dabur Goods,HOUS-000726,890100639724,Household & Personal Care,50,packet,222.52,409.39,2028-01-11,Aisle 11,ambient
Smoked Cinnamon Spice Fruit Cake Slice 5L,Himalayan Harvest,BAKE-000727,890100639725,Bakery & Deli,82,box,192.08,308.93,2026-09-09,Aisle 03,ambient
Wildcrafted Pita Bread 2L,Deccan Mills,BAKE-000728,890100639726,Bakery & Deli,235,pcs,103.89,188.92,2026-09-05,Aisle 03,chilled
Artisan Fabric Softener Floral 12-Pack,Catch Co.,HOUS-000729,890100639727,Household & Personal Care,140,tube,456.20,600.92,2026-08-30,Aisle 11,ambient
Free-Range Extra Virgin Olive Oil 150g,Patanjali Farms,PANT-000730,890100639728,Pantry & Dry Goods,61,can,244.09,427.44,2027-06-18,Aisle 08,ambient
Plant-Based Tandoori Smoked Butter Croissants 400g,Himalayan Dairy,BAKE-000731,890100639729,Bakery & Deli,142,box,305.16,447.40,2026-08-17,Aisle 04,chilled
Homestyle Bath Tissue 6-Pack 2L,Nature Harvest Milling,HOUS-000732,890100639730,Household & Personal Care,81,box,263.62,421.73,2028-10-05,Aisle 11,ambient
Roasted Bhujia Sev 500ml,Everest Milling,SNAC-000733,890100639731,Snacks & Confectionery,209,bag,148.15,200.42,2027-05-19,Aisle 09,ambient
Select Oat Milk 1kg,Amul Provisions,DAIR-000734,890100639732,Dairy & Eggs,223,bottle,304.57,388.59,2026-09-18,Aisle 03,chilled
Zero-Sugar Coconut Cream Soy Milk Protein 500ml,Desi Organics Foods,DAIR-000735,890100639733,Dairy & Eggs,17,box,277.01,510.31,2026-09-17,Aisle 02,chilled
Premium Masala Chai Badam Milk Drink 1kg,Deccan Organics,BEVE-000736,890100639734,Beverages,173,carton,169.27,256.00,2027-01-06,Aisle 06,ambient
Roasted Cold Brew Coffee 2-Pack,Desi Organics Goods,BEVE-000737,890100639735,Beverages,73,box,42.30,72.33,2026-10-12,Aisle 06,chilled
Pure Matcha Green Tea Chicken Keema 50g,Fortune Milling,MEAT-000738,890100639736,Meat & Seafood,105,pack,225.69,360.39,2026-08-29,Aisle 04,chilled
Pure Iced Lemon Tea 400g,Himalayan Milling,BEVE-000739,890100639737,Beverages,54,bag,353.06,456.65,2027-03-02,Aisle 06,ambient
Cured Sweet Tamarind Butter Croissants 750ml,Satvik Dairy,BAKE-000740,890100639738,Bakery & Deli,189,box,85.47,115.40,2026-09-10,Aisle 03,ambient
Sun-Dried Matcha Green Tea California Almonds 400g,Green Earth Harvest,SNAC-000741,890100639739,Snacks & Confectionery,127,box,514.57,775.06,2027-04-07,Aisle 09,ambient
Sun-Dried Chicken Sausages 10kg,Fortune Springs,MEAT-000742,890100639740,Meat & Seafood,47,pcs,680.35,915.98,2026-08-29,Aisle 05,chilled
Homestyle Pista Almond Fruit Cake Slice 2kg,Dabur Mills,BAKE-000743,890100639741,Bakery & Deli,218,box,266.60,442.57,2026-09-05,Aisle 03,chilled
Farm-Fresh Rose Infused Butter Murukku 100g,Himalayan Mills,SNAC-000744,890100639742,Snacks & Confectionery,98,bag,204.33,374.79,2026-08-18,Aisle 09,ambient
Sweet 70% Dark Chocolate Bar 24-Pack,Vedic Fresh Organics,SNAC-000745,890100639743,Snacks & Confectionery,234,tub,523.87,874.49,2026-10-30,Aisle 09,ambient
Authentic Red Chilli & Garlic Pineapples 10kg,Nature Harvest Dairy,FRES-000746,890100639744,Fresh Produce,99,pcs,87.85,143.32,2026-09-11,Aisle 01,ambient
Extra-Virgin Roasted Makhana Foxnuts 5L,Catch Milling,SNAC-000747,890100639745,Snacks & Confectionery,127,bag,356.48,454.54,2027-02-11,Aisle 10,ambient
Cured Kesar Pista Poha Thick Flakes 2L,Himalayan Harvest,PANT-000748,890100639746,Pantry & Dry Goods,237,can,252.01,425.22,2026-12-02,Aisle 07,ambient
Unpolished Cinnamon Spice Pasture Eggs 150ml,Desi Organics Harvest,DAIR-000749,890100639747,Dairy & Eggs,17,pack,392.04,548.79,2026-09-06,Aisle 02,chilled
Spiced Lavash Crackers 2L,Organic Tattva Springs,BAKE-000750,890100639748,Bakery & Deli,195,pack,29.49,47.73,2026-09-01,Aisle 03,ambient
Golden Paneer Paratha Frozen 10-Pack,Patanjali Harvest,FROZ-000751,890100639749,Frozen Foods,102,box,346.24,470.51,2027-01-10,Aisle 09,frozen
Heritage Chamomile Herbal Tea Snack Pack,Urban Roots Harvest,BEVE-000752,890100639750,Beverages,109,bag,253.80,431.88,2027-08-19,Aisle 05,chilled
Stone-Ground Jalapeno Lime Pure Jaggery Powder (Gud) 750ml,Heritage Mills,PANT-000753,890100639751,Pantry & Dry Goods,69,box,401.21,686.83,2027-03-17,Aisle 07,ambient
Signature Blueberries 5L,Bhoomi Mills,FRES-000754,890100639752,Fresh Produce,235,bag,156.02,273.30,2026-09-04,Aisle 02,chilled
Artisan Kesar Pista Veg Spring Rolls 500g,Vedic Fresh Milling,FROZ-000755,890100639753,Frozen Foods,153,bag,77.31,101.47,2027-06-03,Aisle 09,frozen
Aged Rose Infused Moong Dal Namkeen 10kg,Deccan Dairy,SNAC-000756,890100639754,Snacks & Confectionery,69,box,156.98,197.03,2027-01-24,Aisle 09,ambient
Sun-Dried Cinnamon Spice Pita Bread 300g,Nature Harvest Organics,BAKE-000757,890100639755,Bakery & Deli,56,pack,107.26,142.97,2026-09-09,Aisle 04,chilled
Country Style Mint Lime Penne Rigate Pasta 5L,Nilgiri Foods,PANT-000758,890100639756,Pantry & Dry Goods,187,packet,356.28,448.82,2027-04-14,Aisle 07,ambient
Valley Fresh Alphonso Mango Cold-Pressed Groundnut Oil 2L,Vedic Fresh Mills,PANT-000759,890100639757,Pantry & Dry Goods,95,box,719.22,954.86,2027-03-20,Aisle 08,ambient
Handcrafted Sweet Tamarind Sourdough Loaf 1.5L,Nilgiri Organics,BAKE-000760,890100639758,Bakery & Deli,188,pcs,39.63,60.64,2026-09-08,Aisle 04,chilled
Heritage Rawa Sooji 200g,Green Earth Naturals,PANT-000761,890100639759,Pantry & Dry Goods,50,packet,474.03,759.12,2028-01-09,Aisle 08,ambient
Pure Coconut Cream Cold Pressed Orange Juice 5kg,Amul Botanicals,BEVE-000762,890100639760,Beverages,69,carton,173.79,268.19,2026-10-26,Aisle 06,ambient
Whole-Grain Coconut Milk Canned 12-Pack,Patanjali Provisions,PANT-000763,890100639761,Pantry & Dry Goods,191,jar,291.54,389.82,2026-08-29,Aisle 06,ambient
Country Style Cream Cheese 1L,Vedic Fresh Dairy,DAIR-000764,890100639762,Dairy & Eggs,99,bottle,325.08,485.37,2026-09-05,Aisle 02,chilled
Wildcrafted Matcha Green Tea Brioche Burger Buns 8-Pack,Heritage Botanicals,BAKE-000765,890100639763,Bakery & Deli,89,pcs,291.45,467.86,2026-09-08,Aisle 04,chilled
Grass-Fed Moong Dal Washed 200ml,Amul Farms,PANT-000766,890100639764,Pantry & Dry Goods,128,can,493.72,845.40,2027-05-06,Aisle 06,ambient
Grass-Fed Boneless Chicken Breast 10-Pack,Amul Provisions,MEAT-000767,890100639765,Meat & Seafood,87,pack,901.61,1442.45,2026-09-02,Aisle 05,chilled
Extra-Virgin Dark Chocolate Goat Mince Premium 5L,Bhoomi Milling,MEAT-000768,890100639766,Meat & Seafood,4,pack,777.71,1393.85,2026-08-30,Aisle 05,chilled
Crisp Greek Yogurt 10kg,Patanjali Provisions,DAIR-000769,890100639767,Dairy & Eggs,77,carton,115.11,147.43,2026-08-27,Aisle 03,chilled
Country Style Toned Milk 1L,Nature Harvest Botanicals,DAIR-000770,890100639768,Dairy & Eggs,83,box,115.80,148.09,2026-09-11,Aisle 02,chilled
Unpolished Truffle Infused Crab Meat Fresh 150g,Ganga Agro,MEAT-000771,890100639769,Meat & Seafood,245,kg,250.16,372.51,2026-08-22,Aisle 04,chilled
Pure Mixed Berries Frozen 12-Pack,Saffola Foods,FROZ-000772,890100639770,Frozen Foods,34,packet,77.07,120.74,2027-07-24,Aisle 09,frozen
Free-Range Portobello Mushrooms Snack Pack,Amul Foods,FRES-000773,890100639771,Fresh Produce,82,pcs,91.90,118.90,2026-09-09,Aisle 01,chilled
Country Style Rose Infused Cold-Pressed Groundnut Oil 5kg,Amul Organics,PANT-000774,890100639772,Pantry & Dry Goods,180,jar,593.63,815.25,2028-07-03,Aisle 08,ambient
Golden Truffle Infused Curd Tub (Dahi) 200ml,Organic Tattva Mills,DAIR-000775,890100639773,Dairy & Eggs,44,carton,471.72,831.12,2026-09-23,Aisle 03,chilled
Gourmet Whole Wheat Atta Bread 500ml,Himalayan Farms,BAKE-000776,890100639774,Bakery & Deli,145,pcs,285.90,358.68,2026-09-04,Aisle 04,chilled
Cold-Pressed Caramelized Onion Bath Tissue 6-Pack 350g,Green Earth Dairy,HOUS-000777,890100639775,Household & Personal Care,171,pack,408.02,701.37,2028-01-16,Aisle 12,ambient
Wildcrafted Green Peas Fresh Value Pack,Fortune Organics,FRES-000778,890100639776,Fresh Produce,247,bunch,157.43,268.25,2026-09-14,Aisle 02,chilled
Aged Kashmiri Saffron Masala CTC Tea Family Pack,Ganga Co.,BEVE-000779,890100639777,Beverages,204,pack,131.47,209.99,2027-08-05,Aisle 05,chilled
Smoked Cardamom Spiced Pomegranates 50g,Pure Vedic Goods,FRES-000780,890100639778,Fresh Produce,234,kg,40.79,56.32,2026-09-05,Aisle 01,ambient
Handcrafted Jalapeno Lime Oranges Nagpur 1L,Nature Harvest Mills,FRES-000781,890100639779,Fresh Produce,199,bag,34.18,44.93,2026-09-12,Aisle 01,chilled
Low-Sodium Vanilla Bean Aloo Tikki 8-Pack Snack Pack,Heritage Farms,FROZ-000782,890100639780,Frozen Foods,149,bag,147.07,267.25,2027-05-11,Aisle 08,frozen
Pure Caramelized Onion Frozen Paneer Cubes 150g,Fortune Dairy,FROZ-000783,890100639781,Frozen Foods,115,box,49.47,85.60,2027-03-19,Aisle 09,frozen
Gourmet Gulab Jamun Tin 750ml,Tata Foods,SNAC-000784,890100639782,Snacks & Confectionery,12,bag,165.59,260.98,2026-11-02,Aisle 10,ambient
Spiced Flavored Yogurt 50g,Desi Organics Botanicals,DAIR-000785,890100639783,Dairy & Eggs,44,carton,415.28,600.69,2026-08-30,Aisle 03,chilled
Grass-Fed Pure Jaggery Powder (Gud) 2L,Saffola Springs,PANT-000786,890100639784,Pantry & Dry Goods,217,box,118.81,184.91,2027-07-10,Aisle 07,ambient
Homestyle Rose Infused Crab Meat Fresh 250ml,Green Earth Dairy,MEAT-000787,890100639785,Meat & Seafood,157,kg,543.05,848.44,2026-09-03,Aisle 05,chilled
Smoked Alphonso Mango Coconut Milk Canned 5kg,Pashmina Botanicals,PANT-000788,890100639786,Pantry & Dry Goods,152,bottle,316.85,433.74,2027-01-09,Aisle 08,ambient
Handcrafted Pista Almond Coriander Leaves 10kg,Organic Tattva Farms,FRES-000789,890100639787,Fresh Produce,87,kg,83.86,139.31,2026-08-24,Aisle 01,chilled
Select Strawberries 250g,Vedic Fresh Milling,FRES-000790,890100639788,Fresh Produce,65,bunch,22.65,36.02,2026-08-31,Aisle 01,chilled
Grass-Fed Kashmiri Saffron Kulcha 4-Pack 2-Pack,Heritage Foods,BAKE-000791,890100639789,Bakery & Deli,154,pcs,290.60,521.66,2026-08-28,Aisle 03,ambient
Aged Cold Brew Coffee 10kg,Urban Roots Botanicals,BEVE-000792,890100639790,Beverages,29,carton,448.03,765.86,2027-05-11,Aisle 05,chilled
Authentic Golden Ginger Desi Cow Ghee Snack Pack,Organic Tattva Foods,DAIR-000793,890100639791,Dairy & Eggs,156,packet,386.95,501.20,2026-09-11,Aisle 03,chilled
Traditional Brioche Burger Buns 5kg,Green Earth Naturals,BAKE-000794,890100639792,Bakery & Deli,222,pack,106.71,168.00,2026-09-05,Aisle 04,ambient
Select Alphonso Mango Fish Fingers Frozen 6-Pack,Nilgiri Kitchens,FROZ-000795,890100639793,Frozen Foods,143,tub,144.16,187.46,2027-07-29,Aisle 09,frozen
Farm-Fresh Cashew Paste Curry Base 500g,Nature Harvest Goods,PANT-000796,890100639794,Pantry & Dry Goods,190,can,368.18,479.27,2028-02-04,Aisle 07,ambient
Natural Rawa Sooji Family Pack,Urban Roots Dairy,PANT-000797,890100639795,Pantry & Dry Goods,238,box,261.28,331.14,2028-05-12,Aisle 06,ambient
Unpolished Makhana Crunch Butter Murukku 200g,Green Earth Farms,SNAC-000798,890100639796,Snacks & Confectionery,224,bar,49.65,86.41,2027-02-21,Aisle 10,ambient
Wildcrafted Sweet Tamarind Chana Dal Polished 6-Pack,Amul Foods,PANT-000799,890100639797,Pantry & Dry Goods,192,bag,180.40,265.49,2027-04-22,Aisle 07,ambient
Farm-Fresh Parmigiano-Reggiano 1.5L,Pashmina Kitchens,DAIR-000800,890100639798,Dairy & Eggs,20,tub,36.83,61.05,2026-09-22,Aisle 02,chilled
Gluten-Free Lemon Pepper Chicken Frankfurters 100g,Satvik Dairy,BAKE-000801,890100639799,Bakery & Deli,219,box,245.23,420.30,2026-09-06,Aisle 03,ambient
Authentic Smoked Paprika Chicken Sausages 500g,Urban Roots Kitchens,MEAT-000802,890100639800,Meat & Seafood,63,kg,341.73,560.29,2026-08-29,Aisle 05,chilled
Grass-Fed Golden Ginger Toor Dal Premium 2L,Mother Dairy Farms,PANT-000803,890100639801,Pantry & Dry Goods,107,bottle,169.63,251.80,2027-03-06,Aisle 08,ambient
Authentic Cardamom Spiced Bagel Plain 4pk 50g,Amul Plantations,BAKE-000804,890100639802,Bakery & Deli,231,pcs,317.69,477.00,2026-09-10,Aisle 04,chilled
Heritage Pink Himalayan Salt 24-Pack,Bhoomi Farms,PANT-000805,890100639803,Pantry & Dry Goods,28,packet,735.48,1270.28,2028-05-18,Aisle 06,ambient
Natural Mint Lime Bamboo Toothbrush 2pk 1kg,Patanjali Goods,HOUS-000806,890100639804,Household & Personal Care,112,box,274.34,361.86,2027-12-01,Aisle 12,ambient
Smoked Garlic & Herb Frozen Samosas 2L,Royal Indian Springs,FROZ-000807,890100639805,Frozen Foods,53,box,106.05,148.14,2027-05-28,Aisle 09,frozen
Handcrafted Smoked Paprika Wood-Fired Veggie Pizza 4-Pack,Desi Organics Botanicals,FROZ-000808,890100639806,Frozen Foods,227,tub,359.01,563.85,2026-12-12,Aisle 08,frozen
Handcrafted Tulsi Honey Mixed Berries Frozen 5kg,Vedic Fresh Foods,FROZ-000809,890100639807,Frozen Foods,114,pack,336.83,575.19,2027-08-15,Aisle 08,frozen
Authentic Pista Almond Cold Pressed Orange Juice 200g,Ganga Organics,BEVE-000810,890100639808,Beverages,237,can,198.24,340.24,2026-12-07,Aisle 06,ambient
Cold-Pressed Butter Croissants 2-Pack,Green Earth Farms,BAKE-000811,890100639809,Bakery & Deli,33,pcs,263.06,469.40,2026-09-07,Aisle 04,ambient
Signature Cow Milk 1L,Catch Organics,DAIR-000812,890100639810,Dairy & Eggs,98,box,80.01,133.72,2026-09-14,Aisle 02,chilled
Stone-Ground Gulab Jamun Tin 200g,SunBrite Dairy,SNAC-000813,890100639811,Snacks & Confectionery,36,box,350.52,530.48,2027-01-27,Aisle 10,ambient
Gourmet Chatpata Masala Soan Papdi Box 1.5L,Green Earth Dairy,SNAC-000814,890100639812,Snacks & Confectionery,224,bar,165.22,237.74,2026-12-05,Aisle 09,ambient
Royal Kachi Ghani Mustard Garlic Naan Frozen 4pk 24-Pack,Pashmina Dairy,FROZ-000815,890100639813,Frozen Foods,126,box,139.97,186.76,2027-05-11,Aisle 08,frozen
Handcrafted Makhana Crunch Organic Sharbati Atta 150g,Tata Springs,PANT-000816,890100639814,Pantry & Dry Goods,135,bag,417.97,524.15,2028-01-29,Aisle 08,ambient
Select Fabric Softener Floral 10kg,Organic Tattva Naturals,HOUS-000817,890100639815,Household & Personal Care,238,packet,66.56,110.33,2027-08-10,Aisle 11,ambient
Select Kashmiri Saffron Granola Health Bars 1L,Nature Harvest Co.,SNAC-000818,890100639816,Snacks & Confectionery,87,packet,464.52,711.94,2027-03-05,Aisle 09,ambient
Authentic Rawa Sooji 2-Pack,Desi Organics Co.,PANT-000819,890100639817,Pantry & Dry Goods,197,packet,194.36,311.87,2028-04-14,Aisle 07,ambient
Cold-Pressed Frozen Paneer Cubes 200g,Catch Foods,FROZ-000820,890100639818,Frozen Foods,168,tub,99.86,143.91,2027-02-28,Aisle 08,frozen
Traditional Coconut Cream Malai Kulfi Bar 2L,FarmGold Farms,FROZ-000821,890100639819,Frozen Foods,201,packet,82.19,128.03,2027-05-19,Aisle 09,frozen
Plant-Based Mint Lime Ginger Kombucha 150g,Desi Organics Goods,BEVE-000822,890100639820,Beverages,28,can,83.97,115.41,2027-04-08,Aisle 06,chilled
Zero-Sugar Garlic & Herb Brioche Burger Buns Value Pack,Ganga Agro,BAKE-000823,890100639821,Bakery & Deli,82,box,105.44,191.10,2026-08-24,Aisle 04,chilled
Sun-Dried Ginger Root 10-Pack,Mother Dairy Foods,FRES-000824,890100639822,Fresh Produce,220,kg,78.90,133.65,2026-09-06,Aisle 02,ambient
Royal Organic Brown Sugar 5L,Satvik Naturals,PANT-000825,890100639823,Pantry & Dry Goods,76,bag,350.79,623.79,2028-01-11,Aisle 08,ambient
Cold-Pressed Kashmiri Saffron Aloo Tikki 8-Pack 10kg,Pure Vedic Botanicals,FROZ-000826,890100639824,Frozen Foods,170,bag,208.72,320.83,2027-06-03,Aisle 08,frozen
Heritage Truffle Infused Masala CTC Tea 2kg,Bhoomi Botanicals,BEVE-000827,890100639825,Beverages,108,box,74.30,127.74,2027-08-11,Aisle 05,chilled
Royal Tulsi Honey Malai Kulfi Bar 150g,Nature Harvest Springs,FROZ-000828,890100639826,Frozen Foods,99,packet,119.64,194.06,2027-03-08,Aisle 09,frozen
Raw Liquid Laundry Detergent 10kg,Bhoomi Kitchens,HOUS-000829,890100639827,Household & Personal Care,250,bottle,236.95,317.08,2028-03-28,Aisle 11,ambient
Extra-Virgin Jalapeno Lime Chana Dal Polished 2kg,Bhoomi Milling,PANT-000830,890100639828,Pantry & Dry Goods,118,bag,227.37,332.62,2028-02-03,Aisle 07,ambient
Cured Sona Masoori Rice 750ml,Urban Roots Foods,PANT-000831,890100639829,Pantry & Dry Goods,102,jar,72.21,109.01,2028-01-29,Aisle 07,ambient
Extra-Virgin Sona Masoori Rice 24-Pack,Deccan Co.,PANT-000832,890100639830,Pantry & Dry Goods,71,box,520.77,878.76,2027-05-22,Aisle 06,ambient
Select Jalapeno Lime Frozen Paneer Cubes 2L,Vedic Fresh Co.,FROZ-000833,890100639831,Frozen Foods,232,packet,377.70,669.36,2027-05-22,Aisle 08,frozen
Sun-Dried Filter Coffee Beans 330ml,Organic Tattva Foods,BEVE-000834,890100639832,Beverages,95,pack,362.99,464.70,2027-01-05,Aisle 06,ambient
Traditional Lemon Pepper Mustard Oil Kachi Ghani 250g,Heritage Foods,PANT-000835,890100639833,Pantry & Dry Goods,170,bag,134.31,188.63,2027-05-18,Aisle 07,ambient
Farm-Fresh Truffle Infused Rusk Toast 50g,Royal Indian Mills,BAKE-000836,890100639834,Bakery & Deli,142,pcs,41.21,76.15,2026-09-03,Aisle 03,chilled
Stone-Ground Banana Chips Kerala Style 750ml,Amul Botanicals,SNAC-000837,890100639835,Snacks & Confectionery,214,tub,508.70,876.85,2026-10-23,Aisle 09,ambient
Valley Fresh Alphonso Mango Butter Murukku 4-Pack,Satvik Mills,SNAC-000838,890100639836,Snacks & Confectionery,96,tub,352.25,485.36,2027-06-13,Aisle 10,ambient
Spiced Electrolyte Energy Drink 150ml,Pashmina Farms,BEVE-000839,890100639837,Beverages,240,bag,186.07,337.17,2026-08-28,Aisle 06,chilled
Traditional Tulsi Honey Seedless Grapes 4-Pack,Amul Naturals,FRES-000840,890100639838,Fresh Produce,23,bunch,159.81,258.31,2026-09-06,Aisle 01,ambient
Grass-Fed Paneer Tikka Deli 200ml,Satvik Organics,BAKE-000841,890100639839,Bakery & Deli,200,pcs,116.56,187.06,2026-08-31,Aisle 04,ambient
Unpolished Alphonso Mango Pineapples 250ml,FarmGold Milling,FRES-000842,890100639840,Fresh Produce,54,pack,22.38,30.57,2026-09-13,Aisle 02,ambient
Handcrafted Soan Papdi Box Family Pack,Satvik Naturals,SNAC-000843,890100639841,Snacks & Confectionery,107,bar,151.84,272.35,2026-12-18,Aisle 10,ambient
Aged Mint Lime Catla Fish Steaks 330ml,Royal Indian Milling,MEAT-000844,890100639842,Meat & Seafood,41,pack,385.60,486.79,2026-09-03,Aisle 05,chilled
Cold-Pressed Sea Salt Gulab Jamun Tin 50g,FarmGold Springs,SNAC-000845,890100639843,Snacks & Confectionery,29,tub,64.05,102.94,2027-03-16,Aisle 09,ambient
Authentic Caramelized Onion Roasted Makhana Foxnuts 2L,Fortune Springs,SNAC-000846,890100639844,Snacks & Confectionery,51,bar,292.16,369.46,2026-10-29,Aisle 09,ambient
Sun-Dried Matcha Green Tea Royal Basmati Rice 24-Pack,Kaveri Naturals,PANT-000847,890100639845,Pantry & Dry Goods,34,jar,502.46,744.53,2027-08-24,Aisle 08,ambient
Aged Cardamom Spiced Cold-Pressed Groundnut Oil 10-Pack,Ganga Naturals,PANT-000848,890100639846,Pantry & Dry Goods,250,box,57.63,73.04,2027-11-25,Aisle 06,ambient
Artisan Pav 6-Pack 50g,Pashmina Harvest,BAKE-000849,890100639847,Bakery & Deli,65,pcs,156.61,235.90,2026-08-29,Aisle 04,ambient
Extra-Virgin Tandoori Smoked Cold-Pressed Groundnut Oil 2L,Saffola Provisions,PANT-000850,890100639848,Pantry & Dry Goods,129,can,581.01,910.19,2027-01-10,Aisle 08,ambient
Cold-Pressed Himalayan Spring Water 8-Pack,Patanjali Agro,BEVE-000851,890100639849,Beverages,59,can,433.44,586.59,2026-10-15,Aisle 05,chilled
Golden Organic Sharbati Atta 2L,Vedic Fresh Farms,PANT-000852,890100639850,Pantry & Dry Goods,133,bag,732.93,1314.77,2027-12-08,Aisle 06,ambient
Homestyle Golden Ginger Garlic Naan Frozen 4pk 150g,Ganga Plantations,FROZ-000853,890100639851,Frozen Foods,225,bag,56.55,102.71,2027-04-11,Aisle 08,frozen
Valley Fresh Chicken Sausages 6-Pack,Himalayan Foods,MEAT-000854,890100639852,Meat & Seafood,59,kg,613.58,917.65,2026-08-29,Aisle 05,chilled
Crisp Filter Coffee Beans 250ml,Deccan Naturals,BEVE-000855,890100639853,Beverages,207,bag,183.31,262.47,2027-08-27,Aisle 06,ambient
Premium Boneless Chicken Breast Value Pack,Pure Vedic Goods,MEAT-000856,890100639854,Meat & Seafood,140,kg,605.56,1082.56,2026-08-27,Aisle 04,chilled
Valley Fresh Parmigiano-Reggiano 1kg,Nilgiri Dairy,DAIR-000857,890100639855,Dairy & Eggs,10,pack,275.51,448.90,2026-09-14,Aisle 03,chilled
Plant-Based Matcha Green Tea Sweet Potatoes 330ml,Patanjali Farms,FRES-000858,890100639856,Fresh Produce,39,kg,25.51,45.44,2026-08-29,Aisle 01,ambient
Smoked Cardamom Spiced Garlic Naan Frozen 4pk 350g,Patanjali Foods,FROZ-000859,890100639857,Frozen Foods,122,pack,238.61,435.69,2027-08-21,Aisle 08,frozen
Cold-Pressed Mint Lime Fresh Chicken Curry Cut 10-Pack,Fortune Mills,MEAT-000860,890100639858,Meat & Seafood,155,kg,812.70,1032.66,2026-09-01,Aisle 05,chilled
Homestyle Makhana Crunch Coriander Leaves 50g,Desi Organics Milling,FRES-000861,890100639859,Fresh Produce,7,pack,100.32,130.34,2026-09-07,Aisle 02,ambient
Raw Sweet Tamarind Cold Brew Coffee 10-Pack,Tata Kitchens,BEVE-000862,890100639860,Beverages,134,pack,205.14,331.74,2027-07-19,Aisle 05,chilled
Grass-Fed Makhana Crunch Fabric Softener Floral 150ml,Amul Botanicals,HOUS-000863,890100639861,Household & Personal Care,79,pack,72.13,118.33,2027-08-26,Aisle 12,ambient
Spiced Truffle Infused Raw Wildflower Honey 250ml,Urban Roots Plantations,PANT-000864,890100639862,Pantry & Dry Goods,24,jar,715.79,942.35,2027-11-03,Aisle 06,ambient
Artisan Kokum Sharbat 2L,Amul Naturals,BEVE-000865,890100639863,Beverages,4,bag,179.88,294.61,2027-01-28,Aisle 05,chilled
Spiced Floor Disinfectant Pine 8-Pack,Saffola Organics,HOUS-000866,890100639864,Household & Personal Care,7,packet,192.31,280.31,2028-05-04,Aisle 12,ambient
Pure Matcha Green Tea Ayurvedic Bath Soap 2kg,Ganga Dairy,HOUS-000867,890100639865,Household & Personal Care,26,packet,128.55,180.72,2027-12-13,Aisle 12,ambient
Country Style Goat Mince Premium 1L,Fortune Goods,MEAT-000868,890100639866,Meat & Seafood,122,pack,920.72,1291.60,2026-08-27,Aisle 05,chilled
Organic Caramelized Onion Bamboo Toothbrush 2pk 1.5L,Dabur Provisions,HOUS-000869,890100639867,Household & Personal Care,111,box,392.97,503.71,2027-09-28,Aisle 12,ambient
Natural Sweet Tamarind Butter Murukku 5L,Urban Roots Provisions,SNAC-000870,890100639868,Snacks & Confectionery,211,bar,82.87,104.86,2027-03-06,Aisle 09,ambient
Signature Truffle Infused Buffalo Milk 150g,FarmGold Kitchens,DAIR-000871,890100639869,Dairy & Eggs,213,pack,230.72,319.00,2026-09-18,Aisle 02,chilled
Unpolished Fruit Cake Slice 250ml,Heritage Foods,BAKE-000872,890100639870,Bakery & Deli,133,box,162.79,219.48,2026-09-04,Aisle 04,chilled
Valley Fresh Kulcha 4-Pack 100g,Saffola Botanicals,BAKE-000873,890100639871,Bakery & Deli,112,pcs,178.91,307.44,2026-09-04,Aisle 03,ambient
Farm-Fresh Nagpur Orange Cheese Croissant 750g,Everest Agro,BAKE-000874,890100639872,Bakery & Deli,186,pcs,276.69,389.03,2026-09-04,Aisle 04,ambient
Sun-Dried Pista Almond Urad Dal Whole 10-Pack,Everest Mills,PANT-000875,890100639873,Pantry & Dry Goods,216,bag,600.76,1087.76,2027-11-22,Aisle 06,ambient
Unpolished Organic Brown Sugar 1.5L,Heritage Co.,PANT-000876,890100639874,Pantry & Dry Goods,172,can,681.34,1095.04,2027-07-17,Aisle 07,ambient
Natural Caramelized Onion Jeera Masala Soda 400g,Organic Tattva Provisions,BEVE-000877,890100639875,Beverages,131,carton,167.47,241.20,2027-08-13,Aisle 06,chilled
Sun-Dried Soan Papdi Box Family Pack,Pashmina Goods,SNAC-000878,890100639876,Snacks & Confectionery,225,packet,323.11,451.40,2026-12-17,Aisle 10,ambient
Signature Kachi Ghani Mustard Biodegradable Garbage Bags 350g,Kaveri Agro,HOUS-000879,890100639877,Household & Personal Care,94,bottle,385.33,707.80,2027-07-21,Aisle 11,ambient
Traditional Cardamom Spiced Frozen Green Peas 200ml,Dabur Foods,FROZ-000880,890100639878,Frozen Foods,223,packet,77.07,129.56,2027-02-17,Aisle 08,frozen
Cold-Pressed Golden Ginger Almond Milk 5L,Royal Indian Agro,DAIR-000881,890100639879,Dairy & Eggs,189,packet,166.68,242.80,2026-09-09,Aisle 02,chilled
Spiced Alphonso Kulfi Tub 5L,Bhoomi Foods,FROZ-000882,890100639880,Frozen Foods,7,packet,125.94,193.22,2027-07-17,Aisle 09,frozen
Rustic Chamomile Herbal Tea 8-Pack,Tata Mills,BEVE-000883,890100639881,Beverages,217,box,170.14,246.34,2027-01-31,Aisle 05,ambient
Authentic Pista Almond Wood-Fired Veggie Pizza 200ml,Vedic Fresh Goods,FROZ-000884,890100639882,Frozen Foods,76,bag,102.43,177.49,2027-08-12,Aisle 09,frozen
Sweet Masala CTC Tea 1kg,Desi Organics Naturals,BEVE-000885,890100639883,Beverages,179,bottle,196.51,277.01,2027-08-04,Aisle 06,ambient
Golden Rose Infused Stainless Steel Scrubber 3pk 350g,Himalayan Agro,HOUS-000886,890100639884,Household & Personal Care,74,packet,502.66,648.22,2027-03-11,Aisle 12,ambient
Unpolished Veg Burger Patties 50g,Heritage Plantations,FROZ-000887,890100639885,Frozen Foods,105,box,109.50,181.58,2026-11-27,Aisle 09,frozen
Smoked Golden Ginger California Almonds 500ml,Green Earth Co.,SNAC-000888,890100639886,Snacks & Confectionery,206,box,115.75,159.87,2026-11-09,Aisle 10,ambient
Natural Soy Milk Protein 150ml,Bhoomi Botanicals,DAIR-000889,890100639887,Dairy & Eggs,239,carton,106.65,155.13,2026-09-01,Aisle 02,chilled
Gluten-Free Fabric Softener Floral 1.5L,Desi Organics Naturals,HOUS-000890,890100639888,Household & Personal Care,103,box,356.12,625.13,2029-05-10,Aisle 11,ambient
Golden Pasture Eggs Value Pack,SunBrite Naturals,DAIR-000891,890100639889,Dairy & Eggs,181,carton,478.44,686.62,2026-09-23,Aisle 02,chilled
Sweet Pista Almond Himalayan Spring Water 6-Pack,Deccan Dairy,BEVE-000892,890100639890,Beverages,145,bag,56.71,103.78,2027-08-25,Aisle 05,ambient
Plant-Based Dark Chocolate Paneer Block 250ml,FarmGold Plantations,DAIR-000893,890100639891,Dairy & Eggs,217,pack,359.33,471.45,2026-09-15,Aisle 03,chilled
Cured Dark Chocolate Kabuli Chana Large 10-Pack,Urban Roots Farms,PANT-000894,890100639892,Pantry & Dry Goods,175,jar,62.13,99.09,2028-03-26,Aisle 08,ambient
Premium 70% Dark Chocolate Bar 200g,Nilgiri Agro,SNAC-000895,890100639893,Snacks & Confectionery,137,pack,242.94,319.29,2027-01-21,Aisle 10,ambient
Grass-Fed Bagel Plain 4pk Snack Pack,Bhoomi Dairy,BAKE-000896,890100639894,Bakery & Deli,144,box,296.85,485.55,2026-09-03,Aisle 03,ambient
Farm-Fresh Cinnamon Spice Feta Cheese 1.5L,SunBrite Agro,DAIR-000897,890100639895,Dairy & Eggs,196,bottle,288.66,530.39,2026-09-09,Aisle 03,chilled
Natural Vanilla Bean Gulab Jamun Tin 200ml,Catch Kitchens,SNAC-000898,890100639896,Snacks & Confectionery,122,box,499.36,719.60,2027-06-08,Aisle 10,ambient
Extra-Virgin Ajwain & Jeera Jeera Masala Soda 2L,FarmGold Agro,BEVE-000899,890100639897,Beverages,22,can,47.72,80.51,2027-02-08,Aisle 05,ambient
Unpolished Chatpata Masala Organic Sharbati Atta 1L,Vedic Fresh Organics,PANT-000900,890100639898,Pantry & Dry Goods,70,packet,46.68,59.78,2027-01-31,Aisle 06,ambient
Desi Kesar Pista Organic Brown Sugar Snack Pack,Everest Naturals,PANT-000901,890100639899,Pantry & Dry Goods,28,bag,377.07,610.18,2027-03-28,Aisle 08,ambient
Select Fresh Mosambi Juice 2L,Ganga Organics,BEVE-000902,890100639900,Beverages,20,pack,235.56,346.11,2026-08-30,Aisle 05,ambient
Cold-Pressed Feta Cheese 250g,Ganga Botanicals,DAIR-000903,890100639901,Dairy & Eggs,214,box,83.21,113.24,2026-08-30,Aisle 02,chilled
Free-Range Pista Almond Toor Dal Premium Value Pack,Everest Goods,PANT-000904,890100639902,Pantry & Dry Goods,58,bottle,412.65,556.11,2027-09-10,Aisle 07,ambient
Farm-Fresh Matcha Green Tea French Fries Crispy 300g,Patanjali Organics,FROZ-000905,890100639903,Frozen Foods,111,bag,146.12,248.99,2027-02-08,Aisle 09,frozen
Rustic Frozen Veg Momos 200ml,Kaveri Farms,FROZ-000906,890100639904,Frozen Foods,114,box,103.89,191.82,2026-11-21,Aisle 09,frozen
Plant-Based Tandoori Smoked Raw Wildflower Honey 750ml,Dabur Kitchens,PANT-000907,890100639905,Pantry & Dry Goods,171,can,709.69,1012.72,2026-08-27,Aisle 07,ambient
Smoked Alphonso Mango Parmigiano-Reggiano 250g,Pure Vedic Springs,DAIR-000908,890100639906,Dairy & Eggs,107,box,471.47,833.15,2026-09-20,Aisle 02,chilled
Homestyle Sea Salt Filter Coffee Beans 500ml,Desi Organics Agro,BEVE-000909,890100639907,Beverages,60,box,103.45,144.99,2027-01-07,Aisle 06,chilled
Gourmet Sea Salt Salted Butter 500g,Organic Tattva Springs,DAIR-000910,890100639908,Dairy & Eggs,173,box,346.27,476.73,2026-08-27,Aisle 02,chilled
Raw Surface Floor Cleaner Rose 1kg,Catch Milling,HOUS-000911,890100639909,Household & Personal Care,205,packet,369.24,481.28,2027-10-04,Aisle 11,ambient
Royal Coconut Cream Poha Thick Flakes Family Pack,Ganga Milling,PANT-000912,890100639910,Pantry & Dry Goods,24,box,35.07,47.26,2027-09-16,Aisle 08,ambient
Pure Tulsi Honey Sweet Corn Kernels 1L,Tata Dairy,FROZ-000913,890100639911,Frozen Foods,171,box,190.28,248.83,2026-12-05,Aisle 09,frozen
Cured Cardamom Spiced Cold Brew Coffee 2kg,Organic Tattva Naturals,BEVE-000914,890100639912,Beverages,216,can,133.37,167.91,2026-09-11,Aisle 06,ambient
Artisan Jalapeno Lime Heavy Cream 250ml,FarmGold Agro,DAIR-000915,890100639913,Dairy & Eggs,165,tub,142.26,209.09,2026-09-18,Aisle 02,chilled
Gourmet Mosquito Vaporizer Refill 250ml,Green Earth Goods,HOUS-000916,890100639914,Household & Personal Care,80,pack,248.84,439.16,2027-03-23,Aisle 12,ambient
Unpolished Kashmiri Saffron Unsalted White Butter 1kg,Royal Indian Organics,DAIR-000917,890100639915,Dairy & Eggs,80,box,159.98,208.44,2026-08-16,Aisle 02,chilled
Signature Kesar Pista Boneless Chicken Breast 750g,Amul Dairy,MEAT-000918,890100639916,Meat & Seafood,220,pcs,638.62,1101.33,2026-09-03,Aisle 04,chilled
Plant-Based Sweet Tamarind Fresh Mint (Pudina) 10kg,Pashmina Plantations,FRES-000919,890100639917,Fresh Produce,78,pack,22.86,28.93,2026-08-29,Aisle 01,ambient
Homestyle Dark Chocolate Brownie Bites Snack Pack,Catch Springs,BAKE-000920,890100639918,Bakery & Deli,234,pack,214.75,289.02,2026-09-04,Aisle 03,chilled
Roasted Sweet Corn Kernels 2L,SunBrite Springs,FROZ-000921,890100639919,Frozen Foods,124,tub,204.76,263.94,2027-01-31,Aisle 08,frozen
Cold-Pressed Chana Dal Polished 1L,Desi Organics Provisions,PANT-000922,890100639920,Pantry & Dry Goods,71,box,343.34,614.37,2027-10-30,Aisle 06,ambient
Golden Tulsi Honey Fresh Mosambi Juice 200ml,Pashmina Farms,BEVE-000923,890100639921,Beverages,128,can,98.97,133.90,2027-06-19,Aisle 06,chilled
Cured Caramelized Onion Bitter Gourd (Karela) 2kg,Everest Milling,FRES-000924,890100639922,Fresh Produce,221,bunch,56.33,91.64,2026-08-29,Aisle 01,chilled
Golden Chaash / Buttermilk 250g,Pure Vedic Agro,DAIR-000925,890100639923,Dairy & Eggs,180,carton,471.15,754.09,2026-09-04,Aisle 03,chilled
Extra-Virgin Smoked Paprika Mutton Chops 750ml,Pure Vedic Botanicals,MEAT-000926,890100639924,Meat & Seafood,151,pack,918.02,1543.84,2026-09-01,Aisle 04,chilled
Unpolished Smoked Paprika Wood-Fired Veggie Pizza 200ml,Organic Tattva Farms,FROZ-000927,890100639925,Frozen Foods,77,packet,289.93,467.71,2027-06-20,Aisle 09,frozen
Aged Mint Lime Fresh Chicken Curry Cut 10-Pack,Himalayan Mills,MEAT-000928,890100639926,Meat & Seafood,164,kg,525.53,944.72,2026-08-29,Aisle 05,chilled
Pure Surmai Steaks 2kg,Vedic Fresh Co.,MEAT-000929,890100639927,Meat & Seafood,39,pcs,145.27,253.17,2026-08-31,Aisle 04,chilled
Plant-Based Bath Tissue 6-Pack 350g,Satvik Dairy,HOUS-000930,890100639928,Household & Personal Care,191,bottle,88.59,132.44,2028-06-14,Aisle 11,ambient
Gluten-Free Alphonso Mango Edamame Pods 24-Pack,Nature Harvest Springs,FROZ-000931,890100639929,Frozen Foods,241,pack,207.31,272.34,2027-06-18,Aisle 09,frozen
Pure Tandoori Smoked Cinnamon Swirl Buns 4-Pack,Ganga Kitchens,BAKE-000932,890100639930,Bakery & Deli,239,pack,274.25,441.61,2026-08-30,Aisle 03,chilled
Cold-Pressed Almond Milk 10-Pack,Kaveri Botanicals,DAIR-000933,890100639931,Dairy & Eggs,85,bottle,127.77,214.76,2026-09-05,Aisle 02,chilled
Sun-Dried Ajwain & Jeera Basa Fish Fillets 10kg,Amul Mills,MEAT-000934,890100639932,Meat & Seafood,80,kg,736.96,1181.13,2026-08-29,Aisle 04,chilled
Golden Kachi Ghani Mustard Filter Coffee Beans 10-Pack,Organic Tattva Milling,BEVE-000935,890100639933,Beverages,74,pack,107.01,135.15,2026-12-10,Aisle 06,ambient
Artisan Garlic & Herb Mutton Chops 1kg,Kaveri Botanicals,MEAT-000936,890100639934,Meat & Seafood,119,pack,929.07,1513.92,2026-09-01,Aisle 04,chilled
Gluten-Free Toasted Sesame Heavy Cream 150g,Desi Organics Harvest,DAIR-000937,890100639935,Dairy & Eggs,49,packet,292.05,516.09,2026-08-30,Aisle 02,chilled
Handcrafted Roasted Salted Cashews 750ml,Catch Goods,SNAC-000938,890100639936,Snacks & Confectionery,201,packet,290.35,511.88,2027-03-12,Aisle 10,ambient
Valley Fresh Makhana Crunch Roasted Makhana Foxnuts 250ml,FarmGold Foods,SNAC-000939,890100639937,Snacks & Confectionery,164,bar,384.60,540.02,2027-01-05,Aisle 10,ambient
Natural Nimbu Paani Soda 150ml,Urban Roots Mills,BEVE-000940,890100639938,Beverages,102,carton,37.75,47.76,2026-11-11,Aisle 05,chilled
Spiced Ajwain & Jeera Floor Disinfectant Pine Family Pack,Satvik Organics,HOUS-000941,890100639939,Household & Personal Care,199,packet,231.93,376.47,2028-01-29,Aisle 11,ambient
Plant-Based Garlic & Herb Greek Yogurt 2kg,Dabur Plantations,DAIR-000942,890100639940,Dairy & Eggs,29,pack,519.41,787.79,2026-09-23,Aisle 02,chilled
Heritage Spicy Peanut Chikki 330ml,Bhoomi Springs,SNAC-000943,890100639941,Snacks & Confectionery,195,bag,206.30,362.23,2027-03-29,Aisle 09,ambient
Gluten-Free Kachi Ghani Mustard Iced Lemon Tea 400g,Amul Botanicals,BEVE-000944,890100639942,Beverages,172,carton,426.27,633.13,2027-08-19,Aisle 06,chilled
Gluten-Free Truffle Infused Poha Thick Flakes 500ml,Royal Indian Botanicals,PANT-000945,890100639943,Pantry & Dry Goods,9,packet,476.27,624.83,2028-07-26,Aisle 08,ambient
Homestyle Boneless Chicken Breast Family Pack,Fortune Milling,MEAT-000946,890100639944,Meat & Seafood,88,pcs,560.70,739.14,2026-08-29,Aisle 05,chilled
Organic Lemon Pepper Chicken Frankfurters 150ml,Himalayan Kitchens,BAKE-000947,890100639945,Bakery & Deli,5,box,48.29,73.98,2026-08-28,Aisle 04,chilled
Pure Red Chilli & Garlic Lemons 330ml,Kaveri Springs,FRES-000948,890100639946,Fresh Produce,140,kg,33.52,57.97,2026-09-01,Aisle 02,ambient
Free-Range Kulcha 4-Pack 150g,Deccan Foods,BAKE-000949,890100639947,Bakery & Deli,195,box,166.74,282.19,2026-08-29,Aisle 03,chilled
Farm-Fresh Mint Lime Surface Floor Cleaner Rose 2kg,Catch Mills,HOUS-000950,890100639948,Household & Personal Care,181,packet,30.79,56.12,2027-08-21,Aisle 12,ambient
Desi Pav 6-Pack 1kg,Vedic Fresh Springs,BAKE-000951,890100639949,Bakery & Deli,222,pack,87.08,140.64,2026-09-09,Aisle 04,chilled
Sweet Garlic & Herb Oat Milk 400g,Heritage Organics,DAIR-000952,890100639950,Dairy & Eggs,208,tub,480.12,611.35,2026-08-30,Aisle 03,chilled
Roasted Coconut Cream Moong Dal Washed 2kg,Desi Organics Plantations,PANT-000953,890100639951,Pantry & Dry Goods,60,bottle,421.94,683.66,2028-07-12,Aisle 06,ambient
Homestyle Makhana Crunch Organic Rolled Oats 50g,Everest Mills,PANT-000954,890100639952,Pantry & Dry Goods,234,packet,465.74,670.80,2027-01-04,Aisle 07,ambient
Plant-Based Mint Lime Mustard Oil Kachi Ghani 150g,Nature Harvest Provisions,PANT-000955,890100639953,Pantry & Dry Goods,161,can,77.64,121.88,2026-08-29,Aisle 07,ambient
Valley Fresh Sparkling Mineral Water 330ml,Dabur Goods,BEVE-000956,890100639954,Beverages,218,bottle,33.31,52.04,2027-03-13,Aisle 05,chilled
Country Style Sparkling Mineral Water 24-Pack,Saffola Kitchens,BEVE-000957,890100639955,Beverages,187,pack,212.34,266.59,2027-01-15,Aisle 06,ambient
Artisan Truffle Infused Paneer Tikka Deli 5kg,Desi Organics Farms,BAKE-000958,890100639956,Bakery & Deli,112,pack,220.40,401.68,2026-09-06,Aisle 04,chilled
Desi Dark Chocolate Biodegradable Garbage Bags Snack Pack,Bhoomi Farms,HOUS-000959,890100639957,Household & Personal Care,207,tube,496.98,698.35,2028-04-13,Aisle 12,ambient
Premium Organic Rolled Oats 4-Pack,Kaveri Dairy,PANT-000960,890100639958,Pantry & Dry Goods,76,packet,582.27,771.50,2026-08-27,Aisle 08,ambient
Pure Kesar Pista Carrots Value Pack,Vedic Fresh Dairy,FRES-000961,890100639959,Fresh Produce,42,pack,120.13,193.17,2026-09-02,Aisle 01,ambient
Organic Mozzarella Shredded 200g,Satvik Farms,DAIR-000962,890100639960,Dairy & Eggs,191,carton,457.42,807.58,2026-08-30,Aisle 03,chilled
Handcrafted Alphonso Mango Toned Milk 750ml,Ganga Springs,DAIR-000963,890100639961,Dairy & Eggs,124,packet,256.37,426.86,2026-08-27,Aisle 03,chilled
Spiced Kesar Pista Smoked Chicken Slices 750g,Dabur Farms,BAKE-000964,890100639962,Bakery & Deli,108,pack,32.14,52.18,2026-09-09,Aisle 04,chilled
Traditional Tandoori Smoked Badam Milk Drink 12-Pack,Patanjali Botanicals,BEVE-000965,890100639963,Beverages,143,box,286.67,499.43,2026-08-29,Aisle 05,chilled
Golden Sea Salt Mozzarella Shredded 200ml,Pashmina Naturals,DAIR-000966,890100639964,Dairy & Eggs,118,packet,57.01,72.77,2026-09-25,Aisle 03,chilled
Cured Roma Tomatoes Family Pack,Urban Roots Milling,FRES-000967,890100639965,Fresh Produce,186,kg,53.64,77.71,2026-09-16,Aisle 01,ambient
Signature Ginger Kombucha 250ml,Desi Organics Mills,BEVE-000968,890100639966,Beverages,239,box,356.95,518.67,2027-02-06,Aisle 05,chilled
Raw Mint Lime Pink Himalayan Salt 1kg,Kaveri Plantations,PANT-000969,890100639967,Pantry & Dry Goods,230,can,307.83,507.42,2027-02-13,Aisle 06,ambient
Rustic Truffle Infused Filter Coffee Beans 10-Pack,Patanjali Botanicals,BEVE-000970,890100639968,Beverages,88,bottle,142.21,220.52,2027-07-09,Aisle 06,ambient
Select Pure Jaggery Powder (Gud) 400g,Himalayan Dairy,PANT-000971,890100639969,Pantry & Dry Goods,69,bottle,701.10,1022.43,2028-03-17,Aisle 06,ambient
Valley Fresh Lassi Mango Infused 2L,Organic Tattva Goods,DAIR-000972,890100639970,Dairy & Eggs,34,box,515.10,697.83,2026-09-11,Aisle 03,chilled
Extra-Virgin Fruit Cake Slice 200ml,Dabur Kitchens,BAKE-000973,890100639971,Bakery & Deli,43,box,88.62,145.28,2026-08-31,Aisle 03,ambient
Sun-Dried Strawberries 750ml,Urban Roots Provisions,FRES-000974,890100639972,Fresh Produce,15,pack,155.52,264.79,2026-09-13,Aisle 02,ambient
Roasted Chatpata Masala Parmigiano-Reggiano 8-Pack,Saffola Farms,DAIR-000975,890100639973,Dairy & Eggs,70,pack,198.77,291.25,2026-09-08,Aisle 02,chilled
Plant-Based Toasted Sesame Guavas 200ml,Mother Dairy Provisions,FRES-000976,890100639974,Fresh Produce,22,bag,128.59,160.91,2026-08-30,Aisle 02,chilled
Roasted Tulsi Honey Tiger Prawns Jumbo 1kg,Fortune Provisions,MEAT-000977,890100639975,Meat & Seafood,83,pcs,750.37,955.76,2026-08-31,Aisle 05,chilled
Extra-Virgin Tandoori Smoked Ciabatta Roll 250ml,Vedic Fresh Dairy,BAKE-000978,890100639976,Bakery & Deli,133,pack,298.22,413.42,2026-09-04,Aisle 04,chilled
Free-Range Smoked Paprika California Almonds 250g,Pashmina Farms,SNAC-000979,890100639977,Snacks & Confectionery,64,box,85.03,118.64,2027-02-20,Aisle 09,ambient
Valley Fresh Alphonso Mango Dishwash Gel Lemon 2-Pack,Tata Springs,HOUS-000980,890100639978,Household & Personal Care,222,packet,355.70,605.16,2026-08-20,Aisle 11,ambient
Heritage Cinnamon Spice Heavy Cream 750ml,Himalayan Co.,DAIR-000981,890100639979,Dairy & Eggs,69,tub,457.31,663.53,2026-09-09,Aisle 02,chilled
Wildcrafted Chicken Sausages 5kg,Amul Farms,MEAT-000982,890100639980,Meat & Seafood,102,pack,429.93,750.00,2026-08-29,Aisle 04,chilled
Unpolished Makhana Crunch Ayurvedic Bath Soap 2kg,Dabur Milling,HOUS-000983,890100639981,Household & Personal Care,236,tube,470.63,661.54,2028-12-28,Aisle 11,ambient
Pure Frozen Samosas 4-Pack,Green Earth Botanicals,FROZ-000984,890100639982,Frozen Foods,90,packet,157.85,235.04,2026-08-30,Aisle 09,frozen
Plant-Based Red Chilli & Garlic Stainless Steel Scrubber 3pk 1L,Vedic Fresh Springs,HOUS-000985,890100639983,Household & Personal Care,58,bottle,327.06,473.75,2027-10-09,Aisle 11,ambient
Gluten-Free Cheese Croissant 2L,FarmGold Goods,BAKE-000986,890100639984,Bakery & Deli,128,pcs,309.70,424.24,2026-08-22,Aisle 04,ambient
Stone-Ground Pista Almond Organic Brown Sugar 12-Pack,Organic Tattva Naturals,PANT-000987,890100639985,Pantry & Dry Goods,28,bag,81.19,145.46,2027-11-14,Aisle 06,ambient
Handcrafted Cinnamon Spice Chicken Keema 200g,Everest Springs,MEAT-000988,890100639986,Meat & Seafood,223,pack,360.20,592.66,2026-08-19,Aisle 05,chilled
Wildcrafted Sea Salt Multigrain Tortillas 1kg,Dabur Naturals,BAKE-000989,890100639987,Bakery & Deli,71,pack,287.71,374.57,2026-09-02,Aisle 03,chilled
Aged Buffalo Milk Value Pack,SunBrite Goods,DAIR-000990,890100639988,Dairy & Eggs,136,carton,394.04,720.92,2026-09-18,Aisle 02,chilled
Gluten-Free Nagpur Orange Floor Disinfectant Pine 8-Pack,Amul Foods,HOUS-000991,890100639989,Household & Personal Care,166,tube,441.75,633.24,2028-05-06,Aisle 11,ambient
Crisp Masala Chai Chana Dal Polished 1.5L,SunBrite Plantations,PANT-000992,890100639990,Pantry & Dry Goods,16,packet,671.25,1005.18,2026-12-04,Aisle 08,ambient
Handcrafted Makhana Crunch Fresh Rohu Fish 250g,Desi Organics Foods,MEAT-000993,890100639991,Meat & Seafood,95,pack,567.34,745.42,2026-09-02,Aisle 04,chilled
Signature Lassi Mango Infused 400g,Nilgiri Naturals,DAIR-000994,890100639992,Dairy & Eggs,241,packet,404.48,690.30,2026-09-20,Aisle 03,chilled
Heritage Dark Chocolate Ayurvedic Bath Soap 300g,Royal Indian Agro,HOUS-000995,890100639993,Household & Personal Care,99,tube,233.53,410.50,2027-11-26,Aisle 11,ambient
Traditional Mint Lime Aloo Tikki 8-Pack Value Pack,Nilgiri Farms,FROZ-000996,890100639994,Frozen Foods,186,box,371.66,654.44,2027-01-14,Aisle 09,frozen
Natural Cardamom Spiced Oranges Nagpur 200ml,FarmGold Farms,FRES-000997,890100639995,Fresh Produce,97,pack,41.36,65.36,2026-08-30,Aisle 02,ambient
Stone-Ground Ayurvedic Bath Soap 1kg,Amul Dairy,HOUS-000998,890100639996,Household & Personal Care,107,pack,462.66,736.64,2028-08-01,Aisle 11,ambient
Extra-Virgin Nagpur Orange Organic Rolled Oats 750g,Everest Kitchens,PANT-000999,890100639997,Pantry & Dry Goods,28,box,549.33,889.68,2028-02-27,Aisle 08,ambient
Grass-Fed Bagel Plain 4pk 250ml,SunBrite Milling,BAKE-001000,890100639998,Bakery & Deli,125,box,317.52,586.44,2026-09-08,Aisle 04,chilled
Sun-Dried Urad Dal Whole 6-Pack,Saffola Co.,PANT-001001,890100639999,Pantry & Dry Goods,144,can,250.32,424.80,2028-02-13,Aisle 08,ambient
Roasted Mustard Oil Kachi Ghani 750g,Desi Organics Provisions,PANT-001002,890100640000,Pantry & Dry Goods,6,jar,405.49,512.16,2026-12-26,Aisle 08,ambient
Zero-Sugar Truffle Infused Stainless Steel Scrubber 3pk 200g,Bhoomi Dairy,HOUS-001003,890100640001,Household & Personal Care,241,box,356.19,584.63,2028-12-06,Aisle 11,ambient
Zero-Sugar Golden Ginger Whole Wheat Atta Bread Snack Pack,Kaveri Kitchens,BAKE-001004,890100640002,Bakery & Deli,126,pack,260.50,465.61,2026-08-30,Aisle 04,chilled
Golden Garlic & Herb Dishwash Gel Lemon 200ml,Heritage Co.,HOUS-001005,890100640003,Household & Personal Care,77,pack,568.96,977.87,2027-03-19,Aisle 11,ambient
Premium Dark Chocolate French Fries Crispy 750ml,Dabur Dairy,FROZ-001006,890100640004,Frozen Foods,137,pack,49.09,70.10,2027-01-14,Aisle 09,frozen
Valley Fresh Alphonso Mango Goat Mince Premium 2L,Fortune Foods,MEAT-001007,890100640005,Meat & Seafood,92,kg,461.17,686.70,2026-09-01,Aisle 04,chilled
Extra-Virgin Truffle Infused Ginger Root 750ml,Ganga Mills,FRES-001008,890100640006,Fresh Produce,52,pack,70.19,112.28,2026-08-31,Aisle 02,chilled
Grass-Fed Kaju Katli Sweet Box 1.5L,Mother Dairy Foods,SNAC-001009,890100640007,Snacks & Confectionery,86,bar,359.55,639.00,2026-12-20,Aisle 10,ambient
Select Masala Chai Goat Mince Premium 2kg,Amul Springs,MEAT-001010,890100640008,Meat & Seafood,130,kg,279.75,399.08,2026-08-29,Aisle 05,chilled
Aged Dark Chocolate Mutton Curry Cut 750ml,Catch Farms,MEAT-001011,890100640009,Meat & Seafood,202,pcs,397.54,537.88,2026-08-29,Aisle 05,chilled
Spiced Ajwain & Jeera Sweet Corn Kernels 200ml,FarmGold Botanicals,FROZ-001012,890100640010,Frozen Foods,209,packet,208.43,342.11,2027-07-24,Aisle 09,frozen
Grass-Fed Badam Milk Drink 10-Pack,Ganga Springs,BEVE-001013,890100640011,Beverages,62,bottle,340.93,599.64,2027-08-06,Aisle 05,chilled
Golden Lemon Pepper Badam Milk Drink 8-Pack,Patanjali Foods,BEVE-001014,890100640012,Beverages,188,can,20.17,32.43,2027-07-03,Aisle 06,chilled
Heritage Red Chilli & Garlic Roasted Salted Cashews 5kg,Satvik Milling,SNAC-001015,890100640013,Snacks & Confectionery,105,bag,43.54,77.65,2027-01-04,Aisle 10,ambient
Sun-Dried Fresh Mint (Pudina) 400g,Patanjali Harvest,FRES-001016,890100640014,Fresh Produce,56,pack,28.39,51.87,2026-09-08,Aisle 02,ambient
Plant-Based Whole Wheat Atta Bread 1L,Nilgiri Co.,BAKE-001017,890100640015,Bakery & Deli,178,pack,182.33,263.16,2026-08-27,Aisle 03,ambient
Signature Tonic Water Premium 5L,Himalayan Springs,BEVE-001018,890100640016,Beverages,194,bag,222.34,321.38,2027-03-26,Aisle 05,chilled
Unpolished Pav 6-Pack 500ml,Kaveri Naturals,BAKE-001019,890100640017,Bakery & Deli,245,box,304.95,427.35,2026-08-28,Aisle 04,ambient
Valley Fresh Bananas 250g,Saffola Agro,FRES-001020,890100640018,Fresh Produce,133,kg,52.93,66.40,2026-08-31,Aisle 01,chilled
Low-Sodium Vanilla Bean Papayas 2-Pack,Satvik Provisions,FRES-001021,890100640019,Fresh Produce,21,pack,127.73,213.36,2026-09-16,Aisle 01,chilled
Roasted Truffle Infused Roasted Salted Cashews 750ml,Satvik Plantations,SNAC-001022,890100640020,Snacks & Confectionery,237,tub,474.24,841.98,2027-01-07,Aisle 10,ambient
Organic Kesar Pista Chaash / Buttermilk Snack Pack,Nature Harvest Botanicals,DAIR-001023,890100640021,Dairy & Eggs,214,bottle,288.47,395.68,2026-09-26,Aisle 02,chilled
Spiced Lemons 100g,Ganga Harvest,FRES-001024,890100640022,Fresh Produce,92,bunch,38.00,54.12,2026-08-29,Aisle 01,ambient
Rustic Mint Lime Veg Spring Rolls 10kg,Nature Harvest Milling,FROZ-001025,890100640023,Frozen Foods,227,bag,259.15,382.34,2027-07-15,Aisle 08,frozen
Heritage Sweet Tamarind Moong Dal Namkeen 4-Pack,Tata Farms,SNAC-001026,890100640024,Snacks & Confectionery,42,tub,364.68,667.57,2026-12-12,Aisle 10,ambient
Valley Fresh Coconut Cream Jeera Masala Soda 1.5L,Patanjali Plantations,BEVE-001027,890100640025,Beverages,21,carton,380.80,548.77,2027-08-17,Aisle 05,ambient
Authentic Coconut Cream Surmai Steaks 500g,Kaveri Harvest,MEAT-001028,890100640026,Meat & Seafood,208,pcs,804.03,1370.06,2026-09-01,Aisle 05,chilled
Authentic Gouda Block 10-Pack,Mother Dairy Mills,DAIR-001029,890100640027,Dairy & Eggs,107,pack,480.94,863.97,2026-08-31,Aisle 02,chilled
Unpolished Coconut Cream Mutton Curry Cut 750ml,Green Earth Foods,MEAT-001030,890100640028,Meat & Seafood,235,pack,455.51,800.20,2026-09-02,Aisle 04,chilled
Homestyle Tulsi Honey Bhujia Sev 300g,Pure Vedic Dairy,SNAC-001031,890100640029,Snacks & Confectionery,71,pack,62.52,99.04,2026-10-31,Aisle 10,ambient
Gluten-Free Tulsi Honey Tonic Water Premium 10-Pack,Organic Tattva Kitchens,BEVE-001032,890100640030,Beverages,187,box,421.69,617.78,2026-08-28,Aisle 06,chilled
Extra-Virgin Liquid Laundry Detergent 4-Pack,Everest Springs,HOUS-001033,890100640031,Household & Personal Care,131,tube,596.35,913.43,2027-10-08,Aisle 11,ambient
Organic Sea Salt Salted Butter 10-Pack,Kaveri Farms,DAIR-001034,890100640032,Dairy & Eggs,77,tub,38.31,50.86,2026-08-30,Aisle 02,chilled
Royal Edamame Pods 200g,Urban Roots Provisions,FROZ-001035,890100640033,Frozen Foods,74,pack,400.19,556.93,2027-03-12,Aisle 08,frozen
Rustic Chaash / Buttermilk 350g,Tata Farms,DAIR-001036,890100640034,Dairy & Eggs,154,box,204.57,298.43,2026-09-16,Aisle 03,chilled
Traditional Tandoori Smoked Frozen Samosas Snack Pack,Everest Farms,FROZ-001037,890100640035,Frozen Foods,101,pack,260.73,436.62,2026-08-30,Aisle 09,frozen
Zero-Sugar Granola Health Bars 2kg,Everest Plantations,SNAC-001038,890100640036,Snacks & Confectionery,235,bar,250.52,327.74,2027-02-21,Aisle 10,ambient
Stone-Ground Moong Dal Namkeen Snack Pack,Nature Harvest Milling,SNAC-001039,890100640037,Snacks & Confectionery,101,box,85.38,143.05,2027-06-21,Aisle 10,ambient
Select Tandoori Smoked Kokum Sharbat 400g,Mother Dairy Milling,BEVE-001040,890100640038,Beverages,182,box,48.20,85.95,2026-08-25,Aisle 06,ambient
Zero-Sugar Toasted Sesame Guava Chilli Juice 200ml,Catch Agro,BEVE-001041,890100640039,Beverages,145,bag,110.34,174.18,2026-11-24,Aisle 06,ambient
Aged Kachi Ghani Mustard Crab Meat Fresh Snack Pack,Himalayan Organics,MEAT-001042,890100640040,Meat & Seafood,102,pcs,313.26,423.65,2026-08-31,Aisle 04,chilled
Sweet Matcha Green Tea Tiger Prawns Jumbo 5L,Royal Indian Co.,MEAT-001043,890100640041,Meat & Seafood,4,kg,818.87,1268.57,2026-08-29,Aisle 05,chilled
Rustic 70% Dark Chocolate Bar 200ml,Everest Farms,SNAC-001044,890100640042,Snacks & Confectionery,199,tub,28.94,37.95,2026-11-08,Aisle 09,ambient
Spiced Jalapeno Lime Fresh Mosambi Juice 400g,Nilgiri Agro,BEVE-001045,890100640043,Beverages,203,box,96.61,140.26,2027-08-11,Aisle 06,chilled
Pure Chatpata Masala Ciabatta Roll 1.5L,Urban Roots Provisions,BAKE-001046,890100640044,Bakery & Deli,38,pack,305.34,548.62,2026-09-06,Aisle 04,chilled
Low-Sodium Mint Lime Lassi Mango Infused 150g,Royal Indian Agro,DAIR-001047,890100640045,Dairy & Eggs,92,box,156.32,212.69,2026-09-10,Aisle 03,chilled
Aged Cold-Pressed Groundnut Oil 750g,Satvik Botanicals,PANT-001048,890100640046,Pantry & Dry Goods,52,jar,341.89,484.80,2028-03-21,Aisle 06,ambient
Desi Basa Fish Fillets 200g,Catch Foods,MEAT-001049,890100640047,Meat & Seafood,204,kg,635.21,981.08,2026-08-29,Aisle 05,chilled
Traditional Rose Infused Clove & Mint Toothpaste 6-Pack,Everest Provisions,HOUS-001050,890100640048,Household & Personal Care,93,packet,282.31,466.78,2026-08-27,Aisle 11,ambient
Country Style Kesar Pista Biodegradable Garbage Bags 2L,SunBrite Goods,HOUS-001051,890100640049,Household & Personal Care,250,pack,174.27,226.85,2026-08-23,Aisle 12,ambient
Gourmet Organic Rolled Oats 500g,Organic Tattva Mills,PANT-001052,890100640050,Pantry & Dry Goods,51,box,541.36,692.61,2026-08-30,Aisle 06,ambient
Roasted Smoked Paprika Crab Meat Fresh 150ml,Mother Dairy Foods,MEAT-001053,890100640051,Meat & Seafood,116,pack,886.77,1619.57,2026-08-29,Aisle 05,chilled
Roasted Roma Tomatoes 150ml,Fortune Goods,FRES-001054,890100640052,Fresh Produce,98,bunch,121.37,166.12,2026-09-09,Aisle 02,chilled
Extra-Virgin Alphonso Mango Fresh Chicken Curry Cut 2L,Nilgiri Agro,MEAT-001055,890100640053,Meat & Seafood,235,pack,636.25,1155.72,2026-08-29,Aisle 04,chilled
Desi Caramelized Onion Salted Butter 150g,Desi Organics Plantations,DAIR-001056,890100640054,Dairy & Eggs,188,carton,318.56,562.17,2026-09-19,Aisle 03,chilled
Plant-Based Masala Chai Pink Himalayan Salt Snack Pack,Nature Harvest Dairy,PANT-001057,890100640055,Pantry & Dry Goods,162,bottle,466.58,713.70,2027-05-03,Aisle 06,ambient
Organic Jalapeno Lime Sparkling Mineral Water 350g,Himalayan Goods,BEVE-001058,890100640056,Beverages,48,box,426.24,538.75,2027-02-27,Aisle 06,chilled
Heritage Tulsi Honey Desi Cow Ghee 6-Pack,Tata Goods,DAIR-001059,890100640057,Dairy & Eggs,31,bottle,507.32,907.08,2026-09-26,Aisle 02,chilled
Pure Clove & Mint Toothpaste 300g,Himalayan Agro,HOUS-001060,890100640058,Household & Personal Care,241,packet,401.70,727.33,2028-02-12,Aisle 12,ambient
Signature Garlic & Herb Toor Dal Premium 10-Pack,Dabur Dairy,PANT-001061,890100640059,Pantry & Dry Goods,70,can,448.86,791.11,2027-11-26,Aisle 07,ambient
Rustic Coconut Cream Pomfret Whole 2-Pack,SunBrite Mills,MEAT-001062,890100640060,Meat & Seafood,28,pack,683.55,870.35,2026-09-03,Aisle 04,chilled
Cold-Pressed Sona Masoori Rice 5L,Everest Provisions,PANT-001063,890100640061,Pantry & Dry Goods,56,packet,128.30,175.04,2028-04-26,Aisle 08,ambient
Stone-Ground Edamame Pods Snack Pack,Royal Indian Goods,FROZ-001064,890100640062,Frozen Foods,184,bag,77.78,139.91,2027-07-19,Aisle 08,frozen
Unpolished Cheese Croissant 6-Pack,Himalayan Kitchens,BAKE-001065,890100640063,Bakery & Deli,209,pack,211.02,310.61,2026-09-01,Aisle 04,ambient
Raw Pav 6-Pack 10kg,Royal Indian Farms,BAKE-001066,890100640064,Bakery & Deli,73,pack,64.58,102.53,2026-09-02,Aisle 04,chilled
Authentic Iced Lemon Tea 250ml,Nilgiri Co.,BEVE-001067,890100640065,Beverages,62,bottle,181.31,331.61,2026-12-05,Aisle 05,chilled
Free-Range Chicken Sausages 500g,Tata Kitchens,MEAT-001068,890100640066,Meat & Seafood,136,kg,705.34,1251.07,2026-09-02,Aisle 05,chilled
Cold-Pressed Fish Fingers Frozen 330ml,Kaveri Springs,FROZ-001069,890100640067,Frozen Foods,181,pack,392.09,519.37,2027-01-04,Aisle 09,frozen
Valley Fresh Vanilla Bean Yukon Gold Potatoes 2-Pack,Satvik Farms,FRES-001070,890100640068,Fresh Produce,55,bag,110.63,171.06,2026-09-08,Aisle 01,ambient
Raw Dark Chocolate Soan Papdi Box 750g,Pure Vedic Mills,SNAC-001071,890100640069,Snacks & Confectionery,41,box,419.30,627.86,2026-08-15,Aisle 09,ambient
Grass-Fed Brioche Burger Buns 250ml,Fortune Farms,BAKE-001072,890100640070,Bakery & Deli,45,pcs,33.41,41.93,2026-08-30,Aisle 04,chilled
Signature Red Chilli & Garlic Bhujia Sev 1kg,Heritage Mills,SNAC-001073,890100640071,Snacks & Confectionery,84,box,71.89,101.70,2027-05-05,Aisle 10,ambient
Spiced Banana Chips Kerala Style 750ml,Pure Vedic Plantations,SNAC-001074,890100640072,Snacks & Confectionery,65,tub,307.22,464.50,2026-10-30,Aisle 10,ambient
Extra-Virgin Garlic & Herb Avocados 6-Pack,Pure Vedic Plantations,FRES-001075,890100640073,Fresh Produce,34,pcs,56.57,97.73,2026-09-09,Aisle 02,ambient
Farm-Fresh Masala Chai Toor Dal Premium 150ml,Bhoomi Dairy,PANT-001076,890100640074,Pantry & Dry Goods,38,bottle,525.41,828.85,2028-05-25,Aisle 07,ambient
Spiced Caramelized Onion Gourmet Cookies Choco-Chip 750g,Himalayan Mills,SNAC-001077,890100640075,Snacks & Confectionery,67,tub,426.84,572.99,2026-08-20,Aisle 09,ambient
Raw Ajwain & Jeera Chicken Keema 5kg,Catch Agro,MEAT-001078,890100640076,Meat & Seafood,227,kg,221.06,332.80,2026-08-31,Aisle 05,chilled
Farm-Fresh Rose Infused Badam Milk Drink 1L,Amul Farms,BEVE-001079,890100640077,Beverages,185,can,289.88,442.90,2027-07-13,Aisle 06,chilled
Desi Curd Tub (Dahi) 10kg,Desi Organics Kitchens,DAIR-001080,890100640078,Dairy & Eggs,20,packet,320.13,591.98,2026-09-18,Aisle 03,chilled
Low-Sodium Coconut Cream Guava Chilli Juice 500ml,Mother Dairy Botanicals,BEVE-001081,890100640079,Beverages,163,can,197.41,299.10,2027-02-03,Aisle 06,ambient
Plant-Based Kesar Pista Greek Yogurt 12-Pack,Ganga Dairy,DAIR-001082,890100640080,Dairy & Eggs,192,tub,34.87,56.22,2026-09-14,Aisle 03,chilled
Aged Toor Dal Premium 1L,Urban Roots Co.,PANT-001083,890100640081,Pantry & Dry Goods,183,bottle,376.81,618.10,2027-09-17,Aisle 07,ambient
Pure Aloo Tikki 8-Pack 300g,Everest Goods,FROZ-001084,890100640082,Frozen Foods,158,tub,336.53,453.07,2026-08-26,Aisle 08,frozen
Aged Red Chilli & Garlic Butter Croissants Value Pack,Deccan Dairy,BAKE-001085,890100640083,Bakery & Deli,54,pack,285.47,497.59,2026-08-15,Aisle 04,ambient
Golden Chicken Drumsticks 12-Pack,Satvik Foods,MEAT-001086,890100640084,Meat & Seafood,175,pack,275.54,493.61,2026-09-02,Aisle 04,chilled
Smoked Frozen Paneer Cubes 1L,Royal Indian Harvest,FROZ-001087,890100640085,Frozen Foods,143,packet,304.72,457.30,2026-11-02,Aisle 09,frozen
Valley Fresh Vanilla Bean Coconut Milk Canned 1kg,Kaveri Mills,PANT-001088,890100640086,Pantry & Dry Goods,217,packet,391.18,639.09,2026-12-14,Aisle 06,ambient
Low-Sodium Carrots 2L,Vedic Fresh Milling,FRES-001089,890100640087,Fresh Produce,134,pcs,55.26,76.62,2026-09-03,Aisle 01,chilled
Valley Fresh Pineapples 100g,Saffola Naturals,FRES-001090,890100640088,Fresh Produce,158,bunch,137.73,249.56,2026-09-01,Aisle 02,ambient
Smoked Dark Chocolate Poha Thick Flakes 150g,Tata Provisions,PANT-001091,890100640089,Pantry & Dry Goods,56,bottle,735.37,1034.67,2028-03-12,Aisle 08,ambient
Valley Fresh Nagpur Orange Pita Bread 100g,Heritage Naturals,BAKE-001092,890100640090,Bakery & Deli,25,box,103.51,160.23,2026-09-10,Aisle 03,ambient
Unpolished Apple Cider Vinegar Drink 2L,SunBrite Plantations,BEVE-001093,890100640091,Beverages,233,pack,271.45,404.27,2027-06-07,Aisle 05,chilled
Sun-Dried Goat Mince Premium 500g,SunBrite Kitchens,MEAT-001094,890100640092,Meat & Seafood,5,pack,528.97,832.36,2026-09-01,Aisle 05,chilled
Heritage Moong Dal Washed 200ml,Dabur Plantations,PANT-001095,890100640093,Pantry & Dry Goods,110,packet,530.02,681.63,2028-08-10,Aisle 06,ambient
Smoked Avocados 350g,Patanjali Agro,FRES-001096,890100640094,Fresh Produce,57,bag,39.51,58.97,2026-09-03,Aisle 02,ambient
Gluten-Free Catla Fish Steaks 8-Pack,Everest Provisions,MEAT-001097,890100640095,Meat & Seafood,107,pack,469.70,816.03,2026-08-29,Aisle 04,chilled
Roasted Cinnamon Spice Veg Burger Patties 300g,Amul Foods,FROZ-001098,890100640096,Frozen Foods,158,box,381.50,582.83,2027-06-17,Aisle 09,frozen
Free-Range Lemon Pepper Brioche Burger Buns 200g,Urban Roots Springs,BAKE-001099,890100640097,Bakery & Deli,196,box,121.64,158.54,2026-09-08,Aisle 03,ambient
Roasted Kaju Katli Sweet Box 250ml,Saffola Farms,SNAC-001100,890100640098,Snacks & Confectionery,60,packet,259.58,384.28,2027-02-18,Aisle 10,ambient
Select Pita Bread Value Pack,Royal Indian Mills,BAKE-001101,890100640099,Bakery & Deli,46,pcs,166.33,280.75,2026-09-01,Aisle 04,chilled
Natural Sweet Tamarind Jeera Masala Soda Snack Pack,FarmGold Goods,BEVE-001102,890100640100,Beverages,42,pack,173.19,255.47,2026-10-06,Aisle 06,chilled
Stone-Ground Ricotta Fresh 400g,Mother Dairy Plantations,DAIR-001103,890100640101,Dairy & Eggs,226,pack,180.13,313.91,2026-09-07,Aisle 02,chilled
Plant-Based Ajwain & Jeera Fabric Softener Floral 8-Pack,Himalayan Foods,HOUS-001104,890100640102,Household & Personal Care,43,packet,557.70,720.58,2026-08-17,Aisle 12,ambient
Traditional Cardamom Spiced Fresh Methi 350g,Dabur Milling,FRES-001105,890100640103,Fresh Produce,191,bag,66.54,115.91,2026-08-31,Aisle 02,chilled
Country Style Caramelized Onion Biodegradable Garbage Bags 2-Pack,Heritage Organics,HOUS-001106,890100640104,Household & Personal Care,37,tube,108.17,188.18,2028-08-19,Aisle 12,ambient
Natural Kesar Pista Masala Potato Chips 200g,Amul Kitchens,SNAC-001107,890100640105,Snacks & Confectionery,70,pack,434.40,561.50,2026-12-15,Aisle 09,ambient
Select Seedless Grapes 2-Pack,Ganga Mills,FRES-001108,890100640106,Fresh Produce,195,bag,70.67,129.87,2026-09-13,Aisle 02,ambient
Zero-Sugar Custard Apple (Sitaphal) Family Pack,Desi Organics Naturals,FRES-001109,890100640107,Fresh Produce,217,bunch,36.45,48.83,2026-09-01,Aisle 01,ambient
Premium Kashmiri Saffron Paneer Tikka Deli 200g,FarmGold Organics,BAKE-001110,890100640108,Bakery & Deli,38,box,302.13,399.18,2026-09-02,Aisle 03,chilled
Crisp Ajwain & Jeera Filter Coffee Beans 2-Pack,Saffola Naturals,BEVE-001111,890100640109,Beverages,181,bag,87.03,153.44,2027-06-05,Aisle 05,chilled
Free-Range Frozen Veg Momos 8-Pack,Vedic Fresh Organics,FROZ-001112,890100640110,Frozen Foods,129,bag,347.58,495.30,2027-07-19,Aisle 08,frozen
Golden Toasted Sesame Biodegradable Garbage Bags 50g,Satvik Goods,HOUS-001113,890100640111,Household & Personal Care,35,tube,498.24,728.49,2028-08-26,Aisle 11,ambient
Heritage Kashmiri Saffron Moong Dal Washed 4-Pack,Deccan Foods,PANT-001114,890100640112,Pantry & Dry Goods,69,can,560.73,957.01,2028-05-06,Aisle 06,ambient
Gluten-Free Cardamom Spiced Edamame Pods 2-Pack,Pashmina Foods,FROZ-001115,890100640113,Frozen Foods,42,packet,210.36,264.57,2027-08-24,Aisle 09,frozen
Stone-Ground Frozen Paneer Cubes 750ml,Nature Harvest Naturals,FROZ-001116,890100640114,Frozen Foods,236,tub,284.32,414.50,2027-04-26,Aisle 08,frozen
Unpolished Sea Salt Boneless Chicken Breast 100g,Everest Foods,MEAT-001117,890100640115,Meat & Seafood,243,pcs,593.86,788.60,2026-08-29,Aisle 05,chilled
Aged Red Chilli & Garlic Papayas 500g,Heritage Organics,FRES-001118,890100640116,Fresh Produce,29,pack,35.58,56.81,2026-09-07,Aisle 02,ambient
Crisp Chatpata Masala Dishwash Gel Lemon 2L,Green Earth Organics,HOUS-001119,890100640117,Household & Personal Care,168,box,532.62,865.89,2026-08-27,Aisle 12,ambient
Rustic Golden Ginger Dry Fruits Trail Mix 330ml,Amul Farms,SNAC-001120,890100640118,Snacks & Confectionery,128,pack,213.71,380.08,2027-05-12,Aisle 09,ambient
Crisp Chicken Salami 350g,FarmGold Mills,BAKE-001121,890100640119,Bakery & Deli,250,pack,39.77,66.94,2026-08-29,Aisle 04,chilled
Country Style Fish Fingers Frozen 750g,Pure Vedic Goods,FROZ-001122,890100640120,Frozen Foods,119,bag,399.92,679.68,2026-11-04,Aisle 08,frozen
Natural Sea Salt Kitchen Paper Towels 4-Roll 350g,Mother Dairy Mills,HOUS-001123,890100640121,Household & Personal Care,85,bottle,128.58,219.89,2028-09-17,Aisle 11,ambient
Rustic Smoked Paprika Oranges Nagpur Family Pack,SunBrite Agro,FRES-001124,890100640122,Fresh Produce,59,pack,128.99,235.16,2026-09-11,Aisle 01,ambient
Select Tender Coconut Water 500ml,Desi Organics Farms,BEVE-001125,890100640123,Beverages,140,bag,149.09,250.47,2027-07-20,Aisle 06,chilled
Rustic Buffalo Milk 330ml,Dabur Co.,DAIR-001126,890100640124,Dairy & Eggs,249,box,62.87,110.45,2026-09-13,Aisle 02,chilled
Grass-Fed Caramelized Onion Tiger Prawns Jumbo 10-Pack,Everest Goods,MEAT-001127,890100640125,Meat & Seafood,52,kg,275.03,467.83,2026-09-02,Aisle 05,chilled
Raw Chatpata Masala Masala CTC Tea 2L,Satvik Foods,BEVE-001128,890100640126,Beverages,219,bottle,230.32,364.50,2027-03-01,Aisle 05,chilled
Smoked Surface Floor Cleaner Rose 24-Pack,Organic Tattva Botanicals,HOUS-001129,890100640127,Household & Personal Care,199,pack,229.22,367.17,2028-05-09,Aisle 12,ambient
Golden Stainless Steel Scrubber 3pk Value Pack,Himalayan Goods,HOUS-001130,890100640128,Household & Personal Care,118,tube,330.45,481.30,2026-08-24,Aisle 11,ambient
Authentic Mustard Oil Kachi Ghani 24-Pack,Amul Provisions,PANT-001131,890100640129,Pantry & Dry Goods,244,jar,106.04,144.58,2027-05-03,Aisle 06,ambient
Rustic Chatpata Masala Masala CTC Tea 1L,Fortune Kitchens,BEVE-001132,890100640130,Beverages,41,carton,56.71,77.18,2026-10-09,Aisle 06,ambient
Cured Alphonso Mango Boneless Chicken Breast Snack Pack,Kaveri Botanicals,MEAT-001133,890100640131,Meat & Seafood,241,pack,931.28,1568.76,2026-09-02,Aisle 05,chilled
Desi Lemons 5L,Green Earth Provisions,FRES-001134,890100640132,Fresh Produce,203,bunch,89.66,139.21,2026-08-30,Aisle 01,chilled
Pure Masala Chai Atlantic Salmon Fillet 250ml,Fortune Goods,MEAT-001135,890100640133,Meat & Seafood,242,pack,927.97,1667.95,2026-09-02,Aisle 05,chilled
Desi Paneer Paratha Frozen 1.5L,FarmGold Kitchens,FROZ-001136,890100640134,Frozen Foods,70,pack,214.03,336.87,2026-12-24,Aisle 08,frozen
Crisp Toasted Sesame Edamame Pods 100g,Organic Tattva Botanicals,FROZ-001137,890100640135,Frozen Foods,196,box,182.33,269.52,2027-06-21,Aisle 09,frozen
Desi Bagel Plain 4pk 50g,Organic Tattva Organics,BAKE-001138,890100640136,Bakery & Deli,98,pack,249.58,370.90,2026-09-10,Aisle 03,ambient
Cold-Pressed Smoked Paprika Iced Lemon Tea 400g,Everest Agro,BEVE-001139,890100640137,Beverages,176,pack,254.23,409.97,2027-01-19,Aisle 05,chilled
Sweet Atlantic Salmon Fillet 150ml,Bhoomi Agro,MEAT-001140,890100640138,Meat & Seafood,124,kg,205.85,283.09,2026-09-01,Aisle 05,chilled
Organic Garlic & Herb Pink Himalayan Salt 300g,Ganga Botanicals,PANT-001141,890100640139,Pantry & Dry Goods,134,bottle,720.21,1068.23,2027-05-18,Aisle 07,ambient
Low-Sodium Nagpur Orange Kaju Katli Sweet Box 1kg,Catch Naturals,SNAC-001142,890100640140,Snacks & Confectionery,235,tub,226.52,400.12,2026-11-25,Aisle 10,ambient
Country Style Fresh Rohu Fish 250g,Royal Indian Harvest,MEAT-001143,890100640141,Meat & Seafood,192,pcs,425.77,680.60,2026-08-30,Aisle 05,chilled
Traditional Chicken Drumsticks 500ml,Mother Dairy Milling,MEAT-001144,890100640142,Meat & Seafood,217,pack,325.60,475.29,2026-08-29,Aisle 05,chilled
Traditional Malai Kulfi Bar 50g,Patanjali Provisions,FROZ-001145,890100640143,Frozen Foods,226,box,122.99,172.20,2027-06-30,Aisle 09,frozen
Pure Vanilla Bean Seedless Grapes 750g,Satvik Co.,FRES-001146,890100640144,Fresh Produce,22,bunch,105.71,164.28,2026-09-03,Aisle 01,chilled
Royal Pure Jaggery Powder (Gud) 12-Pack,Nature Harvest Mills,PANT-001147,890100640145,Pantry & Dry Goods,235,can,215.82,299.03,2028-05-22,Aisle 06,ambient
Roasted Crab Meat Fresh 150g,Green Earth Harvest,MEAT-001148,890100640146,Meat & Seafood,91,kg,741.49,1364.40,2026-09-01,Aisle 05,chilled
Unpolished Garlic & Herb Alphonso Kulfi Tub 750ml,Urban Roots Organics,FROZ-001149,890100640147,Frozen Foods,35,packet,341.41,480.04,2027-01-28,Aisle 09,frozen
Plant-Based Cinnamon Spice Sona Masoori Rice 150g,Green Earth Dairy,PANT-001150,890100640148,Pantry & Dry Goods,130,can,347.21,526.80,2027-05-07,Aisle 08,ambient
Royal Rose Infused Cashew Paste Curry Base 300g,Vedic Fresh Agro,PANT-001151,890100640149,Pantry & Dry Goods,102,box,386.36,555.33,2027-12-31,Aisle 08,ambient
Desi Boneless Chicken Breast 24-Pack,Everest Provisions,MEAT-001152,890100640150,Meat & Seafood,122,kg,230.83,315.65,2026-09-03,Aisle 05,chilled
Crisp Tender Coconut Water 350g,Ganga Harvest,BEVE-001153,890100640151,Beverages,18,carton,204.07,369.95,2026-10-09,Aisle 06,chilled
Signature Liquid Laundry Detergent 6-Pack,Heritage Harvest,HOUS-001154,890100640152,Household & Personal Care,67,pack,539.85,749.87,2028-07-24,Aisle 12,ambient
Crisp Vanilla Bean Ladyfinger (Bhindi) 5kg,Saffola Organics,FRES-001155,890100640153,Fresh Produce,154,bunch,114.84,149.06,2026-09-06,Aisle 02,chilled
Homestyle Pink Himalayan Salt 350g,Patanjali Goods,PANT-001156,890100640154,Pantry & Dry Goods,144,jar,356.74,648.21,2028-06-19,Aisle 06,ambient
Farm-Fresh Tandoori Smoked Wood-Fired Veggie Pizza 2-Pack,Everest Milling,FROZ-001157,890100640155,Frozen Foods,113,bag,335.69,534.32,2027-06-07,Aisle 08,frozen
Authentic Kesar Pista Cold-Pressed Groundnut Oil 200ml,Dabur Milling,PANT-001158,890100640156,Pantry & Dry Goods,167,bag,314.97,473.11,2027-04-29,Aisle 08,ambient
Raw Smoked Paprika Fresh Rohu Fish 500ml,Pure Vedic Provisions,MEAT-001159,890100640157,Meat & Seafood,107,pcs,150.21,250.56,2026-08-31,Aisle 05,chilled
Handcrafted Hash Browns 6pk 4-Pack,Mother Dairy Springs,FROZ-001160,890100640158,Frozen Foods,246,packet,402.87,504.32,2026-11-30,Aisle 09,frozen
Wildcrafted Ajwain & Jeera French Fries Crispy 5kg,Deccan Springs,FROZ-001161,890100640159,Frozen Foods,135,packet,416.26,569.50,2027-01-06,Aisle 09,frozen
Gluten-Free Frozen Samosas 5L,Heritage Foods,FROZ-001162,890100640160,Frozen Foods,126,bag,418.53,582.06,2027-04-13,Aisle 09,frozen
Sweet Alphonso Mango Aloo Tikki 8-Pack 50g,Kaveri Naturals,FROZ-001163,890100640161,Frozen Foods,150,packet,111.59,185.51,2027-06-17,Aisle 08,frozen
Signature Soy Milk Protein 8-Pack,Amul Dairy,DAIR-001164,890100640162,Dairy & Eggs,56,pack,367.61,473.46,2026-08-31,Aisle 03,chilled
Grass-Fed Hash Browns 6pk 500g,Pure Vedic Organics,FROZ-001165,890100640163,Frozen Foods,24,box,263.96,414.84,2027-06-05,Aisle 08,frozen
Whole-Grain Avocados 1.5L,Saffola Provisions,FRES-001166,890100640164,Fresh Produce,247,pcs,21.00,37.12,2026-09-14,Aisle 01,chilled
Heritage Caramelized Onion Cream Cheese 2-Pack,Desi Organics Co.,DAIR-001167,890100640165,Dairy & Eggs,93,pack,504.15,687.22,2026-09-14,Aisle 03,chilled
Sweet Banana Chips Kerala Style 10kg,Bhoomi Farms,SNAC-001168,890100640166,Snacks & Confectionery,233,tub,538.47,684.39,2027-05-17,Aisle 10,ambient
Stone-Ground Lemon Pepper Granola Health Bars 400g,Vedic Fresh Milling,SNAC-001169,890100640167,Snacks & Confectionery,68,bar,374.82,638.33,2027-05-26,Aisle 09,ambient
Raw Butter Murukku 330ml,Vedic Fresh Provisions,SNAC-001170,890100640168,Snacks & Confectionery,147,bar,341.69,548.85,2027-04-15,Aisle 09,ambient
Artisan Sweet Corn Kernels 6-Pack,Catch Botanicals,FROZ-001171,890100640169,Frozen Foods,95,box,342.84,474.96,2026-08-29,Aisle 09,frozen
Stone-Ground Paneer Tikka Deli 2kg,Amul Kitchens,BAKE-001172,890100640170,Bakery & Deli,203,pcs,249.98,424.47,2026-09-09,Aisle 03,chilled
Royal Garlic & Herb Roasted Salted Cashews 750ml,Nature Harvest Provisions,SNAC-001173,890100640171,Snacks & Confectionery,135,tub,491.02,733.39,2026-08-30,Aisle 10,ambient
Zero-Sugar Avocados 150g,Catch Provisions,FRES-001174,890100640172,Fresh Produce,62,pcs,23.57,36.69,2026-08-31,Aisle 02,chilled
Rustic Squid Rings Cleaned 300g,Pashmina Co.,MEAT-001175,890100640173,Meat & Seafood,18,pcs,397.19,567.05,2026-08-30,Aisle 04,chilled
Homestyle Pista Almond Lassi Mango Infused 8-Pack,Patanjali Agro,DAIR-001176,890100640174,Dairy & Eggs,139,box,400.54,536.48,2026-09-23,Aisle 03,chilled
Authentic Veg Spring Rolls 5L,Vedic Fresh Springs,FROZ-001177,890100640175,Frozen Foods,145,tub,90.41,161.37,2027-02-07,Aisle 09,frozen
Gourmet Pista Almond Chicken Keema 2-Pack,Satvik Agro,MEAT-001178,890100640176,Meat & Seafood,50,kg,736.63,1114.06,2026-08-31,Aisle 05,chilled
Royal Chatpata Masala Boneless Chicken Breast 1L,Patanjali Naturals,MEAT-001179,890100640177,Meat & Seafood,112,kg,445.39,768.76,2026-08-29,Aisle 05,chilled
Rustic Stainless Steel Scrubber 3pk 750g,Dabur Dairy,HOUS-001180,890100640178,Household & Personal Care,217,pack,356.14,604.65,2027-12-20,Aisle 12,ambient
Zero-Sugar Parmigiano-Reggiano 6-Pack,Patanjali Foods,DAIR-001181,890100640179,Dairy & Eggs,124,box,88.47,132.21,2026-09-04,Aisle 03,chilled
Heritage Fresh Chicken Curry Cut Value Pack,Dabur Naturals,MEAT-001182,890100640180,Meat & Seafood,211,pcs,410.12,669.63,2026-09-02,Aisle 05,chilled
Crisp Veg Burger Patties 5kg,Mother Dairy Goods,FROZ-001183,890100640181,Frozen Foods,186,pack,331.05,453.89,2026-08-27,Aisle 08,frozen
Select Red Chilli & Garlic Bananas 200g,Green Earth Milling,FRES-001184,890100640182,Fresh Produce,94,bag,108.89,178.94,2026-09-08,Aisle 02,chilled
Extra-Virgin Makhana Crunch Sweet Corn Kernels 4-Pack,Nilgiri Botanicals,FROZ-001185,890100640183,Frozen Foods,133,bag,169.46,275.48,2026-11-29,Aisle 08,frozen
Handcrafted Makhana Crunch Fish Fingers Frozen 400g,Vedic Fresh Organics,FROZ-001186,890100640184,Frozen Foods,175,box,319.08,485.86,2026-08-22,Aisle 08,frozen
Crisp Multigrain Tortillas Family Pack,Heritage Milling,BAKE-001187,890100640185,Bakery & Deli,114,pcs,181.93,259.34,2026-09-03,Aisle 04,chilled
Smoked Cinnamon Spice Moong Dal Washed 5L,FarmGold Naturals,PANT-001188,890100640186,Pantry & Dry Goods,97,jar,368.68,645.59,2028-08-16,Aisle 07,ambient
Sweet Whole Wheat Atta Bread 10-Pack,Pashmina Organics,BAKE-001189,890100640187,Bakery & Deli,95,pack,294.78,491.85,2026-09-10,Aisle 04,chilled
Handcrafted Dark Chocolate Boneless Chicken Breast 250g,Urban Roots Organics,MEAT-001190,890100640188,Meat & Seafood,14,pcs,827.25,1249.28,2026-09-03,Aisle 05,chilled
Raw Papayas 4-Pack,Saffola Mills,FRES-001191,890100640189,Fresh Produce,95,pcs,121.17,200.42,2026-09-15,Aisle 02,ambient
Extra-Virgin Coconut Cream Lassi Mango Infused 10-Pack,Green Earth Organics,DAIR-001192,890100640190,Dairy & Eggs,193,packet,88.97,161.86,2026-08-25,Aisle 02,chilled
Smoked Smoked Paprika Strawberries 500ml,Fortune Plantations,FRES-001193,890100640191,Fresh Produce,11,pcs,55.65,93.00,2026-08-29,Aisle 02,ambient
Wildcrafted Mint Lime Ciabatta Roll 200ml,Catch Farms,BAKE-001194,890100640192,Bakery & Deli,37,pcs,118.54,175.05,2026-09-02,Aisle 03,chilled
Royal Cold-Pressed Groundnut Oil 12-Pack,Mother Dairy Botanicals,PANT-001195,890100640193,Pantry & Dry Goods,249,bottle,152.07,220.73,2026-08-29,Aisle 08,ambient
Gourmet Kitchen Paper Towels 4-Roll 400g,Catch Organics,HOUS-001196,890100640194,Household & Personal Care,94,pack,293.21,507.56,2028-11-09,Aisle 12,ambient
Valley Fresh Matcha Green Tea Frozen Green Peas 24-Pack,Pashmina Co.,FROZ-001197,890100640195,Frozen Foods,83,packet,198.66,366.65,2027-08-11,Aisle 09,frozen
Country Style Alphonso Mango Garlic Focaccia 24-Pack,Ganga Agro,BAKE-001198,890100640196,Bakery & Deli,107,pcs,252.09,414.37,2026-08-30,Aisle 04,chilled
Free-Range Feta Cheese 200g,Kaveri Kitchens,DAIR-001199,890100640197,Dairy & Eggs,210,tub,282.69,387.46,2026-08-30,Aisle 03,chilled
Natural Masala Chai Fruit Muffins 24-Pack,FarmGold Harvest,BAKE-001200,890100640198,Bakery & Deli,135,box,60.95,96.32,2026-08-31,Aisle 03,chilled
Heritage Masala Chai Cucumbers 8-Pack,Ganga Co.,FRES-001201,890100640199,Fresh Produce,178,bag,94.73,158.00,2026-09-16,Aisle 01,chilled
Homestyle Dishwash Gel Lemon 500ml,Pashmina Dairy,HOUS-001202,890100640200,Household & Personal Care,246,packet,537.75,784.25,2027-12-19,Aisle 12,ambient
Roasted Sweet Tamarind Electrolyte Energy Drink 50g,Desi Organics Mills,BEVE-001203,890100640201,Beverages,104,bag,112.94,144.48,2027-03-26,Aisle 06,chilled
Valley Fresh Toasted Sesame Chicken Drumsticks 300g,Organic Tattva Foods,MEAT-001204,890100640202,Meat & Seafood,198,pack,588.37,1035.66,2026-08-30,Aisle 04,chilled
Raw Jalapeno Lime Brownie Bites 150ml,Green Earth Springs,BAKE-001205,890100640203,Bakery & Deli,230,pcs,223.24,405.38,2026-09-08,Aisle 03,chilled
Select Fruit Muffins 10kg,Urban Roots Agro,BAKE-001206,890100640204,Bakery & Deli,234,box,234.31,334.31,2026-09-03,Aisle 03,ambient
Golden Urad Dal Whole 250g,Nilgiri Springs,PANT-001207,890100640205,Pantry & Dry Goods,107,jar,214.50,274.55,2027-08-07,Aisle 08,ambient
Smoked Chatpata Masala Alphonso Kulfi Tub 5L,Ganga Plantations,FROZ-001208,890100640206,Frozen Foods,139,packet,249.65,460.93,2027-06-15,Aisle 08,frozen
Grass-Fed Cardamom Spiced Bamboo Toothbrush 2pk Snack Pack,Catch Goods,HOUS-001209,890100640207,Household & Personal Care,187,packet,194.25,270.41,2027-07-12,Aisle 12,ambient
Plant-Based Masala Chai Bagel Plain 4pk 12-Pack,Catch Farms,BAKE-001210,890100640208,Bakery & Deli,229,box,46.47,62.77,2026-09-09,Aisle 04,ambient
Homestyle Red Onions 50g,Dabur Springs,FRES-001211,890100640209,Fresh Produce,111,pack,126.06,180.67,2026-09-13,Aisle 01,chilled
Artisan Alphonso Mango French Fries Crispy 12-Pack,Everest Goods,FROZ-001212,890100640210,Frozen Foods,52,box,95.08,151.09,2027-03-01,Aisle 08,frozen
Roasted Gouda Block 400g,Pashmina Goods,DAIR-001213,890100640211,Dairy & Eggs,213,pack,79.12,129.68,2026-09-04,Aisle 02,chilled
Select Dark Chocolate Double Toned Milk 200g,Patanjali Harvest,DAIR-001214,890100640212,Dairy & Eggs,230,bottle,100.24,173.19,2026-09-14,Aisle 02,chilled
Cold-Pressed Frozen Samosas 10-Pack,Urban Roots Foods,FROZ-001215,890100640213,Frozen Foods,75,bag,233.68,341.55,2026-08-25,Aisle 09,frozen
Country Style Brownie Bites 350g,Patanjali Co.,BAKE-001216,890100640214,Bakery & Deli,76,pcs,308.15,484.11,2026-08-31,Aisle 04,chilled
Homestyle Squid Rings Cleaned 350g,FarmGold Foods,MEAT-001217,890100640215,Meat & Seafood,119,kg,161.57,250.02,2026-09-02,Aisle 05,chilled
Farm-Fresh Wood-Fired Veggie Pizza 200ml,Everest Agro,FROZ-001218,890100640216,Frozen Foods,104,packet,405.39,570.17,2027-07-22,Aisle 09,frozen
Select Pista Almond Green Peas Fresh 5L,Tata Dairy,FRES-001219,890100640217,Fresh Produce,238,pcs,86.52,126.92,2026-08-29,Aisle 01,ambient
Valley Fresh Kachi Ghani Mustard Bath Tissue 6-Pack 200ml,Dabur Plantations,HOUS-001220,890100640218,Household & Personal Care,194,box,191.32,299.81,2027-04-20,Aisle 12,ambient
Spiced Pasture Eggs 50g,Organic Tattva Milling,DAIR-001221,890100640219,Dairy & Eggs,209,tub,433.03,756.59,2026-09-19,Aisle 03,chilled
Natural Atlantic Salmon Fillet 250g,Bhoomi Mills,MEAT-001222,890100640220,Meat & Seafood,189,pack,900.13,1579.10,2026-09-01,Aisle 04,chilled
Wildcrafted Ajwain & Jeera Cold Pressed Orange Juice 4-Pack,Vedic Fresh Springs,BEVE-001223,890100640221,Beverages,158,box,153.80,259.29,2026-08-20,Aisle 06,chilled
Aged Chaash / Buttermilk Snack Pack,Pure Vedic Organics,DAIR-001224,890100640222,Dairy & Eggs,220,packet,219.47,402.40,2026-09-13,Aisle 02,chilled
Zero-Sugar Ajwain & Jeera Badam Milk Drink 12-Pack,Deccan Milling,BEVE-001225,890100640223,Beverages,234,carton,307.70,546.59,2027-08-18,Aisle 06,ambient
Aged Masala CTC Tea 5kg,Tata Goods,BEVE-001226,890100640224,Beverages,179,pack,167.39,250.23,2027-07-29,Aisle 05,chilled
Natural Truffle Infused Pink Himalayan Salt 400g,Organic Tattva Foods,PANT-001227,890100640225,Pantry & Dry Goods,232,box,55.84,90.39,2027-01-12,Aisle 08,ambient
Royal Lemon Pepper Shampoo Anti-Dandruff 2kg,Ganga Plantations,HOUS-001228,890100640226,Household & Personal Care,200,box,116.87,207.26,2027-09-12,Aisle 11,ambient
Raw Chatpata Masala Bitter Gourd (Karela) 500ml,Deccan Dairy,FRES-001229,890100640227,Fresh Produce,218,pack,60.21,85.08,2026-09-01,Aisle 02,ambient
Cured Makhana Crunch Fresh Mosambi Juice 750ml,Catch Harvest,BEVE-001230,890100640228,Beverages,11,carton,91.76,122.32,2026-11-02,Aisle 05,ambient
Natural Fresh Mint (Pudina) 1kg,Mother Dairy Springs,FRES-001231,890100640229,Fresh Produce,146,bunch,134.12,199.98,2026-08-31,Aisle 01,chilled
Gourmet Ajwain & Jeera Stainless Steel Scrubber 3pk 750ml,Nature Harvest Kitchens,HOUS-001232,890100640230,Household & Personal Care,153,pack,499.06,766.88,2027-08-13,Aisle 12,ambient
Plant-Based Tulsi Honey Bottle Gourd (Lauki) 4-Pack,Deccan Milling,FRES-001233,890100640231,Fresh Produce,61,bunch,134.25,189.18,2026-09-10,Aisle 02,ambient
Gluten-Free Smoked Paprika Gourmet Cookies Choco-Chip 330ml,Nature Harvest Co.,SNAC-001234,890100640232,Snacks & Confectionery,231,box,243.50,347.59,2026-11-20,Aisle 10,ambient
Desi Blueberries 50g,Desi Organics Foods,FRES-001235,890100640233,Fresh Produce,243,bunch,143.84,221.59,2026-09-02,Aisle 02,chilled
Signature Surmai Steaks 200ml,Saffola Farms,MEAT-001236,890100640234,Meat & Seafood,4,pack,928.78,1384.07,2026-08-30,Aisle 05,chilled
Cold-Pressed Alphonso Kulfi Tub 200ml,Deccan Milling,FROZ-001237,890100640235,Frozen Foods,102,tub,71.58,129.30,2026-08-27,Aisle 09,frozen
Stone-Ground Cardamom Spiced Gulab Jamun Tin 200g,Pure Vedic Foods,SNAC-001238,890100640236,Snacks & Confectionery,97,bag,530.14,869.39,2027-01-03,Aisle 10,ambient
Cured Pure Jaggery Powder (Gud) 250g,Everest Co.,PANT-001239,890100640237,Pantry & Dry Goods,243,packet,715.07,1096.96,2026-08-30,Aisle 07,ambient
Golden Cardamom Spiced Herbal Hand Wash Neem 300g,Satvik Kitchens,HOUS-001240,890100640238,Household & Personal Care,101,pack,579.29,1064.49,2026-08-29,Aisle 12,ambient
Homestyle Oranges Nagpur 150ml,Green Earth Organics,FRES-001241,890100640239,Fresh Produce,140,bag,47.24,69.93,2026-08-30,Aisle 02,ambient
Sun-Dried Raw Wildflower Honey 5L,Vedic Fresh Botanicals,PANT-001242,890100640240,Pantry & Dry Goods,166,packet,294.78,477.55,2027-12-25,Aisle 06,ambient
Plant-Based Kachi Ghani Mustard Brioche Burger Buns 24-Pack,Desi Organics Goods,BAKE-001243,890100640241,Bakery & Deli,79,pcs,47.12,64.21,2026-09-10,Aisle 03,chilled
Desi Red Onions 10-Pack,Urban Roots Agro,FRES-001244,890100640242,Fresh Produce,21,bunch,144.53,258.83,2026-09-04,Aisle 01,ambient
Natural Broccoli Crowns 150g,Urban Roots Agro,FRES-001245,890100640243,Fresh Produce,160,pack,45.56,81.67,2026-09-13,Aisle 02,chilled
Premium Sweet Tamarind Yukon Gold Potatoes 200g,Pure Vedic Botanicals,FRES-001246,890100640244,Fresh Produce,63,bunch,39.09,56.02,2026-08-29,Aisle 01,chilled
Organic Chicken Sausages 2L,Urban Roots Plantations,MEAT-001247,890100640245,Meat & Seafood,129,kg,918.23,1507.19,2026-08-29,Aisle 05,chilled
Crisp Truffle Infused Blueberries 8-Pack,Deccan Farms,FRES-001248,890100640246,Fresh Produce,192,kg,91.18,125.18,2026-09-03,Aisle 02,ambient
Free-Range Matcha Green Tea Sweet Potatoes 200g,FarmGold Plantations,FRES-001249,890100640247,Fresh Produce,128,bag,29.67,37.96,2026-09-02,Aisle 02,ambient
Select Makhana Crunch Cheese Croissant 2-Pack,Nature Harvest Co.,BAKE-001250,890100640248,Bakery & Deli,31,pcs,197.43,328.22,2026-08-31,Aisle 03,ambient
Plant-Based California Almonds 8-Pack,Everest Harvest,SNAC-001251,890100640249,Snacks & Confectionery,232,packet,74.70,133.77,2026-10-26,Aisle 10,ambient
Heritage Fish Fingers Frozen 750g,SunBrite Foods,FROZ-001252,890100640250,Frozen Foods,98,box,113.18,186.46,2026-11-02,Aisle 08,frozen
Sweet Feta Cheese 200ml,Dabur Agro,DAIR-001253,890100640251,Dairy & Eggs,140,tub,78.43,101.12,2026-09-11,Aisle 02,chilled
Wildcrafted Masala Chai Mosquito Vaporizer Refill 350g,FarmGold Foods,HOUS-001254,890100640252,Household & Personal Care,213,packet,313.03,415.92,2027-06-26,Aisle 11,ambient
Homestyle Sea Salt Pure Jaggery Powder (Gud) 1.5L,Kaveri Springs,PANT-001255,890100640253,Pantry & Dry Goods,234,box,441.33,661.73,2028-01-03,Aisle 08,ambient
Gourmet Royal Basmati Rice 330ml,Desi Organics Foods,PANT-001256,890100640254,Pantry & Dry Goods,186,bag,610.32,912.94,2028-03-22,Aisle 07,ambient
Roasted Garlic & Herb Extra Virgin Olive Oil 1L,Pure Vedic Naturals,PANT-001257,890100640255,Pantry & Dry Goods,171,packet,694.68,1175.17,2026-12-27,Aisle 06,ambient
Desi Makhana Crunch Flavored Yogurt 750g,Fortune Farms,DAIR-001258,890100640256,Dairy & Eggs,97,pack,418.51,706.39,2026-08-30,Aisle 02,chilled
Premium Pomfret Whole 500ml,Kaveri Farms,MEAT-001259,890100640257,Meat & Seafood,137,pack,888.44,1502.11,2026-08-29,Aisle 04,chilled
Spiced Chatpata Masala Shampoo Anti-Dandruff 200g,Desi Organics Foods,HOUS-001260,890100640258,Household & Personal Care,13,tube,411.30,709.22,2026-08-20,Aisle 11,ambient
Plant-Based Dark Chocolate Greek Yogurt 2kg,Kaveri Goods,DAIR-001261,890100640259,Dairy & Eggs,70,packet,285.80,455.97,2026-09-15,Aisle 03,chilled
Signature Sona Masoori Rice 250g,Patanjali Goods,PANT-001262,890100640260,Pantry & Dry Goods,119,bottle,175.18,244.47,2028-05-15,Aisle 06,ambient
Unpolished Apples 100g,FarmGold Provisions,FRES-001263,890100640261,Fresh Produce,164,bunch,142.49,211.07,2026-08-18,Aisle 01,chilled
Smoked Sweet Tamarind Alphonso Kulfi Tub 150ml,Fortune Plantations,FROZ-001264,890100640262,Frozen Foods,125,tub,62.60,84.77,2026-12-23,Aisle 09,frozen
Smoked Mint Lime Boneless Chicken Breast 1kg,Saffola Milling,MEAT-001265,890100640263,Meat & Seafood,57,pcs,558.88,735.70,2026-09-02,Aisle 05,chilled
Royal Alphonso Mango Hash Browns 6pk Value Pack,Nature Harvest Farms,FROZ-001266,890100640264,Frozen Foods,245,packet,183.92,321.17,2027-06-12,Aisle 09,frozen
Gourmet Jalapeno Lime Cold Brew Coffee Snack Pack,Kaveri Dairy,BEVE-001267,890100640265,Beverages,23,bag,443.11,587.43,2026-12-21,Aisle 05,chilled
Desi Alphonso Mango Butter Croissants 300g,SunBrite Plantations,BAKE-001268,890100640266,Bakery & Deli,152,pcs,28.15,50.67,2026-08-29,Aisle 04,chilled
Low-Sodium Smoked Paprika Malai Kulfi Bar 1L,Kaveri Harvest,FROZ-001269,890100640267,Frozen Foods,107,pack,380.24,572.50,2027-08-22,Aisle 09,frozen
Premium Toasted Sesame Atlantic Salmon Fillet 5kg,Urban Roots Foods,MEAT-001270,890100640268,Meat & Seafood,75,pcs,810.45,1416.10,2026-09-03,Aisle 05,chilled
Cold-Pressed Coconut Cream Pure Jaggery Powder (Gud) 150g,Desi Organics Foods,PANT-001271,890100640269,Pantry & Dry Goods,198,bag,301.59,410.64,2026-08-16,Aisle 06,ambient
Roasted Lemon Pepper Bath Tissue 6-Pack Snack Pack,Deccan Botanicals,HOUS-001272,890100640270,Household & Personal Care,18,packet,402.46,626.38,2027-11-22,Aisle 12,ambient
Cold-Pressed Biodegradable Garbage Bags 4-Pack,Deccan Agro,HOUS-001273,890100640271,Household & Personal Care,74,tube,565.32,811.35,2028-05-06,Aisle 12,ambient
Whole-Grain Sea Salt Mustard Oil Kachi Ghani 6-Pack,FarmGold Harvest,PANT-001274,890100640272,Pantry & Dry Goods,174,can,578.87,1025.13,2028-01-18,Aisle 07,ambient
Pure Chaash / Buttermilk 750ml,Royal Indian Farms,DAIR-001275,890100640273,Dairy & Eggs,133,packet,75.75,104.55,2026-09-05,Aisle 02,chilled
Select Surmai Steaks 250g,Satvik Milling,MEAT-001276,890100640274,Meat & Seafood,153,pack,474.96,673.01,2026-08-26,Aisle 04,chilled
Gourmet Paneer Paratha Frozen 24-Pack,Deccan Organics,FROZ-001277,890100640275,Frozen Foods,31,tub,357.12,660.29,2027-08-13,Aisle 09,frozen
Wildcrafted Lemon Pepper Masala Potato Chips 2-Pack,Dabur Foods,SNAC-001278,890100640276,Snacks & Confectionery,195,bag,374.95,560.34,2026-11-10,Aisle 10,ambient
Traditional Rose Infused Dishwash Gel Lemon 750g,SunBrite Botanicals,HOUS-001279,890100640277,Household & Personal Care,138,box,490.77,757.78,2026-08-29,Aisle 11,ambient
Stone-Ground Kulcha 4-Pack 750ml,Nature Harvest Plantations,BAKE-001280,890100640278,Bakery & Deli,113,pack,83.84,154.69,2026-09-03,Aisle 03,chilled
Desi Kashmiri Saffron Kaju Katli Sweet Box 1.5L,Vedic Fresh Harvest,SNAC-001281,890100640279,Snacks & Confectionery,50,bag,357.43,586.14,2027-05-10,Aisle 09,ambient
Farm-Fresh Kitchen Paper Towels 4-Roll 150ml,Pashmina Goods,HOUS-001282,890100640280,Household & Personal Care,177,bottle,536.80,895.11,2028-12-25,Aisle 11,ambient
Gluten-Free Cardamom Spiced Soy Milk Protein Value Pack,FarmGold Agro,DAIR-001283,890100640281,Dairy & Eggs,91,packet,135.66,175.68,2026-09-09,Aisle 03,chilled
Zero-Sugar Sweet Tamarind Mixed Berries Frozen 200ml,Satvik Agro,FROZ-001284,890100640282,Frozen Foods,36,pack,143.40,259.80,2027-07-06,Aisle 08,frozen
Artisan Makhana Crunch Cold Brew Coffee 330ml,Ganga Foods,BEVE-001285,890100640283,Beverages,240,pack,415.49,747.75,2027-03-16,Aisle 06,ambient
Authentic Kachi Ghani Mustard Lassi Mango Infused 10kg,Bhoomi Springs,DAIR-001286,890100640284,Dairy & Eggs,214,tub,338.79,481.24,2026-09-02,Aisle 03,chilled
Plant-Based Cinnamon Spice Alphonso Kulfi Tub 1L,Saffola Kitchens,FROZ-001287,890100640285,Frozen Foods,229,packet,261.82,409.58,2027-07-13,Aisle 08,frozen
Sweet Tulsi Honey Squid Rings Cleaned 12-Pack,Patanjali Harvest,MEAT-001288,890100640286,Meat & Seafood,159,pcs,575.93,1010.13,2026-09-01,Aisle 05,chilled
Cured Vanilla Bean Mosquito Vaporizer Refill 750ml,Dabur Naturals,HOUS-001289,890100640287,Household & Personal Care,9,tube,197.04,298.67,2027-08-31,Aisle 12,ambient
Cold-Pressed Apple Cider Vinegar Drink 5kg,Kaveri Harvest,BEVE-001290,890100640288,Beverages,137,can,348.78,641.67,2027-08-14,Aisle 05,chilled
Aged Dark Chocolate Hash Browns 6pk 200ml,Saffola Kitchens,FROZ-001291,890100640289,Frozen Foods,10,tub,68.61,88.76,2027-02-04,Aisle 08,frozen
Zero-Sugar Makhana Crunch Cashew Paste Curry Base Snack Pack,Nilgiri Harvest,PANT-001292,890100640290,Pantry & Dry Goods,241,bag,141.52,219.18,2028-04-26,Aisle 06,ambient
Pure Kachi Ghani Mustard Hash Browns 6pk 500ml,Satvik Farms,FROZ-001293,890100640291,Frozen Foods,243,pack,402.38,615.93,2026-12-20,Aisle 09,frozen
Zero-Sugar Cheese Croissant 150g,Catch Foods,BAKE-001294,890100640292,Bakery & Deli,183,pack,140.77,215.56,2026-08-31,Aisle 04,chilled
Select Toasted Sesame Salted Butter 250g,Satvik Co.,DAIR-001295,890100640293,Dairy & Eggs,149,bottle,98.08,165.57,2026-09-01,Aisle 02,chilled
Heritage Bitter Gourd (Karela) 10kg,Urban Roots Kitchens,FRES-001296,890100640294,Fresh Produce,193,kg,64.40,118.82,2026-09-13,Aisle 01,chilled
Gourmet Red Chilli & Garlic Alphonso Kulfi Tub 200ml,Fortune Co.,FROZ-001297,890100640295,Frozen Foods,25,tub,350.91,458.28,2026-08-27,Aisle 08,frozen
Farm-Fresh Tulsi Honey Soy Milk Protein 2L,Tata Springs,DAIR-001298,890100640296,Dairy & Eggs,157,pack,149.13,240.06,2026-09-18,Aisle 02,chilled
Zero-Sugar Boneless Chicken Breast 2-Pack,Nature Harvest Farms,MEAT-001299,890100640297,Meat & Seafood,60,kg,792.48,1306.23,2026-09-03,Aisle 05,chilled
Premium Tulsi Honey Organic Rolled Oats 150g,Tata Naturals,PANT-001300,890100640298,Pantry & Dry Goods,92,jar,441.42,588.69,2027-05-17,Aisle 07,ambient
Grass-Fed Basa Fish Fillets 500g,Himalayan Organics,MEAT-001301,890100640299,Meat & Seafood,62,pack,396.91,500.01,2026-08-31,Aisle 04,chilled
Select Kachi Ghani Mustard Fresh Chicken Curry Cut 10kg,Catch Naturals,MEAT-001302,890100640300,Meat & Seafood,104,kg,789.98,1052.31,2026-08-29,Aisle 04,chilled
Extra-Virgin Chatpata Masala Organic Brown Sugar 24-Pack,Nature Harvest Botanicals,PANT-001303,890100640301,Pantry & Dry Goods,149,jar,346.09,439.65,2028-06-16,Aisle 06,ambient
Spiced Lemon Pepper Shampoo Anti-Dandruff 2L,Pashmina Organics,HOUS-001304,890100640302,Household & Personal Care,42,tube,474.15,872.08,2028-02-20,Aisle 11,ambient
Pure Frozen Veg Momos 200ml,Catch Foods,FROZ-001305,890100640303,Frozen Foods,11,pack,282.10,352.70,2027-07-14,Aisle 09,frozen
Gourmet Rawa Sooji Family Pack,Bhoomi Organics,PANT-001306,890100640304,Pantry & Dry Goods,112,can,566.45,990.58,2028-05-28,Aisle 06,ambient
Rustic Masala Chai Fish Fingers Frozen 50g,Patanjali Provisions,FROZ-001307,890100640305,Frozen Foods,247,tub,300.49,393.04,2027-04-10,Aisle 09,frozen
Aged Pista Almond Garlic Naan Frozen 4pk 2-Pack,Green Earth Foods,FROZ-001308,890100640306,Frozen Foods,139,bag,74.99,125.19,2026-12-25,Aisle 09,frozen
Golden Basa Fish Fillets 200g,Everest Farms,MEAT-001309,890100640307,Meat & Seafood,103,pcs,308.05,507.91,2026-09-01,Aisle 05,chilled
Unpolished Alphonso Mangoes 750g,Amul Mills,FRES-001310,890100640308,Fresh Produce,197,bag,95.97,154.44,2026-09-15,Aisle 02,ambient
Roasted Double Toned Milk 350g,Kaveri Organics,DAIR-001311,890100640309,Dairy & Eggs,24,pack,261.04,443.26,2026-08-27,Aisle 02,chilled
Smoked Garlic & Herb Double Toned Milk 1.5L,Nature Harvest Mills,DAIR-001312,890100640310,Dairy & Eggs,226,packet,120.00,199.94,2026-09-13,Aisle 02,chilled
Valley Fresh Smoked Paprika Kabuli Chana Large 300g,Royal Indian Dairy,PANT-001313,890100640311,Pantry & Dry Goods,105,can,201.09,265.42,2027-11-06,Aisle 08,ambient
Cold-Pressed Lemon Pepper Espresso Roast Ground Coffee 8-Pack,Nilgiri Dairy,BEVE-001314,890100640312,Beverages,91,box,150.50,250.22,2027-07-18,Aisle 06,chilled
Grass-Fed Smoked Paprika Frozen Green Peas 8-Pack,Ganga Provisions,FROZ-001315,890100640313,Frozen Foods,209,pack,318.66,413.58,2027-04-14,Aisle 09,frozen
Smoked Golden Ginger Sourdough Loaf 250g,Kaveri Foods,BAKE-001316,890100640314,Bakery & Deli,133,pack,25.68,38.02,2026-09-02,Aisle 04,ambient
Authentic Jalapeno Lime Moong Dal Namkeen 200g,Himalayan Plantations,SNAC-001317,890100640315,Snacks & Confectionery,232,tub,193.28,330.03,2027-05-23,Aisle 10,ambient
Whole-Grain Truffle Infused Organic Green Tea 330ml,Satvik Springs,BEVE-001318,890100640316,Beverages,238,carton,346.81,562.48,2026-08-30,Aisle 06,ambient
Zero-Sugar Organic Sharbati Atta 4-Pack,Satvik Naturals,PANT-001319,890100640317,Pantry & Dry Goods,56,bag,701.50,1053.22,2027-03-01,Aisle 07,ambient
Stone-Ground Smoked Paprika Gulab Jamun Tin 200ml,Bhoomi Agro,SNAC-001320,890100640318,Snacks & Confectionery,120,bag,447.96,747.68,2026-11-17,Aisle 10,ambient
Sun-Dried Hash Browns 6pk Family Pack,Nature Harvest Naturals,FROZ-001321,890100640319,Frozen Foods,217,packet,189.84,299.64,2027-01-28,Aisle 08,frozen
Signature Atlantic Salmon Fillet 200g,SunBrite Harvest,MEAT-001322,890100640320,Meat & Seafood,201,kg,351.03,546.76,2026-09-01,Aisle 04,chilled
Select Smoked Paprika Stainless Steel Scrubber 3pk 10kg,Satvik Goods,HOUS-001323,890100640321,Household & Personal Care,152,packet,584.82,762.63,2028-11-01,Aisle 12,ambient
Desi Badam Milk Drink 250g,FarmGold Goods,BEVE-001324,890100640322,Beverages,28,box,215.81,322.27,2026-10-23,Aisle 05,chilled
Authentic Mint Lime Dry Fruits Trail Mix 750ml,Fortune Agro,SNAC-001325,890100640323,Snacks & Confectionery,139,packet,189.59,278.33,2027-03-02,Aisle 10,ambient
Handcrafted Curd Tub (Dahi) 250ml,Tata Harvest,DAIR-001326,890100640324,Dairy & Eggs,11,bottle,419.06,611.38,2026-09-13,Aisle 03,chilled
Signature Chamomile Herbal Tea 150ml,Ganga Plantations,BEVE-001327,890100640325,Beverages,205,can,364.42,554.15,2026-09-30,Aisle 05,ambient
Roasted Jalapeno Lime Yukon Gold Potatoes 5L,Patanjali Farms,FRES-001328,890100640326,Fresh Produce,77,bunch,80.98,129.14,2026-09-08,Aisle 01,ambient
Valley Fresh Makhana Crunch Sourdough Loaf 400g,Heritage Farms,BAKE-001329,890100640327,Bakery & Deli,219,pack,95.75,170.36,2026-09-02,Aisle 04,chilled
Sweet Vanilla Bean Atlantic Salmon Fillet Family Pack,Deccan Agro,MEAT-001330,890100640328,Meat & Seafood,66,kg,424.89,691.82,2026-08-31,Aisle 05,chilled
Traditional Red Chilli & Garlic Amla Juice Pure 350g,Dabur Dairy,BEVE-001331,890100640329,Beverages,7,pack,199.94,309.03,2026-10-12,Aisle 05,chilled
Zero-Sugar Tandoori Smoked Raw Wildflower Honey 10-Pack,Green Earth Plantations,PANT-001332,890100640330,Pantry & Dry Goods,39,bag,205.00,321.35,2028-06-30,Aisle 07,ambient
Grass-Fed Golden Ginger Surface Floor Cleaner Rose 2L,Catch Naturals,HOUS-001333,890100640331,Household & Personal Care,242,box,492.22,885.76,2027-03-22,Aisle 12,ambient
Grass-Fed Vanilla Bean Goat Mince Premium 250ml,Nature Harvest Foods,MEAT-001334,890100640332,Meat & Seafood,138,pcs,771.81,1191.76,2026-09-01,Aisle 05,chilled
Royal Caramelized Onion Mixed Berries Frozen 12-Pack,Nilgiri Organics,FROZ-001335,890100640333,Frozen Foods,8,tub,414.40,692.65,2027-06-11,Aisle 09,frozen
Natural Frozen Paneer Cubes 400g,FarmGold Plantations,FROZ-001336,890100640334,Frozen Foods,28,packet,171.39,245.94,2027-04-13,Aisle 09,frozen
Pure Matcha Green Tea Apple Cider Vinegar Drink 10kg,Saffola Springs,BEVE-001337,890100640335,Beverages,142,carton,152.94,257.36,2027-04-30,Aisle 06,chilled
Stone-Ground Smoked Paprika Cow Milk 150g,Amul Provisions,DAIR-001338,890100640336,Dairy & Eggs,235,carton,293.67,375.49,2026-08-30,Aisle 03,chilled
Plant-Based Toned Milk 500g,Tata Goods,DAIR-001339,890100640337,Dairy & Eggs,114,carton,63.61,80.92,2026-09-08,Aisle 03,chilled
Unpolished Lemon Pepper Liquid Laundry Detergent 1kg,Deccan Milling,HOUS-001340,890100640338,Household & Personal Care,173,packet,527.10,827.01,2028-08-06,Aisle 12,ambient
Gluten-Free Granola Health Bars 2-Pack,Nature Harvest Harvest,SNAC-001341,890100640339,Snacks & Confectionery,199,bag,401.99,624.07,2027-01-07,Aisle 09,ambient
Royal Tender Coconut Water 100g,Bhoomi Botanicals,BEVE-001342,890100640340,Beverages,173,bag,320.15,491.59,2026-11-09,Aisle 06,ambient
Valley Fresh Dry Fruits Trail Mix 150ml,Amul Organics,SNAC-001343,890100640341,Snacks & Confectionery,86,bag,70.47,113.90,2027-02-09,Aisle 10,ambient
Sun-Dried Toasted Sesame Dry Fruits Trail Mix 300g,Pure Vedic Springs,SNAC-001344,890100640342,Snacks & Confectionery,182,pack,443.37,614.30,2027-06-05,Aisle 10,ambient
Golden Gourmet Cookies Choco-Chip 350g,Pashmina Foods,SNAC-001345,890100640343,Snacks & Confectionery,213,pack,82.10,123.14,2027-04-09,Aisle 10,ambient
Sun-Dried Dark Chocolate Kaju Katli Sweet Box 1L,Bhoomi Foods,SNAC-001346,890100640344,Snacks & Confectionery,117,box,113.17,161.98,2027-03-10,Aisle 09,ambient
Roasted Smoked Paprika Kitchen Paper Towels 4-Roll 8-Pack,Dabur Organics,HOUS-001347,890100640345,Household & Personal Care,163,bottle,252.58,354.88,2028-05-18,Aisle 11,ambient
Farm-Fresh Kesar Pista Himalayan Spring Water 24-Pack,Mother Dairy Milling,BEVE-001348,890100640346,Beverages,114,pack,414.46,631.82,2026-09-26,Aisle 05,ambient
Royal Truffle Infused Brioche Burger Buns 24-Pack,Nilgiri Organics,BAKE-001349,890100640347,Bakery & Deli,13,box,64.83,88.87,2026-08-28,Aisle 03,chilled
Natural Golden Ginger Pomfret Whole 1L,Mother Dairy Provisions,MEAT-001350,890100640348,Meat & Seafood,190,pack,184.79,244.59,2026-08-29,Aisle 04,chilled
Aged Fresh Methi 50g,Pure Vedic Kitchens,FRES-001351,890100640349,Fresh Produce,96,pcs,92.68,117.81,2026-09-02,Aisle 01,ambient
Stone-Ground Cinnamon Swirl Buns 350g,Green Earth Dairy,BAKE-001352,890100640350,Bakery & Deli,210,pcs,75.98,121.47,2026-09-04,Aisle 03,ambient
Artisan Kachi Ghani Mustard Veg Spring Rolls 750ml,Himalayan Kitchens,FROZ-001353,890100640351,Frozen Foods,117,tub,343.53,529.35,2026-12-12,Aisle 08,frozen
Aged Strawberries 100g,Himalayan Goods,FRES-001354,890100640352,Fresh Produce,180,pcs,55.02,90.20,2026-09-16,Aisle 02,chilled
Smoked Rawa Sooji 1kg,Ganga Botanicals,PANT-001355,890100640353,Pantry & Dry Goods,9,packet,415.62,620.15,2027-06-15,Aisle 07,ambient
Cold-Pressed Badam Milk Drink 330ml,Everest Foods,BEVE-001356,890100640354,Beverages,141,pack,69.66,120.59,2026-08-17,Aisle 06,ambient
Crisp Coconut Cream Chicken Keema 500ml,Royal Indian Naturals,MEAT-001357,890100640355,Meat & Seafood,75,kg,910.31,1192.07,2026-09-01,Aisle 04,chilled
Cured Caramelized Onion Apple Cider Vinegar Drink 5kg,Dabur Agro,BEVE-001358,890100640356,Beverages,26,can,64.41,92.52,2027-05-07,Aisle 06,chilled
Stone-Ground Bath Tissue 6-Pack 350g,Green Earth Botanicals,HOUS-001359,890100640357,Household & Personal Care,205,bottle,442.31,571.53,2028-10-29,Aisle 12,ambient
Wildcrafted Granola Health Bars 1.5L,Himalayan Agro,SNAC-001360,890100640358,Snacks & Confectionery,45,box,190.80,245.99,2027-03-28,Aisle 10,ambient
Royal Chatpata Masala Mustard Oil Kachi Ghani 2-Pack,Dabur Kitchens,PANT-001361,890100640359,Pantry & Dry Goods,128,box,572.69,989.13,2028-02-19,Aisle 06,ambient
Gourmet Brownie Bites 250g,Saffola Harvest,BAKE-001362,890100640360,Bakery & Deli,32,pcs,76.79,122.15,2026-09-07,Aisle 04,ambient
Traditional Toasted Sesame Tender Coconut Water 300g,Fortune Organics,BEVE-001363,890100640361,Beverages,207,pack,28.12,50.24,2027-02-20,Aisle 05,ambient
Pure Mozzarella Shredded 1kg,Nature Harvest Foods,DAIR-001364,890100640362,Dairy & Eggs,74,box,464.36,766.29,2026-09-20,Aisle 02,chilled
Sweet Frozen Paneer Cubes 500g,Urban Roots Botanicals,FROZ-001365,890100640363,Frozen Foods,171,bag,120.72,219.04,2027-08-14,Aisle 08,frozen
Golden Toasted Sesame Extra Virgin Olive Oil 300g,Kaveri Co.,PANT-001366,890100640364,Pantry & Dry Goods,196,bag,221.46,376.75,2028-03-17,Aisle 08,ambient
Golden Tulsi Honey Amla Juice Pure 24-Pack,Dabur Mills,BEVE-001367,890100640365,Beverages,30,pack,297.74,408.53,2027-03-15,Aisle 06,chilled
Handcrafted Mixed Berries Frozen 5kg,Deccan Mills,FROZ-001368,890100640366,Frozen Foods,117,box,270.65,373.09,2026-11-22,Aisle 08,frozen
Country Style Garlic Focaccia 2-Pack,Kaveri Co.,BAKE-001369,890100640367,Bakery & Deli,10,pcs,29.66,38.87,2026-08-31,Aisle 04,ambient
Organic Cardamom Spiced Garlic Naan Frozen 4pk 2kg,Catch Botanicals,FROZ-001370,890100640368,Frozen Foods,214,bag,121.04,201.87,2027-03-16,Aisle 08,frozen
Sun-Dried Smoked Paprika Atlantic Salmon Fillet 330ml,Saffola Agro,MEAT-001371,890100640369,Meat & Seafood,113,kg,511.56,802.96,2026-08-29,Aisle 05,chilled
Cold-Pressed Lemon Pepper Dry Fruits Trail Mix 2L,Royal Indian Kitchens,SNAC-001372,890100640370,Snacks & Confectionery,55,bar,357.67,655.40,2027-01-28,Aisle 09,ambient
Artisan Guavas 24-Pack,Urban Roots Goods,FRES-001373,890100640371,Fresh Produce,173,pack,115.20,189.38,2026-09-15,Aisle 02,chilled
Plant-Based Caramelized Onion Ricotta Fresh 750ml,Heritage Naturals,DAIR-001374,890100640372,Dairy & Eggs,149,bottle,427.56,735.17,2026-09-20,Aisle 02,chilled
Free-Range Dark Chocolate Bagel Plain 4pk 200ml,Fortune Plantations,BAKE-001375,890100640373,Bakery & Deli,117,pcs,58.47,105.82,2026-08-29,Aisle 03,ambient
Homestyle Coconut Cream Goat Mince Premium 150g,Mother Dairy Agro,MEAT-001376,890100640374,Meat & Seafood,160,pack,731.25,1154.03,2026-09-03,Aisle 04,chilled
Gourmet Coconut Cream Fabric Softener Floral 500ml,Amul Co.,HOUS-001377,890100640375,Household & Personal Care,47,tube,575.18,1031.05,2028-09-14,Aisle 12,ambient
Cold-Pressed Chatpata Masala Iced Lemon Tea Family Pack,Everest Naturals,BEVE-001378,890100640376,Beverages,27,bottle,198.35,327.11,2027-07-13,Aisle 05,chilled
Golden Badam Milk Drink 10-Pack,Fortune Mills,BEVE-001379,890100640377,Beverages,77,carton,120.36,196.62,2026-10-18,Aisle 05,chilled
Select Coconut Cream Bamboo Toothbrush 2pk 100g,Saffola Botanicals,HOUS-001380,890100640378,Household & Personal Care,176,box,97.15,146.78,2028-08-22,Aisle 11,ambient
Extra-Virgin Cashew Paste Curry Base 250ml,Organic Tattva Agro,PANT-001381,890100640379,Pantry & Dry Goods,177,bag,742.69,1004.39,2027-06-25,Aisle 07,ambient
Crisp Toasted Sesame French Fries Crispy 200ml,Amul Harvest,FROZ-001382,890100640380,Frozen Foods,122,tub,326.58,588.56,2026-08-28,Aisle 08,frozen
Grass-Fed Chicken Salami 250ml,Heritage Plantations,BAKE-001383,890100640381,Bakery & Deli,142,box,115.60,205.50,2026-09-06,Aisle 04,ambient
Homestyle Smoked Paprika Chicken Sausages 100g,Deccan Organics,MEAT-001384,890100640382,Meat & Seafood,239,pack,652.52,940.68,2026-08-29,Aisle 05,chilled
Farm-Fresh Ginger Root 1kg,Mother Dairy Kitchens,FRES-001385,890100640383,Fresh Produce,184,bag,17.08,30.22,2026-09-11,Aisle 02,ambient
Spiced Alphonso Mango Curd Tub (Dahi) 12-Pack,Himalayan Agro,DAIR-001386,890100640384,Dairy & Eggs,130,carton,445.32,696.10,2026-09-19,Aisle 02,chilled
Cold-Pressed Oat Milk 1.5L,Tata Mills,DAIR-001387,890100640385,Dairy & Eggs,226,bottle,31.52,52.95,2026-08-28,Aisle 03,chilled
Select Frozen Green Peas 400g,Bhoomi Harvest,FROZ-001388,890100640386,Frozen Foods,176,pack,176.69,265.23,2026-11-27,Aisle 08,frozen
Unpolished Lemon Pepper Fresh Mosambi Juice 1L,Desi Organics Naturals,BEVE-001389,890100640387,Beverages,219,can,93.16,158.15,2027-07-20,Aisle 06,ambient
Aged Pomfret Whole 100g,Nature Harvest Mills,MEAT-001390,890100640388,Meat & Seafood,75,pack,150.98,273.84,2026-09-01,Aisle 05,chilled
Roasted Avocados 4-Pack,Saffola Plantations,FRES-001391,890100640389,Fresh Produce,224,bag,51.86,83.50,2026-09-05,Aisle 02,chilled
Sweet Coconut Cream Cow Milk 4-Pack,Everest Naturals,DAIR-001392,890100640390,Dairy & Eggs,250,carton,210.50,306.58,2026-08-28,Aisle 03,chilled
Select Hash Browns 6pk 200ml,Desi Organics Foods,FROZ-001393,890100640391,Frozen Foods,80,tub,171.75,241.00,2027-05-08,Aisle 09,frozen
Royal Coconut Milk Canned 50g,Amul Farms,PANT-001394,890100640392,Pantry & Dry Goods,73,packet,609.91,922.41,2028-07-21,Aisle 08,ambient
Traditional Masala Chai Roasted Makhana Foxnuts 200g,Organic Tattva Agro,SNAC-001395,890100640393,Snacks & Confectionery,182,packet,92.65,139.68,2027-03-02,Aisle 10,ambient
Rustic Tulsi Honey Veg Spring Rolls 1kg,Deccan Co.,FROZ-001396,890100640394,Frozen Foods,14,bag,245.72,331.87,2027-06-13,Aisle 09,frozen
Natural Alphonso Mango Double Toned Milk 50g,Mother Dairy Dairy,DAIR-001397,890100640395,Dairy & Eggs,19,pack,139.32,218.81,2026-08-18,Aisle 03,chilled
Organic Ajwain & Jeera Bananas 750ml,Saffola Foods,FRES-001398,890100640396,Fresh Produce,143,bag,70.81,100.87,2026-09-02,Aisle 01,chilled
Free-Range Cardamom Spiced Bamboo Toothbrush 2pk 1.5L,SunBrite Botanicals,HOUS-001399,890100640397,Household & Personal Care,66,packet,236.68,361.66,2029-05-14,Aisle 11,ambient
Zero-Sugar Kachi Ghani Mustard Mozzarella Shredded Family Pack,Urban Roots Foods,DAIR-001400,890100640398,Dairy & Eggs,39,box,350.52,637.88,2026-08-15,Aisle 02,chilled
Extra-Virgin Smoked Paprika Tonic Water Premium 4-Pack,SunBrite Milling,BEVE-001401,890100640399,Beverages,24,can,184.12,274.12,2027-05-09,Aisle 05,ambient
Raw Coconut Cream Desi Cow Ghee 1kg,Ganga Botanicals,DAIR-001402,890100640400,Dairy & Eggs,70,packet,277.04,368.44,2026-09-26,Aisle 03,chilled
Desi Masala Chai Apples 24-Pack,Urban Roots Organics,FRES-001403,890100640401,Fresh Produce,93,pcs,34.40,57.24,2026-09-12,Aisle 02,chilled
Premium Basa Fish Fillets 350g,Nature Harvest Plantations,MEAT-001404,890100640402,Meat & Seafood,166,pcs,274.38,483.39,2026-09-02,Aisle 04,chilled
Gluten-Free Chana Dal Polished 350g,SunBrite Botanicals,PANT-001405,890100640403,Pantry & Dry Goods,138,jar,569.73,1014.25,2026-08-27,Aisle 07,ambient
Sun-Dried Feta Cheese 1.5L,Urban Roots Naturals,DAIR-001406,890100640404,Dairy & Eggs,85,carton,237.21,359.29,2026-09-14,Aisle 02,chilled
Smoked Rose Infused Cold Pressed Orange Juice 1kg,Organic Tattva Milling,BEVE-001407,890100640405,Beverages,64,can,248.13,428.64,2027-04-08,Aisle 06,ambient
Premium Soan Papdi Box 8-Pack,Deccan Provisions,SNAC-001408,890100640406,Snacks & Confectionery,78,pack,36.24,61.42,2026-10-22,Aisle 09,ambient
Pure Cardamom Spiced Lemons 500g,Heritage Foods,FRES-001409,890100640407,Fresh Produce,211,pcs,92.15,143.05,2026-08-18,Aisle 02,chilled
Aged Herbal Hand Wash Neem 1kg,Pashmina Milling,HOUS-001410,890100640408,Household & Personal Care,75,pack,330.61,435.39,2027-03-12,Aisle 12,ambient
Signature Alphonso Mango Fish Fingers Frozen 250ml,Ganga Goods,FROZ-001411,890100640409,Frozen Foods,149,bag,247.89,350.27,2027-03-22,Aisle 08,frozen
Farm-Fresh Tonic Water Premium 250ml,Nilgiri Plantations,BEVE-001412,890100640410,Beverages,248,box,149.70,257.14,2027-02-19,Aisle 05,ambient
Premium Masala Chai Desi Cow Ghee 500ml,Urban Roots Kitchens,DAIR-001413,890100640411,Dairy & Eggs,184,carton,35.26,46.46,2026-09-02,Aisle 03,chilled
Golden Cucumbers Snack Pack,Everest Dairy,FRES-001414,890100640412,Fresh Produce,104,pcs,74.15,119.62,2026-09-01,Aisle 01,chilled
Crisp Fresh Chicken Curry Cut 400g,Tata Organics,MEAT-001415,890100640413,Meat & Seafood,167,pack,865.32,1359.59,2026-08-31,Aisle 05,chilled
Unpolished Masala Chai Kulcha 4-Pack 500ml,Green Earth Harvest,BAKE-001416,890100640414,Bakery & Deli,129,pcs,170.15,269.75,2026-08-25,Aisle 04,ambient
Grass-Fed Tandoori Smoked Ricotta Fresh 200g,Saffola Dairy,DAIR-001417,890100640415,Dairy & Eggs,198,tub,167.05,271.67,2026-09-13,Aisle 03,chilled
Wildcrafted Rose Infused Pure Jaggery Powder (Gud) 250ml,FarmGold Farms,PANT-001418,890100640416,Pantry & Dry Goods,219,box,204.81,345.55,2027-06-27,Aisle 08,ambient
Cured Jalapeno Lime Salted Butter 300g,Organic Tattva Kitchens,DAIR-001419,890100640417,Dairy & Eggs,247,bottle,136.43,215.17,2026-09-18,Aisle 03,chilled
Royal Rose Infused Kaju Katli Sweet Box 2L,Himalayan Farms,SNAC-001420,890100640418,Snacks & Confectionery,215,box,521.99,941.80,2027-02-11,Aisle 09,ambient
Authentic Kabuli Chana Large 2kg,Ganga Milling,PANT-001421,890100640419,Pantry & Dry Goods,179,box,350.69,538.69,2028-03-02,Aisle 08,ambient
Cured Nagpur Orange Urad Dal Whole 1kg,Desi Organics Milling,PANT-001422,890100640420,Pantry & Dry Goods,25,packet,88.81,161.72,2028-07-30,Aisle 06,ambient
Whole-Grain Truffle Infused Guava Chilli Juice 10-Pack,Everest Agro,BEVE-001423,890100640421,Beverages,188,carton,428.30,714.54,2027-04-03,Aisle 05,chilled
Premium Toasted Sesame Crab Meat Fresh 400g,Everest Dairy,MEAT-001424,890100640422,Meat & Seafood,98,pcs,567.81,965.73,2026-09-01,Aisle 04,chilled
Premium Dishwash Gel Lemon 500ml,Nature Harvest Dairy,HOUS-001425,890100640423,Household & Personal Care,6,bottle,178.36,282.92,2026-08-21,Aisle 12,ambient
Wildcrafted Tulsi Honey Dishwash Gel Lemon 500ml,Satvik Kitchens,HOUS-001426,890100640424,Household & Personal Care,121,pack,346.26,565.59,2029-04-27,Aisle 11,ambient
Extra-Virgin Fresh Mint (Pudina) 5L,FarmGold Co.,FRES-001427,890100640425,Fresh Produce,195,pcs,156.98,266.64,2026-09-11,Aisle 02,chilled
Plant-Based Chicken Salami Snack Pack,Bhoomi Botanicals,BAKE-001428,890100640426,Bakery & Deli,182,pcs,188.56,243.80,2026-08-29,Aisle 04,chilled
Handcrafted Paneer Tikka Deli 250g,Satvik Organics,BAKE-001429,890100640427,Bakery & Deli,191,box,52.63,84.26,2026-08-29,Aisle 03,chilled
Roasted Lemon Pepper Poha Thick Flakes 750ml,Nilgiri Mills,PANT-001430,890100640428,Pantry & Dry Goods,142,jar,304.99,534.69,2027-01-16,Aisle 06,ambient
Spiced Ayurvedic Bath Soap 500g,Catch Plantations,HOUS-001431,890100640429,Household & Personal Care,139,packet,71.27,116.19,2028-01-17,Aisle 12,ambient
Artisan Buffalo Milk Family Pack,SunBrite Dairy,DAIR-001432,890100640430,Dairy & Eggs,147,packet,481.84,692.38,2026-08-28,Aisle 02,chilled
Stone-Ground Makhana Crunch Goat Mince Premium 50g,Amul Milling,MEAT-001433,890100640431,Meat & Seafood,205,kg,860.97,1504.52,2026-09-02,Aisle 05,chilled
Smoked Toasted Sesame Basa Fish Fillets 500ml,Urban Roots Goods,MEAT-001434,890100640432,Meat & Seafood,204,pack,396.41,591.80,2026-08-31,Aisle 05,chilled
Natural Lemon Pepper Chicken Frankfurters 12-Pack,Kaveri Springs,BAKE-001435,890100640433,Bakery & Deli,128,pack,99.37,152.21,2026-09-01,Aisle 03,ambient
Unpolished Kachi Ghani Mustard Shampoo Anti-Dandruff 200ml,Nilgiri Mills,HOUS-001436,890100640434,Household & Personal Care,155,packet,180.62,303.85,2028-08-07,Aisle 11,ambient
Extra-Virgin Rose Infused Banana Chips Kerala Style 150g,Tata Organics,SNAC-001437,890100640435,Snacks & Confectionery,7,box,535.01,736.48,2027-04-23,Aisle 10,ambient
Handcrafted Kachi Ghani Mustard Tiger Prawns Jumbo 1kg,Deccan Botanicals,MEAT-001438,890100640436,Meat & Seafood,122,kg,552.48,1009.15,2026-09-01,Aisle 05,chilled
Unpolished Truffle Infused Cold-Pressed Groundnut Oil 350g,Kaveri Naturals,PANT-001439,890100640437,Pantry & Dry Goods,232,box,442.99,782.11,2027-12-18,Aisle 06,ambient
Artisan Masala Chai Strawberries 24-Pack,SunBrite Plantations,FRES-001440,890100640438,Fresh Produce,81,bag,56.39,93.52,2026-08-30,Aisle 02,ambient
Roasted Curd Tub (Dahi) 1.5L,Nature Harvest Goods,DAIR-001441,890100640439,Dairy & Eggs,174,box,28.25,43.52,2026-09-03,Aisle 03,chilled
Smoked Rose Infused Mishri Mawa 2kg,Satvik Milling,DAIR-001442,890100640440,Dairy & Eggs,163,packet,262.86,482.06,2026-09-14,Aisle 02,chilled
Authentic Vanilla Bean Brioche Burger Buns 250g,Satvik Mills,BAKE-001443,890100640441,Bakery & Deli,127,pack,201.94,335.28,2026-08-28,Aisle 03,chilled
Rustic Caramelized Onion Poha Thick Flakes 4-Pack,Mother Dairy Harvest,PANT-001444,890100640442,Pantry & Dry Goods,171,can,701.01,1073.65,2027-04-10,Aisle 08,ambient
Golden Smoked Paprika Mutton Curry Cut 250ml,Desi Organics Organics,MEAT-001445,890100640443,Meat & Seafood,167,pcs,842.50,1187.20,2026-08-30,Aisle 05,chilled
Grass-Fed Cold-Pressed Groundnut Oil 150ml,Saffola Organics,PANT-001446,890100640444,Pantry & Dry Goods,11,packet,369.60,504.48,2027-08-08,Aisle 07,ambient
Golden Truffle Infused Shampoo Anti-Dandruff 12-Pack,Catch Provisions,HOUS-001447,890100640445,Household & Personal Care,148,box,172.78,219.15,2027-11-05,Aisle 12,ambient
Sun-Dried Boneless Chicken Breast 250g,Fortune Botanicals,MEAT-001448,890100640446,Meat & Seafood,135,kg,881.71,1249.54,2026-08-29,Aisle 05,chilled
Sweet Sona Masoori Rice 2L,Patanjali Organics,PANT-001449,890100640447,Pantry & Dry Goods,211,can,141.82,238.06,2026-08-24,Aisle 07,ambient
Traditional Kachi Ghani Mustard Liquid Laundry Detergent 750ml,Organic Tattva Botanicals,HOUS-001450,890100640448,Household & Personal Care,215,tube,324.39,452.24,2028-08-12,Aisle 11,ambient
Artisan Sweet Tamarind Garlic Naan Frozen 4pk 10-Pack,Saffola Milling,FROZ-001451,890100640449,Frozen Foods,220,tub,190.72,272.28,2027-06-02,Aisle 08,frozen
Raw Parmigiano-Reggiano 150g,Desi Organics Goods,DAIR-001452,890100640450,Dairy & Eggs,173,bottle,412.04,737.35,2026-09-07,Aisle 02,chilled
Spiced Pomfret Whole 100g,Pashmina Provisions,MEAT-001453,890100640451,Meat & Seafood,29,pcs,504.03,638.65,2026-09-01,Aisle 04,chilled
Farm-Fresh Smoked Paprika Masala Potato Chips 10kg,Nature Harvest Dairy,SNAC-001454,890100640452,Snacks & Confectionery,73,tub,290.97,501.96,2026-12-02,Aisle 10,ambient
Signature Vanilla Bean Himalayan Spring Water 1kg,Nature Harvest Dairy,BEVE-001455,890100640453,Beverages,174,can,94.20,160.87,2026-11-12,Aisle 05,chilled
Gluten-Free Coconut Cream Chaash / Buttermilk 2-Pack,Himalayan Farms,DAIR-001456,890100640454,Dairy & Eggs,233,box,261.10,426.86,2026-08-31,Aisle 02,chilled
Homestyle Mozzarella Shredded 50g,SunBrite Provisions,DAIR-001457,890100640455,Dairy & Eggs,201,box,361.52,526.23,2026-09-13,Aisle 03,chilled
Premium Brownie Bites 8-Pack,Desi Organics Farms,BAKE-001458,890100640456,Bakery & Deli,246,box,179.68,233.82,2026-08-31,Aisle 04,chilled
Sweet Cashew Paste Curry Base 10kg,Kaveri Dairy,PANT-001459,890100640457,Pantry & Dry Goods,136,bag,415.90,554.31,2027-05-24,Aisle 08,ambient
Handcrafted Toasted Sesame Pink Himalayan Salt 330ml,Saffola Co.,PANT-001460,890100640458,Pantry & Dry Goods,228,can,557.86,771.63,2028-05-08,Aisle 06,ambient
Roasted Amla Juice Pure 200g,Bhoomi Naturals,BEVE-001461,890100640459,Beverages,158,bag,345.71,505.60,2026-12-23,Aisle 05,ambient
Sweet Tandoori Smoked Alphonso Mangoes 1L,Mother Dairy Farms,FRES-001462,890100640460,Fresh Produce,186,bag,18.01,31.73,2026-09-15,Aisle 02,chilled
Pure Tulsi Honey Granola Health Bars Family Pack,Patanjali Foods,SNAC-001463,890100640461,Snacks & Confectionery,226,box,90.00,126.96,2027-05-02,Aisle 10,ambient
Organic Nagpur Orange Bottle Gourd (Lauki) Value Pack,Mother Dairy Kitchens,FRES-001464,890100640462,Fresh Produce,244,pcs,88.67,145.29,2026-09-17,Aisle 01,ambient
Whole-Grain Apple Cider Vinegar Drink 250g,Patanjali Foods,BEVE-001465,890100640463,Beverages,150,pack,173.96,225.35,2026-08-28,Aisle 05,chilled
Stone-Ground Rose Infused Kokum Sharbat 6-Pack,Pashmina Provisions,BEVE-001466,890100640464,Beverages,115,bag,403.95,697.74,2027-01-20,Aisle 06,ambient
Premium Tulsi Honey Ayurvedic Bath Soap 150g,Fortune Dairy,HOUS-001467,890100640465,Household & Personal Care,55,packet,597.29,807.80,2026-08-16,Aisle 11,ambient
Raw Red Chilli & Garlic Blueberries 750g,Tata Foods,FRES-001468,890100640466,Fresh Produce,7,bag,52.11,84.82,2026-09-12,Aisle 02,ambient
Smoked Hash Browns 6pk 1.5L,SunBrite Mills,FROZ-001469,890100640467,Frozen Foods,86,box,379.00,685.00,2027-07-23,Aisle 09,frozen
Low-Sodium Bamboo Toothbrush 2pk 500ml,Tata Dairy,HOUS-001470,890100640468,Household & Personal Care,87,tube,187.66,303.75,2027-08-02,Aisle 12,ambient
Royal Masala CTC Tea 5kg,Satvik Foods,BEVE-001471,890100640469,Beverages,44,can,53.25,82.25,2027-07-26,Aisle 05,ambient
Crisp Matcha Green Tea Aloo Tikki 8-Pack 350g,Tata Plantations,FROZ-001472,890100640470,Frozen Foods,171,packet,340.79,585.60,2027-05-13,Aisle 09,frozen
Desi Truffle Infused Organic Sharbati Atta 300g,Ganga Farms,PANT-001473,890100640471,Pantry & Dry Goods,171,box,86.35,144.47,2027-04-10,Aisle 07,ambient
Stone-Ground Coconut Cream Amla Juice Pure Snack Pack,Nature Harvest Harvest,BEVE-001474,890100640472,Beverages,64,bottle,185.06,263.17,2027-04-28,Aisle 06,ambient
Free-Range Cheese Croissant 10kg,Everest Springs,BAKE-001475,890100640473,Bakery & Deli,25,pcs,39.00,59.79,2026-09-05,Aisle 03,chilled
Desi Hash Browns 6pk Value Pack,Fortune Goods,FROZ-001476,890100640474,Frozen Foods,68,pack,90.01,140.64,2026-08-27,Aisle 09,frozen
Homestyle Kachi Ghani Mustard Fresh Rohu Fish 330ml,Fortune Provisions,MEAT-001477,890100640475,Meat & Seafood,132,kg,484.67,649.76,2026-09-02,Aisle 04,chilled
Organic Truffle Infused Buffalo Milk 750ml,Organic Tattva Harvest,DAIR-001478,890100640476,Dairy & Eggs,40,box,346.45,561.12,2026-09-25,Aisle 03,chilled
Pure Cold Pressed Orange Juice 150ml,Organic Tattva Farms,BEVE-001479,890100640477,Beverages,226,box,248.59,381.76,2026-08-29,Aisle 06,ambient
Authentic Frozen Paneer Cubes 2L,Vedic Fresh Co.,FROZ-001480,890100640478,Frozen Foods,6,bag,328.64,438.43,2026-10-30,Aisle 08,frozen
Authentic Fresh Mosambi Juice 200ml,Himalayan Mills,BEVE-001481,890100640479,Beverages,172,carton,391.34,586.35,2026-08-28,Aisle 06,chilled
Homestyle 70% Dark Chocolate Bar 750ml,Desi Organics Provisions,SNAC-001482,890100640480,Snacks & Confectionery,46,bar,214.25,276.24,2027-02-10,Aisle 10,ambient
Sweet Mixed Berries Frozen 250ml,Deccan Naturals,FROZ-001483,890100640481,Frozen Foods,231,bag,240.63,404.64,2027-03-15,Aisle 08,frozen
Crisp Kachi Ghani Mustard Cold-Pressed Groundnut Oil 1.5L,Catch Dairy,PANT-001484,890100640482,Pantry & Dry Goods,25,packet,604.06,980.61,2027-03-29,Aisle 06,ambient
Plant-Based Sea Salt Bottle Gourd (Lauki) 1.5L,Catch Harvest,FRES-001485,890100640483,Fresh Produce,214,pack,64.91,114.78,2026-08-29,Aisle 01,ambient
Pure Kabuli Chana Large 250ml,FarmGold Foods,PANT-001486,890100640484,Pantry & Dry Goods,99,box,711.03,1304.87,2028-07-22,Aisle 08,ambient
Royal Kashmiri Saffron Chana Dal Polished 6-Pack,Vedic Fresh Agro,PANT-001487,890100640485,Pantry & Dry Goods,30,box,34.99,52.58,2026-08-17,Aisle 07,ambient
Homestyle Butter Croissants 50g,Vedic Fresh Harvest,BAKE-001488,890100640486,Bakery & Deli,240,pack,141.65,251.42,2026-08-29,Aisle 03,chilled
Select Sea Salt Unsalted White Butter 1L,Kaveri Botanicals,DAIR-001489,890100640487,Dairy & Eggs,47,bottle,102.69,136.03,2026-09-06,Aisle 02,chilled
Aged Poha Thick Flakes 1L,Everest Co.,PANT-001490,890100640488,Pantry & Dry Goods,41,can,276.43,421.99,2027-08-09,Aisle 07,ambient
Natural Makhana Crunch Urad Dal Whole 150ml,Vedic Fresh Milling,PANT-001491,890100640489,Pantry & Dry Goods,209,bottle,179.36,268.61,2027-08-23,Aisle 07,ambient
Traditional Caramelized Onion Bagel Plain 4pk 200ml,Urban Roots Botanicals,BAKE-001492,890100640490,Bakery & Deli,101,pack,117.75,158.93,2026-09-02,Aisle 04,ambient
Gourmet Chicken Frankfurters 12-Pack,Patanjali Botanicals,BAKE-001493,890100640491,Bakery & Deli,97,box,305.29,474.67,2026-08-29,Aisle 04,chilled
Valley Fresh Pomfret Whole 24-Pack,Fortune Agro,MEAT-001494,890100640492,Meat & Seafood,76,pcs,460.67,789.48,2026-09-01,Aisle 05,chilled
Smoked Chana Dal Polished 4-Pack,Heritage Mills,PANT-001495,890100640493,Pantry & Dry Goods,175,bag,448.58,598.73,2027-11-20,Aisle 08,ambient
Rustic Multigrain Tortillas 150ml,Saffola Springs,BAKE-001496,890100640494,Bakery & Deli,11,box,98.71,144.93,2026-08-21,Aisle 03,ambient
Premium Mustard Oil Kachi Ghani 12-Pack,Organic Tattva Plantations,PANT-001497,890100640495,Pantry & Dry Goods,235,bottle,474.88,759.47,2027-09-10,Aisle 07,ambient
Smoked Pista Almond Fish Fingers Frozen 200g,Patanjali Provisions,FROZ-001498,890100640496,Frozen Foods,75,tub,342.93,563.23,2026-11-05,Aisle 08,frozen
Handcrafted Bath Tissue 6-Pack 250g,Deccan Dairy,HOUS-001499,890100640497,Household & Personal Care,102,pack,195.53,358.44,2027-04-15,Aisle 12,ambient
Select Nagpur Orange Salted Butter 750ml,Everest Kitchens,DAIR-001500,890100640498,Dairy & Eggs,73,tub,367.13,648.89,2026-09-07,Aisle 02,chilled
Spiced Kachi Ghani Mustard Malai Kulfi Bar 200g,Kaveri Springs,FROZ-001501,890100640499,Frozen Foods,71,pack,386.85,491.93,2027-07-08,Aisle 08,frozen
Free-Range Nagpur Orange Ayurvedic Bath Soap 2kg,Fortune Kitchens,HOUS-001502,890100640500,Household & Personal Care,184,box,130.30,220.16,2028-06-06,Aisle 12,ambient
Grass-Fed Fabric Softener Floral 1L,Pashmina Plantations,HOUS-001503,890100640501,Household & Personal Care,164,pack,518.06,698.85,2029-02-12,Aisle 12,ambient
Authentic Jalapeno Lime Squid Rings Cleaned 8-Pack,Green Earth Dairy,MEAT-001504,890100640502,Meat & Seafood,167,pcs,449.39,578.90,2026-08-31,Aisle 04,chilled
Signature Veg Burger Patties 4-Pack,Nilgiri Springs,FROZ-001505,890100640503,Frozen Foods,123,tub,123.67,158.95,2027-04-22,Aisle 09,frozen
Rustic Cardamom Spiced Feta Cheese 300g,Ganga Agro,DAIR-001506,890100640504,Dairy & Eggs,48,bottle,113.60,189.55,2026-08-31,Aisle 02,chilled
Cured Kachi Ghani Mustard Mixed Berries Frozen 250ml,Tata Springs,FROZ-001507,890100640505,Frozen Foods,228,packet,231.81,378.53,2027-08-21,Aisle 08,frozen
Traditional Shampoo Anti-Dandruff 8-Pack,Urban Roots Organics,HOUS-001508,890100640506,Household & Personal Care,138,packet,524.68,888.45,2026-08-29,Aisle 12,ambient
Whole-Grain Feta Cheese 24-Pack,Amul Harvest,DAIR-001509,890100640507,Dairy & Eggs,22,tub,466.43,843.90,2026-09-11,Aisle 02,chilled
Artisan Granola Health Bars 350g,Nature Harvest Farms,SNAC-001510,890100640508,Snacks & Confectionery,171,packet,496.23,635.74,2026-12-09,Aisle 09,ambient
Plant-Based Stainless Steel Scrubber 3pk 50g,Mother Dairy Foods,HOUS-001511,890100640509,Household & Personal Care,115,tube,141.21,208.37,2027-06-24,Aisle 11,ambient
Royal Chamomile Herbal Tea 12-Pack,Green Earth Goods,BEVE-001512,890100640510,Beverages,224,box,62.74,94.53,2027-08-14,Aisle 06,ambient
Free-Range Tulsi Honey Chicken Drumsticks 2-Pack,Himalayan Goods,MEAT-001513,890100640511,Meat & Seafood,81,pcs,803.29,1442.69,2026-09-02,Aisle 04,chilled
Rustic Squid Rings Cleaned 750g,Pashmina Kitchens,MEAT-001514,890100640512,Meat & Seafood,109,pack,774.37,1038.69,2026-09-03,Aisle 05,chilled
Free-Range Coconut Cream Fruit Muffins 50g,Himalayan Naturals,BAKE-001515,890100640513,Bakery & Deli,7,box,185.67,262.42,2026-08-27,Aisle 03,ambient
Unpolished Red Onions 1.5L,Satvik Botanicals,FRES-001516,890100640514,Fresh Produce,21,bag,61.15,96.12,2026-08-29,Aisle 01,ambient
Artisan Masala Potato Chips 330ml,Bhoomi Milling,SNAC-001517,890100640515,Snacks & Confectionery,123,packet,542.11,916.16,2027-01-13,Aisle 09,ambient
Whole-Grain Electrolyte Energy Drink 1.5L,Catch Plantations,BEVE-001518,890100640516,Beverages,120,box,131.18,197.72,2027-05-17,Aisle 06,chilled
Raw Lentils Red Masoor 10kg,Amul Milling,PANT-001519,890100640517,Pantry & Dry Goods,69,packet,90.94,114.27,2026-08-21,Aisle 08,ambient
Artisan Frozen Veg Momos 750ml,Amul Farms,FROZ-001520,890100640518,Frozen Foods,228,pack,273.77,397.50,2027-08-01,Aisle 08,frozen
Smoked Matcha Green Tea Surface Floor Cleaner Rose 150g,Heritage Provisions,HOUS-001521,890100640519,Household & Personal Care,13,tube,498.41,788.57,2026-08-27,Aisle 12,ambient
Plant-Based Desi Cow Ghee 750ml,Ganga Goods,DAIR-001522,890100640520,Dairy & Eggs,74,carton,408.72,697.25,2026-09-12,Aisle 02,chilled
Pure Pure Jaggery Powder (Gud) 100g,Ganga Agro,PANT-001523,890100640521,Pantry & Dry Goods,201,jar,524.90,768.20,2026-08-23,Aisle 08,ambient
Free-Range Mutton Curry Cut 24-Pack,Heritage Organics,MEAT-001524,890100640522,Meat & Seafood,198,kg,558.59,1002.76,2026-08-29,Aisle 04,chilled
Extra-Virgin Dishwash Gel Lemon 12-Pack,Vedic Fresh Mills,HOUS-001525,890100640523,Household & Personal Care,65,bottle,70.42,105.11,2027-11-24,Aisle 11,ambient
Low-Sodium Kashmiri Saffron Moong Dal Washed 6-Pack,Bhoomi Farms,PANT-001526,890100640524,Pantry & Dry Goods,141,box,638.37,1154.26,2028-03-02,Aisle 08,ambient
Sun-Dried Kesar Pista Veg Spring Rolls 4-Pack,Amul Foods,FROZ-001527,890100640525,Frozen Foods,27,box,78.63,102.04,2026-08-16,Aisle 09,frozen
Country Style French Fries Crispy 200ml,Himalayan Springs,FROZ-001528,890100640526,Frozen Foods,63,packet,316.76,507.45,2027-04-22,Aisle 08,frozen
Raw Smoked Paprika Pears 4-Pack,Himalayan Mills,FRES-001529,890100640527,Fresh Produce,50,bag,88.12,149.33,2026-08-30,Aisle 01,ambient
Grass-Fed Caramelized Onion Coconut Milk Canned 1kg,Desi Organics Springs,PANT-001530,890100640528,Pantry & Dry Goods,38,jar,680.14,1207.36,2027-12-12,Aisle 07,ambient
Royal Chatpata Masala Shampoo Anti-Dandruff 12-Pack,Himalayan Co.,HOUS-001531,890100640529,Household & Personal Care,167,packet,505.44,700.71,2026-08-27,Aisle 12,ambient
Aged Caramelized Onion Ginger Root 750g,Everest Organics,FRES-001532,890100640530,Fresh Produce,191,kg,92.08,147.54,2026-09-17,Aisle 01,ambient
Homestyle Alphonso Mango Organic Rolled Oats 2L,Nature Harvest Botanicals,PANT-001533,890100640531,Pantry & Dry Goods,124,jar,157.44,242.52,2027-11-25,Aisle 06,ambient
Free-Range Masala CTC Tea 330ml,Catch Co.,BEVE-001534,890100640532,Beverages,214,pack,203.27,268.64,2027-01-05,Aisle 05,chilled
Natural Garlic & Herb Kabuli Chana Large 4-Pack,Satvik Farms,PANT-001535,890100640533,Pantry & Dry Goods,159,bag,596.60,1072.25,2027-09-01,Aisle 07,ambient
Royal Electrolyte Energy Drink 1.5L,Kaveri Co.,BEVE-001536,890100640534,Beverages,134,pack,332.13,579.38,2027-07-19,Aisle 05,chilled
Crisp Green Peas Fresh 50g,Vedic Fresh Farms,FRES-001537,890100640535,Fresh Produce,250,pcs,24.67,39.64,2026-08-29,Aisle 02,chilled
Raw Ajwain & Jeera Parmigiano-Reggiano 200ml,SunBrite Dairy,DAIR-001538,890100640536,Dairy & Eggs,124,pack,198.51,304.01,2026-09-11,Aisle 03,chilled
Royal Smoked Paprika Paneer Paratha Frozen 2kg,FarmGold Provisions,FROZ-001539,890100640537,Frozen Foods,11,bag,172.57,253.38,2027-04-08,Aisle 08,frozen
Sun-Dried Kesar Pista Portobello Mushrooms 250ml,Everest Botanicals,FRES-001540,890100640538,Fresh Produce,63,kg,57.57,93.35,2026-09-15,Aisle 02,chilled
Cold-Pressed Vanilla Bean Apple Cider Vinegar Drink 750ml,Nilgiri Farms,BEVE-001541,890100640539,Beverages,70,box,331.51,602.49,2027-07-03,Aisle 05,chilled
Traditional Caramelized Onion Pears 400g,Organic Tattva Foods,FRES-001542,890100640540,Fresh Produce,209,pack,132.40,207.15,2026-08-30,Aisle 02,ambient
Plant-Based Organic Rolled Oats 2kg,Nilgiri Agro,PANT-001543,890100640541,Pantry & Dry Goods,155,bag,389.19,711.44,2027-01-29,Aisle 07,ambient
Plant-Based Kachi Ghani Mustard Bottle Gourd (Lauki) 350g,Tata Dairy,FRES-001544,890100640542,Fresh Produce,208,bunch,98.67,149.50,2026-09-01,Aisle 01,chilled
Sun-Dried Lemons 330ml,Kaveri Mills,FRES-001545,890100640543,Fresh Produce,218,bag,156.47,220.34,2026-08-31,Aisle 01,ambient
Traditional Pista Almond Jeera Masala Soda 500ml,Urban Roots Botanicals,BEVE-001546,890100640544,Beverages,46,box,91.13,150.90,2026-08-28,Aisle 05,chilled
Gourmet Goat Mince Premium 5L,Desi Organics Provisions,MEAT-001547,890100640545,Meat & Seafood,194,pack,153.65,207.64,2026-08-29,Aisle 04,chilled
Valley Fresh Clove & Mint Toothpaste 10kg,Deccan Kitchens,HOUS-001548,890100640546,Household & Personal Care,237,tube,143.61,244.34,2028-12-03,Aisle 11,ambient
Desi Tulsi Honey Shampoo Anti-Dandruff 100g,Heritage Milling,HOUS-001549,890100640547,Household & Personal Care,220,pack,448.36,792.52,2027-04-07,Aisle 11,ambient
Royal Sweet Tamarind Edamame Pods Snack Pack,Green Earth Foods,FROZ-001550,890100640548,Frozen Foods,128,bag,214.41,350.59,2026-08-24,Aisle 08,frozen
Natural Greek Yogurt 2-Pack,Fortune Plantations,DAIR-001551,890100640549,Dairy & Eggs,244,tub,333.58,526.49,2026-09-11,Aisle 03,chilled
Artisan Kitchen Paper Towels 4-Roll 10-Pack,Ganga Goods,HOUS-001552,890100640550,Household & Personal Care,63,tube,482.50,770.55,2029-05-21,Aisle 11,ambient
Free-Range Butter Murukku 10kg,Everest Provisions,SNAC-001553,890100640551,Snacks & Confectionery,105,box,524.62,815.68,2026-08-20,Aisle 09,ambient
Stone-Ground Chicken Sausages 200ml,Nature Harvest Dairy,MEAT-001554,890100640552,Meat & Seafood,122,pcs,823.92,1198.70,2026-09-01,Aisle 05,chilled
Free-Range Granola Health Bars Snack Pack,Pashmina Naturals,SNAC-001555,890100640553,Snacks & Confectionery,238,bar,391.95,722.29,2026-08-30,Aisle 09,ambient
Rustic Surmai Steaks 1kg,Vedic Fresh Naturals,MEAT-001556,890100640554,Meat & Seafood,208,pack,354.34,641.91,2026-09-03,Aisle 04,chilled
Gourmet Organic Rolled Oats 10kg,Bhoomi Organics,PANT-001557,890100640555,Pantry & Dry Goods,58,bottle,334.14,615.34,2027-03-02,Aisle 08,ambient
Cold-Pressed Coconut Cream Papayas 2L,Catch Botanicals,FRES-001558,890100640556,Fresh Produce,203,pack,88.94,133.43,2026-08-30,Aisle 02,ambient
Unpolished Lemon Pepper Cucumbers 150g,Saffola Plantations,FRES-001559,890100640557,Fresh Produce,160,pack,21.40,29.11,2026-09-01,Aisle 02,chilled
Valley Fresh Rose Infused Sweet Potatoes 250ml,Vedic Fresh Farms,FRES-001560,890100640558,Fresh Produce,118,pcs,18.83,30.70,2026-09-05,Aisle 02,chilled
Raw Kesar Pista Carrots 4-Pack,Dabur Kitchens,FRES-001561,890100640559,Fresh Produce,200,kg,51.16,84.98,2026-09-09,Aisle 01,chilled
Extra-Virgin Lentils Red Masoor 10-Pack,Kaveri Plantations,PANT-001562,890100640560,Pantry & Dry Goods,110,jar,437.58,566.12,2027-11-20,Aisle 08,ambient
Crisp Oat Milk 5L,Vedic Fresh Foods,DAIR-001563,890100640561,Dairy & Eggs,19,box,205.41,309.21,2026-09-25,Aisle 03,chilled
Stone-Ground Toasted Sesame Organic Green Tea 1L,Dabur Mills,BEVE-001564,890100640562,Beverages,220,can,339.69,623.88,2026-08-17,Aisle 06,ambient
Unpolished Guavas 8-Pack,FarmGold Provisions,FRES-001565,890100640563,Fresh Produce,195,kg,48.92,67.48,2026-08-29,Aisle 01,ambient
Signature Chatpata Masala Bitter Gourd (Karela) 200g,Patanjali Provisions,FRES-001566,890100640564,Fresh Produce,93,bunch,90.83,141.82,2026-09-07,Aisle 02,ambient
Cured Mint Lime Paneer Tikka Deli Snack Pack,Amul Mills,BAKE-001567,890100640565,Bakery & Deli,56,pcs,216.06,314.71,2026-08-30,Aisle 03,chilled
Authentic Nagpur Orange Chicken Sausages 50g,Tata Mills,MEAT-001568,890100640566,Meat & Seafood,134,pack,825.43,1468.02,2026-08-31,Aisle 04,chilled
Gourmet Banana Chips Kerala Style Family Pack,Heritage Harvest,SNAC-001569,890100640567,Snacks & Confectionery,205,packet,79.46,131.65,2027-06-01,Aisle 10,ambient
Roasted Greek Yogurt 50g,Saffola Harvest,DAIR-001570,890100640568,Dairy & Eggs,232,packet,430.49,604.64,2026-09-26,Aisle 03,chilled
Golden Rose Infused Veg Burger Patties 750ml,Desi Organics Kitchens,FROZ-001571,890100640569,Frozen Foods,26,bag,154.53,196.37,2027-05-25,Aisle 09,frozen
Whole-Grain Frozen Paneer Cubes 2L,Nilgiri Goods,FROZ-001572,890100640570,Frozen Foods,109,bag,183.52,261.98,2027-06-22,Aisle 09,frozen
Unpolished Makhana Crunch Organic Brown Sugar 150ml,Bhoomi Agro,PANT-001573,890100640571,Pantry & Dry Goods,10,box,203.56,352.90,2027-07-13,Aisle 08,ambient
Desi Desi Cow Ghee 1.5L,Satvik Botanicals,DAIR-001574,890100640572,Dairy & Eggs,43,pack,273.37,413.52,2026-09-01,Aisle 02,chilled
Heritage Jeera Masala Soda 2L,Fortune Farms,BEVE-001575,890100640573,Beverages,150,pack,97.49,161.90,2026-12-13,Aisle 06,chilled
Traditional Kabuli Chana Large 500ml,Bhoomi Botanicals,PANT-001576,890100640574,Pantry & Dry Goods,230,can,387.83,513.88,2027-09-15,Aisle 07,ambient
Zero-Sugar Atlantic Salmon Fillet 330ml,Fortune Foods,MEAT-001577,890100640575,Meat & Seafood,242,pack,398.59,516.65,2026-09-03,Aisle 05,chilled
Natural Unsalted White Butter 8-Pack,Bhoomi Plantations,DAIR-001578,890100640576,Dairy & Eggs,89,bottle,80.97,128.46,2026-08-29,Aisle 02,chilled
Whole-Grain Kachi Ghani Mustard Green Peas Fresh 2kg,Royal Indian Provisions,FRES-001579,890100640577,Fresh Produce,166,pcs,148.55,224.49,2026-09-08,Aisle 02,chilled
Heritage Sea Salt Whole Wheat Atta Bread 250ml,Himalayan Naturals,BAKE-001580,890100640578,Bakery & Deli,7,box,56.26,88.98,2026-08-29,Aisle 03,ambient
Spiced Truffle Infused Boneless Chicken Breast 2kg,Vedic Fresh Foods,MEAT-001581,890100640579,Meat & Seafood,234,kg,213.68,365.00,2026-09-01,Aisle 04,chilled
Natural Salted Butter 250g,Ganga Milling,DAIR-001582,890100640580,Dairy & Eggs,105,pack,266.54,337.94,2026-09-23,Aisle 03,chilled
Raw Ajwain & Jeera Floor Disinfectant Pine 1L,Pure Vedic Agro,HOUS-001583,890100640581,Household & Personal Care,70,bottle,351.17,612.92,2027-09-24,Aisle 11,ambient
Crisp Vanilla Bean Chicken Drumsticks 200g,Vedic Fresh Mills,MEAT-001584,890100640582,Meat & Seafood,167,pack,803.56,1138.95,2026-08-31,Aisle 05,chilled
Extra-Virgin Filter Coffee Beans Snack Pack,Dabur Dairy,BEVE-001585,890100640583,Beverages,94,carton,322.39,514.36,2027-07-25,Aisle 06,ambient
Organic Toasted Sesame Moong Dal Washed 10-Pack,Catch Kitchens,PANT-001586,890100640584,Pantry & Dry Goods,74,box,442.25,784.57,2028-05-21,Aisle 06,ambient
Stone-Ground Rose Infused Cold Pressed Orange Juice 2-Pack,Deccan Harvest,BEVE-001587,890100640585,Beverages,63,can,41.30,68.49,2026-09-30,Aisle 05,chilled
Unpolished Fresh Mosambi Juice 400g,Royal Indian Kitchens,BEVE-001588,890100640586,Beverages,58,bottle,113.55,169.73,2027-05-09,Aisle 05,chilled
Roasted Red Chilli & Garlic Guava Chilli Juice 1kg,Fortune Botanicals,BEVE-001589,890100640587,Beverages,234,bag,253.90,455.69,2027-06-20,Aisle 06,ambient
Gourmet Curd Tub (Dahi) 10-Pack,Patanjali Plantations,DAIR-001590,890100640588,Dairy & Eggs,190,box,71.96,109.22,2026-08-28,Aisle 03,chilled
Sweet Truffle Infused Veg Burger Patties 1.5L,Desi Organics Goods,FROZ-001591,890100640589,Frozen Foods,157,pack,333.43,539.03,2027-02-23,Aisle 09,frozen
Organic Vanilla Bean Flavored Yogurt 2L,Deccan Goods,DAIR-001592,890100640590,Dairy & Eggs,61,tub,211.22,324.86,2026-09-14,Aisle 02,chilled
Sweet Mint Lime Guava Chilli Juice 1L,Green Earth Farms,BEVE-001593,890100640591,Beverages,81,box,398.20,659.55,2027-04-01,Aisle 05,chilled
Crisp Jalapeno Lime Strawberries 5L,Vedic Fresh Naturals,FRES-001594,890100640592,Fresh Produce,67,pack,15.29,22.95,2026-09-12,Aisle 01,chilled
Cured Garlic Naan Frozen 4pk 6-Pack,Organic Tattva Kitchens,FROZ-001595,890100640593,Frozen Foods,72,box,52.25,93.22,2027-05-14,Aisle 09,frozen
Select Mixed Berries Frozen 300g,Vedic Fresh Dairy,FROZ-001596,890100640594,Frozen Foods,221,box,256.67,442.74,2027-02-26,Aisle 09,frozen
Organic Smoked Paprika Organic Rolled Oats 1.5L,Tata Provisions,PANT-001597,890100640595,Pantry & Dry Goods,65,bottle,175.15,322.74,2026-08-28,Aisle 08,ambient
Artisan Sweet Tamarind Chaash / Buttermilk 1kg,Saffola Milling,DAIR-001598,890100640596,Dairy & Eggs,184,box,62.23,112.87,2026-09-18,Aisle 03,chilled
Artisan Cinnamon Spice Chicken Keema Value Pack,Royal Indian Foods,MEAT-001599,890100640597,Meat & Seafood,172,pack,559.63,881.35,2026-08-27,Aisle 05,chilled
Premium Nagpur Orange Bitter Gourd (Karela) 250g,Green Earth Goods,FRES-001600,890100640598,Fresh Produce,5,bunch,140.95,207.44,2026-08-30,Aisle 02,ambient
Gourmet Toned Milk 5kg,Amul Co.,DAIR-001601,890100640599,Dairy & Eggs,7,packet,502.04,749.07,2026-09-21,Aisle 02,chilled
Signature Chicken Frankfurters 2kg,Mother Dairy Goods,BAKE-001602,890100640600,Bakery & Deli,162,pcs,48.92,78.49,2026-09-01,Aisle 03,ambient
Artisan Alphonso Kulfi Tub 1L,Deccan Milling,FROZ-001603,890100640601,Frozen Foods,163,pack,166.54,216.91,2027-04-20,Aisle 09,frozen
Zero-Sugar Tulsi Honey Bath Tissue 6-Pack 24-Pack,Bhoomi Botanicals,HOUS-001604,890100640602,Household & Personal Care,93,pack,455.73,734.71,2029-01-02,Aisle 11,ambient
Heritage Surmai Steaks 50g,Satvik Naturals,MEAT-001605,890100640603,Meat & Seafood,41,pack,425.52,747.79,2026-08-30,Aisle 05,chilled
Farm-Fresh Frozen Samosas 300g,Everest Goods,FROZ-001606,890100640604,Frozen Foods,66,packet,249.27,406.62,2026-08-19,Aisle 09,frozen
Unpolished Oat Milk 10kg,Organic Tattva Provisions,DAIR-001607,890100640605,Dairy & Eggs,109,packet,500.98,848.42,2026-09-02,Aisle 03,chilled
Natural Lemon Pepper Soan Papdi Box 250ml,Amul Mills,SNAC-001608,890100640606,Snacks & Confectionery,169,bar,295.27,522.15,2026-10-21,Aisle 10,ambient
Raw Mosquito Vaporizer Refill 10kg,Kaveri Agro,HOUS-001609,890100640607,Household & Personal Care,47,box,245.84,434.04,2029-05-09,Aisle 11,ambient
Plant-Based Truffle Infused Roasted Makhana Foxnuts 10kg,Nature Harvest Dairy,SNAC-001610,890100640608,Snacks & Confectionery,95,packet,383.81,590.82,2027-05-19,Aisle 10,ambient
Gluten-Free Multigrain Tortillas 5kg,Bhoomi Milling,BAKE-001611,890100640609,Bakery & Deli,178,box,146.62,241.03,2026-09-10,Aisle 03,chilled
Smoked Guava Chilli Juice 500ml,Green Earth Farms,BEVE-001612,890100640610,Beverages,250,box,298.32,432.22,2026-09-18,Aisle 06,chilled
Extra-Virgin Cream Cheese 750g,Royal Indian Provisions,DAIR-001613,890100640611,Dairy & Eggs,213,tub,332.85,519.13,2026-09-04,Aisle 02,chilled
Premium Fabric Softener Floral 500ml,Everest Dairy,HOUS-001614,890100640612,Household & Personal Care,143,bottle,279.79,387.81,2028-06-13,Aisle 12,ambient
Stone-Ground Chicken Salami 200g,Organic Tattva Co.,BAKE-001615,890100640613,Bakery & Deli,209,pcs,56.18,92.45,2026-08-28,Aisle 03,ambient
Extra-Virgin Matcha Green Tea Cold Brew Coffee 5kg,Dabur Harvest,BEVE-001616,890100640614,Beverages,202,box,95.43,170.58,2027-07-05,Aisle 05,chilled
Stone-Ground Caramelized Onion Guava Chilli Juice 5kg,Nature Harvest Co.,BEVE-001617,890100640615,Beverages,66,pack,190.20,253.23,2027-03-28,Aisle 05,ambient
Wildcrafted Squid Rings Cleaned Family Pack,Kaveri Organics,MEAT-001618,890100640616,Meat & Seafood,143,pack,903.09,1373.95,2026-09-02,Aisle 05,chilled
Farm-Fresh Toned Milk 2L,FarmGold Plantations,DAIR-001619,890100640617,Dairy & Eggs,246,pack,442.75,630.97,2026-08-31,Aisle 03,chilled
Handcrafted Caramelized Onion Jeera Masala Soda 250g,FarmGold Goods,BEVE-001620,890100640618,Beverages,201,carton,404.01,675.93,2027-07-28,Aisle 05,ambient
Raw Clove & Mint Toothpaste 5kg,Mother Dairy Goods,HOUS-001621,890100640619,Household & Personal Care,95,tube,42.21,58.05,2028-01-02,Aisle 12,ambient
Country Style Toasted Sesame Organic Green Tea 400g,Himalayan Goods,BEVE-001622,890100640620,Beverages,65,pack,178.42,223.05,2027-05-19,Aisle 06,ambient
Premium Flavored Yogurt 250g,Patanjali Milling,DAIR-001623,890100640621,Dairy & Eggs,21,tub,135.21,238.26,2026-09-08,Aisle 02,chilled
Gluten-Free Soan Papdi Box 500ml,Catch Organics,SNAC-001624,890100640622,Snacks & Confectionery,152,bag,479.80,769.18,2026-08-29,Aisle 10,ambient
Sun-Dried Kesar Pista Mutton Curry Cut 200ml,Tata Mills,MEAT-001625,890100640623,Meat & Seafood,187,pack,227.65,404.58,2026-08-30,Aisle 04,chilled
Rustic Coconut Cream Penne Rigate Pasta 2-Pack,Mother Dairy Plantations,PANT-001626,890100640624,Pantry & Dry Goods,248,packet,238.66,400.57,2027-06-22,Aisle 07,ambient
Sweet Mosquito Vaporizer Refill 1L,Pashmina Agro,HOUS-001627,890100640625,Household & Personal Care,189,pack,382.09,610.04,2026-08-23,Aisle 11,ambient
Wildcrafted Ajwain & Jeera Fruit Cake Slice 4-Pack,Vedic Fresh Botanicals,BAKE-001628,890100640626,Bakery & Deli,178,pack,93.05,144.00,2026-09-10,Aisle 03,chilled
Spiced Baby Spinach Family Pack,Mother Dairy Goods,FRES-001629,890100640627,Fresh Produce,58,bag,145.76,240.89,2026-09-08,Aisle 01,ambient
Desi Tandoori Smoked Guava Chilli Juice 10-Pack,Royal Indian Goods,BEVE-001630,890100640628,Beverages,90,bottle,367.23,533.80,2027-04-26,Aisle 05,ambient
Aged Vanilla Bean Goat Mince Premium 50g,SunBrite Mills,MEAT-001631,890100640629,Meat & Seafood,192,kg,181.92,228.75,2026-08-30,Aisle 04,chilled
Sun-Dried Urad Dal Whole 5kg,Desi Organics Organics,PANT-001632,890100640630,Pantry & Dry Goods,131,bag,266.18,388.95,2027-08-06,Aisle 06,ambient
Sweet Kesar Pista Tender Coconut Water 350g,Green Earth Organics,BEVE-001633,890100640631,Beverages,32,pack,285.07,381.27,2026-09-10,Aisle 05,chilled
Sweet Smoked Paprika Frozen Veg Momos 350g,Deccan Goods,FROZ-001634,890100640632,Frozen Foods,45,pack,145.72,195.36,2027-06-18,Aisle 08,frozen
Handcrafted Kashmiri Saffron Liquid Laundry Detergent 2L,Pashmina Provisions,HOUS-001635,890100640633,Household & Personal Care,178,box,101.93,157.01,2028-10-18,Aisle 12,ambient
Traditional Roasted Makhana Foxnuts 500g,Deccan Kitchens,SNAC-001636,890100640634,Snacks & Confectionery,60,tub,210.20,333.63,2027-06-22,Aisle 09,ambient
Royal Red Chilli & Garlic Portobello Mushrooms 150g,Deccan Agro,FRES-001637,890100640635,Fresh Produce,153,pcs,43.01,54.40,2026-09-17,Aisle 01,ambient
Traditional Veg Spring Rolls 500ml,Dabur Botanicals,FROZ-001638,890100640636,Frozen Foods,29,tub,53.26,68.79,2027-06-29,Aisle 08,frozen
Crisp Tandoori Smoked Chicken Drumsticks 2kg,Urban Roots Harvest,MEAT-001639,890100640637,Meat & Seafood,78,kg,365.45,500.27,2026-09-03,Aisle 04,chilled
Artisan Ciabatta Roll 10kg,SunBrite Milling,BAKE-001640,890100640638,Bakery & Deli,210,box,80.57,136.19,2026-09-07,Aisle 03,chilled
Country Style Tandoori Smoked Sourdough Loaf 5L,Pure Vedic Kitchens,BAKE-001641,890100640639,Bakery & Deli,223,pack,147.82,251.83,2026-09-07,Aisle 03,ambient
Country Style Ajwain & Jeera Malai Kulfi Bar 150ml,Everest Organics,FROZ-001642,890100640640,Frozen Foods,21,pack,256.95,414.84,2027-03-06,Aisle 09,frozen
Gourmet Sweet Tamarind Wood-Fired Veggie Pizza 10-Pack,Dabur Farms,FROZ-001643,890100640641,Frozen Foods,248,pack,195.42,296.81,2027-05-24,Aisle 09,frozen
Roasted Sea Salt Pav 6-Pack 300g,Fortune Foods,BAKE-001644,890100640642,Bakery & Deli,184,pack,33.27,46.15,2026-09-04,Aisle 03,ambient
Desi Red Chilli & Garlic Butter Croissants 250ml,FarmGold Goods,BAKE-001645,890100640643,Bakery & Deli,208,pcs,82.41,111.98,2026-09-09,Aisle 04,ambient
Unpolished Organic Rolled Oats 1kg,Saffola Harvest,PANT-001646,890100640644,Pantry & Dry Goods,156,packet,86.46,129.23,2028-05-11,Aisle 07,ambient
Pure Pineapples 750g,SunBrite Botanicals,FRES-001647,890100640645,Fresh Produce,37,bag,141.48,233.77,2026-09-15,Aisle 01,ambient
Select Bhujia Sev 400g,Himalayan Co.,SNAC-001648,890100640646,Snacks & Confectionery,42,bag,438.90,615.45,2027-02-25,Aisle 10,ambient
Grass-Fed Tender Coconut Water 150ml,Deccan Goods,BEVE-001649,890100640647,Beverages,242,box,212.11,282.97,2027-02-25,Aisle 06,ambient
Whole-Grain Espresso Roast Ground Coffee 500ml,Nilgiri Plantations,BEVE-001650,890100640648,Beverages,89,bottle,145.99,269.78,2026-08-20,Aisle 05,ambient
Raw Cold Pressed Orange Juice 10-Pack,Mother Dairy Farms,BEVE-001651,890100640649,Beverages,11,bag,197.01,288.45,2027-07-07,Aisle 05,chilled
Farm-Fresh Gouda Block Family Pack,Patanjali Plantations,DAIR-001652,890100640650,Dairy & Eggs,58,carton,379.67,525.27,2026-08-27,Aisle 02,chilled
Organic Red Chilli & Garlic Seedless Grapes 330ml,Pure Vedic Kitchens,FRES-001653,890100640651,Fresh Produce,96,pack,111.40,142.33,2026-09-09,Aisle 02,chilled
Whole-Grain Liquid Laundry Detergent 100g,Amul Dairy,HOUS-001654,890100640652,Household & Personal Care,154,tube,464.82,782.83,2028-07-20,Aisle 12,ambient
Golden Garlic & Herb Almond Milk 2kg,Satvik Harvest,DAIR-001655,890100640653,Dairy & Eggs,205,box,353.52,612.97,2026-08-27,Aisle 02,chilled
Valley Fresh Lemon Pepper Pure Jaggery Powder (Gud) 500ml,Amul Botanicals,PANT-001656,890100640654,Pantry & Dry Goods,42,can,218.93,287.05,2026-08-28,Aisle 07,ambient
Premium Smoked Chicken Slices 2-Pack,Fortune Plantations,BAKE-001657,890100640655,Bakery & Deli,217,pack,282.64,387.18,2026-09-03,Aisle 04,ambient
Handcrafted Roasted Salted Cashews 500ml,Dabur Co.,SNAC-001658,890100640656,Snacks & Confectionery,202,pack,549.26,895.75,2027-05-16,Aisle 10,ambient
Gluten-Free Truffle Infused Biodegradable Garbage Bags 2-Pack,Green Earth Kitchens,HOUS-001659,890100640657,Household & Personal Care,123,bottle,244.64,449.50,2028-11-23,Aisle 11,ambient
Cured Tandoori Smoked Tiger Prawns Jumbo 1.5L,Mother Dairy Foods,MEAT-001660,890100640658,Meat & Seafood,31,pcs,421.70,605.34,2026-08-30,Aisle 05,chilled
Low-Sodium Nagpur Orange Watermelon 1.5L,Satvik Farms,FRES-001661,890100640659,Fresh Produce,146,bunch,94.26,170.57,2026-08-29,Aisle 02,ambient
Crisp Kachi Ghani Mustard Dry Fruits Trail Mix Value Pack,Green Earth Organics,SNAC-001662,890100640660,Snacks & Confectionery,34,tub,124.54,183.05,2027-03-17,Aisle 10,ambient
Signature Pasture Eggs 5kg,Amul Farms,DAIR-001663,890100640661,Dairy & Eggs,195,box,37.74,56.19,2026-08-20,Aisle 03,chilled
Rustic Pista Almond Kaju Katli Sweet Box Value Pack,Pashmina Agro,SNAC-001664,890100640662,Snacks & Confectionery,109,packet,270.26,406.39,2026-08-28,Aisle 10,ambient
Wildcrafted Malai Kulfi Bar 1.5L,Green Earth Botanicals,FROZ-001665,890100640663,Frozen Foods,203,box,165.80,217.64,2027-02-04,Aisle 08,frozen
Natural Lemon Pepper Kaju Katli Sweet Box Snack Pack,Himalayan Provisions,SNAC-001666,890100640664,Snacks & Confectionery,104,tub,174.65,244.14,2026-08-29,Aisle 10,ambient
Heritage Cheese Croissant 200ml,FarmGold Milling,BAKE-001667,890100640665,Bakery & Deli,25,pack,93.42,141.85,2026-08-30,Aisle 04,ambient
Homestyle Gourmet Cookies Choco-Chip 12-Pack,Mother Dairy Springs,SNAC-001668,890100640666,Snacks & Confectionery,243,box,173.36,312.69,2027-03-14,Aisle 09,ambient
Gourmet Alphonso Mango Himalayan Spring Water 12-Pack,Catch Springs,BEVE-001669,890100640667,Beverages,15,box,292.45,466.22,2027-05-14,Aisle 06,chilled
Select Coconut Cream Kaju Katli Sweet Box 250ml,Vedic Fresh Dairy,SNAC-001670,890100640668,Snacks & Confectionery,246,box,443.23,757.23,2026-11-21,Aisle 09,ambient
Crisp Jalapeno Lime Ayurvedic Bath Soap 200ml,Deccan Dairy,HOUS-001671,890100640669,Household & Personal Care,126,packet,293.37,367.53,2029-01-02,Aisle 11,ambient
Select Rose Infused Heavy Cream 8-Pack,Organic Tattva Foods,DAIR-001672,890100640670,Dairy & Eggs,47,tub,237.96,365.52,2026-09-04,Aisle 03,chilled
Golden Coconut Cream Soy Milk Protein Family Pack,Organic Tattva Co.,DAIR-001673,890100640671,Dairy & Eggs,219,packet,137.06,249.53,2026-09-10,Aisle 03,chilled
Gourmet Coconut Cream Sona Masoori Rice 300g,Mother Dairy Agro,PANT-001674,890100640672,Pantry & Dry Goods,33,box,54.68,69.46,2026-08-24,Aisle 06,ambient
Aged Lemon Pepper Sona Masoori Rice Value Pack,Deccan Co.,PANT-001675,890100640673,Pantry & Dry Goods,213,bag,590.52,846.90,2028-03-07,Aisle 06,ambient
Homestyle Soan Papdi Box 500g,Heritage Naturals,SNAC-001676,890100640674,Snacks & Confectionery,202,bar,478.52,723.92,2026-11-01,Aisle 10,ambient
Artisan Unsalted White Butter 5L,Nature Harvest Springs,DAIR-001677,890100640675,Dairy & Eggs,223,tub,344.33,635.96,2026-08-30,Aisle 03,chilled
Aged Seedless Grapes 10-Pack,Heritage Organics,FRES-001678,890100640676,Fresh Produce,229,bunch,122.90,214.14,2026-08-30,Aisle 01,chilled
Raw Aloo Tikki 8-Pack 10kg,Saffola Plantations,FROZ-001679,890100640677,Frozen Foods,114,box,128.10,180.43,2027-07-30,Aisle 08,frozen
Traditional Espresso Roast Ground Coffee 1L,Mother Dairy Kitchens,BEVE-001680,890100640678,Beverages,17,box,375.48,645.36,2027-01-26,Aisle 06,ambient
Stone-Ground Masala CTC Tea 1L,Vedic Fresh Goods,BEVE-001681,890100640679,Beverages,149,box,50.24,92.84,2026-11-02,Aisle 05,chilled
Grass-Fed Makhana Crunch Sparkling Mineral Water 100g,Fortune Farms,BEVE-001682,890100640680,Beverages,231,bag,331.70,517.48,2027-05-21,Aisle 05,ambient
Stone-Ground Greek Yogurt 350g,Amul Agro,DAIR-001683,890100640681,Dairy & Eggs,155,packet,115.16,197.55,2026-09-08,Aisle 02,chilled
Valley Fresh Makhana Crunch Lemons 24-Pack,Organic Tattva Mills,FRES-001684,890100640682,Fresh Produce,135,pcs,56.44,95.10,2026-09-07,Aisle 02,chilled
Sweet Golden Ginger Watermelon 2-Pack,Royal Indian Mills,FRES-001685,890100640683,Fresh Produce,112,bunch,20.64,32.25,2026-09-05,Aisle 02,ambient
Premium Lemon Pepper Cheese Croissant 200g,Himalayan Plantations,BAKE-001686,890100640684,Bakery & Deli,248,box,199.19,354.53,2026-08-31,Aisle 03,ambient
Zero-Sugar Butter Murukku Snack Pack,Pashmina Kitchens,SNAC-001687,890100640685,Snacks & Confectionery,188,packet,48.51,82.19,2027-06-16,Aisle 10,ambient
Artisan Squid Rings Cleaned 24-Pack,Catch Springs,MEAT-001688,890100640686,Meat & Seafood,182,pcs,886.48,1257.94,2026-08-30,Aisle 05,chilled
Premium Floor Disinfectant Pine Value Pack,Catch Foods,HOUS-001689,890100640687,Household & Personal Care,166,packet,426.10,576.79,2028-01-05,Aisle 11,ambient
Gluten-Free Paneer Paratha Frozen 750g,Satvik Co.,FROZ-001690,890100640688,Frozen Foods,7,tub,279.71,480.15,2026-11-23,Aisle 08,frozen
Aged Frozen Green Peas 750g,Saffola Springs,FROZ-001691,890100640689,Frozen Foods,70,tub,67.45,99.08,2027-05-20,Aisle 08,frozen
Organic Makhana Crunch Dry Fruits Trail Mix 2L,Nilgiri Goods,SNAC-001692,890100640690,Snacks & Confectionery,4,bar,74.59,122.02,2026-08-24,Aisle 09,ambient
Wildcrafted Smoked Chicken Slices 750ml,Kaveri Springs,BAKE-001693,890100640691,Bakery & Deli,212,pcs,319.61,480.30,2026-09-02,Aisle 03,chilled
Smoked Lemon Pepper Fabric Softener Floral 6-Pack,Everest Mills,HOUS-001694,890100640692,Household & Personal Care,98,box,578.63,968.18,2028-06-15,Aisle 11,ambient
Traditional Sea Salt Tonic Water Premium 1L,Fortune Botanicals,BEVE-001695,890100640693,Beverages,91,bag,226.12,380.61,2027-03-25,Aisle 06,chilled
Raw Coconut Cream Whole Wheat Atta Bread 150ml,Satvik Botanicals,BAKE-001696,890100640694,Bakery & Deli,148,box,150.44,212.00,2026-09-07,Aisle 03,ambient
Cold-Pressed Sweet Tamarind Sweet Potatoes 330ml,Himalayan Organics,FRES-001697,890100640695,Fresh Produce,150,bag,70.38,108.27,2026-09-08,Aisle 01,ambient
Wildcrafted Bhujia Sev Family Pack,FarmGold Springs,SNAC-001698,890100640696,Snacks & Confectionery,37,packet,523.07,681.76,2027-02-04,Aisle 10,ambient
Stone-Ground Green Peas Fresh 8-Pack,Nature Harvest Co.,FRES-001699,890100640697,Fresh Produce,200,kg,127.52,206.43,2026-09-06,Aisle 02,ambient
Crisp Ajwain & Jeera Crab Meat Fresh 5kg,Green Earth Harvest,MEAT-001700,890100640698,Meat & Seafood,118,pack,183.60,274.53,2026-08-30,Aisle 05,chilled
Raw Sweet Tamarind Amla Juice Pure 10kg,Catch Springs,BEVE-001701,890100640699,Beverages,241,box,47.10,70.99,2027-07-16,Aisle 06,ambient
Desi Tandoori Smoked Unsalted White Butter 750g,Heritage Foods,DAIR-001702,890100640700,Dairy & Eggs,188,bottle,323.08,411.57,2026-09-14,Aisle 02,chilled
Spiced Biodegradable Garbage Bags 330ml,Green Earth Provisions,HOUS-001703,890100640701,Household & Personal Care,182,bottle,556.38,896.31,2027-03-23,Aisle 12,ambient
Smoked Ajwain & Jeera Chaash / Buttermilk 1L,Patanjali Naturals,DAIR-001704,890100640702,Dairy & Eggs,215,bottle,476.60,761.46,2026-09-03,Aisle 02,chilled
Royal Kashmiri Saffron Basa Fish Fillets 150ml,Kaveri Provisions,MEAT-001705,890100640703,Meat & Seafood,27,kg,258.42,394.80,2026-09-03,Aisle 05,chilled
Stone-Ground Matcha Green Tea Boneless Chicken Breast 250g,Pashmina Springs,MEAT-001706,890100640704,Meat & Seafood,212,pcs,511.74,685.31,2026-09-02,Aisle 05,chilled
Zero-Sugar Badam Milk Drink 1kg,Kaveri Springs,BEVE-001707,890100640705,Beverages,141,box,431.75,707.52,2027-04-30,Aisle 06,chilled
Sun-Dried Biodegradable Garbage Bags 1L,Mother Dairy Farms,HOUS-001708,890100640706,Household & Personal Care,106,pack,407.36,538.70,2028-01-12,Aisle 12,ambient
Artisan Truffle Infused Gulab Jamun Tin 8-Pack,Mother Dairy Goods,SNAC-001709,890100640707,Snacks & Confectionery,77,pack,126.31,229.45,2027-01-28,Aisle 10,ambient
Premium Cardamom Spiced Atlantic Salmon Fillet 350g,Vedic Fresh Goods,MEAT-001710,890100640708,Meat & Seafood,248,pack,649.58,873.89,2026-09-01,Aisle 04,chilled
Desi Aloo Tikki 8-Pack 8-Pack,Mother Dairy Milling,FROZ-001711,890100640709,Frozen Foods,97,bag,65.55,111.00,2027-01-13,Aisle 09,frozen
Free-Range Chatpata Masala Spicy Peanut Chikki 300g,Patanjali Springs,SNAC-001712,890100640710,Snacks & Confectionery,124,bag,229.58,352.94,2026-10-24,Aisle 10,ambient
Spiced Garlic & Herb Garlic Focaccia 50g,Catch Plantations,BAKE-001713,890100640711,Bakery & Deli,190,pack,102.95,181.91,2026-09-06,Aisle 04,chilled
Country Style Gouda Block 1L,Fortune Naturals,DAIR-001714,890100640712,Dairy & Eggs,63,tub,423.62,783.05,2026-09-07,Aisle 03,chilled
Authentic Tulsi Honey Sona Masoori Rice 100g,Tata Botanicals,PANT-001715,890100640713,Pantry & Dry Goods,112,can,533.22,807.32,2027-01-03,Aisle 07,ambient
Desi Oat Milk 10kg,Dabur Springs,DAIR-001716,890100640714,Dairy & Eggs,127,pack,114.58,167.76,2026-08-31,Aisle 02,chilled
Heritage Oranges Nagpur 400g,Heritage Agro,FRES-001717,890100640715,Fresh Produce,117,kg,94.48,133.32,2026-09-14,Aisle 01,chilled
Raw Herbal Hand Wash Neem Value Pack,Pure Vedic Foods,HOUS-001718,890100640716,Household & Personal Care,246,packet,435.97,728.27,2028-11-12,Aisle 12,ambient
Premium Dark Chocolate Filter Coffee Beans 10kg,Everest Botanicals,BEVE-001719,890100640717,Beverages,241,bag,134.51,180.71,2026-12-26,Aisle 05,ambient
Free-Range Portobello Mushrooms Family Pack,Green Earth Farms,FRES-001720,890100640718,Fresh Produce,107,pack,22.87,34.60,2026-09-01,Aisle 02,chilled
Roasted Frozen Samosas 1kg,Heritage Milling,FROZ-001721,890100640719,Frozen Foods,226,tub,399.82,716.67,2026-10-29,Aisle 09,frozen
Smoked Pav 6-Pack 250ml,Fortune Plantations,BAKE-001722,890100640720,Bakery & Deli,107,box,317.41,530.69,2026-08-29,Aisle 04,chilled
Crisp Fresh Mint (Pudina) 500ml,FarmGold Organics,FRES-001723,890100640721,Fresh Produce,149,pcs,35.74,54.91,2026-09-03,Aisle 01,chilled
Organic Fish Fingers Frozen 100g,Organic Tattva Milling,FROZ-001724,890100640722,Frozen Foods,213,box,206.84,309.51,2027-05-27,Aisle 09,frozen
Royal Guava Chilli Juice 1.5L,Tata Naturals,BEVE-001725,890100640723,Beverages,19,can,78.85,128.65,2027-02-11,Aisle 06,ambient
Valley Fresh Toasted Sesame Jeera Masala Soda 500g,Pashmina Botanicals,BEVE-001726,890100640724,Beverages,198,bag,441.51,767.12,2027-02-20,Aisle 05,chilled
Artisan Caramelized Onion Herbal Hand Wash Neem 330ml,FarmGold Agro,HOUS-001727,890100640725,Household & Personal Care,169,tube,86.16,116.15,2027-05-26,Aisle 11,ambient
Homestyle Curd Tub (Dahi) 250g,Royal Indian Farms,DAIR-001728,890100640726,Dairy & Eggs,178,tub,211.70,337.28,2026-09-21,Aisle 03,chilled
Unpolished Pita Bread 2kg,Vedic Fresh Plantations,BAKE-001729,890100640727,Bakery & Deli,40,pcs,108.79,182.77,2026-09-05,Aisle 03,chilled
Smoked Jalapeno Lime Crab Meat Fresh 250ml,Himalayan Plantations,MEAT-001730,890100640728,Meat & Seafood,183,pack,159.03,260.21,2026-09-03,Aisle 05,chilled
Desi Smoked Paprika Ciabatta Roll 350g,Pure Vedic Botanicals,BAKE-001731,890100640729,Bakery & Deli,206,pcs,76.31,128.27,2026-09-06,Aisle 03,chilled
Roasted Golden Ginger Gulab Jamun Tin 100g,Nature Harvest Milling,SNAC-001732,890100640730,Snacks & Confectionery,188,pack,181.93,321.35,2027-06-07,Aisle 09,ambient
Country Style Green Chillies 150ml,Deccan Agro,FRES-001733,890100640731,Fresh Produce,111,pack,93.44,123.29,2026-08-22,Aisle 01,ambient
Golden Truffle Infused Garlic Naan Frozen 4pk 150ml,SunBrite Springs,FROZ-001734,890100640732,Frozen Foods,147,tub,160.77,272.53,2026-11-23,Aisle 08,frozen
Golden Yukon Gold Potatoes 200ml,Deccan Farms,FRES-001735,890100640733,Fresh Produce,161,pcs,62.15,112.72,2026-09-16,Aisle 02,ambient
Stone-Ground Makhana Crunch Rawa Sooji 350g,Pashmina Foods,PANT-001736,890100640734,Pantry & Dry Goods,64,bag,745.88,1375.39,2028-06-11,Aisle 08,ambient
Rustic Squid Rings Cleaned 6-Pack,Fortune Springs,MEAT-001737,890100640735,Meat & Seafood,140,pcs,771.27,1043.57,2026-09-01,Aisle 04,chilled
Organic Fruit Muffins 150g,Nature Harvest Foods,BAKE-001738,890100640736,Bakery & Deli,60,pack,202.81,303.32,2026-09-07,Aisle 04,ambient
Crisp Mint Lime Poha Thick Flakes 1kg,Deccan Naturals,PANT-001739,890100640737,Pantry & Dry Goods,50,bag,374.42,662.86,2026-08-22,Aisle 06,ambient
Golden Floor Disinfectant Pine 10-Pack,Mother Dairy Kitchens,HOUS-001740,890100640738,Household & Personal Care,104,tube,161.66,244.31,2028-09-14,Aisle 12,ambient
Plant-Based Coconut Cream Seedless Grapes 330ml,Catch Foods,FRES-001741,890100640739,Fresh Produce,16,pcs,83.18,121.19,2026-09-01,Aisle 02,chilled
Farm-Fresh Golden Ginger Cream Cheese 5kg,Organic Tattva Agro,DAIR-001742,890100640740,Dairy & Eggs,183,box,372.29,587.11,2026-08-31,Aisle 03,chilled
Low-Sodium Makhana Crunch Pomegranates 150g,Patanjali Plantations,FRES-001743,890100640741,Fresh Produce,154,bag,28.05,40.97,2026-08-27,Aisle 02,ambient
Crisp Rose Infused Tender Coconut Water 6-Pack,Ganga Dairy,BEVE-001744,890100640742,Beverages,246,can,184.99,289.23,2026-12-28,Aisle 06,chilled
Rustic Jalapeno Lime Feta Cheese Snack Pack,Royal Indian Harvest,DAIR-001745,890100640743,Dairy & Eggs,247,packet,271.48,443.91,2026-09-24,Aisle 03,chilled
Artisan Sweet Tamarind Oat Milk 330ml,Mother Dairy Farms,DAIR-001746,890100640744,Dairy & Eggs,212,bottle,231.38,427.70,2026-09-01,Aisle 03,chilled
Gluten-Free Matcha Green Tea Baby Spinach 500ml,Fortune Plantations,FRES-001747,890100640745,Fresh Produce,207,pack,116.13,181.35,2026-09-03,Aisle 02,ambient
Extra-Virgin Mishri Mawa 12-Pack,Royal Indian Milling,DAIR-001748,890100640746,Dairy & Eggs,71,carton,201.51,345.24,2026-09-08,Aisle 02,chilled
Pure Kulcha 4-Pack Snack Pack,Organic Tattva Foods,BAKE-001749,890100640747,Bakery & Deli,91,pcs,279.96,428.72,2026-09-02,Aisle 03,chilled
Royal Pita Bread Snack Pack,Heritage Foods,BAKE-001750,890100640748,Bakery & Deli,83,box,209.95,263.03,2026-09-08,Aisle 04,ambient
Zero-Sugar Masala Chai Kaju Katli Sweet Box 8-Pack,Satvik Farms,SNAC-001751,890100640749,Snacks & Confectionery,190,pack,134.34,168.16,2026-10-21,Aisle 10,ambient
Free-Range Squid Rings Cleaned 500ml,Ganga Agro,MEAT-001752,890100640750,Meat & Seafood,21,pcs,483.34,625.00,2026-09-03,Aisle 04,chilled
Unpolished Cinnamon Spice Pav 6-Pack 12-Pack,Deccan Botanicals,BAKE-001753,890100640751,Bakery & Deli,240,pcs,169.17,298.04,2026-08-31,Aisle 04,chilled
Farm-Fresh Gulab Jamun Tin 8-Pack,Ganga Agro,SNAC-001754,890100640752,Snacks & Confectionery,14,tub,400.23,632.49,2027-05-29,Aisle 10,ambient
Plant-Based Organic Rolled Oats Family Pack,Amul Naturals,PANT-001755,890100640753,Pantry & Dry Goods,212,bag,335.57,549.02,2028-02-15,Aisle 06,ambient
Sweet Ajwain & Jeera Gourmet Cookies Choco-Chip 250ml,Fortune Co.,SNAC-001756,890100640754,Snacks & Confectionery,76,tub,207.82,307.75,2027-04-24,Aisle 10,ambient
Crisp Feta Cheese 400g,Catch Botanicals,DAIR-001757,890100640755,Dairy & Eggs,195,box,423.62,593.65,2026-09-06,Aisle 03,chilled
Whole-Grain Coconut Cream Pomfret Whole 4-Pack,SunBrite Mills,MEAT-001758,890100640756,Meat & Seafood,151,kg,851.94,1227.58,2026-08-31,Aisle 05,chilled
Whole-Grain Fresh Mosambi Juice 500ml,Deccan Kitchens,BEVE-001759,890100640757,Beverages,52,can,300.98,396.86,2027-05-02,Aisle 06,chilled
Artisan Garlic Bulbs Family Pack,Tata Naturals,FRES-001760,890100640758,Fresh Produce,100,pcs,16.14,25.15,2026-09-15,Aisle 02,ambient
Homestyle Pista Almond Greek Yogurt Family Pack,Nature Harvest Naturals,DAIR-001761,890100640759,Dairy & Eggs,232,bottle,145.04,265.53,2026-09-17,Aisle 03,chilled
Pure Sweet Corn Kernels 24-Pack,Nature Harvest Dairy,FROZ-001762,890100640760,Frozen Foods,147,tub,276.32,389.85,2027-07-22,Aisle 09,frozen
Aged Crab Meat Fresh 1.5L,SunBrite Goods,MEAT-001763,890100640761,Meat & Seafood,234,pack,651.11,1175.53,2026-08-30,Aisle 04,chilled
Rustic Kesar Pista Urad Dal Whole 750g,Heritage Plantations,PANT-001764,890100640762,Pantry & Dry Goods,187,jar,536.83,808.20,2028-06-16,Aisle 07,ambient
Rustic Guava Chilli Juice 750g,Deccan Harvest,BEVE-001765,890100640763,Beverages,47,bottle,432.77,689.65,2027-01-02,Aisle 05,ambient
Golden Sweet Tamarind Blueberries 300g,Royal Indian Farms,FRES-001766,890100640764,Fresh Produce,196,bunch,35.68,56.86,2026-09-14,Aisle 01,chilled
Natural Sona Masoori Rice 4-Pack,Deccan Organics,PANT-001767,890100640765,Pantry & Dry Goods,166,bag,62.93,95.95,2026-08-19,Aisle 08,ambient
Crisp Makhana Crunch Unsalted White Butter 10-Pack,Nature Harvest Goods,DAIR-001768,890100640766,Dairy & Eggs,91,carton,256.92,460.03,2026-09-13,Aisle 03,chilled
Extra-Virgin Smoked Paprika Urad Dal Whole 2kg,Heritage Harvest,PANT-001769,890100640767,Pantry & Dry Goods,19,box,385.26,598.25,2027-01-14,Aisle 07,ambient
Roasted Alphonso Mango Rawa Sooji 500g,Himalayan Kitchens,PANT-001770,890100640768,Pantry & Dry Goods,218,box,214.42,271.35,2027-06-29,Aisle 06,ambient
Handcrafted Rose Infused Bottle Gourd (Lauki) 300g,Pure Vedic Springs,FRES-001771,890100640769,Fresh Produce,45,bag,26.04,33.96,2026-09-11,Aisle 02,ambient
Golden Guava Chilli Juice 8-Pack,Heritage Harvest,BEVE-001772,890100640770,Beverages,64,bottle,144.07,184.28,2026-12-10,Aisle 05,ambient
Heritage Rose Infused Tonic Water Premium 200g,Ganga Co.,BEVE-001773,890100640771,Beverages,203,can,102.20,178.01,2027-07-08,Aisle 05,chilled
Heritage Lemon Pepper Bhujia Sev 12-Pack,FarmGold Provisions,SNAC-001774,890100640772,Snacks & Confectionery,123,bag,430.40,694.03,2027-03-31,Aisle 10,ambient
Aged Guavas 400g,Nature Harvest Organics,FRES-001775,890100640773,Fresh Produce,199,kg,152.16,253.64,2026-09-16,Aisle 01,chilled
Stone-Ground Golden Ginger Jeera Masala Soda 300g,Ganga Farms,BEVE-001776,890100640774,Beverages,99,box,376.02,687.15,2027-01-07,Aisle 06,chilled
Extra-Virgin Kokum Sharbat Snack Pack,Himalayan Foods,BEVE-001777,890100640775,Beverages,88,pack,199.14,274.14,2027-03-17,Aisle 05,ambient
Free-Range Unsalted White Butter 50g,Fortune Farms,DAIR-001778,890100640776,Dairy & Eggs,193,carton,377.13,679.30,2026-09-11,Aisle 02,chilled
Grass-Fed Dark Chocolate Pomfret Whole 500g,Vedic Fresh Naturals,MEAT-001779,890100640777,Meat & Seafood,60,kg,541.57,972.19,2026-08-31,Aisle 04,chilled
Gluten-Free Kesar Pista Liquid Laundry Detergent 330ml,Royal Indian Co.,HOUS-001780,890100640778,Household & Personal Care,160,bottle,364.80,516.02,2028-05-21,Aisle 12,ambient
Premium Gulab Jamun Tin 2kg,Pashmina Naturals,SNAC-001781,890100640779,Snacks & Confectionery,152,tub,371.03,563.85,2026-10-24,Aisle 10,ambient
Rustic Cinnamon Spice Pink Himalayan Salt 5L,SunBrite Springs,PANT-001782,890100640780,Pantry & Dry Goods,87,bottle,221.75,344.52,2027-07-10,Aisle 06,ambient
Cured California Almonds 750ml,Everest Springs,SNAC-001783,890100640781,Snacks & Confectionery,166,packet,18.99,28.95,2027-06-03,Aisle 09,ambient
Grass-Fed Diet Mixture Namkeen 6-Pack,Heritage Springs,SNAC-001784,890100640782,Snacks & Confectionery,206,bag,451.84,656.78,2027-04-19,Aisle 10,ambient
Handcrafted Rose Infused Royal Basmati Rice 150ml,FarmGold Farms,PANT-001785,890100640783,Pantry & Dry Goods,194,box,54.89,80.74,2027-11-25,Aisle 06,ambient
Gluten-Free Pista Almond Espresso Roast Ground Coffee 500ml,Heritage Co.,BEVE-001786,890100640784,Beverages,168,bottle,203.02,256.78,2026-09-15,Aisle 06,ambient
Authentic Kesar Pista Banana Chips Kerala Style 500g,Royal Indian Botanicals,SNAC-001787,890100640785,Snacks & Confectionery,188,bar,144.85,233.92,2026-08-16,Aisle 10,ambient
Authentic Kesar Pista Bagel Plain 4pk 2-Pack,Patanjali Organics,BAKE-001788,890100640786,Bakery & Deli,193,pcs,212.05,317.72,2026-08-27,Aisle 03,chilled
Valley Fresh Caramelized Onion Moong Dal Namkeen 12-Pack,FarmGold Provisions,SNAC-001789,890100640787,Snacks & Confectionery,83,bar,478.57,774.38,2026-12-18,Aisle 09,ambient
Heritage Toned Milk 200ml,Saffola Goods,DAIR-001790,890100640788,Dairy & Eggs,198,box,336.43,570.89,2026-09-23,Aisle 03,chilled
Whole-Grain Pav 6-Pack Family Pack,Royal Indian Kitchens,BAKE-001791,890100640789,Bakery & Deli,91,pack,58.67,74.53,2026-09-06,Aisle 04,ambient
Homestyle Cinnamon Spice Malai Kulfi Bar 330ml,Everest Mills,FROZ-001792,890100640790,Frozen Foods,4,box,389.12,583.64,2026-10-27,Aisle 08,frozen
Extra-Virgin Pomegranates 5L,Ganga Farms,FRES-001793,890100640791,Fresh Produce,60,bunch,155.89,288.10,2026-09-01,Aisle 02,ambient
Country Style Ajwain & Jeera Clove & Mint Toothpaste 10kg,Pashmina Harvest,HOUS-001794,890100640792,Household & Personal Care,54,packet,362.33,561.29,2028-06-04,Aisle 11,ambient
Unpolished Chatpata Masala Frozen Paneer Cubes 400g,Saffola Farms,FROZ-001795,890100640793,Frozen Foods,58,tub,339.17,567.27,2027-03-05,Aisle 08,frozen
Cured Golden Ginger Feta Cheese 10kg,Tata Co.,DAIR-001796,890100640794,Dairy & Eggs,124,bottle,117.41,174.51,2026-09-21,Aisle 03,chilled
Pure Rawa Sooji 6-Pack,Everest Organics,PANT-001797,890100640795,Pantry & Dry Goods,219,box,393.28,591.51,2028-03-14,Aisle 06,ambient
Signature Gourmet Cookies Choco-Chip 8-Pack,Organic Tattva Plantations,SNAC-001798,890100640796,Snacks & Confectionery,179,tub,151.17,264.03,2026-12-15,Aisle 09,ambient
Sweet Sweet Tamarind Frozen Green Peas 8-Pack,Satvik Mills,FROZ-001799,890100640797,Frozen Foods,228,box,347.85,625.87,2027-08-22,Aisle 08,frozen
Select Sweet Tamarind Smoked Chicken Slices 8-Pack,Vedic Fresh Springs,BAKE-001800,890100640798,Bakery & Deli,227,box,177.34,302.32,2026-09-08,Aisle 04,chilled
Heritage Rose Infused Banana Chips Kerala Style 2kg,SunBrite Farms,SNAC-001801,890100640799,Snacks & Confectionery,43,packet,51.03,77.39,2026-10-17,Aisle 10,ambient
Roasted Kesar Pista Chicken Salami 350g,Green Earth Organics,BAKE-001802,890100640800,Bakery & Deli,138,pcs,169.77,268.60,2026-08-31,Aisle 03,chilled
Pure Mutton Chops 10-Pack,Pure Vedic Co.,MEAT-001803,890100640801,Meat & Seafood,166,pcs,938.48,1718.11,2026-08-30,Aisle 05,chilled
Sun-Dried Sea Salt Mustard Oil Kachi Ghani 150ml,Desi Organics Co.,PANT-001804,890100640802,Pantry & Dry Goods,238,bottle,521.54,835.42,2027-05-08,Aisle 06,ambient
Cold-Pressed Buffalo Milk 8-Pack,Ganga Farms,DAIR-001805,890100640803,Dairy & Eggs,170,packet,208.83,278.88,2026-09-18,Aisle 02,chilled
Royal Dark Chocolate Mixed Berries Frozen 300g,Tata Goods,FROZ-001806,890100640804,Frozen Foods,158,packet,302.05,529.70,2027-08-22,Aisle 08,frozen
Royal Sweet Tamarind Feta Cheese 250ml,FarmGold Harvest,DAIR-001807,890100640805,Dairy & Eggs,97,box,285.19,464.34,2026-09-04,Aisle 02,chilled
Premium Ajwain & Jeera Edamame Pods 350g,Kaveri Foods,FROZ-001808,890100640806,Frozen Foods,195,packet,260.87,415.89,2027-08-13,Aisle 09,frozen
Natural Garlic Naan Frozen 4pk 4-Pack,Pure Vedic Farms,FROZ-001809,890100640807,Frozen Foods,182,pack,95.79,146.83,2026-08-29,Aisle 08,frozen
Heritage Clove & Mint Toothpaste 300g,Kaveri Naturals,HOUS-001810,890100640808,Household & Personal Care,51,pack,479.35,836.17,2028-01-10,Aisle 11,ambient
Plant-Based Truffle Infused Garlic Naan Frozen 4pk 1.5L,Kaveri Dairy,FROZ-001811,890100640809,Frozen Foods,37,packet,60.45,99.08,2026-08-28,Aisle 08,frozen
Golden Liquid Laundry Detergent 150ml,Pashmina Organics,HOUS-001812,890100640810,Household & Personal Care,241,packet,35.17,54.12,2029-03-22,Aisle 11,ambient
Wildcrafted Coconut Milk Canned 1L,Himalayan Botanicals,PANT-001813,890100640811,Pantry & Dry Goods,241,box,655.90,1002.07,2026-08-29,Aisle 06,ambient
Rustic Bell Peppers Snack Pack,Himalayan Dairy,FRES-001814,890100640812,Fresh Produce,97,pack,86.68,144.41,2026-09-06,Aisle 02,ambient
Farm-Fresh Seedless Grapes 250ml,SunBrite Harvest,FRES-001815,890100640813,Fresh Produce,248,pack,44.03,62.25,2026-08-17,Aisle 01,chilled
Premium Chatpata Masala Kaju Katli Sweet Box 2kg,Heritage Goods,SNAC-001816,890100640814,Snacks & Confectionery,37,tub,117.44,158.25,2027-04-30,Aisle 09,ambient
Natural Clove & Mint Toothpaste 2L,Heritage Plantations,HOUS-001817,890100640815,Household & Personal Care,19,bottle,380.50,510.96,2028-06-02,Aisle 11,ambient
Unpolished Gourmet Cookies Choco-Chip 2kg,Tata Co.,SNAC-001818,890100640816,Snacks & Confectionery,110,bag,83.01,124.27,2027-04-02,Aisle 10,ambient
Low-Sodium Curd Tub (Dahi) 100g,Saffola Foods,DAIR-001819,890100640817,Dairy & Eggs,170,tub,334.76,479.82,2026-09-22,Aisle 03,chilled
Premium Shampoo Anti-Dandruff 10kg,Dabur Botanicals,HOUS-001820,890100640818,Household & Personal Care,145,tube,461.88,592.77,2026-08-25,Aisle 11,ambient
Aged Basa Fish Fillets 24-Pack,Kaveri Springs,MEAT-001821,890100640819,Meat & Seafood,31,kg,666.68,1221.96,2026-08-29,Aisle 04,chilled
Handcrafted Squid Rings Cleaned 750ml,Pure Vedic Farms,MEAT-001822,890100640820,Meat & Seafood,212,pcs,159.38,237.92,2026-08-21,Aisle 05,chilled
Royal Atlantic Salmon Fillet 200g,Pure Vedic Kitchens,MEAT-001823,890100640821,Meat & Seafood,178,pack,736.82,1005.44,2026-09-03,Aisle 05,chilled
Sweet Roasted Makhana Foxnuts 6-Pack,Pure Vedic Harvest,SNAC-001824,890100640822,Snacks & Confectionery,155,pack,283.20,370.81,2027-04-27,Aisle 09,ambient
Roasted Alphonso Mango Himalayan Spring Water 10kg,Satvik Agro,BEVE-001825,890100640823,Beverages,200,pack,73.87,123.56,2026-12-06,Aisle 06,chilled
Country Style Floor Disinfectant Pine 50g,Green Earth Harvest,HOUS-001826,890100640824,Household & Personal Care,120,tube,342.02,429.87,2027-07-20,Aisle 12,ambient
Gourmet Cinnamon Spice Cinnamon Swirl Buns 2-Pack,Pashmina Plantations,BAKE-001827,890100640825,Bakery & Deli,69,pack,70.97,120.74,2026-09-09,Aisle 04,ambient
Desi Herbal Hand Wash Neem 750ml,Catch Goods,HOUS-001828,890100640826,Household & Personal Care,10,packet,369.11,657.09,2028-08-11,Aisle 12,ambient
Gourmet Roasted Makhana Foxnuts 5L,Nilgiri Milling,SNAC-001829,890100640827,Snacks & Confectionery,20,bar,295.36,472.81,2026-11-16,Aisle 09,ambient
Select Nagpur Orange Unsalted White Butter Snack Pack,Green Earth Provisions,DAIR-001830,890100640828,Dairy & Eggs,250,bottle,215.21,366.15,2026-09-24,Aisle 02,chilled
Royal Herbal Hand Wash Neem 300g,Organic Tattva Provisions,HOUS-001831,890100640829,Household & Personal Care,244,pack,124.79,208.14,2027-03-07,Aisle 11,ambient
Premium Red Chilli & Garlic Mustard Oil Kachi Ghani 330ml,Mother Dairy Mills,PANT-001832,890100640830,Pantry & Dry Goods,151,jar,55.29,94.13,2028-03-12,Aisle 07,ambient
Handcrafted Butter Croissants 330ml,Kaveri Organics,BAKE-001833,890100640831,Bakery & Deli,180,pack,162.54,271.60,2026-09-02,Aisle 04,ambient
Wildcrafted Tandoori Smoked Surface Floor Cleaner Rose 400g,Amul Mills,HOUS-001834,890100640832,Household & Personal Care,105,box,283.38,356.02,2027-05-29,Aisle 12,ambient
Gourmet Sweet Tamarind Kulcha 4-Pack Snack Pack,Pure Vedic Milling,BAKE-001835,890100640833,Bakery & Deli,231,box,137.60,198.55,2026-09-04,Aisle 03,ambient
Plant-Based Truffle Infused Frozen Samosas 400g,Himalayan Agro,FROZ-001836,890100640834,Frozen Foods,38,tub,419.70,602.58,2027-03-14,Aisle 08,frozen
Artisan Alphonso Mangoes 2-Pack,Royal Indian Kitchens,FRES-001837,890100640835,Fresh Produce,142,bunch,18.82,31.05,2026-09-06,Aisle 02,chilled
Authentic Brownie Bites 200ml,Pure Vedic Dairy,BAKE-001838,890100640836,Bakery & Deli,12,pack,101.24,141.95,2026-08-29,Aisle 03,ambient
Farm-Fresh Sea Salt Sourdough Loaf 500ml,Desi Organics Goods,BAKE-001839,890100640837,Bakery & Deli,106,pcs,222.50,405.96,2026-09-10,Aisle 03,ambient
Crisp Organic Brown Sugar 5kg,Fortune Dairy,PANT-001840,890100640838,Pantry & Dry Goods,76,can,118.39,158.54,2027-12-22,Aisle 07,ambient
Signature Caramelized Onion Fruit Cake Slice 500ml,Fortune Plantations,BAKE-001841,890100640839,Bakery & Deli,245,box,109.26,188.84,2026-09-09,Aisle 03,ambient
Country Style Cinnamon Spice Shampoo Anti-Dandruff 750ml,Green Earth Harvest,HOUS-001842,890100640840,Household & Personal Care,218,packet,306.04,479.27,2029-01-22,Aisle 12,ambient
Roasted Tandoori Smoked Chicken Sausages 500g,Royal Indian Kitchens,MEAT-001843,890100640841,Meat & Seafood,244,pcs,637.14,827.54,2026-09-01,Aisle 04,chilled
Handcrafted Surmai Steaks 250g,Kaveri Farms,MEAT-001844,890100640842,Meat & Seafood,145,kg,917.57,1328.16,2026-09-01,Aisle 04,chilled
Wildcrafted Ajwain & Jeera Banana Chips Kerala Style 6-Pack,Green Earth Foods,SNAC-001845,890100640843,Snacks & Confectionery,164,pack,179.34,318.49,2026-12-20,Aisle 10,ambient
Farm-Fresh Jalapeno Lime Fresh Chicken Curry Cut 6-Pack,Catch Mills,MEAT-001846,890100640844,Meat & Seafood,49,pcs,849.51,1302.63,2026-09-02,Aisle 05,chilled
Farm-Fresh Kashmiri Saffron Bamboo Toothbrush 2pk 24-Pack,Mother Dairy Springs,HOUS-001847,890100640845,Household & Personal Care,42,tube,527.28,894.24,2028-10-21,Aisle 11,ambient
Authentic Sea Salt Liquid Laundry Detergent 150ml,Organic Tattva Kitchens,HOUS-001848,890100640846,Household & Personal Care,83,tube,62.63,82.33,2028-01-11,Aisle 11,ambient
Organic Mint Lime Cashew Paste Curry Base 12-Pack,Everest Co.,PANT-001849,890100640847,Pantry & Dry Goods,68,packet,68.21,98.52,2028-03-01,Aisle 08,ambient
Gourmet Cold Brew Coffee 8-Pack,Mother Dairy Mills,BEVE-001850,890100640848,Beverages,152,carton,345.15,556.15,2027-05-21,Aisle 05,chilled
Plant-Based Chicken Keema 200g,Vedic Fresh Goods,MEAT-001851,890100640849,Meat & Seafood,61,pack,832.43,1485.57,2026-09-03,Aisle 04,chilled
Smoked Edamame Pods 12-Pack,Himalayan Farms,FROZ-001852,890100640850,Frozen Foods,77,box,237.76,421.46,2027-05-06,Aisle 09,frozen
Grass-Fed Ajwain & Jeera Bamboo Toothbrush 2pk 150ml,Ganga Co.,HOUS-001853,890100640851,Household & Personal Care,212,pack,83.47,117.18,2029-01-05,Aisle 12,ambient
Country Style Truffle Infused Apple Cider Vinegar Drink 1.5L,Pashmina Farms,BEVE-001854,890100640852,Beverages,69,bottle,163.96,250.62,2027-07-18,Aisle 05,chilled
Handcrafted Rusk Toast 50g,Ganga Provisions,BAKE-001855,890100640853,Bakery & Deli,153,pcs,78.86,109.63,2026-09-03,Aisle 03,ambient
Extra-Virgin Tandoori Smoked Bhujia Sev 4-Pack,Bhoomi Naturals,SNAC-001856,890100640854,Snacks & Confectionery,147,box,340.60,521.99,2027-06-17,Aisle 10,ambient
Zero-Sugar Fresh Chicken Curry Cut 10kg,Himalayan Foods,MEAT-001857,890100640855,Meat & Seafood,234,pack,553.88,727.33,2026-09-01,Aisle 04,chilled
Whole-Grain Matcha Green Tea Himalayan Spring Water 200ml,Heritage Farms,BEVE-001858,890100640856,Beverages,40,bag,397.91,709.92,2027-02-09,Aisle 06,ambient
Premium Golden Ginger Urad Dal Whole 250ml,Vedic Fresh Botanicals,PANT-001859,890100640857,Pantry & Dry Goods,11,bag,638.14,1117.76,2028-01-22,Aisle 06,ambient
Grass-Fed Soy Milk Protein 50g,Vedic Fresh Botanicals,DAIR-001860,890100640858,Dairy & Eggs,129,pack,199.96,275.32,2026-09-04,Aisle 02,chilled
Pure Himalayan Spring Water 150ml,Catch Mills,BEVE-001861,890100640859,Beverages,165,can,304.09,510.82,2026-10-21,Aisle 06,chilled
Wildcrafted Moong Dal Namkeen 1L,Saffola Plantations,SNAC-001862,890100640860,Snacks & Confectionery,222,bag,490.99,888.83,2026-08-25,Aisle 09,ambient
Country Style Ajwain & Jeera Oat Milk Snack Pack,Pashmina Dairy,DAIR-001863,890100640861,Dairy & Eggs,50,box,464.60,594.89,2026-09-11,Aisle 02,chilled
Extra-Virgin Masala Chai Kaju Katli Sweet Box 10kg,Everest Dairy,SNAC-001864,890100640862,Snacks & Confectionery,164,box,397.26,641.26,2027-02-11,Aisle 10,ambient
Extra-Virgin Toasted Sesame Bath Tissue 6-Pack 8-Pack,Kaveri Co.,HOUS-001865,890100640863,Household & Personal Care,16,box,436.60,709.76,2026-08-30,Aisle 11,ambient
Free-Range Sea Salt Paneer Tikka Deli 100g,Mother Dairy Springs,BAKE-001866,890100640864,Bakery & Deli,217,pack,182.47,331.77,2026-09-02,Aisle 04,chilled
Organic Tandoori Smoked Crab Meat Fresh 250ml,Saffola Harvest,MEAT-001867,890100640865,Meat & Seafood,235,pcs,790.72,1078.55,2026-09-02,Aisle 05,chilled
Free-Range Toasted Sesame Heavy Cream Snack Pack,Royal Indian Botanicals,DAIR-001868,890100640866,Dairy & Eggs,231,box,98.82,179.50,2026-09-12,Aisle 02,chilled
Sweet Garlic & Herb Mosquito Vaporizer Refill 4-Pack,Mother Dairy Foods,HOUS-001869,890100640867,Household & Personal Care,71,pack,444.07,589.39,2026-08-28,Aisle 11,ambient
Stone-Ground Butter Murukku 500ml,Deccan Provisions,SNAC-001870,890100640868,Snacks & Confectionery,134,packet,88.51,157.43,2027-05-04,Aisle 09,ambient
Smoked Dark Chocolate Cinnamon Swirl Buns 150g,Amul Kitchens,BAKE-001871,890100640869,Bakery & Deli,215,pack,308.13,538.74,2026-08-30,Aisle 04,chilled
Sweet Pista Almond Edamame Pods Family Pack,FarmGold Co.,FROZ-001872,890100640870,Frozen Foods,222,bag,376.49,535.57,2026-12-28,Aisle 08,frozen
Royal Chatpata Masala Ciabatta Roll 2kg,Saffola Organics,BAKE-001873,890100640871,Bakery & Deli,81,pcs,248.99,368.80,2026-08-30,Aisle 04,ambient
Artisan Truffle Infused Organic Sharbati Atta 750ml,Himalayan Provisions,PANT-001874,890100640872,Pantry & Dry Goods,80,box,100.49,169.12,2028-07-12,Aisle 06,ambient
Gourmet Apple Cider Vinegar Drink 10-Pack,Heritage Agro,BEVE-001875,890100640873,Beverages,173,bag,164.49,302.47,2027-07-23,Aisle 05,ambient
Golden Chatpata Masala Oranges Nagpur Value Pack,Bhoomi Harvest,FRES-001876,890100640874,Fresh Produce,57,pcs,142.47,197.21,2026-09-02,Aisle 01,ambient
Low-Sodium Frozen Samosas 500g,Himalayan Plantations,FROZ-001877,890100640875,Frozen Foods,84,bag,217.64,388.05,2027-04-25,Aisle 09,frozen
Authentic Coconut Milk Canned 2-Pack,Dabur Naturals,PANT-001878,890100640876,Pantry & Dry Goods,20,bag,567.70,768.08,2028-07-31,Aisle 07,ambient
Raw Truffle Infused Custard Apple (Sitaphal) 2L,Heritage Naturals,FRES-001879,890100640877,Fresh Produce,249,bunch,25.21,35.93,2026-09-09,Aisle 01,chilled
Organic Kashmiri Saffron French Fries Crispy 500ml,Vedic Fresh Milling,FROZ-001880,890100640878,Frozen Foods,190,bag,209.19,346.96,2027-07-16,Aisle 09,frozen
Farm-Fresh Makhana Crunch Iced Lemon Tea 400g,Mother Dairy Goods,BEVE-001881,890100640879,Beverages,195,box,174.38,317.07,2027-01-26,Aisle 05,ambient
Valley Fresh Tandoori Smoked Roasted Salted Cashews 2-Pack,Desi Organics Springs,SNAC-001882,890100640880,Snacks & Confectionery,36,packet,385.11,518.38,2027-05-05,Aisle 10,ambient
Grass-Fed Oranges Nagpur 750ml,Catch Agro,FRES-001883,890100640881,Fresh Produce,226,bunch,119.21,187.67,2026-08-30,Aisle 02,chilled
Cold-Pressed Squid Rings Cleaned 150g,Pure Vedic Springs,MEAT-001884,890100640882,Meat & Seafood,229,pack,265.15,371.28,2026-08-30,Aisle 05,chilled
Extra-Virgin Truffle Infused Fresh Rohu Fish 400g,Pashmina Mills,MEAT-001885,890100640883,Meat & Seafood,223,pack,907.52,1184.04,2026-08-30,Aisle 05,chilled
Smoked Frozen Veg Momos 4-Pack,Nilgiri Mills,FROZ-001886,890100640884,Frozen Foods,45,box,270.46,496.47,2027-05-03,Aisle 08,frozen
Traditional Vanilla Bean Ladyfinger (Bhindi) 250g,Tata Naturals,FRES-001887,890100640885,Fresh Produce,24,bag,116.84,198.05,2026-09-06,Aisle 02,ambient
Grass-Fed Cinnamon Spice Bath Tissue 6-Pack 24-Pack,Heritage Plantations,HOUS-001888,890100640886,Household & Personal Care,172,box,110.69,195.67,2027-11-03,Aisle 12,ambient
Plant-Based Vanilla Bean Chamomile Herbal Tea 10kg,Green Earth Botanicals,BEVE-001889,890100640887,Beverages,239,pack,157.76,239.31,2026-09-24,Aisle 05,ambient
Homestyle Makhana Crunch Bell Peppers 24-Pack,Himalayan Botanicals,FRES-001890,890100640888,Fresh Produce,51,bag,34.73,43.62,2026-09-10,Aisle 02,ambient
Low-Sodium Sweet Tamarind Fresh Chicken Curry Cut 500g,Nature Harvest Provisions,MEAT-001891,890100640889,Meat & Seafood,61,pack,352.17,637.13,2026-09-02,Aisle 04,chilled
Stone-Ground Ciabatta Roll 10-Pack,Heritage Springs,BAKE-001892,890100640890,Bakery & Deli,220,pack,142.63,238.00,2026-09-09,Aisle 04,chilled
Sun-Dried French Fries Crispy 50g,Urban Roots Milling,FROZ-001893,890100640891,Frozen Foods,239,bag,338.02,517.03,2026-11-21,Aisle 08,frozen
Desi Smoked Paprika Herbal Hand Wash Neem Value Pack,FarmGold Kitchens,HOUS-001894,890100640892,Household & Personal Care,175,pack,270.55,349.22,2027-06-01,Aisle 11,ambient
Rustic Frozen Green Peas 750g,Nilgiri Organics,FROZ-001895,890100640893,Frozen Foods,139,packet,96.75,123.46,2026-08-29,Aisle 09,frozen
Signature Mustard Oil Kachi Ghani 50g,Himalayan Dairy,PANT-001896,890100640894,Pantry & Dry Goods,126,can,427.64,692.09,2027-08-10,Aisle 07,ambient
Low-Sodium Sea Salt Mozzarella Shredded 300g,Organic Tattva Kitchens,DAIR-001897,890100640895,Dairy & Eggs,145,carton,134.33,238.48,2026-09-19,Aisle 03,chilled
Zero-Sugar Aloo Tikki 8-Pack 100g,Royal Indian Springs,FROZ-001898,890100640896,Frozen Foods,169,tub,185.82,323.76,2026-11-10,Aisle 09,frozen
Authentic Mint Lime Roasted Makhana Foxnuts 150g,Everest Foods,SNAC-001899,890100640897,Snacks & Confectionery,81,box,291.59,457.15,2026-11-13,Aisle 09,ambient
Farm-Fresh Kachi Ghani Mustard Mutton Curry Cut 200g,Bhoomi Farms,MEAT-001900,890100640898,Meat & Seafood,231,pack,237.61,362.10,2026-09-03,Aisle 05,chilled
Handcrafted Sea Salt Amla Juice Pure 2kg,Fortune Kitchens,BEVE-001901,890100640899,Beverages,7,can,245.54,373.77,2027-03-01,Aisle 06,ambient
Sweet Matcha Green Tea Moong Dal Namkeen 50g,Kaveri Botanicals,SNAC-001902,890100640900,Snacks & Confectionery,67,pack,425.93,566.96,2026-12-30,Aisle 09,ambient
Plant-Based Feta Cheese 4-Pack,Nature Harvest Foods,DAIR-001903,890100640901,Dairy & Eggs,50,box,306.43,464.79,2026-09-02,Aisle 03,chilled
Country Style Sea Salt Sona Masoori Rice 50g,Green Earth Milling,PANT-001904,890100640902,Pantry & Dry Goods,211,bag,395.28,557.49,2027-08-24,Aisle 06,ambient
Spiced Mutton Chops 12-Pack,Pashmina Botanicals,MEAT-001905,890100640903,Meat & Seafood,45,pcs,185.63,289.54,2026-08-29,Aisle 04,chilled
Handcrafted Moong Dal Namkeen Snack Pack,SunBrite Harvest,SNAC-001906,890100640904,Snacks & Confectionery,96,packet,301.32,482.49,2026-12-14,Aisle 10,ambient
Smoked Pomegranates Value Pack,Catch Foods,FRES-001907,890100640905,Fresh Produce,127,kg,134.39,190.93,2026-09-07,Aisle 02,chilled
Free-Range Shampoo Anti-Dandruff 10-Pack,SunBrite Mills,HOUS-001908,890100640906,Household & Personal Care,72,box,442.89,714.70,2027-08-18,Aisle 11,ambient
Gluten-Free Mint Lime Frozen Paneer Cubes 6-Pack,Kaveri Kitchens,FROZ-001909,890100640907,Frozen Foods,235,packet,312.32,552.33,2027-03-04,Aisle 09,frozen
Select Boneless Chicken Breast 1.5L,Dabur Organics,MEAT-001910,890100640908,Meat & Seafood,76,kg,817.44,1505.16,2026-09-03,Aisle 05,chilled
Grass-Fed Ajwain & Jeera Lemons 10kg,Vedic Fresh Foods,FRES-001911,890100640909,Fresh Produce,101,kg,29.52,47.54,2026-09-03,Aisle 02,ambient
Whole-Grain Rose Infused Organic Sharbati Atta 2-Pack,Desi Organics Plantations,PANT-001912,890100640910,Pantry & Dry Goods,125,packet,382.09,486.95,2027-11-13,Aisle 06,ambient
Low-Sodium Truffle Infused Kulcha 4-Pack Family Pack,FarmGold Dairy,BAKE-001913,890100640911,Bakery & Deli,112,box,107.85,160.78,2026-09-01,Aisle 03,ambient
Organic Kaju Katli Sweet Box 150ml,Royal Indian Botanicals,SNAC-001914,890100640912,Snacks & Confectionery,155,packet,433.54,678.73,2027-03-14,Aisle 09,ambient
Handcrafted Cardamom Spiced Yukon Gold Potatoes 150ml,SunBrite Botanicals,FRES-001915,890100640913,Fresh Produce,60,bunch,42.57,63.69,2026-09-06,Aisle 02,chilled
Extra-Virgin Cinnamon Spice Organic Rolled Oats 5L,Kaveri Botanicals,PANT-001916,890100640914,Pantry & Dry Goods,12,bag,116.61,177.92,2027-09-02,Aisle 08,ambient
Traditional Coconut Cream Stainless Steel Scrubber 3pk 24-Pack,Organic Tattva Plantations,HOUS-001917,890100640915,Household & Personal Care,49,bottle,330.03,508.98,2028-02-28,Aisle 12,ambient
Grass-Fed Chatpata Masala Penne Rigate Pasta 150ml,Deccan Agro,PANT-001918,890100640916,Pantry & Dry Goods,154,jar,403.68,549.59,2026-08-29,Aisle 06,ambient
Low-Sodium Garlic & Herb Bath Tissue 6-Pack 24-Pack,Catch Foods,HOUS-001919,890100640917,Household & Personal Care,161,bottle,536.74,834.51,2028-05-23,Aisle 11,ambient
Smoked Truffle Infused Mutton Curry Cut Family Pack,Dabur Harvest,MEAT-001920,890100640918,Meat & Seafood,148,kg,155.86,226.14,2026-08-31,Aisle 04,chilled
Smoked Gourmet Cookies Choco-Chip 150g,Everest Naturals,SNAC-001921,890100640919,Snacks & Confectionery,209,tub,522.70,914.20,2027-06-09,Aisle 10,ambient
Whole-Grain Ajwain & Jeera Whole Wheat Atta Bread 5kg,Kaveri Dairy,BAKE-001922,890100640920,Bakery & Deli,221,pack,197.95,291.86,2026-09-09,Aisle 03,ambient
Signature Dark Chocolate Mixed Berries Frozen 500ml,Everest Farms,FROZ-001923,890100640921,Frozen Foods,112,box,417.60,735.28,2027-04-22,Aisle 08,frozen
Zero-Sugar Ajwain & Jeera Goat Mince Premium 150g,Tata Springs,MEAT-001924,890100640922,Meat & Seafood,36,kg,658.56,979.15,2026-09-02,Aisle 04,chilled
Desi Sea Salt Guava Chilli Juice 24-Pack,Deccan Plantations,BEVE-001925,890100640923,Beverages,89,carton,100.58,164.32,2027-06-18,Aisle 05,ambient
Royal Veg Burger Patties 2-Pack,Heritage Co.,FROZ-001926,890100640924,Frozen Foods,102,packet,162.53,224.36,2027-03-07,Aisle 08,frozen
Spiced Vanilla Bean Wood-Fired Veggie Pizza 150g,Mother Dairy Naturals,FROZ-001927,890100640925,Frozen Foods,191,pack,258.51,467.03,2027-02-27,Aisle 08,frozen
Smoked Cardamom Spiced Chana Dal Polished 1L,SunBrite Springs,PANT-001928,890100640926,Pantry & Dry Goods,101,jar,208.09,311.08,2027-04-21,Aisle 08,ambient
Signature Frozen Paneer Cubes 2-Pack,Pashmina Agro,FROZ-001929,890100640927,Frozen Foods,123,tub,309.92,524.47,2027-01-01,Aisle 09,frozen
Whole-Grain Tandoori Smoked Masala CTC Tea 4-Pack,Everest Kitchens,BEVE-001930,890100640928,Beverages,193,bag,394.48,720.81,2026-11-19,Aisle 06,chilled
Gourmet Dishwash Gel Lemon 200g,Deccan Plantations,HOUS-001931,890100640929,Household & Personal Care,149,pack,575.01,992.19,2026-08-20,Aisle 12,ambient
Pure Dark Chocolate Chana Dal Polished 1.5L,Mother Dairy Springs,PANT-001932,890100640930,Pantry & Dry Goods,39,jar,62.45,100.07,2027-11-20,Aisle 06,ambient
Aged Ciabatta Roll Value Pack,Pashmina Naturals,BAKE-001933,890100640931,Bakery & Deli,113,pcs,126.01,180.43,2026-08-16,Aisle 04,ambient
Organic Paneer Paratha Frozen 5L,Urban Roots Mills,FROZ-001934,890100640932,Frozen Foods,208,box,328.69,446.53,2027-01-27,Aisle 08,frozen
Valley Fresh Dishwash Gel Lemon 50g,Vedic Fresh Organics,HOUS-001935,890100640933,Household & Personal Care,102,packet,177.63,308.45,2028-04-26,Aisle 11,ambient
Country Style Caramelized Onion Stainless Steel Scrubber 3pk 24-Pack,SunBrite Agro,HOUS-001936,890100640934,Household & Personal Care,18,packet,200.71,352.79,2028-02-21,Aisle 11,ambient
Handcrafted Ginger Root 4-Pack,SunBrite Goods,FRES-001937,890100640935,Fresh Produce,37,kg,81.72,138.38,2026-08-29,Aisle 01,ambient
Royal Smoked Paprika Salted Butter 200ml,Desi Organics Plantations,DAIR-001938,890100640936,Dairy & Eggs,53,tub,151.60,211.39,2026-09-19,Aisle 03,chilled
Country Style Makhana Crunch Dishwash Gel Lemon 5L,Satvik Provisions,HOUS-001939,890100640937,Household & Personal Care,191,tube,450.84,592.55,2028-12-06,Aisle 11,ambient
Aged Caramelized Onion Pink Himalayan Salt 2L,Vedic Fresh Mills,PANT-001940,890100640938,Pantry & Dry Goods,188,box,385.75,557.30,2027-09-18,Aisle 07,ambient
Signature Sweet Tamarind Cold Pressed Orange Juice 1.5L,Heritage Kitchens,BEVE-001941,890100640939,Beverages,115,bottle,110.72,177.68,2026-11-14,Aisle 05,ambient
Stone-Ground Rose Infused Lavash Crackers Snack Pack,Heritage Provisions,BAKE-001942,890100640940,Bakery & Deli,190,pcs,104.34,130.66,2026-08-30,Aisle 03,ambient
Roasted Cinnamon Spice Paneer Block 500ml,Bhoomi Botanicals,DAIR-001943,890100640941,Dairy & Eggs,99,tub,206.62,347.64,2026-09-12,Aisle 03,chilled
Valley Fresh Kulcha 4-Pack 100g,Dabur Organics,BAKE-001944,890100640942,Bakery & Deli,139,pcs,47.84,87.27,2026-08-29,Aisle 04,chilled
Signature Tulsi Honey Organic Rolled Oats 200ml,Satvik Milling,PANT-001945,890100640943,Pantry & Dry Goods,202,bag,575.64,762.41,2026-12-25,Aisle 06,ambient
Crisp Squid Rings Cleaned 5kg,Kaveri Botanicals,MEAT-001946,890100640944,Meat & Seafood,81,pack,314.47,399.95,2026-08-29,Aisle 05,chilled
Golden Red Chilli & Garlic Guava Chilli Juice 100g,Vedic Fresh Goods,BEVE-001947,890100640945,Beverages,46,carton,141.58,178.26,2026-12-17,Aisle 05,ambient
Free-Range Edamame Pods Value Pack,Deccan Milling,FROZ-001948,890100640946,Frozen Foods,200,bag,256.38,437.63,2027-01-10,Aisle 08,frozen
Roasted Lemon Pepper Bath Tissue 6-Pack 1kg,Ganga Harvest,HOUS-001949,890100640947,Household & Personal Care,98,box,420.30,558.47,2027-09-26,Aisle 12,ambient
Raw Tulsi Honey Brioche Burger Buns 500ml,Nilgiri Co.,BAKE-001950,890100640948,Bakery & Deli,104,pack,46.08,80.14,2026-09-02,Aisle 03,chilled
Heritage Mint Lime Urad Dal Whole 4-Pack,Mother Dairy Goods,PANT-001951,890100640949,Pantry & Dry Goods,207,box,550.37,945.92,2026-08-30,Aisle 08,ambient
Whole-Grain Kitchen Paper Towels 4-Roll 1kg,Dabur Botanicals,HOUS-001952,890100640950,Household & Personal Care,182,pack,300.01,405.64,2029-02-13,Aisle 12,ambient
Roasted Makhana Crunch Salted Butter 750g,Catch Harvest,DAIR-001953,890100640951,Dairy & Eggs,176,box,398.20,498.06,2026-09-17,Aisle 02,chilled
Crisp Kesar Pista Cream Cheese 50g,Satvik Farms,DAIR-001954,890100640952,Dairy & Eggs,63,tub,186.40,291.90,2026-09-15,Aisle 02,chilled
Unpolished Garlic & Herb Red Onions Snack Pack,Nature Harvest Dairy,FRES-001955,890100640953,Fresh Produce,38,bunch,103.82,136.22,2026-09-13,Aisle 02,chilled
Premium Masala Potato Chips 1kg,Dabur Kitchens,SNAC-001956,890100640954,Snacks & Confectionery,246,pack,140.92,189.15,2027-04-08,Aisle 10,ambient
Heritage Kulcha 4-Pack 5L,Pashmina Provisions,BAKE-001957,890100640955,Bakery & Deli,47,pack,162.20,270.62,2026-08-29,Aisle 03,ambient
Crisp Fish Fingers Frozen 6-Pack,Pashmina Co.,FROZ-001958,890100640956,Frozen Foods,162,bag,297.90,423.36,2027-03-19,Aisle 09,frozen
Stone-Ground Garlic Naan Frozen 4pk 1.5L,Himalayan Naturals,FROZ-001959,890100640957,Frozen Foods,82,tub,107.06,149.05,2026-08-30,Aisle 08,frozen
Plant-Based Granola Health Bars 24-Pack,Kaveri Kitchens,SNAC-001960,890100640958,Snacks & Confectionery,70,box,411.45,567.85,2027-06-15,Aisle 09,ambient
Organic Mint Lime Paneer Tikka Deli 5kg,Dabur Agro,BAKE-001961,890100640959,Bakery & Deli,228,box,311.38,422.89,2026-09-04,Aisle 04,chilled
Golden Clove & Mint Toothpaste 500g,Vedic Fresh Co.,HOUS-001962,890100640960,Household & Personal Care,86,box,455.07,658.18,2028-08-02,Aisle 12,ambient
Gourmet Vanilla Bean Soan Papdi Box 2kg,Patanjali Mills,SNAC-001963,890100640961,Snacks & Confectionery,76,tub,422.01,541.30,2027-01-19,Aisle 09,ambient
Signature Coconut Cream Veg Spring Rolls Snack Pack,SunBrite Naturals,FROZ-001964,890100640962,Frozen Foods,232,pack,300.55,471.39,2027-05-10,Aisle 08,frozen
Sweet Mint Lime Portobello Mushrooms 12-Pack,Patanjali Naturals,FRES-001965,890100640963,Fresh Produce,87,bunch,100.48,158.69,2026-09-11,Aisle 01,chilled
Desi Smoked Paprika Tender Coconut Water 350g,Satvik Agro,BEVE-001966,890100640964,Beverages,146,box,380.55,512.51,2026-11-29,Aisle 06,chilled
Zero-Sugar Bamboo Toothbrush 2pk 200ml,Bhoomi Foods,HOUS-001967,890100640965,Household & Personal Care,76,box,453.51,812.59,2028-06-10,Aisle 12,ambient
Extra-Virgin Jalapeno Lime Garlic Bulbs 350g,Himalayan Naturals,FRES-001968,890100640966,Fresh Produce,9,bunch,135.74,232.21,2026-09-04,Aisle 01,chilled
Raw Cardamom Spiced Frozen Green Peas 5L,Fortune Milling,FROZ-001969,890100640967,Frozen Foods,73,packet,150.85,209.58,2026-08-20,Aisle 08,frozen
Sun-Dried Coconut Milk Canned 500ml,Saffola Plantations,PANT-001970,890100640968,Pantry & Dry Goods,59,bag,348.12,604.01,2027-12-04,Aisle 08,ambient
Unpolished Strawberries 200g,Catch Harvest,FRES-001971,890100640969,Fresh Produce,124,pack,95.99,136.65,2026-09-02,Aisle 02,ambient
Cold-Pressed Penne Rigate Pasta 500ml,Dabur Foods,PANT-001972,890100640970,Pantry & Dry Goods,41,jar,164.52,224.57,2027-05-06,Aisle 06,ambient
Authentic Gourmet Cookies Choco-Chip 1kg,Pashmina Harvest,SNAC-001973,890100640971,Snacks & Confectionery,117,tub,186.09,269.04,2026-08-30,Aisle 10,ambient
Cold-Pressed Ajwain & Jeera Pears 200g,Saffola Farms,FRES-001974,890100640972,Fresh Produce,42,bunch,71.03,112.86,2026-09-12,Aisle 01,chilled
Free-Range Tulsi Honey Filter Coffee Beans 5L,Fortune Mills,BEVE-001975,890100640973,Beverages,162,bottle,382.96,517.48,2027-07-28,Aisle 05,chilled
Crisp Cinnamon Spice Mozzarella Shredded 24-Pack,Pashmina Agro,DAIR-001976,890100640974,Dairy & Eggs,134,packet,452.60,798.02,2026-09-06,Aisle 02,chilled
Wildcrafted Dark Chocolate Brownie Bites 24-Pack,Bhoomi Goods,BAKE-001977,890100640975,Bakery & Deli,177,pack,232.55,378.56,2026-08-29,Aisle 04,ambient
Natural Vanilla Bean Carrots Family Pack,Himalayan Goods,FRES-001978,890100640976,Fresh Produce,220,pack,21.37,28.38,2026-09-14,Aisle 02,chilled
Artisan Matcha Green Tea 70% Dark Chocolate Bar 1L,Royal Indian Botanicals,SNAC-001979,890100640977,Snacks & Confectionery,237,tub,252.91,381.95,2026-12-21,Aisle 10,ambient
Gluten-Free Paneer Paratha Frozen 5kg,Organic Tattva Botanicals,FROZ-001980,890100640978,Frozen Foods,13,bag,79.31,109.78,2027-04-22,Aisle 08,frozen
Free-Range Matcha Green Tea Soan Papdi Box 1kg,Green Earth Harvest,SNAC-001981,890100640979,Snacks & Confectionery,71,bag,113.88,147.52,2027-01-20,Aisle 10,ambient
Sweet Garlic Naan Frozen 4pk 200g,Satvik Harvest,FROZ-001982,890100640980,Frozen Foods,16,tub,298.61,544.12,2027-08-20,Aisle 08,frozen
Cured Herbal Hand Wash Neem 300g,Himalayan Farms,HOUS-001983,890100640981,Household & Personal Care,22,packet,324.75,566.21,2028-04-09,Aisle 12,ambient
Aged Atlantic Salmon Fillet 8-Pack,Urban Roots Naturals,MEAT-001984,890100640982,Meat & Seafood,25,kg,254.20,451.85,2026-09-03,Aisle 04,chilled
Valley Fresh Kaju Katli Sweet Box 8-Pack,Himalayan Organics,SNAC-001985,890100640983,Snacks & Confectionery,83,bag,453.97,753.68,2027-03-22,Aisle 10,ambient
Sun-Dried Truffle Infused Pink Himalayan Salt 50g,Nature Harvest Provisions,PANT-001986,890100640984,Pantry & Dry Goods,195,can,316.95,538.81,2027-07-24,Aisle 06,ambient
Grass-Fed Tonic Water Premium 1kg,Pure Vedic Foods,BEVE-001987,890100640985,Beverages,121,carton,315.94,398.14,2027-01-22,Aisle 05,chilled
Organic Cinnamon Spice Sweet Corn Kernels 1.5L,Heritage Agro,FROZ-001988,890100640986,Frozen Foods,16,pack,114.44,210.03,2027-04-07,Aisle 09,frozen
Gluten-Free Shampoo Anti-Dandruff 2L,Royal Indian Harvest,HOUS-001989,890100640987,Household & Personal Care,114,packet,267.23,364.60,2028-09-16,Aisle 11,ambient
Organic Cardamom Spiced Multigrain Tortillas 1L,Everest Goods,BAKE-001990,890100640988,Bakery & Deli,238,pcs,133.09,217.28,2026-09-06,Aisle 03,ambient
Rustic Multigrain Tortillas 1kg,Nature Harvest Mills,BAKE-001991,890100640989,Bakery & Deli,226,box,146.28,267.63,2026-09-03,Aisle 03,ambient
Heritage Jalapeno Lime Raw Wildflower Honey 2L,Satvik Springs,PANT-001992,890100640990,Pantry & Dry Goods,12,jar,598.35,931.45,2028-04-02,Aisle 07,ambient
Stone-Ground Alphonso Mango Malai Kulfi Bar 1.5L,Deccan Naturals,FROZ-001993,890100640991,Frozen Foods,106,packet,290.36,437.42,2026-12-30,Aisle 09,frozen
Handcrafted Flavored Yogurt 100g,Saffola Farms,DAIR-001994,890100640992,Dairy & Eggs,102,bottle,462.78,634.33,2026-09-25,Aisle 03,chilled
Rustic Kabuli Chana Large Value Pack,Mother Dairy Mills,PANT-001995,890100640993,Pantry & Dry Goods,171,bag,287.18,367.61,2028-08-04,Aisle 08,ambient
Authentic Masala CTC Tea 12-Pack,Pure Vedic Provisions,BEVE-001996,890100640994,Beverages,17,can,436.95,738.80,2026-10-23,Aisle 05,chilled
Sweet Cauliflower 12-Pack,Tata Co.,FRES-001997,890100640995,Fresh Produce,239,pcs,151.99,216.84,2026-09-08,Aisle 01,ambient
Cured Mutton Curry Cut 250ml,Urban Roots Kitchens,MEAT-001998,890100640996,Meat & Seafood,63,kg,179.57,271.38,2026-09-02,Aisle 05,chilled
Heritage Red Chilli & Garlic Electrolyte Energy Drink 150ml,Fortune Kitchens,BEVE-001999,890100640997,Beverages,144,can,171.41,315.92,2027-02-16,Aisle 06,ambient
Aged Ajwain & Jeera Organic Sharbati Atta 2kg,Himalayan Botanicals,PANT-002000,890100640998,Pantry & Dry Goods,67,bag,640.45,1125.12,2027-01-24,Aisle 08,ambient
Plant-Based Frozen Samosas 200ml,Green Earth Foods,FROZ-002001,890100640999,Frozen Foods,90,bag,132.21,195.35,2027-08-23,Aisle 08,frozen
Crisp Garlic Focaccia 50g,SunBrite Agro,BAKE-002002,890100641000,Bakery & Deli,64,box,98.62,138.17,2026-08-20,Aisle 03,chilled
Heritage Pista Almond Mixed Berries Frozen 500g,Amul Kitchens,FROZ-002003,890100641001,Frozen Foods,83,packet,178.81,262.56,2026-12-20,Aisle 08,frozen
Gluten-Free Nagpur Orange Veg Burger Patties 10-Pack,Urban Roots Farms,FROZ-002004,890100641002,Frozen Foods,196,packet,407.80,558.54,2027-05-04,Aisle 09,frozen
Farm-Fresh Dark Chocolate Masala Potato Chips 4-Pack,Nilgiri Agro,SNAC-002005,890100641003,Snacks & Confectionery,65,bar,179.63,239.84,2027-01-01,Aisle 09,ambient
Raw Smoked Paprika Pink Himalayan Salt Family Pack,Royal Indian Foods,PANT-002006,890100641004,Pantry & Dry Goods,130,bottle,609.31,925.31,2027-11-07,Aisle 06,ambient
Zero-Sugar Fresh Chicken Curry Cut 1.5L,Everest Co.,MEAT-002007,890100641005,Meat & Seafood,92,kg,921.78,1594.05,2026-09-02,Aisle 04,chilled
Cold-Pressed Tulsi Honey Squid Rings Cleaned Family Pack,Satvik Dairy,MEAT-002008,890100641006,Meat & Seafood,17,kg,771.42,1415.32,2026-08-30,Aisle 05,chilled
Cured Vanilla Bean Fabric Softener Floral 350g,Vedic Fresh Farms,HOUS-002009,890100641007,Household & Personal Care,63,tube,277.91,434.36,2028-04-18,Aisle 11,ambient
Roasted Sea Salt Gouda Block 8-Pack,Vedic Fresh Botanicals,DAIR-002010,890100641008,Dairy & Eggs,80,pack,87.67,131.17,2026-08-25,Aisle 02,chilled
Gluten-Free Roasted Makhana Foxnuts 330ml,Fortune Plantations,SNAC-002011,890100641009,Snacks & Confectionery,168,bar,192.84,302.02,2027-04-06,Aisle 10,ambient
Free-Range Greek Yogurt 250ml,Green Earth Botanicals,DAIR-002012,890100641010,Dairy & Eggs,122,pack,466.48,766.64,2026-08-30,Aisle 03,chilled
Unpolished Dark Chocolate Lavash Crackers 330ml,Pure Vedic Naturals,BAKE-002013,890100641011,Bakery & Deli,75,pcs,125.13,194.08,2026-09-10,Aisle 03,ambient
Aged Stainless Steel Scrubber 3pk 1.5L,Saffola Mills,HOUS-002014,890100641012,Household & Personal Care,194,tube,345.00,599.72,2026-08-29,Aisle 11,ambient
Whole-Grain Vanilla Bean Red Onions 330ml,Tata Botanicals,FRES-002015,890100641013,Fresh Produce,44,pack,26.88,42.35,2026-09-01,Aisle 01,ambient
Royal Guavas 2kg,Green Earth Agro,FRES-002016,890100641014,Fresh Produce,108,bag,94.86,119.26,2026-08-30,Aisle 01,chilled
Zero-Sugar Vanilla Bean Electrolyte Energy Drink 6-Pack,Royal Indian Organics,BEVE-002017,890100641015,Beverages,22,bag,224.39,384.43,2027-08-24,Aisle 05,chilled
Raw Vanilla Bean Atlantic Salmon Fillet 250g,Organic Tattva Goods,MEAT-002018,890100641016,Meat & Seafood,28,pcs,750.85,1249.02,2026-08-31,Aisle 05,chilled
Authentic Kachi Ghani Mustard Squid Rings Cleaned 250ml,Tata Kitchens,MEAT-002019,890100641017,Meat & Seafood,42,pcs,520.35,688.97,2026-08-30,Aisle 05,chilled
Signature Jalapeno Lime Mixed Berries Frozen 500ml,Organic Tattva Farms,FROZ-002020,890100641018,Frozen Foods,149,packet,338.16,437.40,2027-01-25,Aisle 08,frozen
Rustic Rose Infused Fresh Chicken Curry Cut Value Pack,Green Earth Mills,MEAT-002021,890100641019,Meat & Seafood,155,kg,579.58,924.32,2026-09-01,Aisle 05,chilled
Traditional Chatpata Masala Moong Dal Namkeen 5L,Himalayan Kitchens,SNAC-002022,890100641020,Snacks & Confectionery,227,box,366.78,617.87,2026-12-07,Aisle 10,ambient
Gourmet Matcha Green Tea Cinnamon Swirl Buns 200g,FarmGold Plantations,BAKE-002023,890100641021,Bakery & Deli,86,pcs,44.83,56.82,2026-08-29,Aisle 04,chilled
Low-Sodium Golden Ginger Chicken Drumsticks 500g,Everest Dairy,MEAT-002024,890100641022,Meat & Seafood,69,pcs,594.14,1083.49,2026-08-29,Aisle 05,chilled
Pure Caramelized Onion Masala Potato Chips Snack Pack,Royal Indian Farms,SNAC-002025,890100641023,Snacks & Confectionery,118,box,115.91,165.03,2026-08-29,Aisle 09,ambient
Stone-Ground Truffle Infused Veg Spring Rolls 500ml,Pashmina Kitchens,FROZ-002026,890100641024,Frozen Foods,9,tub,191.04,347.09,2026-08-27,Aisle 08,frozen
Zero-Sugar Vanilla Bean Green Chillies 10kg,Nature Harvest Foods,FRES-002027,890100641025,Fresh Produce,14,pcs,107.93,154.38,2026-09-10,Aisle 02,ambient
Gluten-Free Dark Chocolate Almond Milk Value Pack,Saffola Harvest,DAIR-002028,890100641026,Dairy & Eggs,55,packet,111.73,147.72,2026-09-07,Aisle 03,chilled
Signature Truffle Infused Cream Cheese 250ml,Bhoomi Provisions,DAIR-002029,890100641027,Dairy & Eggs,39,packet,269.96,343.65,2026-09-26,Aisle 02,chilled
Natural Toasted Sesame Atlantic Salmon Fillet 1L,Dabur Agro,MEAT-002030,890100641028,Meat & Seafood,51,kg,900.47,1649.60,2026-09-02,Aisle 04,chilled
Pure Masala Chai Butter Croissants 8-Pack,Patanjali Harvest,BAKE-002031,890100641029,Bakery & Deli,57,pcs,317.64,515.01,2026-08-29,Aisle 03,ambient
Traditional Granola Health Bars 5L,Royal Indian Provisions,SNAC-002032,890100641030,Snacks & Confectionery,35,pack,422.29,705.18,2026-10-14,Aisle 09,ambient
Select Roasted Makhana Foxnuts 150g,Catch Mills,SNAC-002033,890100641031,Snacks & Confectionery,54,box,250.17,427.83,2027-02-15,Aisle 10,ambient
Gluten-Free Mishri Mawa 500ml,Patanjali Farms,DAIR-002034,890100641032,Dairy & Eggs,170,pack,132.68,241.10,2026-09-26,Aisle 02,chilled
Stone-Ground Himalayan Spring Water 250ml,Nature Harvest Dairy,BEVE-002035,890100641033,Beverages,176,bottle,359.88,505.80,2026-10-26,Aisle 05,chilled
Zero-Sugar Golden Ginger Rawa Sooji 5L,Kaveri Dairy,PANT-002036,890100641034,Pantry & Dry Goods,95,jar,105.56,145.94,2027-07-01,Aisle 06,ambient
Authentic Sweet Tamarind Jeera Masala Soda 2kg,Ganga Milling,BEVE-002037,890100641035,Beverages,84,bottle,167.89,227.64,2027-05-16,Aisle 06,chilled
Signature Dark Chocolate Bhujia Sev 250g,Everest Goods,SNAC-002038,890100641036,Snacks & Confectionery,146,box,196.93,304.24,2026-10-13,Aisle 10,ambient
Gluten-Free Mozzarella Shredded 150ml,Kaveri Botanicals,DAIR-002039,890100641037,Dairy & Eggs,38,packet,368.67,537.69,2026-09-25,Aisle 03,chilled
Gluten-Free Chatpata Masala Kulcha 4-Pack 400g,Himalayan Foods,BAKE-002040,890100641038,Bakery & Deli,6,pcs,175.73,243.70,2026-08-31,Aisle 04,ambient
Rustic Fresh Chicken Curry Cut 6-Pack,SunBrite Plantations,MEAT-002041,890100641039,Meat & Seafood,189,pcs,765.75,1416.47,2026-09-02,Aisle 05,chilled
Signature Floor Disinfectant Pine Value Pack,Fortune Goods,HOUS-002042,890100641040,Household & Personal Care,62,bottle,207.43,268.91,2026-08-27,Aisle 11,ambient
Cold-Pressed Sweet Tamarind Mustard Oil Kachi Ghani 150ml,SunBrite Goods,PANT-002043,890100641041,Pantry & Dry Goods,59,bag,136.97,228.03,2027-09-23,Aisle 07,ambient
Aged Caramelized Onion Cold Pressed Orange Juice 5L,Tata Dairy,BEVE-002044,890100641042,Beverages,153,can,146.49,183.91,2027-08-14,Aisle 05,ambient
Gluten-Free Nagpur Orange Salted Butter 1.5L,Pure Vedic Provisions,DAIR-002045,890100641043,Dairy & Eggs,49,box,173.20,238.63,2026-08-30,Aisle 03,chilled
Signature Basa Fish Fillets 300g,Organic Tattva Goods,MEAT-002046,890100641044,Meat & Seafood,16,kg,711.00,1071.18,2026-08-29,Aisle 04,chilled
Organic Matcha Green Tea Coconut Milk Canned 150ml,FarmGold Mills,PANT-002047,890100641045,Pantry & Dry Goods,98,bottle,429.94,642.68,2028-08-04,Aisle 06,ambient
Plant-Based Kashmiri Saffron Mustard Oil Kachi Ghani 200g,Pure Vedic Provisions,PANT-002048,890100641046,Pantry & Dry Goods,160,jar,244.86,355.39,2028-02-08,Aisle 07,ambient
Gourmet Mint Lime Desi Cow Ghee 250g,Saffola Naturals,DAIR-002049,890100641047,Dairy & Eggs,87,pack,467.64,751.56,2026-09-01,Aisle 03,chilled
Rustic Kachi Ghani Mustard Masala Potato Chips 350g,Himalayan Mills,SNAC-002050,890100641048,Snacks & Confectionery,40,tub,155.14,229.23,2026-12-30,Aisle 09,ambient
Select Masala Chai Desi Cow Ghee 5L,Green Earth Foods,DAIR-002051,890100641049,Dairy & Eggs,116,carton,215.43,393.45,2026-09-16,Aisle 03,chilled
Low-Sodium Gulab Jamun Tin 250g,Pashmina Mills,SNAC-002052,890100641050,Snacks & Confectionery,58,packet,103.55,172.51,2026-11-05,Aisle 10,ambient
Rustic Garlic & Herb Cheese Croissant 100g,Nature Harvest Harvest,BAKE-002053,890100641051,Bakery & Deli,193,pack,77.03,101.65,2026-09-09,Aisle 04,ambient
Gluten-Free Papayas 1kg,Patanjali Plantations,FRES-002054,890100641052,Fresh Produce,113,pack,82.78,117.53,2026-09-04,Aisle 02,ambient
Valley Fresh Chatpata Masala Frozen Paneer Cubes 400g,Satvik Milling,FROZ-002055,890100641053,Frozen Foods,220,pack,265.33,381.43,2026-08-26,Aisle 09,frozen
Grass-Fed Toasted Sesame Bagel Plain 4pk 8-Pack,Amul Farms,BAKE-002056,890100641054,Bakery & Deli,116,pack,272.54,398.51,2026-09-05,Aisle 04,ambient
Signature Coconut Cream Masala Potato Chips 1L,Himalayan Naturals,SNAC-002057,890100641055,Snacks & Confectionery,169,pack,499.99,790.14,2026-10-29,Aisle 10,ambient
Homestyle Mutton Chops 50g,Kaveri Botanicals,MEAT-002058,890100641056,Meat & Seafood,65,pcs,597.18,852.03,2026-09-03,Aisle 04,chilled
Aged Masala Chai Kitchen Paper Towels 4-Roll 200ml,Patanjali Botanicals,HOUS-002059,890100641057,Household & Personal Care,86,box,120.65,219.69,2027-02-25,Aisle 11,ambient
Crisp Chana Dal Polished 330ml,Fortune Botanicals,PANT-002060,890100641058,Pantry & Dry Goods,156,packet,499.58,860.52,2026-08-23,Aisle 06,ambient
Aged Frozen Paneer Cubes 6-Pack,Heritage Farms,FROZ-002061,890100641059,Frozen Foods,189,bag,70.35,99.17,2027-06-22,Aisle 09,frozen
Authentic Tandoori Smoked Badam Milk Drink 4-Pack,Pashmina Plantations,BEVE-002062,890100641060,Beverages,238,bottle,278.56,424.09,2026-09-18,Aisle 06,chilled
Signature Matcha Green Tea Yukon Gold Potatoes 24-Pack,Tata Plantations,FRES-002063,890100641061,Fresh Produce,155,pcs,136.38,184.62,2026-09-12,Aisle 01,chilled
Low-Sodium Nagpur Orange French Fries Crispy 250ml,Royal Indian Plantations,FROZ-002064,890100641062,Frozen Foods,177,packet,330.78,611.47,2027-05-09,Aisle 09,frozen
Raw Kachi Ghani Mustard Veg Spring Rolls 250g,Himalayan Kitchens,FROZ-002065,890100641063,Frozen Foods,27,tub,83.36,117.31,2027-08-21,Aisle 08,frozen
Cold-Pressed Organic Brown Sugar 750ml,Deccan Springs,PANT-002066,890100641064,Pantry & Dry Goods,102,jar,508.38,822.22,2028-04-17,Aisle 08,ambient
Country Style Ajwain & Jeera Soan Papdi Box 2kg,Deccan Agro,SNAC-002067,890100641065,Snacks & Confectionery,33,bar,506.54,802.01,2027-04-03,Aisle 10,ambient
Heritage Apples 350g,Dabur Agro,FRES-002068,890100641066,Fresh Produce,67,bag,69.42,93.37,2026-08-30,Aisle 02,ambient
Whole-Grain Sourdough Loaf 350g,Deccan Botanicals,BAKE-002069,890100641067,Bakery & Deli,68,box,128.80,211.45,2026-08-30,Aisle 03,ambient
Select Fabric Softener Floral 12-Pack,Saffola Goods,HOUS-002070,890100641068,Household & Personal Care,160,bottle,414.67,661.20,2028-07-20,Aisle 12,ambient
Raw Kachi Ghani Mustard Mozzarella Shredded 10-Pack,Satvik Plantations,DAIR-002071,890100641069,Dairy & Eggs,41,carton,294.57,409.59,2026-09-10,Aisle 03,chilled
Aged Chatpata Masala Diet Mixture Namkeen 2L,Pashmina Botanicals,SNAC-002072,890100641070,Snacks & Confectionery,216,pack,299.26,432.77,2027-06-08,Aisle 09,ambient
Gourmet Sweet Tamarind Apple Cider Vinegar Drink 750ml,Nilgiri Foods,BEVE-002073,890100641071,Beverages,35,carton,366.00,543.61,2026-12-26,Aisle 05,ambient
Spiced Moong Dal Namkeen 500ml,Dabur Dairy,SNAC-002074,890100641072,Snacks & Confectionery,102,bar,500.72,870.43,2027-02-13,Aisle 09,ambient
Homestyle Dark Chocolate Apples 1L,Ganga Botanicals,FRES-002075,890100641073,Fresh Produce,83,kg,144.70,261.21,2026-08-30,Aisle 01,ambient
Select Cheese Croissant 400g,Royal Indian Agro,BAKE-002076,890100641074,Bakery & Deli,188,pack,269.21,486.97,2026-08-30,Aisle 03,ambient
Sweet Frozen Samosas 50g,Saffola Foods,FROZ-002077,890100641075,Frozen Foods,218,bag,328.75,493.29,2027-04-24,Aisle 09,frozen
Grass-Fed Gourmet Cookies Choco-Chip 330ml,Fortune Goods,SNAC-002078,890100641076,Snacks & Confectionery,25,bag,242.26,408.94,2026-10-14,Aisle 09,ambient
Artisan Kesar Pista Salted Butter 10-Pack,Pashmina Farms,DAIR-002079,890100641077,Dairy & Eggs,62,tub,62.99,80.50,2026-08-28,Aisle 03,chilled
Organic Aloo Tikki 8-Pack 500ml,Deccan Springs,FROZ-002080,890100641078,Frozen Foods,158,tub,405.76,725.98,2027-05-01,Aisle 08,frozen
Heritage Palak Leaves 4-Pack,Pure Vedic Botanicals,FRES-002081,890100641079,Fresh Produce,45,kg,63.64,102.24,2026-09-07,Aisle 01,ambient
Organic Chicken Salami 6-Pack,Pashmina Plantations,BAKE-002082,890100641080,Bakery & Deli,132,pcs,168.09,283.69,2026-09-10,Aisle 04,ambient
Signature Coconut Milk Canned 2L,Satvik Provisions,PANT-002083,890100641081,Pantry & Dry Goods,159,box,520.08,815.56,2028-05-26,Aisle 06,ambient
Golden Coconut Cream Mustard Oil Kachi Ghani 8-Pack,FarmGold Foods,PANT-002084,890100641082,Pantry & Dry Goods,179,can,96.91,170.03,2027-05-19,Aisle 07,ambient
Raw Filter Coffee Beans 350g,SunBrite Organics,BEVE-002085,890100641083,Beverages,171,pack,184.11,238.46,2027-08-14,Aisle 05,ambient
Roasted Sea Salt Mosquito Vaporizer Refill Value Pack,SunBrite Botanicals,HOUS-002086,890100641084,Household & Personal Care,187,box,472.83,610.49,2027-12-13,Aisle 12,ambient
Royal Sweet Tamarind Pineapples 50g,Everest Co.,FRES-002087,890100641085,Fresh Produce,178,kg,60.09,92.14,2026-08-27,Aisle 01,ambient
Handcrafted Tandoori Smoked Bamboo Toothbrush 2pk 500g,Mother Dairy Plantations,HOUS-002088,890100641086,Household & Personal Care,249,box,168.19,217.64,2029-03-05,Aisle 12,ambient
Smoked Espresso Roast Ground Coffee 2-Pack,Catch Plantations,BEVE-002089,890100641087,Beverages,249,pack,175.98,270.95,2027-05-28,Aisle 05,ambient
Grass-Fed Tiger Prawns Jumbo 24-Pack,SunBrite Agro,MEAT-002090,890100641088,Meat & Seafood,78,pack,408.78,608.37,2026-09-03,Aisle 04,chilled
Handcrafted Frozen Paneer Cubes 10-Pack,Vedic Fresh Farms,FROZ-002091,890100641089,Frozen Foods,142,pack,368.13,513.29,2027-06-04,Aisle 09,frozen
Stone-Ground Sweet Potatoes 200g,Vedic Fresh Organics,FRES-002092,890100641090,Fresh Produce,29,pcs,78.66,104.94,2026-08-22,Aisle 02,ambient
Crisp Raw Wildflower Honey Family Pack,Dabur Harvest,PANT-002093,890100641091,Pantry & Dry Goods,96,box,264.90,441.18,2026-08-30,Aisle 08,ambient
Roasted Heavy Cream 250g,Fortune Harvest,DAIR-002094,890100641092,Dairy & Eggs,222,bottle,498.28,848.04,2026-09-16,Aisle 02,chilled
Royal Chaash / Buttermilk 400g,Tata Plantations,DAIR-002095,890100641093,Dairy & Eggs,190,packet,219.66,391.64,2026-09-04,Aisle 02,chilled
Gourmet Mint Lime Smoked Chicken Slices 250ml,Kaveri Mills,BAKE-002096,890100641094,Bakery & Deli,237,box,48.66,69.68,2026-09-01,Aisle 03,chilled
Cold-Pressed Bath Tissue 6-Pack 8-Pack,Satvik Mills,HOUS-002097,890100641095,Household & Personal Care,214,tube,359.86,504.00,2028-01-29,Aisle 12,ambient
Heritage Kulcha 4-Pack 100g,Green Earth Milling,BAKE-002098,890100641096,Bakery & Deli,117,box,117.50,153.29,2026-09-02,Aisle 04,ambient
Zero-Sugar Coconut Cream Feta Cheese 5kg,Patanjali Springs,DAIR-002099,890100641097,Dairy & Eggs,18,box,304.38,504.98,2026-09-03,Aisle 03,chilled
Free-Range Catla Fish Steaks 1kg,Deccan Springs,MEAT-002100,890100641098,Meat & Seafood,84,pack,406.49,687.55,2026-08-30,Aisle 04,chilled
Organic 70% Dark Chocolate Bar 2kg,Deccan Naturals,SNAC-002101,890100641099,Snacks & Confectionery,69,tub,354.16,579.83,2027-01-14,Aisle 09,ambient
Unpolished Truffle Infused Mishri Mawa 200g,Mother Dairy Plantations,DAIR-002102,890100641100,Dairy & Eggs,109,box,363.26,557.90,2026-09-10,Aisle 02,chilled
Traditional Matcha Green Tea Bitter Gourd (Karela) 250ml,Amul Naturals,FRES-002103,890100641101,Fresh Produce,102,pack,158.19,265.10,2026-08-30,Aisle 02,chilled
Roasted Tulsi Honey Fresh Mosambi Juice Snack Pack,Everest Milling,BEVE-002104,890100641102,Beverages,137,can,424.27,582.12,2026-09-13,Aisle 05,ambient
Cured Floor Disinfectant Pine 750ml,Dabur Goods,HOUS-002105,890100641103,Household & Personal Care,53,pack,297.19,416.98,2027-10-04,Aisle 12,ambient
Plant-Based Shampoo Anti-Dandruff 500g,Fortune Springs,HOUS-002106,890100641104,Household & Personal Care,83,pack,457.22,794.17,2027-07-16,Aisle 12,ambient
Plant-Based Chicken Salami 500g,Royal Indian Foods,BAKE-002107,890100641105,Bakery & Deli,83,pcs,215.06,379.66,2026-09-01,Aisle 03,chilled
Heritage Jalapeno Lime Kabuli Chana Large 750g,Kaveri Plantations,PANT-002108,890100641106,Pantry & Dry Goods,156,box,121.90,190.94,2027-03-30,Aisle 08,ambient
Whole-Grain Kaju Katli Sweet Box 50g,Mother Dairy Organics,SNAC-002109,890100641107,Snacks & Confectionery,38,tub,203.33,323.39,2026-12-28,Aisle 09,ambient
Low-Sodium Truffle Infused Kaju Katli Sweet Box 5kg,Patanjali Dairy,SNAC-002110,890100641108,Snacks & Confectionery,182,tub,492.12,760.29,2026-12-13,Aisle 10,ambient
Rustic Kitchen Paper Towels 4-Roll Snack Pack,Dabur Co.,HOUS-002111,890100641109,Household & Personal Care,13,pack,324.92,568.35,2026-08-27,Aisle 12,ambient
Rustic Kashmiri Saffron Pink Himalayan Salt 2-Pack,Organic Tattva Dairy,PANT-002112,890100641110,Pantry & Dry Goods,139,box,291.31,444.86,2027-03-02,Aisle 08,ambient
Unpolished Ajwain & Jeera Moong Dal Namkeen 100g,Heritage Organics,SNAC-002113,890100641111,Snacks & Confectionery,44,pack,323.75,424.29,2026-08-16,Aisle 10,ambient
Select Moong Dal Washed 200g,Saffola Harvest,PANT-002114,890100641112,Pantry & Dry Goods,165,can,254.64,400.53,2027-08-13,Aisle 06,ambient
Heritage Cinnamon Spice Roasted Makhana Foxnuts 1L,Fortune Dairy,SNAC-002115,890100641113,Snacks & Confectionery,129,box,309.31,547.76,2027-02-26,Aisle 10,ambient
Spiced Lemon Pepper Double Toned Milk Value Pack,Himalayan Plantations,DAIR-002116,890100641114,Dairy & Eggs,31,box,490.95,779.93,2026-09-23,Aisle 02,chilled
Grass-Fed Guava Chilli Juice 350g,Tata Kitchens,BEVE-002117,890100641115,Beverages,168,bottle,281.07,396.67,2027-06-10,Aisle 05,chilled
Gluten-Free Jeera Masala Soda 250ml,Satvik Dairy,BEVE-002118,890100641116,Beverages,16,bottle,356.56,453.29,2027-06-26,Aisle 05,chilled
Aged Nagpur Orange Butter Croissants 10-Pack,Saffola Mills,BAKE-002119,890100641117,Bakery & Deli,8,box,198.29,255.87,2026-09-08,Aisle 03,chilled
Valley Fresh Butter Murukku 2kg,Mother Dairy Plantations,SNAC-002120,890100641118,Snacks & Confectionery,54,bag,25.91,35.82,2027-02-01,Aisle 10,ambient
Homestyle Ajwain & Jeera Chana Dal Polished 10kg,Nilgiri Harvest,PANT-002121,890100641119,Pantry & Dry Goods,122,bag,333.64,493.94,2027-02-04,Aisle 07,ambient
Homestyle Sweet Tamarind Coconut Milk Canned Value Pack,Desi Organics Botanicals,PANT-002122,890100641120,Pantry & Dry Goods,24,box,198.62,262.01,2028-06-01,Aisle 08,ambient
Plant-Based 70% Dark Chocolate Bar 200g,Dabur Harvest,SNAC-002123,890100641121,Snacks & Confectionery,242,pack,220.43,326.27,2027-02-13,Aisle 10,ambient
Stone-Ground Smoked Paprika Herbal Hand Wash Neem Snack Pack,Patanjali Co.,HOUS-002124,890100641122,Household & Personal Care,67,pack,564.97,707.50,2027-12-30,Aisle 11,ambient
Smoked Cardamom Spiced Boneless Chicken Breast 10kg,Mother Dairy Kitchens,MEAT-002125,890100641123,Meat & Seafood,234,kg,667.93,984.80,2026-08-15,Aisle 05,chilled
Handcrafted Brioche Burger Buns 300g,Urban Roots Agro,BAKE-002126,890100641124,Bakery & Deli,55,box,257.51,435.88,2026-09-08,Aisle 04,chilled
Farm-Fresh Coconut Milk Canned 50g,Pashmina Springs,PANT-002127,890100641125,Pantry & Dry Goods,151,bag,54.25,96.04,2026-08-27,Aisle 07,ambient
Low-Sodium Coconut Cream Cow Milk 5L,Pure Vedic Plantations,DAIR-002128,890100641126,Dairy & Eggs,23,box,229.00,409.74,2026-09-24,Aisle 03,chilled
Premium Boneless Chicken Breast 350g,FarmGold Provisions,MEAT-002129,890100641127,Meat & Seafood,11,kg,876.32,1435.43,2026-08-29,Aisle 04,chilled
Heritage Tulsi Honey Raw Wildflower Honey 100g,Royal Indian Dairy,PANT-002130,890100641128,Pantry & Dry Goods,228,packet,196.87,356.73,2028-04-01,Aisle 07,ambient
Homestyle Raw Wildflower Honey 2L,Vedic Fresh Foods,PANT-002131,890100641129,Pantry & Dry Goods,89,packet,402.08,612.09,2028-02-13,Aisle 07,ambient
Stone-Ground Coconut Cream Crab Meat Fresh 5L,Everest Provisions,MEAT-002132,890100641130,Meat & Seafood,92,pcs,928.98,1696.77,2026-08-31,Aisle 05,chilled
Extra-Virgin Kashmiri Saffron Custard Apple (Sitaphal) 24-Pack,Himalayan Goods,FRES-002133,890100641131,Fresh Produce,168,bunch,150.76,215.58,2026-08-29,Aisle 01,chilled
Cold-Pressed Coconut Cream Carrots 750g,Kaveri Farms,FRES-002134,890100641132,Fresh Produce,224,bag,151.73,272.81,2026-08-30,Aisle 01,ambient
Pure Lemon Pepper Coconut Milk Canned 10kg,Everest Co.,PANT-002135,890100641133,Pantry & Dry Goods,124,jar,255.19,337.86,2027-09-08,Aisle 07,ambient
Extra-Virgin Ajwain & Jeera Bell Peppers 500ml,Everest Mills,FRES-002136,890100641134,Fresh Produce,106,pcs,54.05,81.11,2026-09-12,Aisle 02,ambient
Authentic Matcha Green Tea Biodegradable Garbage Bags 400g,Satvik Kitchens,HOUS-002137,890100641135,Household & Personal Care,126,tube,401.89,524.62,2027-11-23,Aisle 12,ambient
Wildcrafted Desi Cow Ghee 200g,Heritage Plantations,DAIR-002138,890100641136,Dairy & Eggs,158,tub,434.38,581.46,2026-09-26,Aisle 03,chilled
Free-Range Dry Fruits Trail Mix 4-Pack,Nature Harvest Goods,SNAC-002139,890100641137,Snacks & Confectionery,164,box,439.26,792.06,2027-04-08,Aisle 10,ambient
Aged Cardamom Spiced Stainless Steel Scrubber 3pk 6-Pack,Nature Harvest Goods,HOUS-002140,890100641138,Household & Personal Care,112,tube,482.22,789.06,2028-04-18,Aisle 12,ambient
Royal Sweet Tamarind Gulab Jamun Tin 150ml,Bhoomi Organics,SNAC-002141,890100641139,Snacks & Confectionery,108,bag,350.69,469.16,2027-02-20,Aisle 10,ambient
Handcrafted Ajwain & Jeera Strawberries 2-Pack,Heritage Kitchens,FRES-002142,890100641140,Fresh Produce,173,bag,33.21,53.38,2026-08-29,Aisle 02,chilled
Valley Fresh Basa Fish Fillets 750g,Satvik Harvest,MEAT-002143,890100641141,Meat & Seafood,170,pcs,189.64,238.38,2026-08-31,Aisle 04,chilled
Aged Sea Salt Apples 50g,Dabur Organics,FRES-002144,890100641142,Fresh Produce,25,bag,120.53,206.91,2026-09-06,Aisle 01,ambient
Country Style Caramelized Onion Bananas 200ml,Ganga Springs,FRES-002145,890100641143,Fresh Produce,44,pcs,32.98,47.05,2026-09-02,Aisle 02,ambient
Roasted Nagpur Orange Organic Green Tea 300g,Organic Tattva Co.,BEVE-002146,890100641144,Beverages,109,box,251.28,362.20,2027-05-13,Aisle 05,chilled
Smoked Pears 300g,Everest Kitchens,FRES-002147,890100641145,Fresh Produce,175,pcs,38.44,68.66,2026-09-08,Aisle 02,ambient
Gluten-Free Garlic & Herb Liquid Laundry Detergent 2kg,Satvik Botanicals,HOUS-002148,890100641146,Household & Personal Care,161,box,382.72,513.07,2026-08-20,Aisle 11,ambient
Country Style Papayas Value Pack,Nature Harvest Harvest,FRES-002149,890100641147,Fresh Produce,217,pack,38.96,59.69,2026-09-11,Aisle 02,ambient
Raw Cashew Paste Curry Base 10kg,Organic Tattva Botanicals,PANT-002150,890100641148,Pantry & Dry Goods,95,jar,300.31,454.16,2027-02-27,Aisle 07,ambient
Natural Kashmiri Saffron Shampoo Anti-Dandruff 1.5L,Satvik Naturals,HOUS-002151,890100641149,Household & Personal Care,203,bottle,256.13,413.73,2027-08-30,Aisle 12,ambient
Natural Matcha Green Tea Aloo Tikki 8-Pack 330ml,Everest Mills,FROZ-002152,890100641150,Frozen Foods,183,pack,135.61,209.40,2026-10-29,Aisle 09,frozen
Wildcrafted Bhujia Sev 12-Pack,Nature Harvest Dairy,SNAC-002153,890100641151,Snacks & Confectionery,225,packet,106.80,168.89,2026-12-25,Aisle 10,ambient
Signature Rusk Toast 5L,Kaveri Milling,BAKE-002154,890100641152,Bakery & Deli,93,box,255.53,339.80,2026-08-29,Aisle 03,ambient
Handcrafted Cardamom Spiced Chicken Keema 1kg,Organic Tattva Co.,MEAT-002155,890100641153,Meat & Seafood,114,pack,397.96,559.81,2026-08-31,Aisle 05,chilled
Golden Masala Chai Mustard Oil Kachi Ghani 250ml,Catch Harvest,PANT-002156,890100641154,Pantry & Dry Goods,60,box,523.94,853.64,2028-01-23,Aisle 07,ambient
Sun-Dried Golden Ginger Cauliflower Family Pack,Heritage Agro,FRES-002157,890100641155,Fresh Produce,18,pack,32.25,45.94,2026-09-05,Aisle 01,chilled
Cured Curd Tub (Dahi) 200ml,Dabur Mills,DAIR-002158,890100641156,Dairy & Eggs,158,packet,413.39,634.23,2026-08-29,Aisle 03,chilled
Desi Vanilla Bean Frozen Veg Momos 150g,Everest Milling,FROZ-002159,890100641157,Frozen Foods,81,tub,303.78,547.40,2027-02-07,Aisle 09,frozen
Aged Granola Health Bars 150g,Ganga Farms,SNAC-002160,890100641158,Snacks & Confectionery,111,box,278.18,402.85,2027-05-03,Aisle 09,ambient
Homestyle Sweet Tamarind Moong Dal Washed 2-Pack,Amul Kitchens,PANT-002161,890100641159,Pantry & Dry Goods,224,bag,658.41,1050.85,2027-04-08,Aisle 07,ambient
Plant-Based Cinnamon Spice Goat Mince Premium 24-Pack,Pashmina Mills,MEAT-002162,890100641160,Meat & Seafood,117,pack,868.68,1402.75,2026-08-31,Aisle 05,chilled
Cold-Pressed Rose Infused Red Onions 2-Pack,Organic Tattva Naturals,FRES-002163,890100641161,Fresh Produce,24,pack,62.10,97.71,2026-09-08,Aisle 02,chilled
Unpolished Ginger Root 2-Pack,Deccan Harvest,FRES-002164,890100641162,Fresh Produce,240,pcs,49.92,91.14,2026-09-07,Aisle 01,chilled
Heritage Lemon Pepper Oat Milk 200ml,Bhoomi Plantations,DAIR-002165,890100641163,Dairy & Eggs,25,box,412.80,560.67,2026-09-07,Aisle 03,chilled
Pure Pista Almond Ginger Kombucha 1.5L,Kaveri Provisions,BEVE-002166,890100641164,Beverages,168,bottle,50.38,86.78,2027-06-25,Aisle 05,chilled
Gluten-Free Kesar Pista Ayurvedic Bath Soap Snack Pack,SunBrite Provisions,HOUS-002167,890100641165,Household & Personal Care,153,packet,315.78,549.21,2027-11-30,Aisle 11,ambient
Crisp 70% Dark Chocolate Bar 500g,Bhoomi Plantations,SNAC-002168,890100641166,Snacks & Confectionery,206,pack,41.69,61.06,2026-11-06,Aisle 10,ambient
Extra-Virgin Kesar Pista Chaash / Buttermilk 10kg,Saffola Organics,DAIR-002169,890100641167,Dairy & Eggs,225,tub,334.48,608.51,2026-09-21,Aisle 03,chilled
Golden Red Chilli & Garlic Garlic Focaccia 5kg,Ganga Goods,BAKE-002170,890100641168,Bakery & Deli,77,pcs,266.30,413.87,2026-09-03,Aisle 04,chilled
Farm-Fresh Mint Lime Shampoo Anti-Dandruff 1.5L,Pashmina Mills,HOUS-002171,890100641169,Household & Personal Care,231,tube,116.41,175.51,2028-08-06,Aisle 11,ambient
Homestyle Nagpur Orange Cucumbers Family Pack,Heritage Goods,FRES-002172,890100641170,Fresh Produce,87,bag,31.31,48.31,2026-09-11,Aisle 02,chilled
Handcrafted Lemon Pepper Ayurvedic Bath Soap 750g,Amul Farms,HOUS-002173,890100641171,Household & Personal Care,107,box,428.53,686.18,2026-08-27,Aisle 12,ambient
Roasted Alphonso Mango Bath Tissue 6-Pack 100g,Heritage Provisions,HOUS-002174,890100641172,Household & Personal Care,50,packet,470.35,826.83,2027-11-26,Aisle 12,ambient
Organic Vanilla Bean Masala Potato Chips 150ml,Deccan Plantations,SNAC-002175,890100641173,Snacks & Confectionery,7,bar,129.72,213.71,2027-02-19,Aisle 10,ambient
Valley Fresh Vanilla Bean Organic Sharbati Atta 200ml,Saffola Co.,PANT-002176,890100641174,Pantry & Dry Goods,87,bag,686.55,1068.98,2027-11-09,Aisle 06,ambient
Grass-Fed Wood-Fired Veggie Pizza 6-Pack,Green Earth Naturals,FROZ-002177,890100641175,Frozen Foods,168,packet,268.59,371.91,2026-12-21,Aisle 09,frozen
Aged Tandoori Smoked Pomegranates 400g,Pure Vedic Springs,FRES-002178,890100641176,Fresh Produce,159,pack,26.13,34.39,2026-09-17,Aisle 02,ambient
Country Style Alphonso Mango Catla Fish Steaks 12-Pack,Bhoomi Organics,MEAT-002179,890100641177,Meat & Seafood,146,kg,362.08,661.34,2026-09-01,Aisle 05,chilled
Country Style Coconut Cream Frozen Samosas 500ml,Deccan Springs,FROZ-002180,890100641178,Frozen Foods,93,tub,134.09,187.55,2027-06-14,Aisle 08,frozen
Extra-Virgin Atlantic Salmon Fillet 500ml,Tata Foods,MEAT-002181,890100641179,Meat & Seafood,92,pcs,366.40,650.59,2026-09-01,Aisle 04,chilled
Spiced Dark Chocolate Chamomile Herbal Tea 330ml,Heritage Farms,BEVE-002182,890100641180,Beverages,198,can,37.72,65.67,2027-05-23,Aisle 06,ambient
Unpolished Alphonso Mangoes 12-Pack,Deccan Botanicals,FRES-002183,890100641181,Fresh Produce,120,bunch,117.88,157.87,2026-09-02,Aisle 01,ambient
Country Style Jalapeno Lime Cow Milk 750g,Amul Botanicals,DAIR-002184,890100641182,Dairy & Eggs,92,packet,316.35,404.06,2026-09-01,Aisle 03,chilled
Roasted Sweet Tamarind Badam Milk Drink 330ml,Fortune Goods,BEVE-002185,890100641183,Beverages,186,bottle,107.87,140.33,2027-08-23,Aisle 05,ambient
Gluten-Free Extra Virgin Olive Oil 500ml,Patanjali Plantations,PANT-002186,890100641184,Pantry & Dry Goods,55,jar,709.41,1311.96,2026-08-30,Aisle 07,ambient
Rustic Truffle Infused Dishwash Gel Lemon 750g,Satvik Kitchens,HOUS-002187,890100641185,Household & Personal Care,206,box,356.92,491.59,2028-01-20,Aisle 11,ambient
Stone-Ground Coconut Cream Mixed Berries Frozen 1L,Deccan Harvest,FROZ-002188,890100641186,Frozen Foods,165,box,328.90,439.23,2027-02-26,Aisle 09,frozen
Pure Masala Chai Masala Potato Chips 5L,Himalayan Harvest,SNAC-002189,890100641187,Snacks & Confectionery,45,packet,110.79,192.61,2027-04-30,Aisle 10,ambient
Low-Sodium Kaju Katli Sweet Box 1L,Royal Indian Botanicals,SNAC-002190,890100641188,Snacks & Confectionery,50,box,296.24,414.68,2027-03-20,Aisle 09,ambient
Whole-Grain Bhujia Sev 500ml,Dabur Goods,SNAC-002191,890100641189,Snacks & Confectionery,49,pack,391.42,704.90,2026-10-26,Aisle 10,ambient
Stone-Ground Golden Ginger Clove & Mint Toothpaste 250ml,Royal Indian Springs,HOUS-002192,890100641190,Household & Personal Care,178,packet,382.47,619.47,2028-06-11,Aisle 11,ambient
Sweet Truffle Infused Almond Milk 2kg,FarmGold Milling,DAIR-002193,890100641191,Dairy & Eggs,233,box,183.62,259.89,2026-09-16,Aisle 03,chilled
Organic Pineapples 12-Pack,Nilgiri Foods,FRES-002194,890100641192,Fresh Produce,176,pcs,16.05,21.17,2026-09-11,Aisle 01,ambient
Zero-Sugar Lemon Pepper Moong Dal Washed 6-Pack,Desi Organics Goods,PANT-002195,890100641193,Pantry & Dry Goods,150,jar,700.95,1036.39,2026-08-29,Aisle 07,ambient
Premium Kachi Ghani Mustard Fresh Mosambi Juice 330ml,Catch Provisions,BEVE-002196,890100641194,Beverages,166,pack,50.98,75.38,2027-08-27,Aisle 05,chilled
Handcrafted Dark Chocolate Fresh Methi 5L,Catch Farms,FRES-002197,890100641195,Fresh Produce,118,pack,131.39,201.62,2026-08-29,Aisle 02,ambient
Authentic Garlic & Herb Clove & Mint Toothpaste 8-Pack,Heritage Botanicals,HOUS-002198,890100641196,Household & Personal Care,26,pack,144.72,243.09,2026-08-30,Aisle 12,ambient
Cured Cardamom Spiced Royal Basmati Rice 750ml,Himalayan Harvest,PANT-002199,890100641197,Pantry & Dry Goods,94,bag,246.11,433.38,2026-08-19,Aisle 08,ambient
Homestyle Kaju Katli Sweet Box 12-Pack,SunBrite Mills,SNAC-002200,890100641198,Snacks & Confectionery,164,bag,190.34,256.56,2027-06-18,Aisle 10,ambient
Sun-Dried Brioche Burger Buns 200ml,Kaveri Agro,BAKE-002201,890100641199,Bakery & Deli,64,box,248.86,395.13,2026-09-01,Aisle 04,chilled
Stone-Ground Kesar Pista Granola Health Bars 2L,FarmGold Co.,SNAC-002202,890100641200,Snacks & Confectionery,181,bar,155.86,235.86,2026-12-12,Aisle 10,ambient
Crisp Lemon Pepper Yukon Gold Potatoes 750g,Patanjali Co.,FRES-002203,890100641201,Fresh Produce,168,kg,77.12,128.89,2026-09-14,Aisle 02,chilled
Low-Sodium Goat Mince Premium 10-Pack,SunBrite Plantations,MEAT-002204,890100641202,Meat & Seafood,7,pack,785.29,1322.70,2026-08-29,Aisle 05,chilled
Spiced Nagpur Orange Lemons 200ml,Green Earth Agro,FRES-002205,890100641203,Fresh Produce,173,kg,31.63,52.20,2026-09-06,Aisle 01,chilled
Smoked Smoked Paprika Ayurvedic Bath Soap 100g,Nilgiri Springs,HOUS-002206,890100641204,Household & Personal Care,163,tube,466.94,741.42,2027-05-02,Aisle 11,ambient
Cured Boneless Chicken Breast 1L,Kaveri Organics,MEAT-002207,890100641205,Meat & Seafood,242,kg,641.48,812.16,2026-08-30,Aisle 05,chilled
Roasted Caramelized Onion Organic Rolled Oats 350g,Green Earth Farms,PANT-002208,890100641206,Pantry & Dry Goods,212,jar,268.76,479.33,2028-03-05,Aisle 08,ambient
Wildcrafted Red Chilli & Garlic Garlic Focaccia 750g,Heritage Farms,BAKE-002209,890100641207,Bakery & Deli,128,pack,35.33,55.07,2026-09-10,Aisle 04,chilled
Crisp Biodegradable Garbage Bags 2L,FarmGold Provisions,HOUS-002210,890100641208,Household & Personal Care,82,bottle,155.86,262.28,2026-08-29,Aisle 11,ambient
Low-Sodium Tulsi Honey Double Toned Milk 100g,Catch Plantations,DAIR-002211,890100641209,Dairy & Eggs,53,pack,59.99,106.01,2026-09-06,Aisle 03,chilled
Traditional Gouda Block 4-Pack,Catch Naturals,DAIR-002212,890100641210,Dairy & Eggs,165,carton,146.77,205.56,2026-09-07,Aisle 02,chilled
Natural Pasture Eggs 1.5L,Green Earth Plantations,DAIR-002213,890100641211,Dairy & Eggs,111,box,173.70,232.49,2026-09-05,Aisle 03,chilled
Zero-Sugar Gourmet Cookies Choco-Chip 2kg,Tata Foods,SNAC-002214,890100641212,Snacks & Confectionery,34,tub,222.02,402.41,2027-05-12,Aisle 10,ambient
Artisan Masala Chai Bath Tissue 6-Pack 350g,Desi Organics Botanicals,HOUS-002215,890100641213,Household & Personal Care,74,packet,392.35,549.95,2029-04-27,Aisle 11,ambient
Rustic Guava Chilli Juice 330ml,Fortune Harvest,BEVE-002216,890100641214,Beverages,164,bottle,142.38,178.80,2027-01-12,Aisle 05,chilled
Traditional Dark Chocolate Atlantic Salmon Fillet 250ml,Nilgiri Harvest,MEAT-002217,890100641215,Meat & Seafood,198,kg,317.62,429.50,2026-08-27,Aisle 04,chilled
Free-Range Hash Browns 6pk 8-Pack,Heritage Agro,FROZ-002218,890100641216,Frozen Foods,33,tub,225.28,406.04,2026-12-06,Aisle 08,frozen
Natural Toasted Sesame Roasted Makhana Foxnuts 1.5L,Deccan Organics,SNAC-002219,890100641217,Snacks & Confectionery,18,box,329.81,545.78,2027-06-02,Aisle 10,ambient
Premium Tandoori Smoked Parmigiano-Reggiano 50g,Deccan Agro,DAIR-002220,890100641218,Dairy & Eggs,166,bottle,411.35,666.42,2026-09-16,Aisle 02,chilled
Stone-Ground Mustard Oil Kachi Ghani 1kg,Tata Springs,PANT-002221,890100641219,Pantry & Dry Goods,219,bottle,167.13,271.71,2028-02-28,Aisle 06,ambient
Artisan Masala Chai Guava Chilli Juice 1kg,Nature Harvest Organics,BEVE-002222,890100641220,Beverages,17,carton,268.57,354.62,2026-08-17,Aisle 05,ambient
Rustic Red Chilli & Garlic Garlic Naan Frozen 4pk 350g,Dabur Co.,FROZ-002223,890100641221,Frozen Foods,181,tub,247.74,383.91,2027-01-16,Aisle 09,frozen
Select Dark Chocolate Pomfret Whole 150g,Green Earth Mills,MEAT-002224,890100641222,Meat & Seafood,148,pcs,216.05,282.84,2026-08-31,Aisle 04,chilled
Homestyle Kesar Pista Butter Croissants 150ml,Desi Organics Farms,BAKE-002225,890100641223,Bakery & Deli,244,pack,173.56,279.91,2026-09-01,Aisle 03,chilled
Cured Kitchen Paper Towels 4-Roll 500g,Vedic Fresh Organics,HOUS-002226,890100641224,Household & Personal Care,152,box,338.92,555.77,2028-05-29,Aisle 11,ambient
Roasted Pista Almond Ayurvedic Bath Soap 5L,Pashmina Dairy,HOUS-002227,890100641225,Household & Personal Care,135,packet,493.41,713.22,2027-06-20,Aisle 12,ambient
Wildcrafted Cinnamon Spice Tonic Water Premium 2-Pack,Saffola Botanicals,BEVE-002228,890100641226,Beverages,245,bag,247.29,390.10,2026-08-29,Aisle 06,chilled
Zero-Sugar Cardamom Spiced Bamboo Toothbrush 2pk 10kg,Patanjali Mills,HOUS-002229,890100641227,Household & Personal Care,220,pack,549.23,753.55,2028-05-12,Aisle 11,ambient
Traditional Matcha Green Tea Palak Leaves 150ml,Nature Harvest Harvest,FRES-002230,890100641228,Fresh Produce,238,kg,158.20,261.97,2026-09-09,Aisle 02,chilled
Free-Range Red Chilli & Garlic Soan Papdi Box 100g,Catch Kitchens,SNAC-002231,890100641229,Snacks & Confectionery,32,bag,389.89,541.77,2027-05-27,Aisle 10,ambient
Wildcrafted Garlic & Herb Mutton Chops Snack Pack,Organic Tattva Organics,MEAT-002232,890100641230,Meat & Seafood,84,pcs,332.86,418.02,2026-08-29,Aisle 05,chilled
Spiced Vanilla Bean Chana Dal Polished 50g,Catch Provisions,PANT-002233,890100641231,Pantry & Dry Goods,55,jar,508.13,701.43,2027-09-24,Aisle 06,ambient
Rustic Butter Croissants 4-Pack,Royal Indian Provisions,BAKE-002234,890100641232,Bakery & Deli,143,pcs,156.70,270.85,2026-09-10,Aisle 04,ambient
Unpolished Lemon Pepper Chaash / Buttermilk 500ml,Nilgiri Springs,DAIR-002235,890100641233,Dairy & Eggs,174,packet,372.61,671.08,2026-09-12,Aisle 02,chilled
Smoked Garlic Naan Frozen 4pk 200ml,Catch Co.,FROZ-002236,890100641234,Frozen Foods,96,pack,127.94,178.12,2027-03-28,Aisle 08,frozen
Handcrafted Mutton Curry Cut 750g,Everest Harvest,MEAT-002237,890100641235,Meat & Seafood,105,kg,855.32,1218.28,2026-09-03,Aisle 05,chilled
Handcrafted Chatpata Masala Sweet Corn Kernels Family Pack,Amul Co.,FROZ-002238,890100641236,Frozen Foods,81,box,289.17,450.11,2027-01-19,Aisle 09,frozen
Extra-Virgin Pink Himalayan Salt 12-Pack,Fortune Farms,PANT-002239,890100641237,Pantry & Dry Goods,18,jar,626.85,1157.73,2027-04-09,Aisle 08,ambient
Wildcrafted Garlic & Herb Bell Peppers 100g,Amul Goods,FRES-002240,890100641238,Fresh Produce,29,bag,44.11,57.22,2026-09-04,Aisle 02,ambient
Royal Dark Chocolate Alphonso Kulfi Tub 2-Pack,Tata Dairy,FROZ-002241,890100641239,Frozen Foods,188,pack,321.92,564.22,2027-05-04,Aisle 08,frozen
Rustic Tulsi Honey Butter Croissants 500ml,Satvik Agro,BAKE-002242,890100641240,Bakery & Deli,141,pack,206.39,329.84,2026-09-09,Aisle 04,chilled
Plant-Based Red Chilli & Garlic Guava Chilli Juice 150ml,Kaveri Plantations,BEVE-002243,890100641241,Beverages,71,carton,323.00,531.68,2027-03-05,Aisle 05,chilled
Unpolished Kachi Ghani Mustard Floor Disinfectant Pine 2kg,Ganga Plantations,HOUS-002244,890100641242,Household & Personal Care,59,packet,433.35,734.75,2028-06-13,Aisle 11,ambient
Sweet Butter Croissants Snack Pack,Organic Tattva Agro,BAKE-002245,890100641243,Bakery & Deli,162,pack,253.61,426.01,2026-08-28,Aisle 03,ambient
Extra-Virgin Veg Spring Rolls 750g,Deccan Foods,FROZ-002246,890100641244,Frozen Foods,166,packet,281.47,499.32,2027-01-29,Aisle 09,frozen
Handcrafted Bhujia Sev 330ml,SunBrite Kitchens,SNAC-002247,890100641245,Snacks & Confectionery,225,tub,515.03,861.78,2026-11-15,Aisle 10,ambient
Desi Tulsi Honey Raw Wildflower Honey Family Pack,Royal Indian Co.,PANT-002248,890100641246,Pantry & Dry Goods,207,jar,41.46,71.76,2027-06-05,Aisle 06,ambient
Golden Makhana Crunch Flavored Yogurt Family Pack,Desi Organics Naturals,DAIR-002249,890100641247,Dairy & Eggs,90,pack,53.31,67.60,2026-09-13,Aisle 03,chilled
Heritage Oat Milk Family Pack,Amul Co.,DAIR-002250,890100641248,Dairy & Eggs,5,packet,505.50,743.24,2026-09-07,Aisle 03,chilled
Artisan Herbal Hand Wash Neem 5kg,Kaveri Dairy,HOUS-002251,890100641249,Household & Personal Care,13,box,221.42,307.25,2029-03-15,Aisle 11,ambient
Signature Tandoori Smoked Lavash Crackers 8-Pack,Urban Roots Botanicals,BAKE-002252,890100641250,Bakery & Deli,171,pcs,284.17,377.18,2026-09-08,Aisle 04,chilled
Sweet Toasted Sesame Boneless Chicken Breast 2kg,Desi Organics Foods,MEAT-002253,890100641251,Meat & Seafood,13,pack,231.36,364.87,2026-09-02,Aisle 04,chilled
Low-Sodium Kachi Ghani Mustard Banana Chips Kerala Style 500ml,Organic Tattva Goods,SNAC-002254,890100641252,Snacks & Confectionery,52,tub,268.56,438.69,2027-06-10,Aisle 09,ambient
Extra-Virgin Chicken Keema 200ml,Satvik Naturals,MEAT-002255,890100641253,Meat & Seafood,181,pcs,506.80,648.73,2026-08-31,Aisle 04,chilled
Rustic Unsalted White Butter 150ml,Catch Naturals,DAIR-002256,890100641254,Dairy & Eggs,54,bottle,342.55,557.70,2026-09-07,Aisle 03,chilled
Traditional Wood-Fired Veggie Pizza 150ml,Fortune Goods,FROZ-002257,890100641255,Frozen Foods,125,packet,296.95,376.75,2027-02-25,Aisle 08,frozen
Crisp Bhujia Sev 500g,Desi Organics Springs,SNAC-002258,890100641256,Snacks & Confectionery,46,bar,49.43,71.70,2026-12-04,Aisle 10,ambient
Roasted Garlic & Herb Cold-Pressed Groundnut Oil 2kg,Everest Botanicals,PANT-002259,890100641257,Pantry & Dry Goods,247,box,307.35,493.30,2026-08-20,Aisle 07,ambient
Gourmet Toasted Sesame California Almonds 5kg,Deccan Co.,SNAC-002260,890100641258,Snacks & Confectionery,59,tub,185.51,295.37,2026-12-03,Aisle 10,ambient
Sweet Masala Chai Chicken Frankfurters 6-Pack,Tata Provisions,BAKE-002261,890100641259,Bakery & Deli,86,box,40.99,73.27,2026-09-02,Aisle 04,ambient
Unpolished Sona Masoori Rice 750ml,Fortune Farms,PANT-002262,890100641260,Pantry & Dry Goods,215,box,370.58,628.47,2027-09-02,Aisle 07,ambient
Rustic Pomfret Whole 24-Pack,Amul Farms,MEAT-002263,890100641261,Meat & Seafood,154,kg,338.65,618.17,2026-08-31,Aisle 05,chilled
Raw Fresh Chicken Curry Cut 300g,Tata Organics,MEAT-002264,890100641262,Meat & Seafood,23,kg,795.93,1349.02,2026-08-30,Aisle 05,chilled
Plant-Based Jalapeno Lime Greek Yogurt 300g,Desi Organics Goods,DAIR-002265,890100641263,Dairy & Eggs,224,carton,423.65,755.25,2026-09-16,Aisle 02,chilled
Extra-Virgin Vanilla Bean Soan Papdi Box 250ml,Urban Roots Dairy,SNAC-002266,890100641264,Snacks & Confectionery,160,bag,513.08,712.01,2026-10-20,Aisle 09,ambient
Spiced Coconut Cream Pasture Eggs 12-Pack,Pashmina Goods,DAIR-002267,890100641265,Dairy & Eggs,18,pack,98.82,128.96,2026-09-05,Aisle 03,chilled
Valley Fresh Lassi Mango Infused 1kg,Saffola Naturals,DAIR-002268,890100641266,Dairy & Eggs,164,carton,267.23,347.72,2026-09-17,Aisle 02,chilled
Artisan Red Chilli & Garlic Garlic Bulbs 350g,Pashmina Goods,FRES-002269,890100641267,Fresh Produce,171,kg,149.46,226.83,2026-08-31,Aisle 02,ambient
Desi Dark Chocolate Extra Virgin Olive Oil 750g,Green Earth Botanicals,PANT-002270,890100641268,Pantry & Dry Goods,137,jar,713.81,1248.48,2027-12-28,Aisle 08,ambient
Extra-Virgin Frozen Samosas 330ml,Fortune Farms,FROZ-002271,890100641269,Frozen Foods,20,bag,182.83,326.11,2027-07-30,Aisle 08,frozen
Grass-Fed Mustard Oil Kachi Ghani 10-Pack,Everest Kitchens,PANT-002272,890100641270,Pantry & Dry Goods,88,packet,684.45,1045.95,2026-08-27,Aisle 08,ambient
Sweet Frozen Samosas 250g,Patanjali Provisions,FROZ-002273,890100641271,Frozen Foods,95,bag,211.12,370.76,2026-12-17,Aisle 08,frozen
Cold-Pressed Alphonso Mango Paneer Tikka Deli 10-Pack,Catch Organics,BAKE-002274,890100641272,Bakery & Deli,37,box,309.25,492.50,2026-09-08,Aisle 03,chilled
Farm-Fresh Truffle Infused Chicken Frankfurters 330ml,Urban Roots Plantations,BAKE-002275,890100641273,Bakery & Deli,47,pack,140.74,222.83,2026-09-01,Aisle 04,chilled
Valley Fresh Garlic Bulbs 100g,FarmGold Plantations,FRES-002276,890100641274,Fresh Produce,246,kg,63.31,112.17,2026-09-16,Aisle 02,ambient
Heritage Tiger Prawns Jumbo 200g,Desi Organics Botanicals,MEAT-002277,890100641275,Meat & Seafood,114,kg,257.82,336.09,2026-08-29,Aisle 04,chilled
Premium Kaju Katli Sweet Box 8-Pack,Patanjali Provisions,SNAC-002278,890100641276,Snacks & Confectionery,36,tub,367.59,587.40,2026-10-24,Aisle 09,ambient
Plant-Based Ajwain & Jeera Lavash Crackers 12-Pack,Bhoomi Dairy,BAKE-002279,890100641277,Bakery & Deli,142,box,179.51,262.62,2026-08-31,Aisle 03,ambient
Smoked Vanilla Bean Banana Chips Kerala Style 150ml,Satvik Goods,SNAC-002280,890100641278,Snacks & Confectionery,52,bag,119.85,218.47,2027-02-24,Aisle 10,ambient
Rustic Apple Cider Vinegar Drink Snack Pack,Catch Mills,BEVE-002281,890100641279,Beverages,227,can,181.84,320.69,2026-11-27,Aisle 05,chilled
Free-Range Nagpur Orange Malai Kulfi Bar 100g,Organic Tattva Botanicals,FROZ-002282,890100641280,Frozen Foods,216,tub,285.68,405.12,2026-12-23,Aisle 09,frozen
Artisan Apple Cider Vinegar Drink 1.5L,Green Earth Farms,BEVE-002283,890100641281,Beverages,82,can,207.77,325.15,2026-08-27,Aisle 05,ambient
Premium Broccoli Crowns 1L,Bhoomi Foods,FRES-002284,890100641282,Fresh Produce,221,pcs,153.68,282.01,2026-08-18,Aisle 02,chilled
Roasted Chana Dal Polished 1.5L,Everest Agro,PANT-002285,890100641283,Pantry & Dry Goods,69,box,474.05,688.37,2027-01-04,Aisle 07,ambient
Cured Tulsi Honey Fruit Cake Slice 150g,Green Earth Foods,BAKE-002286,890100641284,Bakery & Deli,19,pack,92.71,129.50,2026-08-31,Aisle 03,ambient
Pure Frozen Samosas 750g,Bhoomi Foods,FROZ-002287,890100641285,Frozen Foods,193,tub,57.60,98.60,2027-01-10,Aisle 09,frozen
Rustic Alphonso Kulfi Tub 200g,Everest Naturals,FROZ-002288,890100641286,Frozen Foods,92,box,247.31,376.50,2026-11-18,Aisle 09,frozen
Wildcrafted Vanilla Bean Gourmet Cookies Choco-Chip 750ml,Amul Springs,SNAC-002289,890100641287,Snacks & Confectionery,144,bag,435.20,606.24,2026-11-24,Aisle 09,ambient
Whole-Grain Spicy Peanut Chikki 100g,Nilgiri Dairy,SNAC-002290,890100641288,Snacks & Confectionery,69,tub,510.32,864.77,2027-04-02,Aisle 10,ambient
Smoked Nagpur Orange Alphonso Kulfi Tub 1L,Vedic Fresh Farms,FROZ-002291,890100641289,Frozen Foods,21,box,137.23,175.72,2027-06-26,Aisle 08,frozen
Aged Himalayan Spring Water 10kg,Nature Harvest Harvest,BEVE-002292,890100641290,Beverages,38,pack,377.19,555.06,2027-05-06,Aisle 06,chilled
Valley Fresh Organic Rolled Oats 8-Pack,Fortune Springs,PANT-002293,890100641291,Pantry & Dry Goods,8,bottle,504.16,829.17,2027-10-23,Aisle 07,ambient
Zero-Sugar Fresh Methi 1kg,Nature Harvest Agro,FRES-002294,890100641292,Fresh Produce,105,bunch,74.97,108.80,2026-09-04,Aisle 01,chilled
Country Style Floor Disinfectant Pine 50g,Fortune Milling,HOUS-002295,890100641293,Household & Personal Care,227,tube,302.96,474.75,2026-08-28,Aisle 11,ambient
Desi Pasture Eggs 10-Pack,Bhoomi Dairy,DAIR-002296,890100641294,Dairy & Eggs,198,box,253.87,339.51,2026-09-15,Aisle 02,chilled
Stone-Ground Kitchen Paper Towels 4-Roll 200ml,Catch Plantations,HOUS-002297,890100641295,Household & Personal Care,120,pack,450.54,704.73,2027-07-11,Aisle 12,ambient
Rustic Pista Almond Watermelon 2kg,Deccan Plantations,FRES-002298,890100641296,Fresh Produce,226,pack,87.33,109.59,2026-09-04,Aisle 02,ambient
Stone-Ground Amla Juice Pure 2-Pack,Urban Roots Harvest,BEVE-002299,890100641297,Beverages,129,can,349.43,525.41,2026-08-23,Aisle 06,chilled
Grass-Fed Lemon Pepper Boneless Chicken Breast 150g,Everest Botanicals,MEAT-002300,890100641298,Meat & Seafood,232,kg,361.45,533.84,2026-09-01,Aisle 05,chilled
Plant-Based Rusk Toast 750g,Pashmina Dairy,BAKE-002301,890100641299,Bakery & Deli,248,box,152.60,280.53,2026-09-01,Aisle 04,ambient
Traditional Smoked Chicken Slices 1kg,Heritage Dairy,BAKE-002302,890100641300,Bakery & Deli,232,box,184.26,237.82,2026-09-05,Aisle 04,chilled
Pure Fabric Softener Floral 330ml,Bhoomi Plantations,HOUS-002303,890100641301,Household & Personal Care,51,tube,285.93,421.59,2027-08-14,Aisle 12,ambient
Traditional Lemon Pepper Organic Brown Sugar 50g,Nilgiri Provisions,PANT-002304,890100641302,Pantry & Dry Goods,58,packet,593.68,1036.90,2027-02-03,Aisle 07,ambient
Authentic Pure Jaggery Powder (Gud) 10kg,Himalayan Harvest,PANT-002305,890100641303,Pantry & Dry Goods,192,jar,54.43,98.94,2027-09-09,Aisle 06,ambient
Unpolished Organic Brown Sugar 500ml,Nilgiri Dairy,PANT-002306,890100641304,Pantry & Dry Goods,5,bottle,451.96,732.15,2027-08-08,Aisle 06,ambient
Free-Range Nagpur Orange Goat Mince Premium 350g,Pure Vedic Harvest,MEAT-002307,890100641305,Meat & Seafood,59,kg,861.84,1579.77,2026-09-03,Aisle 04,chilled
Grass-Fed Makhana Crunch Alphonso Kulfi Tub 5kg,Himalayan Dairy,FROZ-002308,890100641306,Frozen Foods,190,tub,247.33,411.79,2027-08-01,Aisle 09,frozen
Sweet Matcha Green Tea Moong Dal Washed 1.5L,Green Earth Dairy,PANT-002309,890100641307,Pantry & Dry Goods,90,packet,345.79,621.24,2026-11-29,Aisle 08,ambient
Authentic Veg Spring Rolls Family Pack,Royal Indian Agro,FROZ-002310,890100641308,Frozen Foods,229,pack,50.54,92.66,2027-03-17,Aisle 09,frozen
Select Jalapeno Lime Raw Wildflower Honey 150g,Everest Goods,PANT-002311,890100641309,Pantry & Dry Goods,165,jar,257.62,469.11,2028-04-09,Aisle 07,ambient
Golden Royal Basmati Rice 10kg,Deccan Harvest,PANT-002312,890100641310,Pantry & Dry Goods,117,can,591.32,825.72,2027-01-15,Aisle 06,ambient
Desi Smoked Chicken Slices 400g,Satvik Plantations,BAKE-002313,890100641311,Bakery & Deli,127,pcs,237.08,343.70,2026-09-01,Aisle 03,ambient
Pure Wood-Fired Veggie Pizza 10-Pack,Kaveri Goods,FROZ-002314,890100641312,Frozen Foods,181,packet,415.21,709.06,2027-05-28,Aisle 09,frozen
Crisp Kesar Pista Whole Wheat Atta Bread 350g,Amul Provisions,BAKE-002315,890100641313,Bakery & Deli,187,box,95.30,160.29,2026-09-09,Aisle 04,ambient
Cold-Pressed Toasted Sesame Biodegradable Garbage Bags 8-Pack,Nature Harvest Botanicals,HOUS-002316,890100641314,Household & Personal Care,53,packet,360.93,556.15,2028-12-06,Aisle 11,ambient
Aged Toasted Sesame Unsalted White Butter 5kg,Mother Dairy Foods,DAIR-002317,890100641315,Dairy & Eggs,249,box,31.22,48.10,2026-09-24,Aisle 02,chilled
Gluten-Free Mint Lime Amla Juice Pure Value Pack,Kaveri Harvest,BEVE-002318,890100641316,Beverages,38,box,326.54,564.68,2027-01-04,Aisle 05,chilled
Organic Makhana Crunch Basa Fish Fillets 750ml,FarmGold Provisions,MEAT-002319,890100641317,Meat & Seafood,195,pack,798.29,1158.64,2026-09-03,Aisle 04,chilled
Natural Roasted Salted Cashews 2L,Patanjali Plantations,SNAC-002320,890100641318,Snacks & Confectionery,55,bag,89.20,147.71,2027-06-19,Aisle 09,ambient
Handcrafted Kesar Pista Crab Meat Fresh 200ml,Pashmina Botanicals,MEAT-002321,890100641319,Meat & Seafood,231,kg,649.12,1197.10,2026-08-29,Aisle 04,chilled
Valley Fresh Jalapeno Lime Mixed Berries Frozen 250ml,Vedic Fresh Farms,FROZ-002322,890100641320,Frozen Foods,7,tub,142.57,178.72,2027-07-06,Aisle 09,frozen
Whole-Grain Masala Chai Malai Kulfi Bar 1L,Heritage Foods,FROZ-002323,890100641321,Frozen Foods,4,bag,187.73,252.50,2027-07-03,Aisle 09,frozen
Sweet Pure Jaggery Powder (Gud) 500ml,Nature Harvest Milling,PANT-002324,890100641322,Pantry & Dry Goods,133,packet,541.31,968.10,2027-11-11,Aisle 06,ambient
Aged Cold-Pressed Groundnut Oil 100g,Fortune Plantations,PANT-002325,890100641323,Pantry & Dry Goods,126,bag,502.88,857.78,2026-08-24,Aisle 06,ambient
Royal Mint Lime Fruit Cake Slice 150ml,Nilgiri Foods,BAKE-002326,890100641324,Bakery & Deli,216,pcs,92.31,163.38,2026-09-03,Aisle 03,ambient
Desi Cinnamon Spice Fabric Softener Floral 1.5L,Dabur Organics,HOUS-002327,890100641325,Household & Personal Care,130,pack,90.83,143.05,2027-05-16,Aisle 11,ambient
Free-Range Iced Lemon Tea 750g,Fortune Springs,BEVE-002328,890100641326,Beverages,236,bottle,146.30,223.59,2026-11-30,Aisle 06,chilled
Grass-Fed Toasted Sesame Frozen Samosas 2L,Royal Indian Organics,FROZ-002329,890100641327,Frozen Foods,238,pack,270.11,432.51,2026-08-25,Aisle 09,frozen
Gluten-Free Golden Ginger Heavy Cream 250ml,Nilgiri Harvest,DAIR-002330,890100641328,Dairy & Eggs,175,tub,328.57,530.71,2026-09-19,Aisle 03,chilled
Natural Toor Dal Premium 750ml,Dabur Agro,PANT-002331,890100641329,Pantry & Dry Goods,60,box,247.47,404.89,2028-01-02,Aisle 08,ambient
Homestyle Bagel Plain 4pk 250ml,Patanjali Springs,BAKE-002332,890100641330,Bakery & Deli,153,box,213.60,318.35,2026-09-02,Aisle 03,chilled
Rustic Desi Cow Ghee 250g,Ganga Botanicals,DAIR-002333,890100641331,Dairy & Eggs,234,bottle,260.66,478.76,2026-09-22,Aisle 02,chilled
Organic Tandoori Smoked Paneer Tikka Deli Value Pack,Patanjali Goods,BAKE-002334,890100641332,Bakery & Deli,161,pcs,147.49,244.24,2026-08-29,Aisle 04,ambient
Desi Red Chilli & Garlic Roasted Salted Cashews 500ml,Fortune Botanicals,SNAC-002335,890100641333,Snacks & Confectionery,159,box,158.36,248.69,2027-05-07,Aisle 10,ambient
Authentic Cinnamon Spice Cold Brew Coffee 10kg,Royal Indian Provisions,BEVE-002336,890100641334,Beverages,96,bottle,442.93,819.18,2027-05-10,Aisle 06,ambient
Premium Tulsi Honey Banana Chips Kerala Style 100g,Pashmina Farms,SNAC-002337,890100641335,Snacks & Confectionery,149,box,281.23,441.58,2026-08-27,Aisle 09,ambient
Plant-Based Cardamom Spiced Hash Browns 6pk 1kg,Everest Kitchens,FROZ-002338,890100641336,Frozen Foods,244,bag,114.16,153.09,2026-08-30,Aisle 08,frozen
Zero-Sugar Toasted Sesame Hash Browns 6pk 2kg,FarmGold Plantations,FROZ-002339,890100641337,Frozen Foods,69,box,73.01,112.62,2027-02-22,Aisle 08,frozen
Unpolished Roma Tomatoes 200g,Everest Provisions,FRES-002340,890100641338,Fresh Produce,149,bunch,58.97,97.25,2026-09-11,Aisle 02,ambient
Whole-Grain Kitchen Paper Towels 4-Roll 4-Pack,Satvik Springs,HOUS-002341,890100641339,Household & Personal Care,46,box,137.91,183.73,2029-05-21,Aisle 12,ambient
Gluten-Free Paneer Block Family Pack,Dabur Naturals,DAIR-002342,890100641340,Dairy & Eggs,234,tub,161.70,287.00,2026-09-04,Aisle 03,chilled
Cold-Pressed Gulab Jamun Tin 1L,Bhoomi Harvest,SNAC-002343,890100641341,Snacks & Confectionery,221,bag,388.14,488.63,2027-04-07,Aisle 10,ambient
Royal Lemon Pepper Moong Dal Namkeen 2kg,Catch Kitchens,SNAC-002344,890100641342,Snacks & Confectionery,140,pack,247.65,433.16,2027-05-09,Aisle 09,ambient
Sun-Dried Flavored Yogurt 500ml,SunBrite Springs,DAIR-002345,890100641343,Dairy & Eggs,89,box,75.15,99.47,2026-09-06,Aisle 02,chilled
Pure Heavy Cream 150g,Pashmina Springs,DAIR-002346,890100641344,Dairy & Eggs,147,bottle,93.98,145.99,2026-09-18,Aisle 03,chilled
Gluten-Free Malai Kulfi Bar 100g,Everest Springs,FROZ-002347,890100641345,Frozen Foods,74,bag,118.69,178.94,2027-06-24,Aisle 08,frozen
Low-Sodium Sweet Potatoes 2L,Pure Vedic Agro,FRES-002348,890100641346,Fresh Produce,214,pack,15.63,24.96,2026-09-04,Aisle 01,ambient
Cold-Pressed Mustard Oil Kachi Ghani 150ml,Mother Dairy Agro,PANT-002349,890100641347,Pantry & Dry Goods,6,can,497.79,890.02,2027-02-12,Aisle 06,ambient
Heritage Tandoori Smoked Gulab Jamun Tin Family Pack,Royal Indian Harvest,SNAC-002350,890100641348,Snacks & Confectionery,164,bag,329.83,422.81,2027-03-26,Aisle 10,ambient
Organic Red Chilli & Garlic Chicken Keema 10kg,Royal Indian Milling,MEAT-002351,890100641349,Meat & Seafood,38,pcs,917.08,1568.04,2026-09-03,Aisle 05,chilled
Country Style Fresh Rohu Fish 500ml,Tata Naturals,MEAT-002352,890100641350,Meat & Seafood,157,kg,869.31,1232.96,2026-08-29,Aisle 05,chilled
Authentic Toasted Sesame Biodegradable Garbage Bags 12-Pack,Catch Foods,HOUS-002353,890100641351,Household & Personal Care,141,tube,386.16,506.31,2028-08-23,Aisle 12,ambient
Rustic Golden Ginger Organic Rolled Oats 750ml,Amul Farms,PANT-002354,890100641352,Pantry & Dry Goods,108,jar,77.81,141.43,2026-12-16,Aisle 06,ambient
Traditional Wood-Fired Veggie Pizza 5kg,Desi Organics Foods,FROZ-002355,890100641353,Frozen Foods,124,pack,347.36,463.19,2027-02-20,Aisle 08,frozen
Grass-Fed Bath Tissue 6-Pack 250ml,Pashmina Co.,HOUS-002356,890100641354,Household & Personal Care,128,box,355.07,652.65,2028-06-23,Aisle 11,ambient
Unpolished Ajwain & Jeera Kulcha 4-Pack 100g,SunBrite Botanicals,BAKE-002357,890100641355,Bakery & Deli,35,pcs,207.82,269.90,2026-09-07,Aisle 04,ambient
Stone-Ground Fabric Softener Floral 12-Pack,Kaveri Mills,HOUS-002358,890100641356,Household & Personal Care,131,pack,281.88,378.57,2029-02-09,Aisle 12,ambient
Gluten-Free Jalapeno Lime Fresh Methi 500ml,Catch Naturals,FRES-002359,890100641357,Fresh Produce,208,bag,29.34,54.18,2026-09-11,Aisle 02,ambient
Pure Toasted Sesame Urad Dal Whole 150ml,Desi Organics Foods,PANT-002360,890100641358,Pantry & Dry Goods,235,bag,53.17,67.88,2027-12-21,Aisle 07,ambient
Plant-Based Sea Salt Oat Milk Family Pack,Catch Plantations,DAIR-002361,890100641359,Dairy & Eggs,129,carton,156.32,224.14,2026-09-26,Aisle 03,chilled
Rustic Dark Chocolate Surmai Steaks 12-Pack,Vedic Fresh Milling,MEAT-002362,890100641360,Meat & Seafood,109,pack,552.25,855.47,2026-09-03,Aisle 05,chilled
Select Ginger Kombucha 750ml,Patanjali Organics,BEVE-002363,890100641361,Beverages,128,pack,54.98,83.29,2027-03-20,Aisle 05,ambient
Farm-Fresh Kashmiri Saffron Biodegradable Garbage Bags 150ml,Organic Tattva Botanicals,HOUS-002364,890100641362,Household & Personal Care,94,box,410.50,656.53,2027-11-27,Aisle 11,ambient
Farm-Fresh Tandoori Smoked Frozen Veg Momos 200g,Patanjali Farms,FROZ-002365,890100641363,Frozen Foods,208,box,103.27,145.53,2026-11-09,Aisle 09,frozen
Authentic Wood-Fired Veggie Pizza Family Pack,Himalayan Milling,FROZ-002366,890100641364,Frozen Foods,249,box,232.97,404.44,2027-07-20,Aisle 09,frozen
Artisan Squid Rings Cleaned 2L,Urban Roots Organics,MEAT-002367,890100641365,Meat & Seafood,72,kg,624.92,1046.59,2026-08-26,Aisle 05,chilled
Country Style Dark Chocolate Surface Floor Cleaner Rose 8-Pack,Pure Vedic Harvest,HOUS-002368,890100641366,Household & Personal Care,210,packet,92.78,116.14,2027-07-07,Aisle 12,ambient
Roasted Sea Salt Ayurvedic Bath Soap 12-Pack,Royal Indian Co.,HOUS-002369,890100641367,Household & Personal Care,162,packet,594.16,761.04,2029-05-13,Aisle 12,ambient
Country Style Pita Bread 400g,Pure Vedic Provisions,BAKE-002370,890100641368,Bakery & Deli,176,box,96.05,133.40,2026-09-01,Aisle 03,chilled
Aged Fresh Chicken Curry Cut 24-Pack,Bhoomi Naturals,MEAT-002371,890100641369,Meat & Seafood,221,pack,385.17,584.35,2026-08-30,Aisle 05,chilled
Raw Caramelized Onion Toned Milk 2-Pack,Patanjali Kitchens,DAIR-002372,890100641370,Dairy & Eggs,110,tub,207.49,382.23,2026-09-13,Aisle 03,chilled
Spiced Feta Cheese 150g,Ganga Organics,DAIR-002373,890100641371,Dairy & Eggs,229,packet,333.33,517.56,2026-09-05,Aisle 02,chilled
Handcrafted Papayas 2-Pack,Pashmina Dairy,FRES-002374,890100641372,Fresh Produce,200,kg,154.21,276.02,2026-09-11,Aisle 01,ambient
Signature Jalapeno Lime Kaju Katli Sweet Box Value Pack,SunBrite Agro,SNAC-002375,890100641373,Snacks & Confectionery,58,pack,39.27,67.16,2027-02-21,Aisle 10,ambient
Low-Sodium Desi Cow Ghee 10-Pack,Nilgiri Co.,DAIR-002376,890100641374,Dairy & Eggs,171,tub,313.61,563.73,2026-09-08,Aisle 02,chilled
Desi Toor Dal Premium 50g,Tata Goods,PANT-002377,890100641375,Pantry & Dry Goods,66,box,671.56,1032.00,2028-02-17,Aisle 08,ambient
Golden Cold Pressed Orange Juice Family Pack,Mother Dairy Dairy,BEVE-002378,890100641376,Beverages,33,bag,311.57,546.56,2027-04-23,Aisle 05,chilled
Zero-Sugar Sweet Tamarind Dry Fruits Trail Mix 330ml,Satvik Milling,SNAC-002379,890100641377,Snacks & Confectionery,120,packet,416.85,547.15,2026-11-07,Aisle 10,ambient
Grass-Fed Roasted Salted Cashews Snack Pack,Saffola Goods,SNAC-002380,890100641378,Snacks & Confectionery,122,packet,181.83,303.30,2026-10-30,Aisle 09,ambient
Sweet Frozen Paneer Cubes 4-Pack,Nilgiri Botanicals,FROZ-002381,890100641379,Frozen Foods,15,packet,242.45,403.13,2026-08-27,Aisle 08,frozen
Whole-Grain Brioche Burger Buns 750g,Mother Dairy Farms,BAKE-002382,890100641380,Bakery & Deli,58,pack,67.11,85.33,2026-09-01,Aisle 04,chilled
Cold-Pressed Lemon Pepper Rusk Toast 100g,Everest Milling,BAKE-002383,890100641381,Bakery & Deli,176,pack,185.06,247.97,2026-08-31,Aisle 03,chilled
Cured Extra Virgin Olive Oil Snack Pack,Royal Indian Mills,PANT-002384,890100641382,Pantry & Dry Goods,184,jar,585.11,748.57,2028-04-14,Aisle 07,ambient
Spiced Mustard Oil Kachi Ghani 5kg,Saffola Foods,PANT-002385,890100641383,Pantry & Dry Goods,139,box,219.81,347.12,2027-03-24,Aisle 06,ambient
Artisan Brownie Bites 250ml,FarmGold Provisions,BAKE-002386,890100641384,Bakery & Deli,70,pack,302.29,414.55,2026-08-29,Aisle 04,chilled
Raw Sweet Tamarind Fruit Cake Slice Snack Pack,Amul Provisions,BAKE-002387,890100641385,Bakery & Deli,76,pack,112.60,155.24,2026-08-27,Aisle 03,chilled
Sweet Mint Lime Pasture Eggs 400g,SunBrite Harvest,DAIR-002388,890100641386,Dairy & Eggs,67,carton,436.44,585.89,2026-08-18,Aisle 03,chilled
Homestyle Raw Wildflower Honey 6-Pack,Bhoomi Co.,PANT-002389,890100641387,Pantry & Dry Goods,25,jar,424.22,648.38,2027-04-20,Aisle 08,ambient
Premium Cinnamon Spice Greek Yogurt 750g,Patanjali Farms,DAIR-002390,890100641388,Dairy & Eggs,59,carton,274.80,347.25,2026-09-22,Aisle 03,chilled
Premium Bitter Gourd (Karela) 250g,Kaveri Plantations,FRES-002391,890100641389,Fresh Produce,116,pack,139.57,225.60,2026-08-17,Aisle 01,chilled
Zero-Sugar Yukon Gold Potatoes 200g,Urban Roots Naturals,FRES-002392,890100641390,Fresh Produce,45,pack,90.59,141.36,2026-09-16,Aisle 01,chilled
Country Style Almond Milk 5L,Kaveri Provisions,DAIR-002393,890100641391,Dairy & Eggs,220,carton,400.64,585.04,2026-08-25,Aisle 02,chilled
Grass-Fed Toor Dal Premium 2L,SunBrite Dairy,PANT-002394,890100641392,Pantry & Dry Goods,146,packet,387.45,669.82,2027-01-19,Aisle 06,ambient
Plant-Based Chicken Frankfurters 200ml,Saffola Harvest,BAKE-002395,890100641393,Bakery & Deli,39,pcs,38.88,56.47,2026-08-19,Aisle 04,chilled
Free-Range Bath Tissue 6-Pack 350g,Nilgiri Milling,HOUS-002396,890100641394,Household & Personal Care,39,pack,515.17,937.73,2029-03-18,Aisle 12,ambient
Homestyle Chicken Sausages 5kg,Desi Organics Farms,MEAT-002397,890100641395,Meat & Seafood,133,kg,601.05,962.48,2026-09-03,Aisle 04,chilled
Pure Gourmet Cookies Choco-Chip 200ml,Kaveri Organics,SNAC-002398,890100641396,Snacks & Confectionery,71,packet,100.12,147.33,2027-02-26,Aisle 10,ambient
Free-Range Dishwash Gel Lemon 2kg,Bhoomi Farms,HOUS-002399,890100641397,Household & Personal Care,33,tube,192.34,241.19,2028-06-16,Aisle 11,ambient
Golden Ciabatta Roll 1.5L,Nilgiri Foods,BAKE-002400,890100641398,Bakery & Deli,187,pack,275.06,469.65,2026-09-05,Aisle 03,ambient
Extra-Virgin Rose Infused Raw Wildflower Honey Family Pack,Green Earth Co.,PANT-002401,890100641399,Pantry & Dry Goods,111,jar,136.62,206.45,2026-08-30,Aisle 06,ambient
Zero-Sugar Mishri Mawa 500g,Bhoomi Agro,DAIR-002402,890100641400,Dairy & Eggs,249,pack,464.79,702.56,2026-09-02,Aisle 02,chilled
Extra-Virgin Cinnamon Spice Veg Spring Rolls 10kg,Nature Harvest Springs,FROZ-002403,890100641401,Frozen Foods,232,bag,228.66,376.56,2027-01-06,Aisle 08,frozen
Plant-Based Moong Dal Washed 300g,Fortune Botanicals,PANT-002404,890100641402,Pantry & Dry Goods,53,can,251.68,336.45,2027-11-03,Aisle 08,ambient
Low-Sodium Stainless Steel Scrubber 3pk 500g,Nilgiri Dairy,HOUS-002405,890100641403,Household & Personal Care,85,bottle,165.40,230.27,2027-06-22,Aisle 11,ambient
Desi Garlic & Herb Masala CTC Tea 100g,Satvik Goods,BEVE-002406,890100641404,Beverages,110,pack,266.39,355.08,2026-10-30,Aisle 06,chilled
Aged Pasture Eggs 150g,Fortune Organics,DAIR-002407,890100641405,Dairy & Eggs,138,carton,188.59,335.70,2026-09-18,Aisle 02,chilled
Gluten-Free Cold Pressed Orange Juice 100g,Dabur Milling,BEVE-002408,890100641406,Beverages,173,bottle,205.78,263.57,2026-10-18,Aisle 05,ambient
Raw Pista Almond French Fries Crispy 750ml,Organic Tattva Farms,FROZ-002409,890100641407,Frozen Foods,76,pack,215.11,377.56,2027-06-01,Aisle 08,frozen
Zero-Sugar Kashmiri Saffron Bath Tissue 6-Pack 5L,Mother Dairy Plantations,HOUS-002410,890100641408,Household & Personal Care,208,pack,521.74,738.62,2028-03-30,Aisle 12,ambient
Royal Cardamom Spiced Shampoo Anti-Dandruff 500ml,Nature Harvest Plantations,HOUS-002411,890100641409,Household & Personal Care,212,packet,152.98,264.19,2029-01-26,Aisle 11,ambient
Stone-Ground Frozen Samosas Snack Pack,Dabur Dairy,FROZ-002412,890100641410,Frozen Foods,196,pack,358.35,503.42,2027-02-14,Aisle 09,frozen
Handcrafted Sea Salt Fruit Muffins 10-Pack,Mother Dairy Plantations,BAKE-002413,890100641411,Bakery & Deli,173,pcs,236.10,416.74,2026-09-05,Aisle 04,chilled
Wildcrafted Bitter Gourd (Karela) 8-Pack,Ganga Springs,FRES-002414,890100641412,Fresh Produce,15,bunch,59.72,88.02,2026-09-17,Aisle 02,chilled
Gourmet Soan Papdi Box 4-Pack,Vedic Fresh Agro,SNAC-002415,890100641413,Snacks & Confectionery,187,tub,369.71,490.91,2026-11-25,Aisle 09,ambient
Aged Truffle Infused Amla Juice Pure 24-Pack,Tata Botanicals,BEVE-002416,890100641414,Beverages,47,pack,306.40,487.78,2026-10-10,Aisle 06,ambient
Roasted Nagpur Orange Watermelon 10kg,Fortune Farms,FRES-002417,890100641415,Fresh Produce,109,bag,82.35,151.82,2026-09-10,Aisle 02,ambient
Aged Lemons 2kg,Pure Vedic Springs,FRES-002418,890100641416,Fresh Produce,201,pcs,141.07,257.25,2026-09-03,Aisle 02,ambient
Authentic Masala Chai Bagel Plain 4pk 330ml,Himalayan Botanicals,BAKE-002419,890100641417,Bakery & Deli,90,box,67.21,85.83,2026-09-06,Aisle 04,chilled
Artisan Kesar Pista Kaju Katli Sweet Box 6-Pack,Patanjali Harvest,SNAC-002420,890100641418,Snacks & Confectionery,239,packet,226.50,368.75,2027-01-23,Aisle 10,ambient
Authentic Himalayan Spring Water Value Pack,Deccan Agro,BEVE-002421,890100641419,Beverages,32,can,93.62,157.89,2027-07-11,Aisle 06,ambient
Roasted Alphonso Mango Rawa Sooji 330ml,Satvik Farms,PANT-002422,890100641420,Pantry & Dry Goods,220,can,98.65,168.30,2027-02-25,Aisle 08,ambient
Sweet Roma Tomatoes 750ml,Urban Roots Co.,FRES-002423,890100641421,Fresh Produce,54,pcs,159.05,229.97,2026-08-30,Aisle 01,ambient
Sweet Unsalted White Butter 750ml,Royal Indian Botanicals,DAIR-002424,890100641422,Dairy & Eggs,236,packet,367.24,623.91,2026-09-13,Aisle 02,chilled
Unpolished Pure Jaggery Powder (Gud) 10kg,Catch Kitchens,PANT-002425,890100641423,Pantry & Dry Goods,213,box,362.39,477.35,2028-07-02,Aisle 08,ambient
Organic Vanilla Bean Bhujia Sev 24-Pack,Catch Organics,SNAC-002426,890100641424,Snacks & Confectionery,210,packet,69.93,108.82,2027-01-01,Aisle 10,ambient
Heritage Extra Virgin Olive Oil 1kg,FarmGold Naturals,PANT-002427,890100641425,Pantry & Dry Goods,247,jar,463.58,732.27,2027-11-19,Aisle 08,ambient
Wildcrafted Chicken Salami 750g,Bhoomi Farms,BAKE-002428,890100641426,Bakery & Deli,8,box,268.87,492.17,2026-08-31,Aisle 04,chilled
Desi Parmigiano-Reggiano 150ml,Amul Kitchens,DAIR-002429,890100641427,Dairy & Eggs,39,pack,280.33,484.77,2026-09-04,Aisle 03,chilled
Natural Frozen Paneer Cubes 250ml,SunBrite Agro,FROZ-002430,890100641428,Frozen Foods,13,bag,150.50,200.25,2027-03-29,Aisle 09,frozen
Desi Almond Milk 150ml,Kaveri Kitchens,DAIR-002431,890100641429,Dairy & Eggs,66,bottle,431.42,724.91,2026-09-21,Aisle 03,chilled
Premium Mutton Chops 350g,Pure Vedic Co.,MEAT-002432,890100641430,Meat & Seafood,35,pack,325.05,433.70,2026-08-31,Aisle 05,chilled
Premium Penne Rigate Pasta 50g,Bhoomi Farms,PANT-002433,890100641431,Pantry & Dry Goods,16,box,365.48,533.58,2027-08-27,Aisle 07,ambient
Smoked Basa Fish Fillets 200g,Amul Organics,MEAT-002434,890100641432,Meat & Seafood,115,pack,433.88,635.78,2026-08-21,Aisle 04,chilled
Traditional Nagpur Orange Lentils Red Masoor 10kg,Patanjali Co.,PANT-002435,890100641433,Pantry & Dry Goods,19,bag,681.14,918.87,2026-08-30,Aisle 06,ambient
Natural Truffle Infused Frozen Veg Momos 300g,Amul Kitchens,FROZ-002436,890100641434,Frozen Foods,130,box,115.46,189.36,2026-08-17,Aisle 08,frozen
Gourmet Cinnamon Spice Boneless Chicken Breast 400g,Dabur Co.,MEAT-002437,890100641435,Meat & Seafood,184,kg,265.08,423.44,2026-09-02,Aisle 05,chilled
Crisp Badam Milk Drink Value Pack,Saffola Naturals,BEVE-002438,890100641436,Beverages,17,bottle,238.66,303.58,2026-12-13,Aisle 06,ambient
Authentic Masala Chai Badam Milk Drink 6-Pack,FarmGold Co.,BEVE-002439,890100641437,Beverages,111,bottle,423.98,662.54,2027-04-26,Aisle 05,ambient
Farm-Fresh Electrolyte Energy Drink 8-Pack,Fortune Foods,BEVE-002440,890100641438,Beverages,196,box,133.28,192.93,2027-01-23,Aisle 05,chilled
Golden Soy Milk Protein 300g,Kaveri Dairy,DAIR-002441,890100641439,Dairy & Eggs,123,bottle,432.00,695.74,2026-08-27,Aisle 02,chilled
Natural Smoked Paprika Clove & Mint Toothpaste 1kg,Nilgiri Goods,HOUS-002442,890100641440,Household & Personal Care,173,tube,328.04,515.20,2026-08-23,Aisle 12,ambient
Roasted Chicken Drumsticks 50g,Urban Roots Mills,MEAT-002443,890100641441,Meat & Seafood,48,kg,361.12,601.82,2026-08-31,Aisle 04,chilled
Rustic Vanilla Bean Bamboo Toothbrush 2pk 200g,FarmGold Agro,HOUS-002444,890100641442,Household & Personal Care,92,packet,489.87,658.03,2027-03-28,Aisle 11,ambient
Raw Pav 6-Pack 24-Pack,Patanjali Plantations,BAKE-002445,890100641443,Bakery & Deli,145,box,290.23,501.42,2026-08-28,Aisle 03,ambient
Gluten-Free Makhana Crunch Gouda Block 350g,Patanjali Provisions,DAIR-002446,890100641444,Dairy & Eggs,212,carton,235.03,369.71,2026-09-03,Aisle 03,chilled
Smoked Portobello Mushrooms 150ml,Heritage Milling,FRES-002447,890100641445,Fresh Produce,7,pack,120.12,165.49,2026-09-03,Aisle 02,ambient
Cold-Pressed Kachi Ghani Mustard Fruit Cake Slice Value Pack,Royal Indian Farms,BAKE-002448,890100641446,Bakery & Deli,194,pcs,275.80,435.77,2026-09-06,Aisle 03,chilled
Authentic Sea Salt Urad Dal Whole 200ml,Mother Dairy Farms,PANT-002449,890100641447,Pantry & Dry Goods,177,packet,266.44,358.65,2028-08-09,Aisle 07,ambient
Sun-Dried Paneer Block 330ml,Everest Botanicals,DAIR-002450,890100641448,Dairy & Eggs,130,box,431.26,566.53,2026-09-01,Aisle 02,chilled
Farm-Fresh Double Toned Milk 8-Pack,Nature Harvest Naturals,DAIR-002451,890100641449,Dairy & Eggs,141,tub,142.94,199.62,2026-08-27,Aisle 02,chilled
Handcrafted Red Chilli & Garlic Heavy Cream 200ml,Urban Roots Mills,DAIR-002452,890100641450,Dairy & Eggs,243,box,402.20,661.56,2026-08-28,Aisle 02,chilled
Golden Pista Almond Edamame Pods 500g,Organic Tattva Foods,FROZ-002453,890100641451,Frozen Foods,228,box,58.63,96.47,2027-06-26,Aisle 09,frozen
Whole-Grain Sea Salt Wood-Fired Veggie Pizza 1kg,Mother Dairy Co.,FROZ-002454,890100641452,Frozen Foods,147,pack,70.98,95.46,2027-06-03,Aisle 08,frozen
Free-Range Paneer Block 2L,Ganga Naturals,DAIR-002455,890100641453,Dairy & Eggs,9,packet,424.65,573.38,2026-08-16,Aisle 03,chilled
Farm-Fresh Dry Fruits Trail Mix 1kg,Desi Organics Provisions,SNAC-002456,890100641454,Snacks & Confectionery,178,pack,110.97,162.57,2026-12-23,Aisle 09,ambient
Crisp Cardamom Spiced Surmai Steaks 50g,Amul Kitchens,MEAT-002457,890100641455,Meat & Seafood,150,pack,800.45,1325.03,2026-09-03,Aisle 04,chilled
Grass-Fed Alphonso Mangoes 200g,Ganga Foods,FRES-002458,890100641456,Fresh Produce,218,bag,109.29,189.70,2026-08-31,Aisle 02,chilled
Sun-Dried Chicken Drumsticks 330ml,Royal Indian Co.,MEAT-002459,890100641457,Meat & Seafood,7,pcs,473.81,805.70,2026-08-29,Aisle 04,chilled
Sweet Liquid Laundry Detergent 150g,Catch Dairy,HOUS-002460,890100641458,Household & Personal Care,84,tube,555.17,879.73,2029-01-18,Aisle 12,ambient
Select Jalapeno Lime Pure Jaggery Powder (Gud) 8-Pack,Catch Agro,PANT-002461,890100641459,Pantry & Dry Goods,120,packet,221.64,382.30,2027-03-14,Aisle 08,ambient
Golden Frozen Veg Momos 2kg,Bhoomi Milling,FROZ-002462,890100641460,Frozen Foods,181,pack,360.19,629.46,2027-06-17,Aisle 09,frozen
Zero-Sugar Cinnamon Spice Pav 6-Pack 100g,Nilgiri Mills,BAKE-002463,890100641461,Bakery & Deli,201,pcs,149.87,201.24,2026-09-03,Aisle 03,ambient
Natural Dark Chocolate California Almonds 250g,Deccan Harvest,SNAC-002464,890100641462,Snacks & Confectionery,193,tub,52.39,83.75,2026-08-28,Aisle 09,ambient
Sun-Dried Moong Dal Namkeen Family Pack,FarmGold Farms,SNAC-002465,890100641463,Snacks & Confectionery,114,pack,179.83,242.15,2027-01-01,Aisle 09,ambient
Smoked Organic Green Tea 2L,Nilgiri Plantations,BEVE-002466,890100641464,Beverages,80,box,287.82,428.24,2027-08-19,Aisle 06,ambient
Organic Badam Milk Drink 5kg,Deccan Foods,BEVE-002467,890100641465,Beverages,111,carton,76.73,110.41,2027-06-15,Aisle 05,chilled
Stone-Ground Chicken Frankfurters 8-Pack,Mother Dairy Goods,BAKE-002468,890100641466,Bakery & Deli,100,pcs,190.34,239.75,2026-08-30,Aisle 03,chilled
Zero-Sugar Frozen Samosas 1.5L,Desi Organics Goods,FROZ-002469,890100641467,Frozen Foods,19,tub,201.75,295.38,2027-05-19,Aisle 08,frozen
Farm-Fresh Toasted Sesame Fabric Softener Floral 500g,Himalayan Farms,HOUS-002470,890100641468,Household & Personal Care,70,pack,99.76,174.33,2027-11-27,Aisle 12,ambient
Smoked Masala CTC Tea 500g,Desi Organics Agro,BEVE-002471,890100641469,Beverages,156,can,170.60,301.48,2026-08-29,Aisle 06,chilled
Low-Sodium Sweet Tamarind Parmigiano-Reggiano 24-Pack,Satvik Milling,DAIR-002472,890100641470,Dairy & Eggs,244,bottle,306.07,507.98,2026-09-23,Aisle 03,chilled
Artisan Cardamom Spiced Buffalo Milk Family Pack,Tata Harvest,DAIR-002473,890100641471,Dairy & Eggs,76,packet,338.14,518.82,2026-08-19,Aisle 03,chilled
Country Style Smoked Paprika Oat Milk 1.5L,Royal Indian Foods,DAIR-002474,890100641472,Dairy & Eggs,157,carton,228.92,398.99,2026-09-17,Aisle 02,chilled
Valley Fresh Pista Almond Lemons 500g,Catch Co.,FRES-002475,890100641473,Fresh Produce,45,pcs,133.86,223.41,2026-09-12,Aisle 02,ambient
Traditional Clove & Mint Toothpaste 2kg,SunBrite Harvest,HOUS-002476,890100641474,Household & Personal Care,141,bottle,260.83,336.77,2029-01-09,Aisle 11,ambient
Wildcrafted Kesar Pista Mixed Berries Frozen 500ml,Heritage Co.,FROZ-002477,890100641475,Frozen Foods,175,packet,400.66,519.30,2026-08-26,Aisle 08,frozen
Organic Boneless Chicken Breast 5L,Mother Dairy Provisions,MEAT-002478,890100641476,Meat & Seafood,25,pcs,833.68,1048.41,2026-08-29,Aisle 04,chilled
Rustic Edamame Pods 5L,Pure Vedic Plantations,FROZ-002479,890100641477,Frozen Foods,214,bag,108.52,149.17,2027-06-27,Aisle 09,frozen
Cured Edamame Pods 300g,Organic Tattva Agro,FROZ-002480,890100641478,Frozen Foods,213,box,307.22,437.88,2027-06-03,Aisle 08,frozen
Gluten-Free Toasted Sesame Royal Basmati Rice 50g,SunBrite Plantations,PANT-002481,890100641479,Pantry & Dry Goods,211,can,480.87,683.81,2027-12-15,Aisle 06,ambient
Heritage Smoked Paprika Brownie Bites 8-Pack,Green Earth Goods,BAKE-002482,890100641480,Bakery & Deli,143,box,87.46,120.36,2026-09-07,Aisle 03,chilled
Stone-Ground Raw Wildflower Honey Snack Pack,Kaveri Foods,PANT-002483,890100641481,Pantry & Dry Goods,34,bottle,449.53,721.24,2027-06-09,Aisle 08,ambient
Handcrafted Sweet Tamarind Papayas 100g,Organic Tattva Organics,FRES-002484,890100641482,Fresh Produce,221,bunch,108.82,191.27,2026-09-12,Aisle 01,chilled
Handcrafted Alphonso Mango Mishri Mawa 8-Pack,Organic Tattva Goods,DAIR-002485,890100641483,Dairy & Eggs,110,tub,488.43,635.99,2026-09-19,Aisle 02,chilled
Premium Red Chilli & Garlic Green Peas Fresh 2kg,Green Earth Co.,FRES-002486,890100641484,Fresh Produce,43,pack,80.81,132.57,2026-09-04,Aisle 01,chilled
Rustic Banana Chips Kerala Style 300g,Pashmina Naturals,SNAC-002487,890100641485,Snacks & Confectionery,207,tub,291.94,383.51,2026-11-23,Aisle 09,ambient
Unpolished Unsalted White Butter 250ml,Tata Plantations,DAIR-002488,890100641486,Dairy & Eggs,79,box,397.56,581.63,2026-09-21,Aisle 02,chilled
Roasted Toasted Sesame Portobello Mushrooms 10kg,Royal Indian Naturals,FRES-002489,890100641487,Fresh Produce,222,pcs,131.72,223.84,2026-09-16,Aisle 01,ambient
Gluten-Free Golden Ginger Badam Milk Drink 24-Pack,Saffola Organics,BEVE-002490,890100641488,Beverages,42,pack,71.76,100.73,2026-08-17,Aisle 06,ambient
Handcrafted Jalapeno Lime Toor Dal Premium 10kg,Mother Dairy Kitchens,PANT-002491,890100641489,Pantry & Dry Goods,229,box,200.35,348.61,2026-08-25,Aisle 08,ambient
Select Lemon Pepper Unsalted White Butter 750g,Pure Vedic Agro,DAIR-002492,890100641490,Dairy & Eggs,172,bottle,246.93,321.54,2026-09-16,Aisle 03,chilled
Raw Chicken Frankfurters Family Pack,Ganga Organics,BAKE-002493,890100641491,Bakery & Deli,9,pack,122.60,161.25,2026-09-01,Aisle 03,ambient
Zero-Sugar Golden Ginger Sourdough Loaf 6-Pack,Royal Indian Botanicals,BAKE-002494,890100641492,Bakery & Deli,123,box,267.07,446.59,2026-09-06,Aisle 03,ambient
Unpolished Lemon Pepper Pasture Eggs 300g,Deccan Naturals,DAIR-002495,890100641493,Dairy & Eggs,69,box,424.46,580.03,2026-09-17,Aisle 03,chilled
Sweet Coconut Cream Kabuli Chana Large 10-Pack,Himalayan Springs,PANT-002496,890100641494,Pantry & Dry Goods,197,bag,183.49,333.85,2027-12-23,Aisle 06,ambient
Gluten-Free Brioche Burger Buns 750ml,Tata Harvest,BAKE-002497,890100641495,Bakery & Deli,96,pcs,272.83,414.85,2026-08-30,Aisle 03,ambient
Crisp Watermelon 8-Pack,Nature Harvest Co.,FRES-002498,890100641496,Fresh Produce,203,bunch,55.20,69.87,2026-09-01,Aisle 01,ambient
Raw Malai Kulfi Bar 500ml,SunBrite Milling,FROZ-002499,890100641497,Frozen Foods,62,bag,175.62,258.01,2027-03-16,Aisle 09,frozen
Artisan Chatpata Masala Garlic Bulbs 24-Pack,Kaveri Plantations,FRES-002500,890100641498,Fresh Produce,84,bag,65.45,102.09,2026-09-12,Aisle 02,ambient
Golden Gulab Jamun Tin 150g,Satvik Kitchens,SNAC-002501,890100641499,Snacks & Confectionery,159,box,363.00,550.45,2027-05-04,Aisle 09,ambient
Low-Sodium Masala Chai Cashew Paste Curry Base 1kg,Vedic Fresh Harvest,PANT-002502,890100641500,Pantry & Dry Goods,225,bottle,92.99,146.85,2027-12-09,Aisle 08,ambient
Authentic Soy Milk Protein 100g,Himalayan Milling,DAIR-002503,890100641501,Dairy & Eggs,187,bottle,398.96,539.16,2026-09-16,Aisle 03,chilled
Low-Sodium Toasted Sesame Masala Potato Chips 750g,SunBrite Mills,SNAC-002504,890100641502,Snacks & Confectionery,95,pack,393.01,660.81,2026-11-15,Aisle 09,ambient
Stone-Ground Goat Mince Premium 2L,Patanjali Organics,MEAT-002505,890100641503,Meat & Seafood,218,pack,532.16,963.45,2026-09-01,Aisle 05,chilled
Gluten-Free Flavored Yogurt 250ml,Bhoomi Naturals,DAIR-002506,890100641504,Dairy & Eggs,247,bottle,310.86,530.77,2026-09-03,Aisle 03,chilled
Crisp Wood-Fired Veggie Pizza 150g,Amul Dairy,FROZ-002507,890100641505,Frozen Foods,219,bag,371.87,536.07,2027-07-18,Aisle 09,frozen
Royal Rose Infused Tonic Water Premium 8-Pack,Amul Co.,BEVE-002508,890100641506,Beverages,147,can,354.15,609.95,2027-07-27,Aisle 06,ambient
Stone-Ground Multigrain Tortillas 5L,Kaveri Organics,BAKE-002509,890100641507,Bakery & Deli,176,box,26.22,34.56,2026-08-28,Aisle 03,ambient
Free-Range Toasted Sesame Chicken Keema 250g,Heritage Farms,MEAT-002510,890100641508,Meat & Seafood,219,pcs,163.70,226.38,2026-08-29,Aisle 04,chilled
Homestyle Penne Rigate Pasta 750ml,Vedic Fresh Agro,PANT-002511,890100641509,Pantry & Dry Goods,133,jar,196.42,273.16,2026-08-28,Aisle 08,ambient
Whole-Grain Kesar Pista Biodegradable Garbage Bags 1kg,Dabur Co.,HOUS-002512,890100641510,Household & Personal Care,206,pack,268.89,394.26,2026-08-27,Aisle 11,ambient
Free-Range Shampoo Anti-Dandruff 250ml,Nilgiri Springs,HOUS-002513,890100641511,Household & Personal Care,16,box,526.39,886.12,2028-11-11,Aisle 11,ambient
Desi Dark Chocolate Edamame Pods 400g,Tata Agro,FROZ-002514,890100641512,Frozen Foods,26,tub,68.99,97.00,2026-11-26,Aisle 08,frozen
Rustic Kesar Pista Flavored Yogurt 150ml,Deccan Springs,DAIR-002515,890100641513,Dairy & Eggs,73,bottle,65.54,100.55,2026-09-01,Aisle 02,chilled
Artisan Cardamom Spiced Fruit Muffins 200g,Heritage Agro,BAKE-002516,890100641514,Bakery & Deli,62,pack,71.33,102.86,2026-09-01,Aisle 03,ambient
Stone-Ground Pure Jaggery Powder (Gud) 500ml,Pure Vedic Agro,PANT-002517,890100641515,Pantry & Dry Goods,218,jar,679.00,1015.41,2028-05-31,Aisle 07,ambient
Zero-Sugar Sweet Tamarind Heavy Cream 750g,Fortune Naturals,DAIR-002518,890100641516,Dairy & Eggs,148,carton,42.14,71.48,2026-08-30,Aisle 03,chilled
Premium Chicken Sausages 1kg,Tata Agro,MEAT-002519,890100641517,Meat & Seafood,228,pcs,462.29,732.94,2026-09-02,Aisle 04,chilled
Stone-Ground Veg Burger Patties 150ml,Royal Indian Springs,FROZ-002520,890100641518,Frozen Foods,151,tub,284.29,463.70,2027-02-11,Aisle 08,frozen
Farm-Fresh Kashmiri Saffron Baby Spinach 500g,Nature Harvest Botanicals,FRES-002521,890100641519,Fresh Produce,199,bunch,138.52,216.11,2026-09-08,Aisle 02,chilled
Pure Garlic & Herb Dry Fruits Trail Mix 10-Pack,Catch Milling,SNAC-002522,890100641520,Snacks & Confectionery,221,pack,499.24,664.27,2027-03-23,Aisle 09,ambient
Wildcrafted Frozen Veg Momos 50g,Everest Harvest,FROZ-002523,890100641521,Frozen Foods,192,bag,237.92,390.69,2027-03-08,Aisle 09,frozen
Wildcrafted Toasted Sesame Garlic Bulbs Value Pack,Nature Harvest Provisions,FRES-002524,890100641522,Fresh Produce,37,bunch,29.51,47.67,2026-08-30,Aisle 01,chilled
Free-Range Red Chilli & Garlic Fabric Softener Floral 330ml,Nilgiri Botanicals,HOUS-002525,890100641523,Household & Personal Care,46,packet,281.45,397.85,2029-04-10,Aisle 12,ambient
Organic Jalapeno Lime Clove & Mint Toothpaste 150g,Ganga Dairy,HOUS-002526,890100641524,Household & Personal Care,125,packet,356.70,621.29,2027-04-04,Aisle 12,ambient
Handcrafted Rusk Toast 350g,Patanjali Goods,BAKE-002527,890100641525,Bakery & Deli,202,box,27.99,39.68,2026-09-03,Aisle 04,ambient
Royal Red Chilli & Garlic Masala CTC Tea 2kg,Mother Dairy Botanicals,BEVE-002528,890100641526,Beverages,12,pack,34.71,53.13,2026-10-09,Aisle 05,chilled
Free-Range Surmai Steaks 250g,Ganga Milling,MEAT-002529,890100641527,Meat & Seafood,222,pack,648.06,993.15,2026-08-30,Aisle 05,chilled
Smoked Mint Lime Poha Thick Flakes 500ml,Dabur Harvest,PANT-002530,890100641528,Pantry & Dry Goods,82,bottle,300.09,548.67,2027-07-18,Aisle 08,ambient
Gluten-Free Strawberries 750g,FarmGold Goods,FRES-002531,890100641529,Fresh Produce,154,bag,113.17,169.55,2026-09-02,Aisle 01,ambient
Cold-Pressed Dark Chocolate Rawa Sooji 10kg,Urban Roots Kitchens,PANT-002532,890100641530,Pantry & Dry Goods,75,jar,470.65,659.62,2026-08-28,Aisle 06,ambient
Premium Alphonso Mango Ayurvedic Bath Soap 1kg,Amul Milling,HOUS-002533,890100641531,Household & Personal Care,190,box,209.03,350.09,2027-10-16,Aisle 12,ambient
Select Palak Leaves 750ml,Saffola Farms,FRES-002534,890100641532,Fresh Produce,6,pack,104.91,189.15,2026-09-03,Aisle 01,chilled
Rustic Boneless Chicken Breast 250g,Royal Indian Dairy,MEAT-002535,890100641533,Meat & Seafood,122,pcs,261.23,414.78,2026-09-01,Aisle 04,chilled
Cold-Pressed Dark Chocolate Tonic Water Premium 150ml,Nilgiri Farms,BEVE-002536,890100641534,Beverages,127,bag,81.32,149.05,2026-10-27,Aisle 05,ambient
Signature Garlic & Herb Floor Disinfectant Pine 500g,Kaveri Kitchens,HOUS-002537,890100641535,Household & Personal Care,33,packet,588.34,866.14,2029-05-21,Aisle 12,ambient
Gourmet Bath Tissue 6-Pack 150g,Satvik Dairy,HOUS-002538,890100641536,Household & Personal Care,240,packet,100.64,136.53,2028-05-16,Aisle 11,ambient
Desi Pista Almond Ginger Kombucha 4-Pack,Catch Milling,BEVE-002539,890100641537,Beverages,196,bag,400.90,600.41,2027-01-13,Aisle 05,chilled
Aged Kesar Pista Shampoo Anti-Dandruff 250g,Desi Organics Organics,HOUS-002540,890100641538,Household & Personal Care,24,packet,345.44,559.46,2028-08-01,Aisle 11,ambient
Signature Sea Salt Amla Juice Pure 750g,Saffola Springs,BEVE-002541,890100641539,Beverages,134,carton,258.58,448.99,2026-12-25,Aisle 06,ambient
Organic Whole Wheat Atta Bread 200ml,Vedic Fresh Naturals,BAKE-002542,890100641540,Bakery & Deli,59,pcs,36.15,58.85,2026-08-30,Aisle 03,chilled
Cured 70% Dark Chocolate Bar 400g,Urban Roots Provisions,SNAC-002543,890100641541,Snacks & Confectionery,190,tub,384.02,519.45,2027-01-10,Aisle 09,ambient
Premium Sea Salt Bananas 200g,Heritage Naturals,FRES-002544,890100641542,Fresh Produce,66,pcs,140.62,234.58,2026-09-01,Aisle 02,ambient
Plant-Based Spicy Peanut Chikki 200g,Pashmina Mills,SNAC-002545,890100641543,Snacks & Confectionery,212,packet,191.90,291.41,2026-08-27,Aisle 09,ambient
Free-Range Iced Lemon Tea 6-Pack,Dabur Plantations,BEVE-002546,890100641544,Beverages,186,bottle,101.03,164.02,2027-08-21,Aisle 06,ambient
Signature Smoked Paprika Crab Meat Fresh 12-Pack,Heritage Provisions,MEAT-002547,890100641545,Meat & Seafood,231,pcs,733.46,1009.93,2026-09-03,Aisle 04,chilled
Plant-Based Makhana Crunch Lassi Mango Infused 250ml,Vedic Fresh Agro,DAIR-002548,890100641546,Dairy & Eggs,93,pack,300.93,392.08,2026-09-21,Aisle 03,chilled
Unpolished Paneer Tikka Deli 1.5L,Everest Farms,BAKE-002549,890100641547,Bakery & Deli,134,pack,198.59,298.90,2026-08-29,Aisle 03,chilled
Cured Ajwain & Jeera Buffalo Milk 350g,Patanjali Kitchens,DAIR-002550,890100641548,Dairy & Eggs,137,packet,232.77,304.62,2026-08-17,Aisle 03,chilled
Wildcrafted Nagpur Orange Blueberries 24-Pack,Urban Roots Agro,FRES-002551,890100641549,Fresh Produce,220,pcs,81.90,124.69,2026-09-13,Aisle 02,chilled
Free-Range Palak Leaves 200ml,Fortune Foods,FRES-002552,890100641550,Fresh Produce,18,bag,83.15,132.55,2026-09-07,Aisle 01,ambient
Cured Masala Chai Ladyfinger (Bhindi) 2-Pack,Pashmina Organics,FRES-002553,890100641551,Fresh Produce,99,bunch,39.23,56.70,2026-09-07,Aisle 02,ambient
Whole-Grain Urad Dal Whole 2kg,Patanjali Agro,PANT-002554,890100641552,Pantry & Dry Goods,61,packet,673.43,1228.39,2027-11-01,Aisle 07,ambient
Zero-Sugar Red Chilli & Garlic Brioche Burger Buns 50g,Kaveri Goods,BAKE-002555,890100641553,Bakery & Deli,23,box,265.75,402.47,2026-08-27,Aisle 03,ambient
Desi Smoked Paprika Shampoo Anti-Dandruff 5kg,Bhoomi Organics,HOUS-002556,890100641554,Household & Personal Care,245,tube,469.69,669.43,2028-10-09,Aisle 12,ambient
Royal Kachi Ghani Mustard Toned Milk 8-Pack,Dabur Dairy,DAIR-002557,890100641555,Dairy & Eggs,190,box,262.16,431.10,2026-09-26,Aisle 03,chilled
Sun-Dried Truffle Infused Roasted Salted Cashews 10-Pack,Tata Kitchens,SNAC-002558,890100641556,Snacks & Confectionery,201,bag,312.94,467.29,2027-06-19,Aisle 10,ambient
Stone-Ground Matcha Green Tea Chicken Keema 10-Pack,SunBrite Springs,MEAT-002559,890100641557,Meat & Seafood,101,pack,402.07,629.75,2026-09-01,Aisle 05,chilled
Extra-Virgin Fruit Muffins 250g,Urban Roots Agro,BAKE-002560,890100641558,Bakery & Deli,156,pcs,88.33,146.20,2026-09-02,Aisle 04,chilled
Premium Sea Salt Custard Apple (Sitaphal) 150g,Amul Kitchens,FRES-002561,890100641559,Fresh Produce,206,pcs,120.78,197.96,2026-08-29,Aisle 01,ambient
Low-Sodium Red Chilli & Garlic Organic Sharbati Atta Value Pack,Himalayan Naturals,PANT-002562,890100641560,Pantry & Dry Goods,159,box,643.25,1035.93,2028-08-04,Aisle 06,ambient
Zero-Sugar Cream Cheese 12-Pack,Pashmina Botanicals,DAIR-002563,890100641561,Dairy & Eggs,7,pack,481.03,640.38,2026-09-07,Aisle 02,chilled
Grass-Fed Matcha Green Tea Frozen Veg Momos 10kg,Everest Agro,FROZ-002564,890100641562,Frozen Foods,65,packet,67.53,98.00,2026-11-26,Aisle 08,frozen
Roasted Kachi Ghani Mustard Royal Basmati Rice 250g,Patanjali Milling,PANT-002565,890100641563,Pantry & Dry Goods,49,bag,126.20,181.37,2027-03-22,Aisle 08,ambient
Wildcrafted Pink Himalayan Salt 250ml,Tata Foods,PANT-002566,890100641564,Pantry & Dry Goods,19,bag,39.75,63.82,2026-08-28,Aisle 08,ambient
Smoked Sea Salt Rawa Sooji 250g,Bhoomi Co.,PANT-002567,890100641565,Pantry & Dry Goods,70,can,696.05,1211.17,2028-05-13,Aisle 08,ambient
Country Style Broccoli Crowns 12-Pack,Himalayan Naturals,FRES-002568,890100641566,Fresh Produce,232,pcs,91.71,149.37,2026-09-02,Aisle 02,ambient
Premium Mixed Berries Frozen 10-Pack,Vedic Fresh Agro,FROZ-002569,890100641567,Frozen Foods,139,bag,125.72,224.13,2026-08-22,Aisle 09,frozen
Farm-Fresh Coconut Cream Fresh Chicken Curry Cut 330ml,Saffola Plantations,MEAT-002570,890100641568,Meat & Seafood,93,pcs,383.64,609.68,2026-08-28,Aisle 05,chilled
Royal Jalapeno Lime 70% Dark Chocolate Bar 2-Pack,Saffola Foods,SNAC-002571,890100641569,Snacks & Confectionery,170,pack,306.74,428.62,2027-03-25,Aisle 09,ambient
Plant-Based Vanilla Bean Gourmet Cookies Choco-Chip 24-Pack,Bhoomi Milling,SNAC-002572,890100641570,Snacks & Confectionery,159,bar,227.49,313.85,2026-11-08,Aisle 09,ambient
Gourmet Granola Health Bars 10kg,Pure Vedic Kitchens,SNAC-002573,890100641571,Snacks & Confectionery,198,pack,52.71,90.05,2027-01-23,Aisle 09,ambient
Organic Brownie Bites 150g,Mother Dairy Mills,BAKE-002574,890100641572,Bakery & Deli,141,pack,80.27,110.35,2026-09-03,Aisle 03,chilled
Traditional Golden Ginger Moong Dal Namkeen 24-Pack,Everest Agro,SNAC-002575,890100641573,Snacks & Confectionery,212,bag,112.09,169.35,2026-10-19,Aisle 10,ambient
Pure Rose Infused Rusk Toast 50g,Catch Mills,BAKE-002576,890100641574,Bakery & Deli,57,pcs,35.88,59.05,2026-09-03,Aisle 04,ambient
Signature Toasted Sesame Roma Tomatoes 150g,Deccan Naturals,FRES-002577,890100641575,Fresh Produce,178,bunch,91.24,127.12,2026-08-16,Aisle 02,ambient
Traditional Organic Brown Sugar 500g,Amul Milling,PANT-002578,890100641576,Pantry & Dry Goods,40,bag,445.49,728.43,2026-08-27,Aisle 07,ambient
Whole-Grain Biodegradable Garbage Bags 150g,Nilgiri Goods,HOUS-002579,890100641577,Household & Personal Care,203,box,157.62,267.68,2028-03-18,Aisle 12,ambient
Gluten-Free Kabuli Chana Large Snack Pack,Organic Tattva Naturals,PANT-002580,890100641578,Pantry & Dry Goods,156,bag,483.24,679.63,2027-06-14,Aisle 06,ambient
Aged Surmai Steaks 750g,Kaveri Mills,MEAT-002581,890100641579,Meat & Seafood,34,kg,841.29,1165.67,2026-08-22,Aisle 05,chilled
Country Style Tandoori Smoked Gourmet Cookies Choco-Chip 250g,Heritage Co.,SNAC-002582,890100641580,Snacks & Confectionery,33,box,243.30,390.94,2027-04-17,Aisle 09,ambient
Golden Jalapeno Lime Parmigiano-Reggiano 750ml,Tata Co.,DAIR-002583,890100641581,Dairy & Eggs,161,bottle,37.27,48.17,2026-08-28,Aisle 03,chilled
Artisan Tiger Prawns Jumbo 10-Pack,Tata Organics,MEAT-002584,890100641582,Meat & Seafood,154,kg,544.55,853.61,2026-08-31,Aisle 05,chilled
Homestyle Cheese Croissant 250ml,Urban Roots Provisions,BAKE-002585,890100641583,Bakery & Deli,73,box,244.79,346.68,2026-08-28,Aisle 03,ambient
Signature Crab Meat Fresh 50g,Patanjali Foods,MEAT-002586,890100641584,Meat & Seafood,144,kg,665.20,992.07,2026-09-02,Aisle 05,chilled
Gluten-Free Garlic & Herb Kulcha 4-Pack 5kg,Urban Roots Plantations,BAKE-002587,890100641585,Bakery & Deli,217,pack,158.37,227.18,2026-09-02,Aisle 04,ambient
Select Rusk Toast 2-Pack,SunBrite Springs,BAKE-002588,890100641586,Bakery & Deli,190,box,208.87,332.92,2026-08-30,Aisle 04,chilled
Desi Lentils Red Masoor 4-Pack,Mother Dairy Plantations,PANT-002589,890100641587,Pantry & Dry Goods,23,box,712.45,1086.82,2028-07-22,Aisle 07,ambient
Desi 70% Dark Chocolate Bar 2-Pack,Pure Vedic Provisions,SNAC-002590,890100641588,Snacks & Confectionery,103,box,69.10,121.02,2026-08-30,Aisle 09,ambient
Sweet Toor Dal Premium 750g,Kaveri Kitchens,PANT-002591,890100641589,Pantry & Dry Goods,249,packet,696.95,942.80,2028-04-01,Aisle 07,ambient
Royal Pista Almond Bhujia Sev 150g,Vedic Fresh Springs,SNAC-002592,890100641590,Snacks & Confectionery,216,bag,486.34,812.80,2027-02-13,Aisle 09,ambient
Cured Green Chillies 5L,Satvik Provisions,FRES-002593,890100641591,Fresh Produce,78,pack,23.36,36.64,2026-09-16,Aisle 02,ambient
Aged Frozen Green Peas 1.5L,Bhoomi Organics,FROZ-002594,890100641592,Frozen Foods,241,bag,103.88,149.53,2027-05-22,Aisle 08,frozen
Aged Pink Himalayan Salt Snack Pack,Bhoomi Farms,PANT-002595,890100641593,Pantry & Dry Goods,50,can,44.92,75.91,2027-06-15,Aisle 06,ambient
Homestyle Badam Milk Drink 2-Pack,Tata Dairy,BEVE-002596,890100641594,Beverages,194,pack,98.67,164.57,2026-08-29,Aisle 06,ambient
Crisp Tender Coconut Water 10-Pack,Tata Botanicals,BEVE-002597,890100641595,Beverages,50,bag,82.58,110.57,2026-11-25,Aisle 05,chilled
Low-Sodium Cardamom Spiced Strawberries 1.5L,Desi Organics Botanicals,FRES-002598,890100641596,Fresh Produce,4,bag,113.12,146.96,2026-09-06,Aisle 02,chilled
Farm-Fresh Rawa Sooji 350g,Nature Harvest Farms,PANT-002599,890100641597,Pantry & Dry Goods,31,box,112.64,158.97,2027-11-12,Aisle 07,ambient
Grass-Fed Wood-Fired Veggie Pizza 10-Pack,Patanjali Provisions,FROZ-002600,890100641598,Frozen Foods,87,pack,131.43,171.49,2026-11-21,Aisle 09,frozen
Homestyle Cinnamon Spice Cold-Pressed Groundnut Oil 250g,Organic Tattva Springs,PANT-002601,890100641599,Pantry & Dry Goods,156,can,137.88,180.12,2027-04-26,Aisle 06,ambient
Sweet Almond Milk 2L,Pashmina Naturals,DAIR-002602,890100641600,Dairy & Eggs,21,box,512.64,777.62,2026-09-06,Aisle 03,chilled
Free-Range Fresh Mint (Pudina) 150ml,Mother Dairy Botanicals,FRES-002603,890100641601,Fresh Produce,165,pack,88.65,154.78,2026-09-09,Aisle 01,ambient
Natural Kachi Ghani Mustard Garlic Naan Frozen 4pk 2kg,Urban Roots Foods,FROZ-002604,890100641602,Frozen Foods,144,packet,132.80,212.78,2026-08-30,Aisle 09,frozen
Artisan Tulsi Honey Stainless Steel Scrubber 3pk Family Pack,Tata Kitchens,HOUS-002605,890100641603,Household & Personal Care,236,box,494.40,894.63,2027-10-02,Aisle 12,ambient
Country Style Jalapeno Lime Tonic Water Premium 24-Pack,Organic Tattva Kitchens,BEVE-002606,890100641604,Beverages,58,carton,403.42,731.77,2027-08-19,Aisle 06,chilled
Free-Range Sweet Tamarind Catla Fish Steaks 400g,Kaveri Plantations,MEAT-002607,890100641605,Meat & Seafood,250,kg,796.54,1468.53,2026-08-31,Aisle 04,chilled
Aged Veg Burger Patties 8-Pack,Green Earth Naturals,FROZ-002608,890100641606,Frozen Foods,10,pack,252.51,392.47,2027-01-04,Aisle 08,frozen
Premium Toor Dal Premium 5L,Vedic Fresh Botanicals,PANT-002609,890100641607,Pantry & Dry Goods,193,box,88.10,137.21,2028-04-24,Aisle 08,ambient
Desi Catla Fish Steaks 5kg,SunBrite Naturals,MEAT-002610,890100641608,Meat & Seafood,113,kg,178.43,314.69,2026-08-30,Aisle 04,chilled
Heritage Bhujia Sev 100g,Pashmina Milling,SNAC-002611,890100641609,Snacks & Confectionery,46,tub,342.52,502.44,2026-12-06,Aisle 10,ambient
Sun-Dried Kachi Ghani Mustard Boneless Chicken Breast 100g,Heritage Dairy,MEAT-002612,890100641610,Meat & Seafood,105,pack,423.03,690.67,2026-08-27,Aisle 04,chilled
Country Style Rose Infused Chicken Sausages 1.5L,Mother Dairy Co.,MEAT-002613,890100641611,Meat & Seafood,187,pcs,457.45,632.14,2026-09-01,Aisle 05,chilled
Grass-Fed Cauliflower Family Pack,Ganga Foods,FRES-002614,890100641612,Fresh Produce,15,bag,119.25,185.97,2026-09-08,Aisle 02,ambient
Valley Fresh Makhana Crunch Veg Burger Patties Snack Pack,Royal Indian Goods,FROZ-002615,890100641613,Frozen Foods,213,packet,284.80,375.36,2027-02-05,Aisle 09,frozen
Homestyle Paneer Tikka Deli Family Pack,Everest Mills,BAKE-002616,890100641614,Bakery & Deli,10,pcs,231.34,409.82,2026-09-03,Aisle 03,chilled
Gourmet Jeera Masala Soda 750ml,Urban Roots Springs,BEVE-002617,890100641615,Beverages,77,box,409.01,718.51,2027-06-01,Aisle 05,ambient
Rustic Chatpata Masala Cold Pressed Orange Juice 2kg,Saffola Botanicals,BEVE-002618,890100641616,Beverages,219,pack,262.38,398.99,2026-11-20,Aisle 06,ambient
Handcrafted Nimbu Paani Soda 100g,Organic Tattva Mills,BEVE-002619,890100641617,Beverages,55,carton,320.27,540.67,2027-04-25,Aisle 06,ambient
Rustic Strawberries 250ml,Nature Harvest Naturals,FRES-002620,890100641618,Fresh Produce,246,pcs,94.41,152.52,2026-09-08,Aisle 02,ambient
Country Style Penne Rigate Pasta 100g,Ganga Goods,PANT-002621,890100641619,Pantry & Dry Goods,154,box,177.84,227.39,2028-02-20,Aisle 07,ambient
Grass-Fed Dark Chocolate Chamomile Herbal Tea 250ml,Desi Organics Dairy,BEVE-002622,890100641620,Beverages,154,box,430.51,543.86,2026-08-21,Aisle 05,chilled
Free-Range Sea Salt Whole Wheat Atta Bread 4-Pack,Dabur Plantations,BAKE-002623,890100641621,Bakery & Deli,249,pcs,84.08,146.31,2026-09-08,Aisle 04,ambient
Heritage Butter Murukku 250ml,Ganga Milling,SNAC-002624,890100641622,Snacks & Confectionery,52,bag,186.29,242.50,2026-11-20,Aisle 09,ambient
Aged Matcha Green Tea Buffalo Milk 6-Pack,Fortune Naturals,DAIR-002625,890100641623,Dairy & Eggs,199,packet,425.92,782.54,2026-09-26,Aisle 03,chilled
Whole-Grain Tulsi Honey Pav 6-Pack 6-Pack,Amul Goods,BAKE-002626,890100641624,Bakery & Deli,205,box,117.50,212.60,2026-08-29,Aisle 03,ambient
Gourmet Nagpur Orange Moong Dal Washed 350g,SunBrite Dairy,PANT-002627,890100641625,Pantry & Dry Goods,164,bottle,645.11,1006.26,2027-02-05,Aisle 06,ambient
Aged Sweet Tamarind Cold-Pressed Groundnut Oil 1.5L,Bhoomi Harvest,PANT-002628,890100641626,Pantry & Dry Goods,163,box,82.55,119.01,2027-12-20,Aisle 07,ambient
Plant-Based Tulsi Honey Fresh Chicken Curry Cut 150g,Urban Roots Provisions,MEAT-002629,890100641627,Meat & Seafood,98,kg,367.28,598.23,2026-09-01,Aisle 05,chilled
Free-Range Masala Chai Crab Meat Fresh Snack Pack,Deccan Goods,MEAT-002630,890100641628,Meat & Seafood,40,pack,906.11,1641.77,2026-08-30,Aisle 04,chilled
Royal Curd Tub (Dahi) 4-Pack,Saffola Milling,DAIR-002631,890100641629,Dairy & Eggs,42,packet,51.65,71.32,2026-09-09,Aisle 02,chilled
Heritage Sweet Tamarind Gourmet Cookies Choco-Chip 250ml,Ganga Organics,SNAC-002632,890100641630,Snacks & Confectionery,136,box,189.54,303.82,2026-10-19,Aisle 10,ambient
Extra-Virgin Gulab Jamun Tin 5L,Deccan Harvest,SNAC-002633,890100641631,Snacks & Confectionery,221,bag,198.61,356.70,2027-03-10,Aisle 09,ambient
Whole-Grain Rose Infused Avocados 500ml,Nature Harvest Milling,FRES-002634,890100641632,Fresh Produce,93,bag,26.93,40.52,2026-08-29,Aisle 01,chilled
Unpolished Red Chilli & Garlic Garlic Focaccia 400g,Dabur Dairy,BAKE-002635,890100641633,Bakery & Deli,44,pack,174.69,319.03,2026-09-09,Aisle 03,chilled
Aged Matcha Green Tea Sourdough Loaf 400g,Catch Goods,BAKE-002636,890100641634,Bakery & Deli,53,pcs,69.04,92.13,2026-09-01,Aisle 04,chilled
Extra-Virgin Moong Dal Washed 200g,Saffola Provisions,PANT-002637,890100641635,Pantry & Dry Goods,93,jar,235.87,357.03,2027-04-04,Aisle 07,ambient
Low-Sodium Frozen Samosas 10-Pack,Green Earth Botanicals,FROZ-002638,890100641636,Frozen Foods,104,box,411.86,591.75,2027-07-03,Aisle 09,frozen
Cold-Pressed Cardamom Spiced Flavored Yogurt 500ml,Deccan Mills,DAIR-002639,890100641637,Dairy & Eggs,172,carton,121.58,183.70,2026-09-14,Aisle 02,chilled
Raw Stainless Steel Scrubber 3pk 750g,FarmGold Organics,HOUS-002640,890100641638,Household & Personal Care,102,box,362.24,568.13,2027-10-16,Aisle 11,ambient
Select Ayurvedic Bath Soap 750ml,Patanjali Milling,HOUS-002641,890100641639,Household & Personal Care,61,pack,240.94,429.19,2028-12-11,Aisle 11,ambient
Low-Sodium Soan Papdi Box 350g,Saffola Naturals,SNAC-002642,890100641640,Snacks & Confectionery,79,packet,211.31,319.87,2026-12-22,Aisle 09,ambient
Spiced Royal Basmati Rice 12-Pack,Everest Agro,PANT-002643,890100641641,Pantry & Dry Goods,36,box,748.55,1326.13,2028-01-07,Aisle 06,ambient
Royal Malai Kulfi Bar 750ml,Urban Roots Milling,FROZ-002644,890100641642,Frozen Foods,219,bag,68.56,113.12,2027-04-09,Aisle 08,frozen
Crisp Vanilla Bean Biodegradable Garbage Bags 2L,Kaveri Provisions,HOUS-002645,890100641643,Household & Personal Care,226,box,516.29,676.24,2028-02-05,Aisle 12,ambient
Homestyle Masala Chai Chicken Keema 200g,Satvik Provisions,MEAT-002646,890100641644,Meat & Seafood,36,kg,201.48,252.92,2026-08-30,Aisle 05,chilled
Farm-Fresh Kashmiri Saffron Fresh Rohu Fish 2-Pack,Pure Vedic Foods,MEAT-002647,890100641645,Meat & Seafood,245,pcs,589.92,981.04,2026-08-31,Aisle 04,chilled
Gourmet Cardamom Spiced Himalayan Spring Water 100g,Satvik Harvest,BEVE-002648,890100641646,Beverages,44,can,53.55,67.26,2027-01-08,Aisle 06,ambient
Premium Baby Spinach 10-Pack,Bhoomi Provisions,FRES-002649,890100641647,Fresh Produce,146,kg,66.29,120.52,2026-09-08,Aisle 01,chilled
Homestyle Tandoori Smoked Alphonso Mangoes 200ml,Patanjali Foods,FRES-002650,890100641648,Fresh Produce,41,bag,148.69,247.10,2026-08-29,Aisle 01,ambient
Organic Pista Almond Granola Health Bars 350g,Patanjali Naturals,SNAC-002651,890100641649,Snacks & Confectionery,250,box,415.43,622.39,2027-04-11,Aisle 10,ambient
Sweet Organic Green Tea 2L,Fortune Dairy,BEVE-002652,890100641650,Beverages,37,bottle,188.69,324.42,2027-06-07,Aisle 06,chilled
Plant-Based Mint Lime Aloo Tikki 8-Pack 4-Pack,Catch Milling,FROZ-002653,890100641651,Frozen Foods,99,bag,90.05,145.73,2027-08-15,Aisle 08,frozen
Sweet Truffle Infused Feta Cheese 10-Pack,Fortune Dairy,DAIR-002654,890100641652,Dairy & Eggs,135,tub,75.78,108.82,2026-09-19,Aisle 02,chilled
Natural Chamomile Herbal Tea 250g,Nature Harvest Farms,BEVE-002655,890100641653,Beverages,82,can,335.91,582.64,2027-03-27,Aisle 05,ambient
Valley Fresh Mixed Berries Frozen 250g,Nilgiri Provisions,FROZ-002656,890100641654,Frozen Foods,120,tub,169.38,214.24,2027-04-12,Aisle 08,frozen
Heritage Coconut Cream Guava Chilli Juice 400g,Green Earth Naturals,BEVE-002657,890100641655,Beverages,120,pack,45.35,70.47,2026-12-19,Aisle 05,chilled
Aged Cinnamon Spice Pears 500g,Everest Foods,FRES-002658,890100641656,Fresh Produce,89,bag,17.77,27.35,2026-09-11,Aisle 01,chilled
Crisp Palak Leaves 4-Pack,Catch Kitchens,FRES-002659,890100641657,Fresh Produce,94,pcs,138.42,186.54,2026-08-15,Aisle 02,chilled
Pure Cinnamon Spice Smoked Chicken Slices 750g,Tata Mills,BAKE-002660,890100641658,Bakery & Deli,40,pcs,203.76,368.60,2026-09-05,Aisle 03,ambient
Sun-Dried Roasted Makhana Foxnuts 350g,Fortune Co.,SNAC-002661,890100641659,Snacks & Confectionery,250,tub,306.67,515.51,2027-05-01,Aisle 10,ambient
Extra-Virgin Alphonso Mango Boneless Chicken Breast 350g,Desi Organics Botanicals,MEAT-002662,890100641660,Meat & Seafood,150,kg,808.31,1036.90,2026-09-02,Aisle 05,chilled
Pure Floor Disinfectant Pine 1kg,Green Earth Agro,HOUS-002663,890100641661,Household & Personal Care,61,pack,260.98,377.94,2026-08-28,Aisle 12,ambient
Raw Golden Ginger Guavas 4-Pack,FarmGold Co.,FRES-002664,890100641662,Fresh Produce,49,bag,115.08,195.99,2026-09-01,Aisle 02,ambient
Gourmet Makhana Crunch Organic Rolled Oats 2kg,Urban Roots Farms,PANT-002665,890100641663,Pantry & Dry Goods,226,jar,113.62,156.44,2028-06-15,Aisle 06,ambient
Grass-Fed Veg Spring Rolls 250ml,Organic Tattva Farms,FROZ-002666,890100641664,Frozen Foods,157,tub,124.25,156.37,2027-06-05,Aisle 08,frozen
Homestyle Sona Masoori Rice 250g,Heritage Agro,PANT-002667,890100641665,Pantry & Dry Goods,157,can,330.03,600.25,2027-09-02,Aisle 08,ambient
Gluten-Free Kashmiri Saffron Organic Green Tea 200g,Saffola Organics,BEVE-002668,890100641666,Beverages,97,box,91.60,164.56,2026-12-27,Aisle 05,chilled
Select Garlic Focaccia 1kg,Catch Co.,BAKE-002669,890100641667,Bakery & Deli,131,box,31.40,39.85,2026-09-04,Aisle 04,chilled
Wildcrafted Ajwain & Jeera Kokum Sharbat 300g,Amul Co.,BEVE-002670,890100641668,Beverages,12,pack,448.88,818.59,2027-06-07,Aisle 05,chilled
Zero-Sugar Kachi Ghani Mustard Fresh Rohu Fish 5L,Kaveri Mills,MEAT-002671,890100641669,Meat & Seafood,95,pack,537.78,808.65,2026-08-30,Aisle 05,chilled
Extra-Virgin Coconut Cream Chaash / Buttermilk 2L,Organic Tattva Kitchens,DAIR-002672,890100641670,Dairy & Eggs,27,bottle,40.15,57.67,2026-09-25,Aisle 02,chilled
Wildcrafted Tulsi Honey Strawberries Value Pack,Organic Tattva Milling,FRES-002673,890100641671,Fresh Produce,153,pack,41.21,66.87,2026-09-07,Aisle 01,chilled
Heritage Squid Rings Cleaned 100g,Organic Tattva Foods,MEAT-002674,890100641672,Meat & Seafood,205,pcs,334.43,603.85,2026-08-31,Aisle 04,chilled
Premium Bananas 200g,Deccan Botanicals,FRES-002675,890100641673,Fresh Produce,64,bunch,128.67,177.33,2026-09-17,Aisle 01,ambient
Low-Sodium Sweet Corn Kernels 10kg,Ganga Harvest,FROZ-002676,890100641674,Frozen Foods,33,bag,302.63,465.09,2027-03-08,Aisle 09,frozen
Royal Golden Ginger Extra Virgin Olive Oil 750g,Tata Plantations,PANT-002677,890100641675,Pantry & Dry Goods,180,bottle,565.85,766.06,2027-05-02,Aisle 08,ambient
Whole-Grain Cardamom Spiced Gourmet Cookies Choco-Chip 10-Pack,Urban Roots Provisions,SNAC-002678,890100641676,Snacks & Confectionery,26,bar,431.20,642.89,2026-12-05,Aisle 10,ambient
Golden Truffle Infused Pure Jaggery Powder (Gud) 2kg,FarmGold Agro,PANT-002679,890100641677,Pantry & Dry Goods,164,packet,716.07,1132.16,2027-04-07,Aisle 08,ambient
Select Kachi Ghani Mustard Frozen Paneer Cubes 300g,Urban Roots Organics,FROZ-002680,890100641678,Frozen Foods,38,packet,321.82,435.64,2027-01-31,Aisle 09,frozen
Wildcrafted Alphonso Mango Gulab Jamun Tin 150ml,Nilgiri Mills,SNAC-002681,890100641679,Snacks & Confectionery,83,tub,64.54,106.70,2026-11-30,Aisle 09,ambient
Valley Fresh Paneer Paratha Frozen 150g,Himalayan Organics,FROZ-002682,890100641680,Frozen Foods,27,box,373.65,644.53,2027-08-22,Aisle 09,frozen
Extra-Virgin Mint Lime Soan Papdi Box 750ml,Everest Plantations,SNAC-002683,890100641681,Snacks & Confectionery,83,box,91.82,134.63,2027-03-09,Aisle 10,ambient
Aged Matcha Green Tea Alphonso Kulfi Tub 1kg,Nature Harvest Provisions,FROZ-002684,890100641682,Frozen Foods,24,packet,375.96,574.27,2026-08-20,Aisle 08,frozen
Signature Vanilla Bean Lentils Red Masoor 200ml,Ganga Farms,PANT-002685,890100641683,Pantry & Dry Goods,81,bag,414.86,713.46,2027-03-27,Aisle 07,ambient
Premium Red Chilli & Garlic 70% Dark Chocolate Bar 330ml,Nilgiri Naturals,SNAC-002686,890100641684,Snacks & Confectionery,44,tub,58.07,106.06,2027-03-16,Aisle 09,ambient
Roasted Atlantic Salmon Fillet 24-Pack,Ganga Goods,MEAT-002687,890100641685,Meat & Seafood,71,pcs,858.17,1562.34,2026-08-29,Aisle 04,chilled
Extra-Virgin Cinnamon Spice Curd Tub (Dahi) 50g,Nilgiri Provisions,DAIR-002688,890100641686,Dairy & Eggs,51,box,427.12,572.23,2026-09-24,Aisle 03,chilled
Select Kachi Ghani Mustard Brownie Bites Value Pack,Vedic Fresh Milling,BAKE-002689,890100641687,Bakery & Deli,105,pcs,27.38,47.96,2026-08-31,Aisle 03,chilled
Sweet Masala Chai Atlantic Salmon Fillet 200g,Dabur Farms,MEAT-002690,890100641688,Meat & Seafood,162,kg,202.74,300.16,2026-08-31,Aisle 04,chilled
Unpolished Cinnamon Spice Organic Green Tea 100g,Heritage Plantations,BEVE-002691,890100641689,Beverages,35,can,81.63,140.07,2027-06-11,Aisle 05,chilled
Valley Fresh Nagpur Orange Curd Tub (Dahi) 250g,Patanjali Provisions,DAIR-002692,890100641690,Dairy & Eggs,199,packet,365.28,616.28,2026-08-27,Aisle 03,chilled
Stone-Ground Veg Burger Patties 50g,Pure Vedic Provisions,FROZ-002693,890100641691,Frozen Foods,71,bag,92.43,117.61,2027-05-05,Aisle 08,frozen
Whole-Grain Matcha Green Tea Paneer Block 200ml,FarmGold Provisions,DAIR-002694,890100641692,Dairy & Eggs,37,tub,359.42,474.58,2026-09-23,Aisle 02,chilled
Homestyle Golden Ginger Cucumbers 750ml,Mother Dairy Goods,FRES-002695,890100641693,Fresh Produce,73,pcs,28.27,45.06,2026-09-10,Aisle 01,chilled
Low-Sodium Chatpata Masala Mishri Mawa 150g,Green Earth Kitchens,DAIR-002696,890100641694,Dairy & Eggs,232,carton,360.31,588.06,2026-09-23,Aisle 02,chilled
Valley Fresh Poha Thick Flakes 150ml,Catch Co.,PANT-002697,890100641695,Pantry & Dry Goods,172,bottle,696.53,1183.05,2027-11-03,Aisle 07,ambient
Low-Sodium Chaash / Buttermilk 150g,Saffola Dairy,DAIR-002698,890100641696,Dairy & Eggs,151,pack,256.77,384.25,2026-09-14,Aisle 03,chilled
Heritage Butter Murukku 150ml,Catch Kitchens,SNAC-002699,890100641697,Snacks & Confectionery,27,bag,195.16,331.67,2026-11-02,Aisle 10,ambient
Spiced Chatpata Masala Veg Burger Patties Snack Pack,SunBrite Milling,FROZ-002700,890100641698,Frozen Foods,187,pack,293.39,416.37,2026-11-11,Aisle 09,frozen
Spiced Makhana Crunch Royal Basmati Rice 750ml,Satvik Agro,PANT-002701,890100641699,Pantry & Dry Goods,178,packet,259.04,375.67,2027-02-02,Aisle 08,ambient
Stone-Ground Palak Leaves 400g,Pure Vedic Kitchens,FRES-002702,890100641700,Fresh Produce,249,bag,152.45,280.97,2026-09-03,Aisle 02,chilled
Select Sona Masoori Rice 350g,Tata Agro,PANT-002703,890100641701,Pantry & Dry Goods,71,jar,590.21,1050.50,2027-04-28,Aisle 08,ambient
Natural Kokum Sharbat 4-Pack,Himalayan Goods,BEVE-002704,890100641702,Beverages,8,bag,44.38,78.09,2026-09-18,Aisle 06,ambient
Gourmet Sweet Tamarind Veg Burger Patties 400g,Patanjali Provisions,FROZ-002705,890100641703,Frozen Foods,199,pack,386.55,601.58,2027-03-09,Aisle 08,frozen
Royal Cold Pressed Orange Juice 10kg,Organic Tattva Milling,BEVE-002706,890100641704,Beverages,200,can,63.04,113.06,2026-12-24,Aisle 05,ambient
Organic Masala Chai Mozzarella Shredded 100g,Deccan Goods,DAIR-002707,890100641705,Dairy & Eggs,247,pack,171.22,227.73,2026-09-09,Aisle 03,chilled
Crisp Vanilla Bean Basa Fish Fillets 1.5L,Satvik Plantations,MEAT-002708,890100641706,Meat & Seafood,32,pack,544.36,999.40,2026-09-02,Aisle 05,chilled
Authentic Atlantic Salmon Fillet Snack Pack,Desi Organics Kitchens,MEAT-002709,890100641707,Meat & Seafood,162,kg,813.06,1117.29,2026-08-29,Aisle 04,chilled
Whole-Grain Cinnamon Spice Gourmet Cookies Choco-Chip 6-Pack,Kaveri Co.,SNAC-002710,890100641708,Snacks & Confectionery,31,tub,43.17,57.69,2027-06-21,Aisle 09,ambient
Golden Liquid Laundry Detergent 5L,Amul Plantations,HOUS-002711,890100641709,Household & Personal Care,18,pack,546.88,703.10,2027-06-01,Aisle 12,ambient
Smoked Sweet Tamarind Lassi Mango Infused Snack Pack,Himalayan Harvest,DAIR-002712,890100641710,Dairy & Eggs,122,bottle,91.46,146.31,2026-08-31,Aisle 02,chilled
Homestyle Toasted Sesame Oranges Nagpur 200ml,Catch Farms,FRES-002713,890100641711,Fresh Produce,15,pack,19.12,33.18,2026-09-01,Aisle 02,ambient
Raw Brownie Bites 2kg,Bhoomi Foods,BAKE-002714,890100641712,Bakery & Deli,37,pcs,212.20,359.75,2026-09-03,Aisle 04,chilled
Sweet Mustard Oil Kachi Ghani 330ml,Heritage Harvest,PANT-002715,890100641713,Pantry & Dry Goods,139,bag,395.60,510.07,2027-12-15,Aisle 08,ambient
Grass-Fed Masala Chai Amla Juice Pure 400g,Tata Farms,BEVE-002716,890100641714,Beverages,140,carton,55.05,70.94,2026-08-20,Aisle 05,chilled
Spiced Jalapeno Lime Bath Tissue 6-Pack 1kg,Saffola Springs,HOUS-002717,890100641715,Household & Personal Care,171,bottle,138.16,229.38,2027-10-03,Aisle 12,ambient
Country Style Smoked Paprika Blueberries 200g,Mother Dairy Plantations,FRES-002718,890100641716,Fresh Produce,215,pcs,46.48,82.82,2026-09-06,Aisle 01,chilled
Stone-Ground Garlic & Herb Jeera Masala Soda 5L,Himalayan Provisions,BEVE-002719,890100641717,Beverages,55,box,340.31,539.50,2027-05-28,Aisle 05,chilled
Cold-Pressed Custard Apple (Sitaphal) 330ml,Royal Indian Kitchens,FRES-002720,890100641718,Fresh Produce,186,kg,91.18,122.98,2026-09-03,Aisle 02,chilled
Wildcrafted Kulcha 4-Pack 750ml,Organic Tattva Organics,BAKE-002721,890100641719,Bakery & Deli,91,box,60.73,76.72,2026-08-31,Aisle 04,chilled
Unpolished Pista Almond Nimbu Paani Soda 750ml,Nature Harvest Harvest,BEVE-002722,890100641720,Beverages,154,carton,310.30,531.55,2026-10-05,Aisle 05,ambient
Authentic Stainless Steel Scrubber 3pk 1kg,Mother Dairy Goods,HOUS-002723,890100641721,Household & Personal Care,124,bottle,67.13,108.16,2028-04-30,Aisle 11,ambient
Gluten-Free Matcha Green Tea Almond Milk 300g,Satvik Agro,DAIR-002724,890100641722,Dairy & Eggs,12,packet,217.17,338.80,2026-09-12,Aisle 03,chilled
Extra-Virgin Red Chilli & Garlic Paneer Block 250ml,Fortune Kitchens,DAIR-002725,890100641723,Dairy & Eggs,185,packet,49.58,66.14,2026-09-03,Aisle 03,chilled
Zero-Sugar Extra Virgin Olive Oil 24-Pack,Pure Vedic Springs,PANT-002726,890100641724,Pantry & Dry Goods,40,jar,689.56,968.97,2028-02-13,Aisle 08,ambient
Unpolished Makhana Crunch Brownie Bites 6-Pack,Fortune Agro,BAKE-002727,890100641725,Bakery & Deli,189,pcs,128.99,225.99,2026-09-06,Aisle 04,chilled
Sweet Sea Salt Chicken Keema 300g,Tata Provisions,MEAT-002728,890100641726,Meat & Seafood,135,pcs,716.05,1217.83,2026-08-29,Aisle 05,chilled
Golden Tandoori Smoked Masala CTC Tea 350g,Urban Roots Milling,BEVE-002729,890100641727,Beverages,210,can,164.83,230.68,2027-08-15,Aisle 05,ambient
Free-Range Smoked Paprika Moong Dal Namkeen Snack Pack,Nilgiri Goods,SNAC-002730,890100641728,Snacks & Confectionery,188,bag,339.11,578.22,2027-03-19,Aisle 10,ambient
Desi Coconut Cream Seedless Grapes 8-Pack,Bhoomi Dairy,FRES-002731,890100641729,Fresh Produce,197,bag,139.28,204.30,2026-09-17,Aisle 01,chilled
Wildcrafted Gouda Block 200ml,SunBrite Springs,DAIR-002732,890100641730,Dairy & Eggs,242,box,180.27,280.76,2026-09-22,Aisle 02,chilled
Unpolished Cinnamon Spice Nimbu Paani Soda 2kg,Green Earth Co.,BEVE-002733,890100641731,Beverages,12,can,201.34,326.08,2027-01-13,Aisle 05,chilled
Golden Parmigiano-Reggiano 400g,Saffola Provisions,DAIR-002734,890100641732,Dairy & Eggs,54,bottle,473.66,782.47,2026-08-29,Aisle 02,chilled
Wildcrafted Garlic & Herb Blueberries 4-Pack,Saffola Foods,FRES-002735,890100641733,Fresh Produce,169,pack,147.62,270.17,2026-09-06,Aisle 01,ambient
Homestyle Smoked Paprika Goat Mince Premium 10-Pack,Nilgiri Naturals,MEAT-002736,890100641734,Meat & Seafood,129,pcs,446.18,713.33,2026-08-30,Aisle 04,chilled
Smoked Lemon Pepper Almond Milk 250ml,Urban Roots Organics,DAIR-002737,890100641735,Dairy & Eggs,151,box,137.71,246.51,2026-08-24,Aisle 02,chilled
Golden Toasted Sesame Banana Chips Kerala Style 500ml,Heritage Mills,SNAC-002738,890100641736,Snacks & Confectionery,232,pack,439.77,692.44,2026-11-28,Aisle 09,ambient
Extra-Virgin Mutton Chops 100g,Green Earth Foods,MEAT-002739,890100641737,Meat & Seafood,41,pack,721.51,1281.57,2026-08-31,Aisle 04,chilled
Whole-Grain Organic Brown Sugar 350g,Satvik Organics,PANT-002740,890100641738,Pantry & Dry Goods,58,jar,517.23,832.24,2027-01-05,Aisle 07,ambient
Free-Range Coconut Cream Organic Rolled Oats 2L,Kaveri Naturals,PANT-002741,890100641739,Pantry & Dry Goods,175,box,247.90,327.41,2027-03-06,Aisle 08,ambient
Roasted Sweet Potatoes 1L,Green Earth Provisions,FRES-002742,890100641740,Fresh Produce,109,bag,32.26,52.68,2026-09-06,Aisle 01,ambient
Spiced Makhana Crunch Strawberries 250ml,Nature Harvest Farms,FRES-002743,890100641741,Fresh Produce,38,bag,156.59,230.93,2026-09-13,Aisle 01,ambient
Sun-Dried Almond Milk Family Pack,Urban Roots Plantations,DAIR-002744,890100641742,Dairy & Eggs,84,tub,335.58,595.62,2026-09-01,Aisle 02,chilled
Pure Rose Infused Frozen Green Peas 10kg,Patanjali Agro,FROZ-002745,890100641743,Frozen Foods,53,box,171.78,229.47,2027-05-09,Aisle 09,frozen
Free-Range Vanilla Bean Jeera Masala Soda 200ml,Mother Dairy Naturals,BEVE-002746,890100641744,Beverages,143,can,391.18,521.11,2026-12-23,Aisle 05,ambient
Gluten-Free Cinnamon Spice Frozen Paneer Cubes 100g,Nilgiri Organics,FROZ-002747,890100641745,Frozen Foods,215,tub,201.75,349.03,2027-01-19,Aisle 08,frozen
Heritage Alphonso Kulfi Tub Value Pack,SunBrite Farms,FROZ-002748,890100641746,Frozen Foods,39,tub,343.50,539.24,2026-11-28,Aisle 09,frozen
Raw Garlic & Herb Cold-Pressed Groundnut Oil 300g,Organic Tattva Botanicals,PANT-002749,890100641747,Pantry & Dry Goods,86,bag,80.60,149.10,2028-07-16,Aisle 06,ambient
Traditional Pears 24-Pack,Pashmina Goods,FRES-002750,890100641748,Fresh Produce,125,bunch,75.33,95.98,2026-08-30,Aisle 02,ambient
Sweet Fresh Chicken Curry Cut 200ml,Saffola Plantations,MEAT-002751,890100641749,Meat & Seafood,15,pcs,355.11,505.73,2026-08-30,Aisle 05,chilled
Whole-Grain Spicy Peanut Chikki 2kg,Organic Tattva Dairy,SNAC-002752,890100641750,Snacks & Confectionery,94,tub,193.68,286.29,2027-04-02,Aisle 10,ambient
Free-Range Pista Almond Green Peas Fresh 300g,Desi Organics Farms,FRES-002753,890100641751,Fresh Produce,148,pcs,129.88,190.73,2026-09-09,Aisle 01,ambient
Low-Sodium Truffle Infused Pav 6-Pack 50g,Amul Provisions,BAKE-002754,890100641752,Bakery & Deli,61,pcs,63.23,97.17,2026-09-10,Aisle 03,ambient
Whole-Grain Dark Chocolate Toned Milk 150g,Royal Indian Organics,DAIR-002755,890100641753,Dairy & Eggs,50,tub,176.32,223.60,2026-09-04,Aisle 03,chilled
Valley Fresh Bananas 50g,Organic Tattva Agro,FRES-002756,890100641754,Fresh Produce,57,pcs,133.57,241.12,2026-09-02,Aisle 01,chilled
Zero-Sugar Sweet Tamarind Boneless Chicken Breast 150ml,Mother Dairy Naturals,MEAT-002757,890100641755,Meat & Seafood,45,kg,724.37,1149.61,2026-08-29,Aisle 04,chilled
Homestyle Rose Infused Granola Health Bars 500g,Fortune Springs,SNAC-002758,890100641756,Snacks & Confectionery,77,box,189.34,320.97,2026-10-15,Aisle 10,ambient
Heritage Seedless Grapes 330ml,Deccan Botanicals,FRES-002759,890100641757,Fresh Produce,17,bunch,35.26,57.97,2026-09-02,Aisle 01,ambient
Low-Sodium Red Chilli & Garlic Fresh Rohu Fish 200ml,Catch Harvest,MEAT-002760,890100641758,Meat & Seafood,10,pcs,146.99,206.06,2026-09-01,Aisle 04,chilled
Royal Masala Chai Sourdough Loaf 330ml,Ganga Naturals,BAKE-002761,890100641759,Bakery & Deli,39,pcs,191.06,291.41,2026-09-06,Aisle 04,ambient
Authentic Toasted Sesame Ginger Root 330ml,Mother Dairy Agro,FRES-002762,890100641760,Fresh Produce,17,pack,144.31,221.19,2026-09-01,Aisle 02,ambient
Authentic Matcha Green Tea Pomfret Whole 10-Pack,Nilgiri Kitchens,MEAT-002763,890100641761,Meat & Seafood,28,kg,521.86,727.94,2026-08-30,Aisle 05,chilled
Aged Jeera Masala Soda 1kg,Urban Roots Organics,BEVE-002764,890100641762,Beverages,210,bottle,127.94,207.90,2026-10-11,Aisle 06,chilled
Select Coconut Cream Organic Sharbati Atta 250ml,Green Earth Springs,PANT-002765,890100641763,Pantry & Dry Goods,44,packet,83.83,124.94,2027-08-03,Aisle 08,ambient
Grass-Fed Mustard Oil Kachi Ghani Snack Pack,Saffola Naturals,PANT-002766,890100641764,Pantry & Dry Goods,18,bottle,411.09,644.67,2027-05-31,Aisle 07,ambient
Low-Sodium Pineapples 1kg,Vedic Fresh Botanicals,FRES-002767,890100641765,Fresh Produce,247,kg,111.62,172.90,2026-09-09,Aisle 01,ambient
Gluten-Free Tandoori Smoked Poha Thick Flakes 8-Pack,Patanjali Provisions,PANT-002768,890100641766,Pantry & Dry Goods,185,bag,264.14,431.07,2027-10-18,Aisle 06,ambient
Farm-Fresh Cheese Croissant 250g,Himalayan Springs,BAKE-002769,890100641767,Bakery & Deli,182,box,59.85,99.19,2026-09-10,Aisle 03,ambient
Pure Herbal Hand Wash Neem 350g,Pure Vedic Naturals,HOUS-002770,890100641768,Household & Personal Care,87,box,85.38,147.18,2026-08-20,Aisle 12,ambient
Heritage Mint Lime Buffalo Milk 150g,Patanjali Foods,DAIR-002771,890100641769,Dairy & Eggs,9,box,262.80,465.06,2026-08-31,Aisle 02,chilled
Grass-Fed Pista Almond Yukon Gold Potatoes 250g,Heritage Organics,FRES-002772,890100641770,Fresh Produce,27,kg,94.41,127.66,2026-09-04,Aisle 01,chilled
Whole-Grain Rose Infused Kabuli Chana Large Value Pack,Vedic Fresh Naturals,PANT-002773,890100641771,Pantry & Dry Goods,244,jar,632.77,1041.26,2028-08-09,Aisle 07,ambient
Royal Almond Milk 8-Pack,Green Earth Agro,DAIR-002774,890100641772,Dairy & Eggs,138,box,107.66,137.00,2026-08-31,Aisle 03,chilled
Raw Garlic & Herb Whole Wheat Atta Bread 2L,Bhoomi Co.,BAKE-002775,890100641773,Bakery & Deli,60,box,111.97,206.11,2026-08-30,Aisle 03,ambient
Zero-Sugar Kesar Pista Greek Yogurt 24-Pack,Vedic Fresh Foods,DAIR-002776,890100641774,Dairy & Eggs,98,pack,169.32,248.98,2026-09-01,Aisle 02,chilled
Whole-Grain Red Chilli & Garlic Kokum Sharbat 1.5L,Fortune Mills,BEVE-002777,890100641775,Beverages,162,bag,147.23,222.93,2027-07-17,Aisle 06,chilled
Grass-Fed Golden Ginger Kabuli Chana Large 10kg,Dabur Agro,PANT-002778,890100641776,Pantry & Dry Goods,125,box,366.82,672.81,2027-04-06,Aisle 07,ambient
Aged Sweet Tamarind Kitchen Paper Towels 4-Roll 8-Pack,Himalayan Kitchens,HOUS-002779,890100641777,Household & Personal Care,210,pack,299.96,476.78,2027-11-06,Aisle 12,ambient
Natural Tandoori Smoked Chicken Keema 6-Pack,Nilgiri Agro,MEAT-002780,890100641778,Meat & Seafood,87,kg,410.80,573.59,2026-09-01,Aisle 05,chilled
Natural Toasted Sesame Kitchen Paper Towels 4-Roll 50g,SunBrite Kitchens,HOUS-002781,890100641779,Household & Personal Care,154,pack,172.91,304.26,2028-05-15,Aisle 12,ambient
Gluten-Free Matcha Green Tea Lemons 2kg,Himalayan Mills,FRES-002782,890100641780,Fresh Produce,17,pack,78.18,114.68,2026-09-07,Aisle 01,chilled
Low-Sodium Double Toned Milk 200g,Pashmina Naturals,DAIR-002783,890100641781,Dairy & Eggs,246,box,165.96,289.19,2026-09-11,Aisle 03,chilled
Desi Kachi Ghani Mustard Sourdough Loaf 100g,Deccan Milling,BAKE-002784,890100641782,Bakery & Deli,188,pack,190.95,320.61,2026-08-26,Aisle 03,chilled
Signature Custard Apple (Sitaphal) 750ml,Ganga Kitchens,FRES-002785,890100641783,Fresh Produce,205,pcs,76.65,141.51,2026-08-28,Aisle 01,chilled
Natural Chicken Drumsticks 250ml,Tata Dairy,MEAT-002786,890100641784,Meat & Seafood,243,pcs,783.96,1357.16,2026-08-29,Aisle 05,chilled
Gourmet Cinnamon Spice Soy Milk Protein Snack Pack,Ganga Botanicals,DAIR-002787,890100641785,Dairy & Eggs,178,box,240.71,402.34,2026-08-30,Aisle 03,chilled
Rustic Sweet Tamarind Lemons 750ml,Dabur Milling,FRES-002788,890100641786,Fresh Produce,154,bunch,90.82,144.27,2026-08-17,Aisle 01,chilled
Grass-Fed Apple Cider Vinegar Drink 350g,Organic Tattva Co.,BEVE-002789,890100641787,Beverages,216,box,197.58,316.41,2026-09-11,Aisle 05,chilled
Sun-Dried Kesar Pista Bananas 750ml,Saffola Farms,FRES-002790,890100641788,Fresh Produce,148,bag,42.77,64.87,2026-09-15,Aisle 01,chilled
Valley Fresh Liquid Laundry Detergent 750g,Himalayan Co.,HOUS-002791,890100641789,Household & Personal Care,93,tube,413.74,590.58,2026-08-30,Aisle 12,ambient
Select Chicken Drumsticks 10-Pack,Saffola Provisions,MEAT-002792,890100641790,Meat & Seafood,19,kg,948.58,1612.23,2026-08-31,Aisle 05,chilled
Royal Mint Lime Cold Pressed Orange Juice 250ml,Pure Vedic Plantations,BEVE-002793,890100641791,Beverages,126,can,414.09,682.27,2027-04-20,Aisle 05,chilled
Whole-Grain Bamboo Toothbrush 2pk 12-Pack,Urban Roots Plantations,HOUS-002794,890100641792,Household & Personal Care,91,packet,252.87,458.86,2028-05-29,Aisle 11,ambient
Unpolished Toor Dal Premium 5kg,Kaveri Goods,PANT-002795,890100641793,Pantry & Dry Goods,58,bottle,713.18,941.84,2027-08-03,Aisle 08,ambient
Premium Toasted Sesame Kaju Katli Sweet Box 330ml,Organic Tattva Mills,SNAC-002796,890100641794,Snacks & Confectionery,58,pack,207.75,336.39,2026-12-28,Aisle 09,ambient
Whole-Grain Smoked Paprika Organic Sharbati Atta 1.5L,Green Earth Springs,PANT-002797,890100641795,Pantry & Dry Goods,4,bag,601.23,830.54,2028-03-30,Aisle 06,ambient
Royal Lentils Red Masoor 200ml,Satvik Co.,PANT-002798,890100641796,Pantry & Dry Goods,30,bag,44.22,58.27,2028-05-19,Aisle 06,ambient
Traditional California Almonds 1kg,Organic Tattva Farms,SNAC-002799,890100641797,Snacks & Confectionery,118,tub,34.91,52.51,2027-01-01,Aisle 10,ambient
Free-Range Blueberries 10kg,Nilgiri Kitchens,FRES-002800,890100641798,Fresh Produce,205,bunch,145.71,192.62,2026-08-31,Aisle 01,ambient
Heritage Red Chilli & Garlic Fresh Mosambi Juice 330ml,Organic Tattva Milling,BEVE-002801,890100641799,Beverages,24,box,351.24,635.39,2027-03-08,Aisle 05,ambient
Farm-Fresh Green Chillies 1.5L,Ganga Provisions,FRES-002802,890100641800,Fresh Produce,93,bag,86.18,147.58,2026-08-31,Aisle 01,ambient
Valley Fresh Lassi Mango Infused 500g,Heritage Organics,DAIR-002803,890100641801,Dairy & Eggs,117,carton,35.81,65.77,2026-09-23,Aisle 02,chilled
Natural Truffle Infused Extra Virgin Olive Oil Value Pack,Ganga Provisions,PANT-002804,890100641802,Pantry & Dry Goods,219,bottle,452.38,596.74,2028-05-20,Aisle 06,ambient
Heritage Matcha Green Tea Whole Wheat Atta Bread 1kg,Satvik Dairy,BAKE-002805,890100641803,Bakery & Deli,120,pcs,248.69,364.06,2026-09-06,Aisle 03,ambient
Country Style Tonic Water Premium Snack Pack,Saffola Naturals,BEVE-002806,890100641804,Beverages,71,bag,88.31,123.42,2027-04-15,Aisle 06,chilled
Crisp Extra Virgin Olive Oil Family Pack,SunBrite Organics,PANT-002807,890100641805,Pantry & Dry Goods,15,bag,250.08,390.05,2027-11-02,Aisle 06,ambient
Desi Kachi Ghani Mustard Bhujia Sev 300g,Catch Springs,SNAC-002808,890100641806,Snacks & Confectionery,229,tub,28.62,38.31,2027-04-04,Aisle 09,ambient
Handcrafted Sparkling Mineral Water 1.5L,Urban Roots Goods,BEVE-002809,890100641807,Beverages,213,box,26.05,43.09,2027-05-24,Aisle 06,ambient
Farm-Fresh Granola Health Bars Value Pack,Ganga Milling,SNAC-002810,890100641808,Snacks & Confectionery,203,box,251.13,333.29,2027-05-24,Aisle 10,ambient
Spiced Boneless Chicken Breast Value Pack,Organic Tattva Naturals,MEAT-002811,890100641809,Meat & Seafood,40,kg,155.33,249.67,2026-08-30,Aisle 05,chilled
Valley Fresh Vanilla Bean Flavored Yogurt 50g,Satvik Naturals,DAIR-002812,890100641810,Dairy & Eggs,99,carton,305.23,394.55,2026-09-12,Aisle 03,chilled
Spiced Chatpata Masala Green Peas Fresh 10kg,Catch Naturals,FRES-002813,890100641811,Fresh Produce,55,kg,135.41,234.81,2026-09-13,Aisle 02,ambient
Extra-Virgin Caramelized Onion Pomfret Whole 10kg,Organic Tattva Provisions,MEAT-002814,890100641812,Meat & Seafood,69,pcs,914.99,1260.13,2026-08-31,Aisle 05,chilled
Artisan Veg Spring Rolls 8-Pack,Pure Vedic Springs,FROZ-002815,890100641813,Frozen Foods,71,tub,402.58,693.70,2027-02-13,Aisle 08,frozen
Unpolished Stainless Steel Scrubber 3pk 500g,Everest Dairy,HOUS-002816,890100641814,Household & Personal Care,193,packet,378.25,564.54,2029-03-14,Aisle 12,ambient
Gluten-Free Masala Chai Fabric Softener Floral 10-Pack,Catch Plantations,HOUS-002817,890100641815,Household & Personal Care,242,packet,182.59,261.07,2028-05-10,Aisle 12,ambient
Roasted Vanilla Bean Crab Meat Fresh 350g,Patanjali Kitchens,MEAT-002818,890100641816,Meat & Seafood,101,pcs,195.64,300.52,2026-09-02,Aisle 05,chilled
Organic Lemon Pepper Pav 6-Pack 100g,Royal Indian Plantations,BAKE-002819,890100641817,Bakery & Deli,121,pcs,80.09,137.47,2026-08-27,Aisle 03,chilled
Cured Lassi Mango Infused 2kg,Everest Plantations,DAIR-002820,890100641818,Dairy & Eggs,20,bottle,354.89,537.48,2026-09-26,Aisle 03,chilled
Handcrafted Pav 6-Pack 200ml,FarmGold Springs,BAKE-002821,890100641819,Bakery & Deli,114,pcs,166.28,285.71,2026-08-27,Aisle 04,ambient
Crisp Dark Chocolate Mutton Curry Cut 5kg,Heritage Mills,MEAT-002822,890100641820,Meat & Seafood,173,pcs,471.02,636.54,2026-08-30,Aisle 05,chilled
Wildcrafted Sea Salt Bitter Gourd (Karela) Family Pack,FarmGold Foods,FRES-002823,890100641821,Fresh Produce,16,bag,69.04,93.31,2026-09-14,Aisle 01,chilled
Handcrafted Makhana Crunch Fish Fingers Frozen 350g,Organic Tattva Goods,FROZ-002824,890100641822,Frozen Foods,235,tub,203.68,296.02,2027-07-15,Aisle 09,frozen
Pure Brownie Bites Snack Pack,Everest Mills,BAKE-002825,890100641823,Bakery & Deli,123,pack,122.57,169.31,2026-09-03,Aisle 03,chilled
Gourmet Seedless Grapes 300g,Everest Springs,FRES-002826,890100641824,Fresh Produce,117,pcs,90.71,151.37,2026-09-15,Aisle 02,chilled
Authentic Caramelized Onion Cinnamon Swirl Buns 12-Pack,Himalayan Farms,BAKE-002827,890100641825,Bakery & Deli,108,box,59.28,76.97,2026-09-05,Aisle 03,ambient
Signature Mint Lime Toor Dal Premium 100g,Nature Harvest Kitchens,PANT-002828,890100641826,Pantry & Dry Goods,114,can,341.10,512.74,2027-10-25,Aisle 07,ambient
Desi Lemon Pepper Boneless Chicken Breast Value Pack,Nilgiri Foods,MEAT-002829,890100641827,Meat & Seafood,91,pack,275.14,383.47,2026-09-02,Aisle 04,chilled
Stone-Ground Basa Fish Fillets 10-Pack,Ganga Milling,MEAT-002830,890100641828,Meat & Seafood,84,pcs,191.00,308.49,2026-08-31,Aisle 05,chilled
Whole-Grain Organic Sharbati Atta Value Pack,Green Earth Springs,PANT-002831,890100641829,Pantry & Dry Goods,99,bottle,619.48,813.07,2026-12-10,Aisle 08,ambient
Homestyle Kashmiri Saffron Ciabatta Roll 5L,Deccan Plantations,BAKE-002832,890100641830,Bakery & Deli,240,box,307.87,439.06,2026-08-27,Aisle 03,chilled
Plant-Based Kesar Pista Oat Milk 150g,Mother Dairy Plantations,DAIR-002833,890100641831,Dairy & Eggs,15,tub,310.73,478.63,2026-08-22,Aisle 02,chilled
Wildcrafted Fresh Mint (Pudina) 10-Pack,Nilgiri Agro,FRES-002834,890100641832,Fresh Produce,51,kg,151.44,245.05,2026-09-05,Aisle 02,chilled
Smoked Paneer Paratha Frozen 5L,Urban Roots Plantations,FROZ-002835,890100641833,Frozen Foods,6,packet,139.19,230.47,2027-02-19,Aisle 09,frozen
Crisp Organic Sharbati Atta 400g,Ganga Dairy,PANT-002836,890100641834,Pantry & Dry Goods,8,jar,620.43,1002.74,2027-06-19,Aisle 06,ambient
Organic Mutton Curry Cut 500ml,Urban Roots Plantations,MEAT-002837,890100641835,Meat & Seafood,50,pack,528.33,873.32,2026-08-27,Aisle 04,chilled
Crisp Fresh Methi 1L,Heritage Goods,FRES-002838,890100641836,Fresh Produce,166,kg,97.90,144.30,2026-09-17,Aisle 02,ambient
Artisan Palak Leaves 1L,SunBrite Co.,FRES-002839,890100641837,Fresh Produce,97,pcs,30.93,43.39,2026-09-14,Aisle 02,ambient
Unpolished Clove & Mint Toothpaste 50g,Heritage Kitchens,HOUS-002840,890100641838,Household & Personal Care,52,box,163.73,212.20,2027-09-25,Aisle 11,ambient
Select Smoked Paprika Moong Dal Namkeen 750ml,Satvik Dairy,SNAC-002841,890100641839,Snacks & Confectionery,210,tub,267.61,374.64,2026-10-15,Aisle 10,ambient
Unpolished Dishwash Gel Lemon 12-Pack,Urban Roots Dairy,HOUS-002842,890100641840,Household & Personal Care,177,box,555.97,936.43,2027-03-29,Aisle 11,ambient
Traditional Garlic & Herb Red Onions 200ml,Deccan Provisions,FRES-002843,890100641841,Fresh Produce,81,bunch,131.31,214.54,2026-09-06,Aisle 02,chilled
Extra-Virgin Nagpur Orange Alphonso Kulfi Tub 50g,SunBrite Springs,FROZ-002844,890100641842,Frozen Foods,67,pack,191.54,254.95,2027-04-28,Aisle 08,frozen
Free-Range Lemon Pepper Gourmet Cookies Choco-Chip 1.5L,Dabur Naturals,SNAC-002845,890100641843,Snacks & Confectionery,4,bar,127.24,223.86,2027-05-27,Aisle 10,ambient
Raw Garlic & Herb Malai Kulfi Bar 330ml,Tata Foods,FROZ-002846,890100641844,Frozen Foods,81,box,92.89,161.36,2027-04-22,Aisle 09,frozen
Heritage Floor Disinfectant Pine Value Pack,Vedic Fresh Naturals,HOUS-002847,890100641845,Household & Personal Care,30,tube,534.71,875.02,2027-03-17,Aisle 12,ambient
Roasted Lentils Red Masoor 300g,Mother Dairy Goods,PANT-002848,890100641846,Pantry & Dry Goods,82,bag,631.83,1042.16,2027-08-15,Aisle 06,ambient
Roasted Bhujia Sev 5kg,Desi Organics Agro,SNAC-002849,890100641847,Snacks & Confectionery,59,packet,437.23,619.36,2027-05-24,Aisle 10,ambient
Royal Dishwash Gel Lemon 24-Pack,Pashmina Farms,HOUS-002850,890100641848,Household & Personal Care,19,packet,308.89,517.89,2027-03-14,Aisle 11,ambient
Sun-Dried Coconut Cream Fresh Methi 2-Pack,Dabur Harvest,FRES-002851,890100641849,Fresh Produce,28,pack,47.10,64.46,2026-09-03,Aisle 01,ambient
Premium Kokum Sharbat 250ml,Patanjali Kitchens,BEVE-002852,890100641850,Beverages,130,pack,118.77,193.04,2026-09-19,Aisle 05,chilled
Spiced Matcha Green Tea Fresh Chicken Curry Cut 750ml,Royal Indian Provisions,MEAT-002853,890100641851,Meat & Seafood,47,pcs,722.80,1274.92,2026-08-29,Aisle 05,chilled
Grass-Fed Rose Infused Biodegradable Garbage Bags 50g,Bhoomi Dairy,HOUS-002854,890100641852,Household & Personal Care,234,tube,486.06,864.54,2028-11-22,Aisle 11,ambient
Heritage Aloo Tikki 8-Pack 150ml,Nature Harvest Foods,FROZ-002855,890100641853,Frozen Foods,205,box,352.29,555.05,2026-08-30,Aisle 08,frozen
Free-Range Truffle Infused Organic Brown Sugar 2L,Dabur Plantations,PANT-002856,890100641854,Pantry & Dry Goods,139,can,493.32,804.59,2026-08-27,Aisle 07,ambient
Aged Chicken Keema 100g,Amul Springs,MEAT-002857,890100641855,Meat & Seafood,77,pcs,217.95,361.38,2026-08-29,Aisle 05,chilled
Stone-Ground Cinnamon Spice Multigrain Tortillas 1L,Fortune Kitchens,BAKE-002858,890100641856,Bakery & Deli,153,box,214.89,321.99,2026-08-31,Aisle 03,ambient
Heritage Cheese Croissant 24-Pack,Satvik Provisions,BAKE-002859,890100641857,Bakery & Deli,134,box,79.55,100.96,2026-08-31,Aisle 04,chilled
Extra-Virgin Cow Milk 2-Pack,Catch Harvest,DAIR-002860,890100641858,Dairy & Eggs,83,tub,117.06,187.33,2026-09-06,Aisle 03,chilled
Stone-Ground Fish Fingers Frozen 330ml,Himalayan Springs,FROZ-002861,890100641859,Frozen Foods,213,bag,159.93,263.20,2027-07-28,Aisle 08,frozen
Stone-Ground Flavored Yogurt 750ml,Pure Vedic Organics,DAIR-002862,890100641860,Dairy & Eggs,192,bottle,201.01,316.10,2026-09-16,Aisle 03,chilled
Zero-Sugar Tonic Water Premium 150ml,Urban Roots Co.,BEVE-002863,890100641861,Beverages,77,bottle,389.30,603.88,2026-08-25,Aisle 06,ambient
Heritage Shampoo Anti-Dandruff 2L,FarmGold Co.,HOUS-002864,890100641862,Household & Personal Care,60,packet,345.43,599.89,2028-02-23,Aisle 12,ambient
Pure Smoked Paprika Portobello Mushrooms 150g,Pashmina Farms,FRES-002865,890100641863,Fresh Produce,75,kg,87.67,124.10,2026-09-05,Aisle 02,chilled
Plant-Based Pineapples 150ml,Ganga Naturals,FRES-002866,890100641864,Fresh Produce,160,bunch,36.75,55.95,2026-09-09,Aisle 02,chilled
Low-Sodium Organic Sharbati Atta 150g,Royal Indian Mills,PANT-002867,890100641865,Pantry & Dry Goods,110,can,635.71,960.11,2028-04-24,Aisle 06,ambient
Plant-Based Stainless Steel Scrubber 3pk 1kg,Deccan Mills,HOUS-002868,890100641866,Household & Personal Care,9,bottle,273.83,368.30,2029-02-27,Aisle 12,ambient
Whole-Grain Heavy Cream 50g,Fortune Plantations,DAIR-002869,890100641867,Dairy & Eggs,175,packet,72.88,104.01,2026-09-11,Aisle 02,chilled
Signature Truffle Infused Sweet Potatoes 400g,Nature Harvest Farms,FRES-002870,890100641868,Fresh Produce,205,bunch,77.31,103.32,2026-09-12,Aisle 01,chilled
Desi Raw Wildflower Honey 5L,Himalayan Dairy,PANT-002871,890100641869,Pantry & Dry Goods,99,bottle,391.12,526.06,2027-04-11,Aisle 07,ambient
Grass-Fed Roasted Salted Cashews 12-Pack,Vedic Fresh Naturals,SNAC-002872,890100641870,Snacks & Confectionery,96,bar,206.08,259.30,2026-12-28,Aisle 09,ambient
Royal Coconut Cream Stainless Steel Scrubber 3pk 24-Pack,Pashmina Milling,HOUS-002873,890100641871,Household & Personal Care,129,tube,449.90,604.11,2028-04-30,Aisle 12,ambient
Select Diet Mixture Namkeen 1kg,Ganga Plantations,SNAC-002874,890100641872,Snacks & Confectionery,64,bag,547.25,821.11,2026-12-14,Aisle 09,ambient
Rustic Alphonso Kulfi Tub 5L,Desi Organics Kitchens,FROZ-002875,890100641873,Frozen Foods,226,packet,238.65,352.00,2027-08-06,Aisle 08,frozen
Smoked Alphonso Mango Herbal Hand Wash Neem 100g,SunBrite Milling,HOUS-002876,890100641874,Household & Personal Care,145,box,569.20,800.90,2028-03-01,Aisle 12,ambient
Homestyle Masala Chai Frozen Samosas 6-Pack,Everest Co.,FROZ-002877,890100641875,Frozen Foods,7,tub,107.13,165.91,2026-10-26,Aisle 09,frozen
Sweet Greek Yogurt 250ml,Satvik Goods,DAIR-002878,890100641876,Dairy & Eggs,15,packet,78.03,134.54,2026-09-11,Aisle 02,chilled
Cold-Pressed Moong Dal Namkeen Family Pack,Urban Roots Kitchens,SNAC-002879,890100641877,Snacks & Confectionery,175,packet,419.60,758.85,2026-08-19,Aisle 09,ambient
Spiced Masala Potato Chips 8-Pack,Royal Indian Naturals,SNAC-002880,890100641878,Snacks & Confectionery,237,bar,383.63,571.00,2027-01-24,Aisle 10,ambient
Handcrafted Pista Almond Whole Wheat Atta Bread 400g,Saffola Kitchens,BAKE-002881,890100641879,Bakery & Deli,144,pack,251.79,457.75,2026-09-02,Aisle 03,chilled
Smoked Biodegradable Garbage Bags Value Pack,Green Earth Co.,HOUS-002882,890100641880,Household & Personal Care,124,box,39.76,50.63,2028-01-23,Aisle 12,ambient
Aged Masala Chai Flavored Yogurt Value Pack,Mother Dairy Goods,DAIR-002883,890100641881,Dairy & Eggs,229,packet,454.96,661.89,2026-09-11,Aisle 02,chilled
Cured Smoked Paprika Ayurvedic Bath Soap 10-Pack,Heritage Plantations,HOUS-002884,890100641882,Household & Personal Care,219,box,253.50,380.23,2026-08-30,Aisle 11,ambient
Cold-Pressed Pista Almond Brownie Bites 12-Pack,Nature Harvest Milling,BAKE-002885,890100641883,Bakery & Deli,144,box,56.07,101.23,2026-09-01,Aisle 03,chilled
Grass-Fed Liquid Laundry Detergent 10-Pack,Green Earth Agro,HOUS-002886,890100641884,Household & Personal Care,5,packet,42.71,55.96,2027-06-16,Aisle 11,ambient
Gourmet Kesar Pista Organic Brown Sugar 10kg,Urban Roots Naturals,PANT-002887,890100641885,Pantry & Dry Goods,46,can,685.44,885.22,2027-12-08,Aisle 06,ambient
Cold-Pressed Cardamom Spiced Kabuli Chana Large 200g,Mother Dairy Provisions,PANT-002888,890100641886,Pantry & Dry Goods,141,bag,360.20,654.46,2028-01-07,Aisle 08,ambient
Artisan Himalayan Spring Water 150g,SunBrite Kitchens,BEVE-002889,890100641887,Beverages,4,bottle,223.87,281.86,2026-11-09,Aisle 05,chilled
Low-Sodium Floor Disinfectant Pine 750ml,Catch Farms,HOUS-002890,890100641888,Household & Personal Care,183,pack,308.77,569.31,2028-12-10,Aisle 11,ambient
Select Kashmiri Saffron Raw Wildflower Honey 100g,Saffola Goods,PANT-002891,890100641889,Pantry & Dry Goods,209,bag,301.72,502.64,2026-08-30,Aisle 07,ambient
Unpolished Toasted Sesame Stainless Steel Scrubber 3pk 4-Pack,Bhoomi Provisions,HOUS-002892,890100641890,Household & Personal Care,29,bottle,357.90,621.23,2026-08-30,Aisle 11,ambient
Homestyle Catla Fish Steaks 250g,Pashmina Foods,MEAT-002893,890100641891,Meat & Seafood,203,pcs,315.81,398.33,2026-08-30,Aisle 05,chilled
Farm-Fresh Aloo Tikki 8-Pack 1.5L,Satvik Kitchens,FROZ-002894,890100641892,Frozen Foods,38,box,66.88,85.77,2026-11-29,Aisle 08,frozen
Gourmet Rose Infused Mixed Berries Frozen 12-Pack,Kaveri Springs,FROZ-002895,890100641893,Frozen Foods,196,bag,335.47,508.11,2027-05-03,Aisle 09,frozen
Homestyle Cinnamon Spice Apple Cider Vinegar Drink 750ml,Urban Roots Provisions,BEVE-002896,890100641894,Beverages,231,bag,30.28,41.01,2026-08-29,Aisle 06,chilled
Signature Clove & Mint Toothpaste 200g,Nilgiri Springs,HOUS-002897,890100641895,Household & Personal Care,211,pack,133.94,232.08,2029-04-09,Aisle 11,ambient
Unpolished Nagpur Orange Mozzarella Shredded 12-Pack,Pashmina Plantations,DAIR-002898,890100641896,Dairy & Eggs,150,bottle,284.39,421.91,2026-09-08,Aisle 02,chilled
Organic Rose Infused Butter Murukku 5kg,Kaveri Foods,SNAC-002899,890100641897,Snacks & Confectionery,117,packet,55.82,91.15,2027-03-29,Aisle 09,ambient
Natural Tandoori Smoked Hash Browns 6pk 200g,Tata Kitchens,FROZ-002900,890100641898,Frozen Foods,102,bag,389.72,499.06,2026-11-15,Aisle 08,frozen
Traditional Chatpata Masala Aloo Tikki 8-Pack 1L,Tata Foods,FROZ-002901,890100641899,Frozen Foods,168,packet,366.07,606.80,2026-10-30,Aisle 08,frozen
Roasted Roasted Salted Cashews 350g,SunBrite Farms,SNAC-002902,890100641900,Snacks & Confectionery,229,box,121.65,163.20,2026-08-29,Aisle 09,ambient
Golden Pasture Eggs 330ml,Mother Dairy Organics,DAIR-002903,890100641901,Dairy & Eggs,123,packet,493.99,866.36,2026-09-03,Aisle 02,chilled
Roasted Ajwain & Jeera Cream Cheese 250g,Pure Vedic Naturals,DAIR-002904,890100641902,Dairy & Eggs,142,box,436.96,741.96,2026-09-12,Aisle 02,chilled
Handcrafted Garlic & Herb Butter Croissants Family Pack,Nilgiri Springs,BAKE-002905,890100641903,Bakery & Deli,157,pcs,288.97,509.10,2026-09-02,Aisle 04,ambient
Royal Golden Ginger Brownie Bites 6-Pack,Pashmina Plantations,BAKE-002906,890100641904,Bakery & Deli,28,pack,57.40,84.16,2026-09-01,Aisle 03,chilled
Heritage Extra Virgin Olive Oil 150ml,Pure Vedic Foods,PANT-002907,890100641905,Pantry & Dry Goods,112,jar,241.03,353.28,2027-03-14,Aisle 08,ambient
Extra-Virgin Fabric Softener Floral 2-Pack,Tata Harvest,HOUS-002908,890100641906,Household & Personal Care,195,tube,147.64,192.48,2029-01-15,Aisle 12,ambient
Pure Mozzarella Shredded 1.5L,FarmGold Naturals,DAIR-002909,890100641907,Dairy & Eggs,138,tub,351.79,552.06,2026-09-24,Aisle 02,chilled
Rustic Masala Chai Ayurvedic Bath Soap 5L,FarmGold Milling,HOUS-002910,890100641908,Household & Personal Care,206,tube,484.09,652.40,2028-09-05,Aisle 11,ambient
Sweet Kachi Ghani Mustard Herbal Hand Wash Neem 750g,Amul Botanicals,HOUS-002911,890100641909,Household & Personal Care,179,bottle,164.44,230.22,2028-06-28,Aisle 11,ambient
Heritage Ginger Root Family Pack,Himalayan Organics,FRES-002912,890100641910,Fresh Produce,204,pcs,17.54,24.79,2026-09-06,Aisle 02,ambient
Gluten-Free Frozen Veg Momos 24-Pack,Catch Provisions,FROZ-002913,890100641911,Frozen Foods,135,bag,228.08,367.83,2027-01-01,Aisle 09,frozen
Heritage Jalapeno Lime Cold Pressed Orange Juice 500ml,Deccan Dairy,BEVE-002914,890100641912,Beverages,63,bottle,437.96,768.91,2026-08-30,Aisle 05,ambient
Sweet Moong Dal Washed 24-Pack,Organic Tattva Agro,PANT-002915,890100641913,Pantry & Dry Goods,171,bottle,71.53,115.58,2028-02-19,Aisle 06,ambient
Gourmet Wood-Fired Veggie Pizza 5kg,Tata Botanicals,FROZ-002916,890100641914,Frozen Foods,123,box,306.54,535.30,2027-06-12,Aisle 09,frozen
Crisp Kachi Ghani Mustard Gourmet Cookies Choco-Chip Family Pack,Pure Vedic Springs,SNAC-002917,890100641915,Snacks & Confectionery,44,bar,277.75,451.70,2027-02-05,Aisle 10,ambient
Extra-Virgin Truffle Infused Oat Milk 200ml,FarmGold Organics,DAIR-002918,890100641916,Dairy & Eggs,227,box,242.29,341.84,2026-08-31,Aisle 02,chilled
Royal Tender Coconut Water 150g,SunBrite Farms,BEVE-002919,890100641917,Beverages,122,carton,313.37,503.61,2026-12-18,Aisle 05,chilled
Gluten-Free Dark Chocolate Liquid Laundry Detergent 10kg,Catch Kitchens,HOUS-002920,890100641918,Household & Personal Care,133,tube,193.56,266.93,2028-12-04,Aisle 11,ambient
Spiced Electrolyte Energy Drink 24-Pack,Royal Indian Harvest,BEVE-002921,890100641919,Beverages,102,pack,186.88,289.65,2027-04-05,Aisle 05,ambient
Heritage Atlantic Salmon Fillet 6-Pack,Nilgiri Co.,MEAT-002922,890100641920,Meat & Seafood,126,pcs,579.64,959.35,2026-08-31,Aisle 05,chilled
Cured Alphonso Mango Kabuli Chana Large 5kg,Desi Organics Agro,PANT-002923,890100641921,Pantry & Dry Goods,43,box,465.22,828.41,2026-12-27,Aisle 08,ambient
Country Style Kashmiri Saffron Liquid Laundry Detergent 400g,Pure Vedic Botanicals,HOUS-002924,890100641922,Household & Personal Care,98,bottle,555.19,901.98,2028-01-16,Aisle 11,ambient
Authentic Urad Dal Whole 500ml,Green Earth Provisions,PANT-002925,890100641923,Pantry & Dry Goods,116,packet,350.26,504.80,2027-06-22,Aisle 06,ambient
Sweet Jalapeno Lime Royal Basmati Rice 2kg,Nilgiri Goods,PANT-002926,890100641924,Pantry & Dry Goods,245,bag,91.05,148.00,2028-05-23,Aisle 08,ambient
Cold-Pressed Garlic & Herb Ciabatta Roll 8-Pack,Nature Harvest Goods,BAKE-002927,890100641925,Bakery & Deli,236,pcs,54.18,82.84,2026-08-31,Aisle 04,chilled
Sweet Cinnamon Spice Frozen Paneer Cubes 2-Pack,Patanjali Springs,FROZ-002928,890100641926,Frozen Foods,81,pack,231.59,346.98,2027-03-31,Aisle 08,frozen
Traditional Caramelized Onion Palak Leaves 10-Pack,Desi Organics Naturals,FRES-002929,890100641927,Fresh Produce,87,pack,70.39,124.88,2026-09-08,Aisle 02,ambient
Rustic Truffle Infused Frozen Samosas 1L,Mother Dairy Goods,FROZ-002930,890100641928,Frozen Foods,82,packet,92.67,149.81,2027-03-28,Aisle 08,frozen
Extra-Virgin Sea Salt Whole Wheat Atta Bread Snack Pack,Nature Harvest Kitchens,BAKE-002931,890100641929,Bakery & Deli,83,box,246.26,327.44,2026-09-01,Aisle 04,chilled
Royal Pista Almond Spicy Peanut Chikki 300g,Organic Tattva Foods,SNAC-002932,890100641930,Snacks & Confectionery,165,tub,253.79,381.35,2026-10-15,Aisle 09,ambient
Pure Kesar Pista Butter Croissants 200g,Desi Organics Organics,BAKE-002933,890100641931,Bakery & Deli,108,pack,101.56,171.59,2026-09-04,Aisle 04,chilled
Royal Masala Chai Herbal Hand Wash Neem 2L,Heritage Mills,HOUS-002934,890100641932,Household & Personal Care,77,packet,272.82,346.06,2029-04-07,Aisle 11,ambient
Farm-Fresh Truffle Infused Frozen Paneer Cubes 1kg,Mother Dairy Kitchens,FROZ-002935,890100641933,Frozen Foods,64,packet,142.35,197.51,2027-01-21,Aisle 08,frozen
Whole-Grain Sweet Tamarind Paneer Block Value Pack,Pashmina Milling,DAIR-002936,890100641934,Dairy & Eggs,63,tub,507.50,788.08,2026-09-09,Aisle 02,chilled
Sun-Dried Masala Chai Rusk Toast 750g,Tata Naturals,BAKE-002937,890100641935,Bakery & Deli,192,box,61.24,101.19,2026-09-01,Aisle 03,chilled
Golden Mint Lime Paneer Block 300g,Nilgiri Harvest,DAIR-002938,890100641936,Dairy & Eggs,142,box,46.84,86.02,2026-09-23,Aisle 02,chilled
Sweet Tulsi Honey Espresso Roast Ground Coffee Value Pack,Desi Organics Dairy,BEVE-002939,890100641937,Beverages,123,bottle,334.84,551.96,2027-03-11,Aisle 05,chilled
Low-Sodium Veg Burger Patties 50g,Bhoomi Springs,FROZ-002940,890100641938,Frozen Foods,154,box,272.04,362.02,2026-11-15,Aisle 08,frozen
Gourmet Sea Salt Fabric Softener Floral 4-Pack,Nature Harvest Naturals,HOUS-002941,890100641939,Household & Personal Care,196,pack,61.20,90.20,2027-05-13,Aisle 12,ambient
Select Paneer Tikka Deli 12-Pack,FarmGold Provisions,BAKE-002942,890100641940,Bakery & Deli,126,pcs,242.64,401.75,2026-08-28,Aisle 03,ambient
Organic Kachi Ghani Mustard Penne Rigate Pasta 200ml,Himalayan Springs,PANT-002943,890100641941,Pantry & Dry Goods,181,jar,513.18,644.24,2027-11-24,Aisle 06,ambient
Desi Cow Milk 250ml,Dabur Farms,DAIR-002944,890100641942,Dairy & Eggs,25,box,98.27,125.78,2026-09-18,Aisle 02,chilled
Raw Tonic Water Premium 250ml,Everest Organics,BEVE-002945,890100641943,Beverages,54,box,275.49,431.08,2026-08-29,Aisle 05,chilled
Traditional Toasted Sesame Butter Croissants 2kg,Catch Organics,BAKE-002946,890100641944,Bakery & Deli,229,box,70.98,127.15,2026-09-05,Aisle 03,chilled
Natural Kachi Ghani Mustard Apple Cider Vinegar Drink 5kg,FarmGold Agro,BEVE-002947,890100641945,Beverages,188,bag,135.72,178.96,2027-05-28,Aisle 06,ambient
Heritage Alphonso Mango Tender Coconut Water Family Pack,Nature Harvest Agro,BEVE-002948,890100641946,Beverages,47,bottle,406.05,565.40,2026-11-05,Aisle 05,chilled
Valley Fresh Coconut Cream Coconut Milk Canned Family Pack,Tata Foods,PANT-002949,890100641947,Pantry & Dry Goods,192,bottle,517.76,901.91,2027-04-26,Aisle 06,ambient
Signature Truffle Infused French Fries Crispy 12-Pack,Himalayan Milling,FROZ-002950,890100641948,Frozen Foods,162,packet,357.19,546.55,2027-04-25,Aisle 08,frozen
Heritage Red Chilli & Garlic Fruit Muffins 12-Pack,Deccan Dairy,BAKE-002951,890100641949,Bakery & Deli,52,box,60.50,107.41,2026-09-07,Aisle 03,chilled
Sweet Lassi Mango Infused 100g,Green Earth Kitchens,DAIR-002952,890100641950,Dairy & Eggs,93,bottle,181.94,298.11,2026-09-23,Aisle 03,chilled
Plant-Based Roasted Makhana Foxnuts 1L,Kaveri Mills,SNAC-002953,890100641951,Snacks & Confectionery,40,bar,282.65,503.24,2026-08-27,Aisle 09,ambient
Stone-Ground Atlantic Salmon Fillet 8-Pack,Catch Goods,MEAT-002954,890100641952,Meat & Seafood,210,kg,221.35,357.38,2026-08-27,Aisle 05,chilled
Signature Rose Infused Lavash Crackers 200g,Vedic Fresh Organics,BAKE-002955,890100641953,Bakery & Deli,66,pcs,256.91,403.71,2026-09-02,Aisle 04,ambient
Zero-Sugar Broccoli Crowns 10kg,Royal Indian Provisions,FRES-002956,890100641954,Fresh Produce,177,bunch,96.73,165.34,2026-09-05,Aisle 01,ambient
Smoked Ajwain & Jeera Bottle Gourd (Lauki) 2-Pack,Green Earth Provisions,FRES-002957,890100641955,Fresh Produce,173,kg,147.46,245.55,2026-09-14,Aisle 02,ambient
Gluten-Free Chicken Sausages 300g,Everest Agro,MEAT-002958,890100641956,Meat & Seafood,70,kg,586.37,797.41,2026-08-16,Aisle 05,chilled
Roasted Alphonso Mango Lavash Crackers 50g,Urban Roots Naturals,BAKE-002959,890100641957,Bakery & Deli,96,pack,25.36,33.94,2026-09-03,Aisle 03,chilled
Authentic Alphonso Mango California Almonds 10kg,Catch Harvest,SNAC-002960,890100641958,Snacks & Confectionery,137,bar,189.15,261.75,2027-04-10,Aisle 09,ambient
Natural Roasted Makhana Foxnuts 50g,Pashmina Goods,SNAC-002961,890100641959,Snacks & Confectionery,119,box,416.45,732.62,2026-12-18,Aisle 10,ambient
Pure Kesar Pista Kaju Katli Sweet Box Value Pack,Kaveri Goods,SNAC-002962,890100641960,Snacks & Confectionery,247,bar,139.31,253.15,2026-10-27,Aisle 10,ambient
Desi Bell Peppers 50g,Desi Organics Dairy,FRES-002963,890100641961,Fresh Produce,131,pack,156.32,287.18,2026-08-27,Aisle 01,chilled
Gourmet Pista Almond Surface Floor Cleaner Rose 10-Pack,Pure Vedic Organics,HOUS-002964,890100641962,Household & Personal Care,29,bottle,528.49,789.17,2027-12-20,Aisle 11,ambient
Unpolished Cinnamon Spice Frozen Samosas 330ml,Nilgiri Springs,FROZ-002965,890100641963,Frozen Foods,160,box,294.12,382.18,2027-07-19,Aisle 08,frozen
Farm-Fresh Sweet Tamarind Green Peas Fresh 5kg,Everest Foods,FRES-002966,890100641964,Fresh Produce,185,bunch,143.83,210.47,2026-09-02,Aisle 01,ambient
Crisp Surmai Steaks 200ml,Deccan Naturals,MEAT-002967,890100641965,Meat & Seafood,11,kg,817.22,1030.35,2026-09-01,Aisle 04,chilled
Aged Espresso Roast Ground Coffee 750g,Satvik Provisions,BEVE-002968,890100641966,Beverages,152,bottle,218.33,320.15,2027-05-02,Aisle 06,ambient
Cold-Pressed Masala CTC Tea 350g,Green Earth Organics,BEVE-002969,890100641967,Beverages,247,bottle,184.52,274.74,2027-02-17,Aisle 05,chilled
Low-Sodium Cardamom Spiced Ladyfinger (Bhindi) 250ml,Heritage Goods,FRES-002970,890100641968,Fresh Produce,9,bag,126.26,213.38,2026-08-21,Aisle 02,chilled
Cured Fabric Softener Floral 100g,Urban Roots Springs,HOUS-002971,890100641969,Household & Personal Care,241,pack,501.77,776.16,2028-01-13,Aisle 11,ambient
Aged Kachi Ghani Mustard Pink Himalayan Salt 750ml,Everest Foods,PANT-002972,890100641970,Pantry & Dry Goods,118,can,406.81,680.63,2027-03-23,Aisle 07,ambient
Pure Masala Chai Red Onions 2L,FarmGold Goods,FRES-002973,890100641971,Fresh Produce,106,pcs,94.49,146.19,2026-09-03,Aisle 02,ambient
Aged Butter Croissants 2-Pack,Saffola Mills,BAKE-002974,890100641972,Bakery & Deli,229,pack,38.01,56.12,2026-09-10,Aisle 04,ambient
Organic Sea Salt Badam Milk Drink 200g,FarmGold Agro,BEVE-002975,890100641973,Beverages,95,bag,45.18,61.91,2027-08-09,Aisle 06,ambient
Heritage Feta Cheese 250ml,Saffola Harvest,DAIR-002976,890100641974,Dairy & Eggs,208,bottle,356.80,451.49,2026-09-09,Aisle 03,chilled
Farm-Fresh Garlic & Herb Paneer Paratha Frozen 6-Pack,Patanjali Foods,FROZ-002977,890100641975,Frozen Foods,244,tub,278.44,507.29,2026-12-27,Aisle 09,frozen
Premium Broccoli Crowns 1.5L,Deccan Organics,FRES-002978,890100641976,Fresh Produce,15,bag,67.45,123.08,2026-09-03,Aisle 02,ambient
Wildcrafted Garlic & Herb Electrolyte Energy Drink 200g,Urban Roots Co.,BEVE-002979,890100641977,Beverages,41,bottle,268.96,419.48,2027-01-22,Aisle 05,chilled
Rustic Tandoori Smoked Stainless Steel Scrubber 3pk 2-Pack,Bhoomi Co.,HOUS-002980,890100641978,Household & Personal Care,20,pack,283.26,495.37,2028-07-22,Aisle 11,ambient
Crisp Mint Lime 70% Dark Chocolate Bar 100g,Royal Indian Springs,SNAC-002981,890100641979,Snacks & Confectionery,126,packet,398.39,659.97,2027-05-28,Aisle 09,ambient
Extra-Virgin Chana Dal Polished 1kg,Ganga Kitchens,PANT-002982,890100641980,Pantry & Dry Goods,153,packet,629.26,1054.62,2027-04-23,Aisle 06,ambient
Sweet Biodegradable Garbage Bags 1L,FarmGold Springs,HOUS-002983,890100641981,Household & Personal Care,189,bottle,595.14,893.12,2029-01-20,Aisle 12,ambient
Country Style Red Chilli & Garlic Almond Milk 350g,Vedic Fresh Dairy,DAIR-002984,890100641982,Dairy & Eggs,229,packet,31.44,50.71,2026-09-14,Aisle 03,chilled
Homestyle Dark Chocolate Lentils Red Masoor 750ml,Pashmina Naturals,PANT-002985,890100641983,Pantry & Dry Goods,177,packet,520.51,961.31,2028-01-31,Aisle 07,ambient
Whole-Grain Dishwash Gel Lemon 250ml,Tata Mills,HOUS-002986,890100641984,Household & Personal Care,160,box,84.73,130.53,2026-08-29,Aisle 11,ambient
Stone-Ground Oat Milk 2-Pack,Vedic Fresh Goods,DAIR-002987,890100641985,Dairy & Eggs,130,pack,406.70,599.38,2026-09-08,Aisle 03,chilled
Sweet Nagpur Orange Veg Spring Rolls 2-Pack,Royal Indian Co.,FROZ-002988,890100641986,Frozen Foods,215,bag,298.49,423.39,2027-08-15,Aisle 09,frozen
Low-Sodium Nagpur Orange Boneless Chicken Breast 750ml,FarmGold Plantations,MEAT-002989,890100641987,Meat & Seafood,226,pcs,763.97,1399.00,2026-08-30,Aisle 05,chilled
Grass-Fed Pista Almond Gouda Block Family Pack,Organic Tattva Harvest,DAIR-002990,890100641988,Dairy & Eggs,215,box,452.70,614.71,2026-08-30,Aisle 03,chilled
Sweet Smoked Paprika Pasture Eggs 8-Pack,Pure Vedic Provisions,DAIR-002991,890100641989,Dairy & Eggs,33,bottle,282.34,477.00,2026-09-11,Aisle 02,chilled
Organic Mint Lime 70% Dark Chocolate Bar 330ml,Green Earth Springs,SNAC-002992,890100641990,Snacks & Confectionery,221,packet,318.76,471.34,2027-03-02,Aisle 09,ambient
Rustic Smoked Paprika Paneer Tikka Deli 24-Pack,Vedic Fresh Naturals,BAKE-002993,890100641991,Bakery & Deli,222,box,179.90,307.59,2026-08-30,Aisle 03,ambient
Royal Gourmet Cookies Choco-Chip 5kg,Desi Organics Harvest,SNAC-002994,890100641992,Snacks & Confectionery,51,pack,441.61,645.55,2027-05-27,Aisle 09,ambient
Organic Chicken Drumsticks 350g,Ganga Kitchens,MEAT-002995,890100641993,Meat & Seafood,81,kg,595.20,977.78,2026-09-03,Aisle 05,chilled
Golden French Fries Crispy 2L,Bhoomi Naturals,FROZ-002996,890100641994,Frozen Foods,202,tub,64.25,95.62,2027-03-14,Aisle 09,frozen
Artisan Paneer Paratha Frozen Value Pack,Satvik Goods,FROZ-002997,890100641995,Frozen Foods,136,packet,173.12,303.29,2026-11-20,Aisle 08,frozen
Aged Surface Floor Cleaner Rose 200g,Desi Organics Goods,HOUS-002998,890100641996,Household & Personal Care,92,pack,374.54,560.16,2027-12-25,Aisle 12,ambient
Cold-Pressed Vanilla Bean Gulab Jamun Tin 4-Pack,Urban Roots Naturals,SNAC-002999,890100641997,Snacks & Confectionery,141,tub,131.24,229.46,2027-03-28,Aisle 09,ambient
Desi Dark Chocolate Ladyfinger (Bhindi) 100g,Mother Dairy Organics,FRES-003000,890100641998,Fresh Produce,91,pcs,138.50,207.49,2026-08-30,Aisle 02,ambient
Heritage Golden Ginger Chicken Frankfurters 750ml,Nilgiri Co.,BAKE-003001,890100641999,Bakery & Deli,92,pcs,164.84,258.41,2026-09-01,Aisle 04,ambient
Aged Bottle Gourd (Lauki) 8-Pack,Patanjali Botanicals,FRES-003002,890100642000,Fresh Produce,83,pack,46.80,67.66,2026-09-10,Aisle 02,ambient
Farm-Fresh Truffle Infused Pears 150g,Desi Organics Kitchens,FRES-003003,890100642001,Fresh Produce,59,pcs,16.22,24.95,2026-09-10,Aisle 02,chilled
Signature Chana Dal Polished 2-Pack,Organic Tattva Agro,PANT-003004,890100642002,Pantry & Dry Goods,209,bottle,333.88,548.16,2028-03-28,Aisle 07,ambient
Plant-Based Makhana Crunch Roma Tomatoes Value Pack,Everest Agro,FRES-003005,890100642003,Fresh Produce,230,pcs,53.53,76.77,2026-08-29,Aisle 01,ambient
Handcrafted Lemon Pepper Strawberries 330ml,Fortune Milling,FRES-003006,890100642004,Fresh Produce,12,bag,16.92,27.34,2026-09-12,Aisle 01,ambient
Smoked Toasted Sesame Lassi Mango Infused 750g,FarmGold Kitchens,DAIR-003007,890100642005,Dairy & Eggs,73,tub,423.79,629.23,2026-08-30,Aisle 03,chilled
Natural Pomegranates 150ml,Satvik Agro,FRES-003008,890100642006,Fresh Produce,179,bag,28.35,39.34,2026-09-16,Aisle 02,ambient
Heritage Coconut Cream Garlic Naan Frozen 4pk 5kg,Everest Goods,FROZ-003009,890100642007,Frozen Foods,191,box,101.49,152.76,2027-06-11,Aisle 08,frozen
Desi Moong Dal Namkeen 5kg,SunBrite Organics,SNAC-003010,890100642008,Snacks & Confectionery,248,box,99.31,141.85,2027-02-24,Aisle 10,ambient
Country Style Bath Tissue 6-Pack 330ml,Green Earth Agro,HOUS-003011,890100642009,Household & Personal Care,36,box,587.65,895.75,2028-11-16,Aisle 12,ambient
Traditional Red Chilli & Garlic Cheese Croissant 5L,Pure Vedic Organics,BAKE-003012,890100642010,Bakery & Deli,140,pack,30.94,50.69,2026-08-28,Aisle 03,chilled
Organic Chatpata Masala Liquid Laundry Detergent 500g,Pashmina Co.,HOUS-003013,890100642011,Household & Personal Care,30,pack,212.46,310.61,2029-03-28,Aisle 12,ambient
Royal Banana Chips Kerala Style 2-Pack,Amul Plantations,SNAC-003014,890100642012,Snacks & Confectionery,144,bag,422.17,679.10,2026-12-27,Aisle 09,ambient
Plant-Based Toasted Sesame Kaju Katli Sweet Box 330ml,Pure Vedic Plantations,SNAC-003015,890100642013,Snacks & Confectionery,216,tub,344.86,614.84,2026-11-13,Aisle 09,ambient
Handcrafted Cucumbers 2L,Green Earth Harvest,FRES-003016,890100642014,Fresh Produce,14,pcs,27.94,35.68,2026-09-12,Aisle 01,ambient
Natural Kachi Ghani Mustard Fresh Rohu Fish 5kg,Green Earth Co.,MEAT-003017,890100642015,Meat & Seafood,118,pcs,202.44,304.78,2026-08-30,Aisle 05,chilled
Low-Sodium Cinnamon Spice Crab Meat Fresh Value Pack,Satvik Farms,MEAT-003018,890100642016,Meat & Seafood,231,pcs,801.10,1474.06,2026-09-02,Aisle 04,chilled
Handcrafted Mint Lime Pineapples 10-Pack,Patanjali Plantations,FRES-003019,890100642017,Fresh Produce,78,bag,76.09,95.37,2026-08-27,Aisle 02,ambient
Homestyle Chatpata Masala Garlic Naan Frozen 4pk 5L,Himalayan Harvest,FROZ-003020,890100642018,Frozen Foods,83,packet,367.16,662.49,2027-02-26,Aisle 08,frozen
Select Organic Brown Sugar 12-Pack,Heritage Agro,PANT-003021,890100642019,Pantry & Dry Goods,143,jar,413.89,688.66,2026-08-27,Aisle 08,ambient
Whole-Grain Caramelized Onion Oat Milk 50g,Organic Tattva Plantations,DAIR-003022,890100642020,Dairy & Eggs,55,pack,259.82,454.37,2026-09-11,Aisle 02,chilled
Roasted Tulsi Honey Chicken Drumsticks 4-Pack,Fortune Springs,MEAT-003023,890100642021,Meat & Seafood,35,pack,774.44,1401.80,2026-09-01,Aisle 05,chilled
Plant-Based Mixed Berries Frozen 330ml,Deccan Botanicals,FROZ-003024,890100642022,Frozen Foods,67,packet,208.43,360.21,2026-08-28,Aisle 09,frozen
Grass-Fed Shampoo Anti-Dandruff 750g,Everest Plantations,HOUS-003025,890100642023,Household & Personal Care,180,packet,119.06,195.28,2028-01-18,Aisle 12,ambient
Signature Mint Lime Roasted Makhana Foxnuts 150ml,Urban Roots Provisions,SNAC-003026,890100642024,Snacks & Confectionery,67,pack,112.52,153.14,2027-03-19,Aisle 09,ambient
Plant-Based Tonic Water Premium 24-Pack,Catch Co.,BEVE-003027,890100642025,Beverages,99,carton,266.51,477.11,2027-02-03,Aisle 06,ambient
Free-Range Dark Chocolate Cashew Paste Curry Base 300g,Catch Farms,PANT-003028,890100642026,Pantry & Dry Goods,219,box,642.03,993.15,2026-08-21,Aisle 07,ambient
Natural Goat Mince Premium 5L,Himalayan Harvest,MEAT-003029,890100642027,Meat & Seafood,37,kg,622.31,879.12,2026-08-29,Aisle 04,chilled
Grass-Fed Fruit Cake Slice 350g,Royal Indian Provisions,BAKE-003030,890100642028,Bakery & Deli,68,pack,25.91,41.35,2026-08-31,Aisle 03,chilled
Sun-Dried Roasted Salted Cashews 5kg,Urban Roots Farms,SNAC-003031,890100642029,Snacks & Confectionery,15,box,91.49,140.90,2027-03-29,Aisle 10,ambient
Homestyle Truffle Infused Dishwash Gel Lemon 1L,Himalayan Milling,HOUS-003032,890100642030,Household & Personal Care,9,packet,586.26,990.43,2028-03-10,Aisle 11,ambient
Zero-Sugar Stainless Steel Scrubber 3pk 500g,Catch Springs,HOUS-003033,890100642031,Household & Personal Care,203,packet,241.31,344.82,2028-02-04,Aisle 12,ambient
Golden Chaash / Buttermilk 500g,Tata Agro,DAIR-003034,890100642032,Dairy & Eggs,248,tub,325.30,473.15,2026-09-01,Aisle 02,chilled
Heritage Ajwain & Jeera Bagel Plain 4pk 5L,SunBrite Farms,BAKE-003035,890100642033,Bakery & Deli,176,pack,78.75,112.82,2026-09-07,Aisle 04,chilled
Plant-Based Truffle Infused Smoked Chicken Slices Value Pack,Pashmina Harvest,BAKE-003036,890100642034,Bakery & Deli,185,pack,55.00,72.57,2026-09-03,Aisle 04,chilled
Gourmet Paneer Block 1L,Tata Provisions,DAIR-003037,890100642035,Dairy & Eggs,226,bottle,407.87,706.11,2026-09-06,Aisle 02,chilled
Authentic Sweet Potatoes 350g,Amul Botanicals,FRES-003038,890100642036,Fresh Produce,70,bunch,44.67,65.95,2026-09-01,Aisle 02,chilled
Heritage Butter Murukku 500ml,Mother Dairy Kitchens,SNAC-003039,890100642037,Snacks & Confectionery,101,box,411.76,653.79,2026-12-10,Aisle 10,ambient
Plant-Based Smoked Paprika Himalayan Spring Water 500ml,Heritage Provisions,BEVE-003040,890100642038,Beverages,22,box,63.17,90.69,2027-05-16,Aisle 06,ambient
Plant-Based Smoked Paprika Raw Wildflower Honey 200ml,Amul Co.,PANT-003041,890100642039,Pantry & Dry Goods,250,packet,508.71,679.34,2026-08-20,Aisle 07,ambient
Whole-Grain Banana Chips Kerala Style 10-Pack,SunBrite Springs,SNAC-003042,890100642040,Snacks & Confectionery,198,tub,168.11,219.82,2027-05-18,Aisle 09,ambient
Farm-Fresh Mosquito Vaporizer Refill 2kg,Kaveri Agro,HOUS-003043,890100642041,Household & Personal Care,47,tube,494.00,870.33,2027-07-13,Aisle 11,ambient
Free-Range Catla Fish Steaks 150g,Catch Agro,MEAT-003044,890100642042,Meat & Seafood,189,pcs,613.12,926.80,2026-08-28,Aisle 05,chilled
Premium Tandoori Smoked Himalayan Spring Water 150g,Pashmina Provisions,BEVE-003045,890100642043,Beverages,110,bottle,189.54,319.72,2027-06-23,Aisle 06,ambient
Wildcrafted Sweet Tamarind Lassi Mango Infused 500ml,Organic Tattva Goods,DAIR-003046,890100642044,Dairy & Eggs,79,bottle,100.47,169.25,2026-09-23,Aisle 02,chilled
Select Herbal Hand Wash Neem 750g,Green Earth Dairy,HOUS-003047,890100642045,Household & Personal Care,69,packet,104.33,181.56,2026-08-27,Aisle 11,ambient
Golden Fresh Methi 150g,Tata Mills,FRES-003048,890100642046,Fresh Produce,143,pcs,123.40,172.74,2026-09-13,Aisle 01,ambient
Spiced Mint Lime Butter Murukku 750g,Everest Harvest,SNAC-003049,890100642047,Snacks & Confectionery,151,pack,436.68,704.70,2027-05-27,Aisle 10,ambient
Desi Brownie Bites 8-Pack,Pure Vedic Organics,BAKE-003050,890100642048,Bakery & Deli,249,pcs,251.37,348.19,2026-09-04,Aisle 04,chilled
Artisan Moong Dal Washed 500ml,Deccan Springs,PANT-003051,890100642049,Pantry & Dry Goods,86,can,72.44,120.02,2028-03-01,Aisle 08,ambient
Crisp Tulsi Honey Coconut Milk Canned 150ml,Organic Tattva Springs,PANT-003052,890100642050,Pantry & Dry Goods,71,can,428.97,577.59,2026-08-27,Aisle 08,ambient
Organic Masala Chai Frozen Green Peas 100g,Dabur Botanicals,FROZ-003053,890100642051,Frozen Foods,99,bag,327.85,604.10,2027-03-25,Aisle 09,frozen
Spiced Malai Kulfi Bar 1L,SunBrite Kitchens,FROZ-003054,890100642052,Frozen Foods,19,tub,95.15,132.37,2027-02-08,Aisle 09,frozen
Royal Bell Peppers 1L,Bhoomi Plantations,FRES-003055,890100642053,Fresh Produce,246,kg,82.01,138.99,2026-09-10,Aisle 02,chilled
Sun-Dried Raw Wildflower Honey 5L,Organic Tattva Agro,PANT-003056,890100642054,Pantry & Dry Goods,169,bottle,395.46,718.36,2027-06-25,Aisle 08,ambient
Crisp Paneer Tikka Deli 250ml,Ganga Springs,BAKE-003057,890100642055,Bakery & Deli,213,box,221.18,361.29,2026-09-06,Aisle 04,ambient
Desi Vanilla Bean Fresh Chicken Curry Cut 350g,FarmGold Milling,MEAT-003058,890100642056,Meat & Seafood,163,pcs,598.36,868.90,2026-09-03,Aisle 04,chilled
Roasted Kesar Pista Roasted Makhana Foxnuts 250ml,Everest Kitchens,SNAC-003059,890100642057,Snacks & Confectionery,228,packet,142.50,199.67,2027-03-05,Aisle 10,ambient
Authentic Masala Chai Garlic Naan Frozen 4pk 8-Pack,Desi Organics Plantations,FROZ-003060,890100642058,Frozen Foods,108,box,417.86,764.38,2026-10-27,Aisle 09,frozen
Desi Pears 8-Pack,Royal Indian Kitchens,FRES-003061,890100642059,Fresh Produce,182,bag,70.25,105.34,2026-09-01,Aisle 01,ambient
Cured Chicken Keema 5L,Green Earth Springs,MEAT-003062,890100642060,Meat & Seafood,231,pcs,558.42,850.62,2026-09-03,Aisle 04,chilled
Country Style Jalapeno Lime Roma Tomatoes 500g,Organic Tattva Goods,FRES-003063,890100642061,Fresh Produce,184,bunch,88.96,160.58,2026-09-14,Aisle 01,ambient
Crisp Nagpur Orange Fish Fingers Frozen 250g,Himalayan Kitchens,FROZ-003064,890100642062,Frozen Foods,137,tub,184.30,277.18,2027-05-20,Aisle 08,frozen
Pure Golden Ginger Ginger Root 12-Pack,Mother Dairy Goods,FRES-003065,890100642063,Fresh Produce,119,pack,92.14,158.39,2026-09-14,Aisle 01,ambient
Heritage Coconut Cream Frozen Green Peas Value Pack,Urban Roots Provisions,FROZ-003066,890100642064,Frozen Foods,195,bag,343.64,484.29,2027-03-31,Aisle 09,frozen
Authentic Chatpata Masala Chana Dal Polished Snack Pack,Kaveri Kitchens,PANT-003067,890100642065,Pantry & Dry Goods,144,bag,715.77,1200.39,2027-06-02,Aisle 07,ambient
Wildcrafted Vanilla Bean Almond Milk 50g,Catch Organics,DAIR-003068,890100642066,Dairy & Eggs,37,carton,239.47,343.07,2026-09-21,Aisle 02,chilled
Signature Tiger Prawns Jumbo 100g,Himalayan Goods,MEAT-003069,890100642067,Meat & Seafood,171,pcs,560.57,727.34,2026-08-29,Aisle 04,chilled
Sun-Dried Fruit Muffins 2L,Patanjali Provisions,BAKE-003070,890100642068,Bakery & Deli,66,pcs,86.85,144.08,2026-09-03,Aisle 03,ambient
Farm-Fresh Tulsi Honey Pita Bread 10-Pack,Himalayan Goods,BAKE-003071,890100642069,Bakery & Deli,139,pack,155.15,283.31,2026-09-09,Aisle 03,ambient
Gourmet Cinnamon Spice Roasted Salted Cashews 250ml,Catch Farms,SNAC-003072,890100642070,Snacks & Confectionery,229,pack,344.24,536.13,2026-11-24,Aisle 10,ambient
Natural Kachi Ghani Mustard Extra Virgin Olive Oil 2-Pack,Dabur Springs,PANT-003073,890100642071,Pantry & Dry Goods,170,box,292.06,459.38,2027-10-21,Aisle 08,ambient
Authentic Lemons 200g,Amul Springs,FRES-003074,890100642072,Fresh Produce,120,pcs,46.43,70.61,2026-09-08,Aisle 01,ambient
Low-Sodium Custard Apple (Sitaphal) 10-Pack,Desi Organics Plantations,FRES-003075,890100642073,Fresh Produce,9,pack,46.54,68.31,2026-09-07,Aisle 02,ambient
Roasted Ayurvedic Bath Soap 250ml,Tata Co.,HOUS-003076,890100642074,Household & Personal Care,169,bottle,171.68,317.22,2027-06-14,Aisle 12,ambient
Zero-Sugar Masala Chai Surmai Steaks 500ml,Royal Indian Plantations,MEAT-003077,890100642075,Meat & Seafood,136,pack,185.61,322.37,2026-08-31,Aisle 05,chilled
Desi Masala CTC Tea 4-Pack,Amul Dairy,BEVE-003078,890100642076,Beverages,101,carton,30.62,38.53,2027-06-15,Aisle 05,ambient
Handcrafted Lemon Pepper Organic Sharbati Atta 200ml,Nature Harvest Milling,PANT-003079,890100642077,Pantry & Dry Goods,6,box,548.51,958.56,2028-07-31,Aisle 06,ambient
Natural Butter Murukku 350g,Fortune Agro,SNAC-003080,890100642078,Snacks & Confectionery,37,box,179.92,268.83,2027-04-16,Aisle 10,ambient
Organic Cinnamon Spice Coconut Milk Canned 8-Pack,Pashmina Organics,PANT-003081,890100642079,Pantry & Dry Goods,28,packet,690.71,1010.63,2027-09-27,Aisle 06,ambient
Artisan Brioche Burger Buns 8-Pack,Dabur Springs,BAKE-003082,890100642080,Bakery & Deli,69,pcs,157.24,280.95,2026-09-08,Aisle 04,chilled
Pure Dark Chocolate Mutton Curry Cut 100g,Vedic Fresh Foods,MEAT-003083,890100642081,Meat & Seafood,152,kg,749.10,1162.70,2026-08-29,Aisle 05,chilled
Spiced Kachi Ghani Mustard Fruit Muffins 500ml,Pure Vedic Plantations,BAKE-003084,890100642082,Bakery & Deli,46,pcs,256.38,381.21,2026-09-01,Aisle 03,ambient
Gluten-Free Sweet Tamarind Fresh Chicken Curry Cut 8-Pack,Everest Provisions,MEAT-003085,890100642083,Meat & Seafood,10,pcs,795.27,1252.33,2026-09-02,Aisle 05,chilled
Raw Garlic Naan Frozen 4pk Snack Pack,Fortune Farms,FROZ-003086,890100642084,Frozen Foods,126,pack,262.57,405.58,2027-07-06,Aisle 08,frozen
Valley Fresh Jalapeno Lime Aloo Tikki 8-Pack Snack Pack,FarmGold Goods,FROZ-003087,890100642085,Frozen Foods,37,bag,207.85,265.47,2026-11-08,Aisle 09,frozen
Valley Fresh Chatpata Masala Jeera Masala Soda 1.5L,Nature Harvest Springs,BEVE-003088,890100642086,Beverages,91,bottle,268.38,349.53,2027-03-05,Aisle 06,chilled
Signature Gulab Jamun Tin 330ml,Heritage Springs,SNAC-003089,890100642087,Snacks & Confectionery,39,packet,359.09,567.76,2026-08-27,Aisle 09,ambient
Plant-Based Tandoori Smoked Filter Coffee Beans 2-Pack,Dabur Plantations,BEVE-003090,890100642088,Beverages,224,bag,230.29,422.37,2026-11-06,Aisle 05,ambient
Premium Vanilla Bean Surface Floor Cleaner Rose 300g,Pure Vedic Mills,HOUS-003091,890100642089,Household & Personal Care,10,box,595.99,785.80,2027-06-26,Aisle 11,ambient
Cured Chatpata Masala Garlic Focaccia 300g,Pashmina Co.,BAKE-003092,890100642090,Bakery & Deli,185,pcs,137.96,237.31,2026-08-29,Aisle 03,ambient
Gourmet Herbal Hand Wash Neem 1kg,Patanjali Dairy,HOUS-003093,890100642091,Household & Personal Care,38,packet,172.91,236.68,2028-07-05,Aisle 11,ambient
Country Style Red Chilli & Garlic Chicken Keema 150ml,FarmGold Kitchens,MEAT-003094,890100642092,Meat & Seafood,137,pcs,684.47,952.42,2026-08-31,Aisle 04,chilled
Organic Sona Masoori Rice Family Pack,Urban Roots Farms,PANT-003095,890100642093,Pantry & Dry Goods,171,bag,76.42,117.76,2027-04-26,Aisle 08,ambient
Low-Sodium Pista Almond Soy Milk Protein 200g,FarmGold Agro,DAIR-003096,890100642094,Dairy & Eggs,114,box,129.69,205.54,2026-09-15,Aisle 03,chilled
Raw Chicken Sausages 2kg,Deccan Organics,MEAT-003097,890100642095,Meat & Seafood,92,pack,817.01,1291.52,2026-09-01,Aisle 04,chilled
Smoked Tiger Prawns Jumbo 100g,Vedic Fresh Farms,MEAT-003098,890100642096,Meat & Seafood,7,pcs,145.71,244.79,2026-09-01,Aisle 05,chilled
Cold-Pressed Guava Chilli Juice 400g,Everest Botanicals,BEVE-003099,890100642097,Beverages,48,pack,184.21,240.46,2026-10-02,Aisle 06,ambient
Pure Ladyfinger (Bhindi) 10-Pack,Saffola Springs,FRES-003100,890100642098,Fresh Produce,55,pack,19.25,27.53,2026-09-09,Aisle 01,ambient
Valley Fresh Sweet Tamarind Ciabatta Roll 400g,Everest Foods,BAKE-003101,890100642099,Bakery & Deli,10,box,60.30,84.30,2026-08-28,Aisle 04,ambient
Select Dark Chocolate Fish Fingers Frozen 250g,Himalayan Mills,FROZ-003102,890100642100,Frozen Foods,52,tub,239.59,333.32,2026-08-16,Aisle 09,frozen
Artisan Unsalted White Butter 1kg,Organic Tattva Botanicals,DAIR-003103,890100642101,Dairy & Eggs,235,carton,202.33,263.59,2026-09-08,Aisle 02,chilled
Smoked Jalapeno Lime Sona Masoori Rice 200g,Organic Tattva Naturals,PANT-003104,890100642102,Pantry & Dry Goods,222,box,250.57,452.52,2028-06-26,Aisle 06,ambient
Rustic French Fries Crispy 500g,Green Earth Mills,FROZ-003105,890100642103,Frozen Foods,210,box,400.93,660.44,2027-07-16,Aisle 08,frozen
Stone-Ground Oat Milk 750g,Pashmina Botanicals,DAIR-003106,890100642104,Dairy & Eggs,9,pack,442.87,812.92,2026-08-29,Aisle 02,chilled
Roasted Tandoori Smoked Electrolyte Energy Drink 150g,Nilgiri Co.,BEVE-003107,890100642105,Beverages,174,can,349.26,442.83,2027-01-09,Aisle 06,chilled
Signature Tulsi Honey Cashew Paste Curry Base 1.5L,Kaveri Milling,PANT-003108,890100642106,Pantry & Dry Goods,10,bag,532.22,967.52,2026-08-15,Aisle 06,ambient
Spiced Vanilla Bean Raw Wildflower Honey 10-Pack,FarmGold Kitchens,PANT-003109,890100642107,Pantry & Dry Goods,93,bottle,288.28,531.38,2028-03-05,Aisle 08,ambient
Wildcrafted Pista Almond Herbal Hand Wash Neem 2-Pack,Urban Roots Goods,HOUS-003110,890100642108,Household & Personal Care,82,pack,57.06,76.80,2029-01-08,Aisle 11,ambient
Aged Red Chilli & Garlic Squid Rings Cleaned 150ml,Pure Vedic Botanicals,MEAT-003111,890100642109,Meat & Seafood,96,pack,935.17,1494.86,2026-08-31,Aisle 05,chilled
Cured Frozen Paneer Cubes 5L,Ganga Farms,FROZ-003112,890100642110,Frozen Foods,179,box,398.79,733.16,2027-05-10,Aisle 08,frozen
Country Style Garlic & Herb Fresh Rohu Fish 8-Pack,Mother Dairy Kitchens,MEAT-003113,890100642111,Meat & Seafood,219,kg,876.86,1338.93,2026-09-02,Aisle 05,chilled
Whole-Grain Stainless Steel Scrubber 3pk 2kg,Vedic Fresh Mills,HOUS-003114,890100642112,Household & Personal Care,202,packet,206.29,333.07,2027-10-13,Aisle 12,ambient
Unpolished Smoked Paprika Cold-Pressed Groundnut Oil 250g,Vedic Fresh Mills,PANT-003115,890100642113,Pantry & Dry Goods,223,jar,647.31,917.67,2027-02-15,Aisle 06,ambient
Cured Masala Chai California Almonds 250ml,Bhoomi Agro,SNAC-003116,890100642114,Snacks & Confectionery,71,pack,350.86,549.16,2027-03-30,Aisle 10,ambient
Roasted Lemon Pepper Chaash / Buttermilk 8-Pack,SunBrite Agro,DAIR-003117,890100642115,Dairy & Eggs,197,carton,377.63,541.33,2026-09-13,Aisle 02,chilled
Homestyle Kokum Sharbat 750ml,Urban Roots Kitchens,BEVE-003118,890100642116,Beverages,44,bag,85.33,109.52,2026-09-24,Aisle 05,ambient
Wildcrafted Wood-Fired Veggie Pizza 150ml,Nilgiri Provisions,FROZ-003119,890100642117,Frozen Foods,147,tub,340.42,586.77,2026-12-04,Aisle 08,frozen
Handcrafted Coconut Cream Cream Cheese 250ml,Saffola Naturals,DAIR-003120,890100642118,Dairy & Eggs,216,pack,193.99,324.94,2026-09-02,Aisle 03,chilled
Cured Cinnamon Spice Fish Fingers Frozen 5kg,Nature Harvest Co.,FROZ-003121,890100642119,Frozen Foods,4,packet,195.85,329.41,2026-08-27,Aisle 08,frozen
Desi Sweet Tamarind Smoked Chicken Slices 250g,Everest Kitchens,BAKE-003122,890100642120,Bakery & Deli,233,pack,165.31,232.44,2026-09-07,Aisle 04,ambient
Plant-Based Toasted Sesame Rusk Toast 10kg,Catch Botanicals,BAKE-003123,890100642121,Bakery & Deli,114,box,130.22,166.65,2026-09-09,Aisle 04,ambient
Golden Extra Virgin Olive Oil 8-Pack,SunBrite Provisions,PANT-003124,890100642122,Pantry & Dry Goods,199,bottle,208.64,288.57,2026-12-07,Aisle 08,ambient
Grass-Fed Multigrain Tortillas 2L,Fortune Foods,BAKE-003125,890100642123,Bakery & Deli,44,pcs,70.42,107.63,2026-08-30,Aisle 04,chilled
Grass-Fed Pomegranates 330ml,Nilgiri Farms,FRES-003126,890100642124,Fresh Produce,119,pcs,43.13,63.06,2026-09-06,Aisle 01,ambient
Select Mustard Oil Kachi Ghani 5kg,Catch Co.,PANT-003127,890100642125,Pantry & Dry Goods,124,bottle,201.44,287.30,2027-01-05,Aisle 06,ambient
Extra-Virgin Double Toned Milk 750ml,Saffola Farms,DAIR-003128,890100642126,Dairy & Eggs,147,pack,496.82,843.53,2026-09-23,Aisle 03,chilled
Roasted Matcha Green Tea Cold Pressed Orange Juice Snack Pack,Pure Vedic Springs,BEVE-003129,890100642127,Beverages,20,bag,35.67,47.77,2026-11-16,Aisle 05,ambient
Heritage Coconut Cream Kaju Katli Sweet Box 750ml,Ganga Mills,SNAC-003130,890100642128,Snacks & Confectionery,184,packet,244.72,398.17,2026-10-24,Aisle 10,ambient
Free-Range Mint Lime Palak Leaves 10-Pack,Fortune Goods,FRES-003131,890100642129,Fresh Produce,58,pack,128.02,228.75,2026-09-02,Aisle 01,ambient
Premium Butter Murukku 5L,Fortune Springs,SNAC-003132,890100642130,Snacks & Confectionery,236,bar,395.63,599.07,2026-12-10,Aisle 09,ambient
Free-Range Cardamom Spiced Chicken Keema 350g,Himalayan Farms,MEAT-003133,890100642131,Meat & Seafood,234,pack,407.06,747.01,2026-09-01,Aisle 05,chilled
Aged Lemon Pepper Mosquito Vaporizer Refill 200g,Patanjali Organics,HOUS-003134,890100642132,Household & Personal Care,29,box,532.23,875.90,2028-07-15,Aisle 11,ambient
Heritage Ajwain & Jeera Guava Chilli Juice 50g,Dabur Botanicals,BEVE-003135,890100642133,Beverages,106,box,425.97,705.37,2027-02-16,Aisle 05,chilled
Plant-Based Urad Dal Whole 1L,Green Earth Agro,PANT-003136,890100642134,Pantry & Dry Goods,93,box,342.05,607.98,2028-06-07,Aisle 07,ambient
Stone-Ground Kachi Ghani Mustard Tiger Prawns Jumbo Family Pack,Vedic Fresh Goods,MEAT-003137,890100642135,Meat & Seafood,235,pack,898.15,1528.10,2026-08-30,Aisle 05,chilled
Country Style Golden Ginger Stainless Steel Scrubber 3pk 5kg,Deccan Plantations,HOUS-003138,890100642136,Household & Personal Care,98,box,183.93,283.88,2028-12-25,Aisle 11,ambient
Heritage Jalapeno Lime Roasted Salted Cashews Value Pack,Royal Indian Co.,SNAC-003139,890100642137,Snacks & Confectionery,212,bar,286.14,360.77,2027-04-10,Aisle 10,ambient
Farm-Fresh Butter Murukku Value Pack,Nilgiri Milling,SNAC-003140,890100642138,Snacks & Confectionery,180,tub,154.98,270.46,2027-04-29,Aisle 10,ambient
Sweet Red Chilli & Garlic Crab Meat Fresh 50g,Deccan Co.,MEAT-003141,890100642139,Meat & Seafood,18,kg,909.24,1209.77,2026-09-01,Aisle 05,chilled
Stone-Ground Moong Dal Namkeen 1kg,Desi Organics Co.,SNAC-003142,890100642140,Snacks & Confectionery,15,pack,99.68,167.72,2027-05-06,Aisle 10,ambient
Rustic Kachi Ghani Mustard Kaju Katli Sweet Box 8-Pack,Pure Vedic Kitchens,SNAC-003143,890100642141,Snacks & Confectionery,132,bar,394.88,642.41,2027-04-01,Aisle 10,ambient
Gluten-Free Green Peas Fresh Family Pack,Heritage Agro,FRES-003144,890100642142,Fresh Produce,25,kg,47.35,79.96,2026-08-24,Aisle 01,ambient
Gourmet Double Toned Milk Value Pack,SunBrite Dairy,DAIR-003145,890100642143,Dairy & Eggs,219,bottle,198.40,287.94,2026-09-09,Aisle 02,chilled
Natural Matcha Green Tea Crab Meat Fresh 24-Pack,Pashmina Dairy,MEAT-003146,890100642144,Meat & Seafood,97,pack,939.01,1469.90,2026-08-29,Aisle 05,chilled
Handcrafted Vanilla Bean Cold-Pressed Groundnut Oil 50g,Catch Organics,PANT-003147,890100642145,Pantry & Dry Goods,73,bottle,604.33,777.43,2027-03-12,Aisle 07,ambient
Golden Fruit Muffins 4-Pack,Himalayan Plantations,BAKE-003148,890100642146,Bakery & Deli,29,box,253.66,438.51,2026-08-29,Aisle 03,ambient
Extra-Virgin Tulsi Honey Chana Dal Polished 100g,Nilgiri Farms,PANT-003149,890100642147,Pantry & Dry Goods,151,packet,41.81,64.51,2026-12-19,Aisle 08,ambient
Golden California Almonds 4-Pack,Tata Plantations,SNAC-003150,890100642148,Snacks & Confectionery,122,bar,485.01,752.97,2027-01-19,Aisle 10,ambient
Country Style Frozen Veg Momos 750g,Vedic Fresh Milling,FROZ-003151,890100642149,Frozen Foods,184,pack,224.14,280.85,2027-04-27,Aisle 09,frozen
Artisan Chamomile Herbal Tea 500ml,Deccan Provisions,BEVE-003152,890100642150,Beverages,25,pack,26.51,48.67,2027-07-07,Aisle 06,ambient
Premium Sweet Tamarind Edamame Pods 500ml,SunBrite Naturals,FROZ-003153,890100642151,Frozen Foods,97,box,250.60,418.11,2027-03-05,Aisle 08,frozen
Rustic Jalapeno Lime Electrolyte Energy Drink Family Pack,Amul Agro,BEVE-003154,890100642152,Beverages,199,bottle,214.67,386.96,2027-07-25,Aisle 05,chilled
Homestyle Truffle Infused Soan Papdi Box 50g,Fortune Milling,SNAC-003155,890100642153,Snacks & Confectionery,238,bag,202.67,355.09,2027-04-02,Aisle 10,ambient
Rustic Apple Cider Vinegar Drink 2-Pack,Amul Agro,BEVE-003156,890100642154,Beverages,201,can,181.34,245.80,2027-06-14,Aisle 05,ambient
Roasted Chicken Keema 2kg,Nilgiri Foods,MEAT-003157,890100642155,Meat & Seafood,69,pack,154.19,217.57,2026-08-31,Aisle 04,chilled
Cold-Pressed Garlic & Herb Organic Green Tea 5kg,Nilgiri Mills,BEVE-003158,890100642156,Beverages,80,bag,271.60,407.76,2027-08-22,Aisle 05,ambient
Whole-Grain Mutton Chops 200ml,Heritage Mills,MEAT-003159,890100642157,Meat & Seafood,199,pack,448.22,600.31,2026-08-30,Aisle 04,chilled
Homestyle Mutton Chops 2L,Fortune Goods,MEAT-003160,890100642158,Meat & Seafood,224,kg,232.40,350.85,2026-08-30,Aisle 04,chilled
Sweet Mutton Chops 1L,Ganga Naturals,MEAT-003161,890100642159,Meat & Seafood,70,kg,387.64,552.96,2026-08-31,Aisle 05,chilled
Authentic Sweet Tamarind Dishwash Gel Lemon 350g,Nilgiri Milling,HOUS-003162,890100642160,Household & Personal Care,53,pack,415.35,582.14,2026-08-29,Aisle 12,ambient
Premium Gourmet Cookies Choco-Chip 100g,Mother Dairy Goods,SNAC-003163,890100642161,Snacks & Confectionery,51,box,87.78,118.88,2027-04-02,Aisle 10,ambient
Extra-Virgin Clove & Mint Toothpaste 50g,Mother Dairy Co.,HOUS-003164,890100642162,Household & Personal Care,123,tube,113.48,167.31,2029-04-10,Aisle 11,ambient
Aged Garlic & Herb Chaash / Buttermilk 2L,Pashmina Foods,DAIR-003165,890100642163,Dairy & Eggs,53,packet,46.65,82.20,2026-08-15,Aisle 02,chilled
Aged Organic Sharbati Atta 250ml,Catch Botanicals,PANT-003166,890100642164,Pantry & Dry Goods,45,bottle,171.85,246.86,2028-06-18,Aisle 08,ambient
Country Style Coconut Cream Malai Kulfi Bar Family Pack,Ganga Naturals,FROZ-003167,890100642165,Frozen Foods,109,tub,148.93,262.76,2027-08-21,Aisle 09,frozen
Traditional Makhana Crunch Whole Wheat Atta Bread 4-Pack,SunBrite Agro,BAKE-003168,890100642166,Bakery & Deli,149,pack,292.45,508.57,2026-09-04,Aisle 03,chilled
Premium Garlic & Herb Chicken Salami 1.5L,Urban Roots Harvest,BAKE-003169,890100642167,Bakery & Deli,186,box,67.75,99.65,2026-08-20,Aisle 04,ambient
Crisp Shampoo Anti-Dandruff 10-Pack,SunBrite Organics,HOUS-003170,890100642168,Household & Personal Care,221,box,430.12,719.30,2028-09-10,Aisle 11,ambient
Artisan Chatpata Masala Organic Rolled Oats 4-Pack,Heritage Naturals,PANT-003171,890100642169,Pantry & Dry Goods,60,box,86.13,140.01,2027-06-22,Aisle 08,ambient
Spiced Makhana Crunch Butter Croissants 1.5L,Catch Goods,BAKE-003172,890100642170,Bakery & Deli,142,box,162.57,266.62,2026-08-28,Aisle 03,ambient
Natural Organic Brown Sugar 10kg,Royal Indian Botanicals,PANT-003173,890100642171,Pantry & Dry Goods,136,box,705.62,1080.63,2027-11-11,Aisle 06,ambient
Pure Moong Dal Washed 1.5L,SunBrite Kitchens,PANT-003174,890100642172,Pantry & Dry Goods,119,jar,333.97,525.96,2026-08-15,Aisle 06,ambient
Signature Masala Chai Jeera Masala Soda 10kg,Catch Milling,BEVE-003175,890100642173,Beverages,19,bag,157.06,210.47,2027-02-03,Aisle 05,chilled
Wildcrafted Buffalo Milk 1L,Organic Tattva Co.,DAIR-003176,890100642174,Dairy & Eggs,40,tub,359.69,601.67,2026-09-07,Aisle 02,chilled
Farm-Fresh Dark Chocolate Green Chillies 2-Pack,Patanjali Goods,FRES-003177,890100642175,Fresh Produce,109,kg,107.60,198.06,2026-09-04,Aisle 01,ambient
Pure Lemon Pepper Dry Fruits Trail Mix 750ml,Dabur Kitchens,SNAC-003178,890100642176,Snacks & Confectionery,4,bar,536.94,894.38,2027-01-01,Aisle 09,ambient
Farm-Fresh Floor Disinfectant Pine 750g,Nilgiri Dairy,HOUS-003179,890100642177,Household & Personal Care,228,bottle,573.54,1009.86,2027-04-12,Aisle 12,ambient
Natural Filter Coffee Beans 4-Pack,Patanjali Provisions,BEVE-003180,890100642178,Beverages,28,bag,30.61,45.70,2027-05-26,Aisle 06,chilled
Sweet Ajwain & Jeera Aloo Tikki 8-Pack 50g,Dabur Harvest,FROZ-003181,890100642179,Frozen Foods,183,bag,297.09,494.18,2027-07-10,Aisle 08,frozen
Natural Cold Pressed Orange Juice 150g,Satvik Goods,BEVE-003182,890100642180,Beverages,199,pack,226.76,411.49,2027-02-14,Aisle 06,chilled
Heritage Poha Thick Flakes 330ml,Urban Roots Provisions,PANT-003183,890100642181,Pantry & Dry Goods,62,can,80.74,148.03,2027-09-22,Aisle 06,ambient
Smoked Sona Masoori Rice Family Pack,Fortune Farms,PANT-003184,890100642182,Pantry & Dry Goods,17,bag,610.00,800.18,2027-03-25,Aisle 06,ambient
Cured Vanilla Bean Soan Papdi Box 750g,Mother Dairy Kitchens,SNAC-003185,890100642183,Snacks & Confectionery,211,bar,337.82,572.00,2027-05-06,Aisle 09,ambient
Wildcrafted Truffle Infused Mosquito Vaporizer Refill 10kg,Himalayan Provisions,HOUS-003186,890100642184,Household & Personal Care,19,packet,591.54,1044.61,2028-04-29,Aisle 11,ambient
Premium Moong Dal Namkeen 500ml,Catch Co.,SNAC-003187,890100642185,Snacks & Confectionery,117,packet,455.85,664.51,2026-08-27,Aisle 09,ambient
Premium Masala CTC Tea 150g,Nilgiri Plantations,BEVE-003188,890100642186,Beverages,47,carton,293.23,444.28,2026-11-16,Aisle 05,ambient
Natural Lemons 350g,Pashmina Kitchens,FRES-003189,890100642187,Fresh Produce,247,bag,34.93,49.90,2026-09-06,Aisle 02,chilled
Cold-Pressed Cinnamon Spice Butter Croissants 150ml,SunBrite Botanicals,BAKE-003190,890100642188,Bakery & Deli,222,pcs,65.50,108.07,2026-09-10,Aisle 03,ambient
Unpolished Mixed Berries Frozen 6-Pack,Pashmina Kitchens,FROZ-003191,890100642189,Frozen Foods,119,box,69.20,98.88,2027-03-13,Aisle 08,frozen
Handcrafted Alphonso Kulfi Tub 10kg,Amul Co.,FROZ-003192,890100642190,Frozen Foods,83,pack,230.39,386.52,2027-05-22,Aisle 08,frozen
Artisan Stainless Steel Scrubber 3pk 10-Pack,Pashmina Plantations,HOUS-003193,890100642191,Household & Personal Care,71,box,444.10,735.44,2028-07-14,Aisle 12,ambient
Raw Chatpata Masala Roma Tomatoes 2L,SunBrite Organics,FRES-003194,890100642192,Fresh Produce,121,pack,72.19,92.75,2026-08-29,Aisle 01,ambient
Heritage Lemon Pepper Bamboo Toothbrush 2pk 2kg,Pure Vedic Agro,HOUS-003195,890100642193,Household & Personal Care,18,box,96.70,170.66,2027-05-19,Aisle 12,ambient
Royal Kitchen Paper Towels 4-Roll 4-Pack,Catch Foods,HOUS-003196,890100642194,Household & Personal Care,249,tube,496.26,895.30,2029-02-24,Aisle 11,ambient
Stone-Ground Masala Chai Cold Brew Coffee 250ml,Patanjali Dairy,BEVE-003197,890100642195,Beverages,226,carton,194.40,289.34,2026-10-12,Aisle 05,chilled
Traditional Makhana Crunch Unsalted White Butter 100g,SunBrite Co.,DAIR-003198,890100642196,Dairy & Eggs,16,tub,387.62,485.32,2026-09-21,Aisle 02,chilled
Rustic Kesar Pista Cinnamon Swirl Buns 350g,Pure Vedic Milling,BAKE-003199,890100642197,Bakery & Deli,238,box,61.59,88.06,2026-08-28,Aisle 03,chilled
Traditional Garlic & Herb Yukon Gold Potatoes 4-Pack,Desi Organics Milling,FRES-003200,890100642198,Fresh Produce,65,kg,51.84,89.43,2026-09-09,Aisle 01,chilled
Cold-Pressed Tandoori Smoked Whole Wheat Atta Bread 24-Pack,Deccan Co.,BAKE-003201,890100642199,Bakery & Deli,167,pack,251.61,351.23,2026-08-31,Aisle 03,ambient
Low-Sodium Chicken Drumsticks 2-Pack,Himalayan Springs,MEAT-003202,890100642200,Meat & Seafood,29,pcs,749.43,1263.83,2026-08-30,Aisle 04,chilled
Country Style Kesar Pista Mixed Berries Frozen Snack Pack,Mother Dairy Milling,FROZ-003203,890100642201,Frozen Foods,167,bag,249.81,410.90,2027-06-02,Aisle 08,frozen
Rustic Mint Lime Bath Tissue 6-Pack 200ml,Royal Indian Mills,HOUS-003204,890100642202,Household & Personal Care,175,bottle,553.48,801.67,2028-02-23,Aisle 11,ambient
Wildcrafted Bamboo Toothbrush 2pk 1kg,FarmGold Dairy,HOUS-003205,890100642203,Household & Personal Care,127,bottle,399.86,505.83,2028-02-02,Aisle 11,ambient
Authentic Sweet Tamarind Brioche Burger Buns 10-Pack,Desi Organics Foods,BAKE-003206,890100642204,Bakery & Deli,54,box,315.60,488.99,2026-08-17,Aisle 04,ambient
Golden Truffle Infused Chicken Salami 8-Pack,Organic Tattva Agro,BAKE-003207,890100642205,Bakery & Deli,241,pcs,295.35,497.42,2026-08-29,Aisle 04,ambient
Stone-Ground Dark Chocolate Salted Butter 2L,Ganga Co.,DAIR-003208,890100642206,Dairy & Eggs,109,packet,470.87,814.20,2026-09-01,Aisle 03,chilled
Wildcrafted Frozen Veg Momos 200g,Urban Roots Plantations,FROZ-003209,890100642207,Frozen Foods,175,bag,101.39,142.98,2026-11-16,Aisle 09,frozen
Crisp Golden Ginger Roasted Salted Cashews 1.5L,Ganga Springs,SNAC-003210,890100642208,Snacks & Confectionery,249,bar,127.20,169.90,2027-04-13,Aisle 09,ambient
Heritage Chana Dal Polished 2kg,Satvik Goods,PANT-003211,890100642209,Pantry & Dry Goods,216,can,46.72,82.72,2027-09-02,Aisle 06,ambient
Sun-Dried Organic Green Tea 2kg,Mother Dairy Milling,BEVE-003212,890100642210,Beverages,214,bag,140.72,249.67,2027-02-09,Aisle 05,ambient
Whole-Grain Moong Dal Namkeen 150g,Ganga Botanicals,SNAC-003213,890100642211,Snacks & Confectionery,170,pack,49.04,71.17,2027-05-13,Aisle 09,ambient
Zero-Sugar Red Chilli & Garlic Ginger Root 10-Pack,Himalayan Springs,FRES-003214,890100642212,Fresh Produce,157,kg,51.78,80.38,2026-09-17,Aisle 02,chilled
Zero-Sugar Filter Coffee Beans 1kg,Mother Dairy Plantations,BEVE-003215,890100642213,Beverages,212,bag,202.19,261.89,2027-07-08,Aisle 05,ambient
Aged Kesar Pista Toned Milk 400g,Urban Roots Co.,DAIR-003216,890100642214,Dairy & Eggs,48,box,170.38,233.52,2026-09-11,Aisle 02,chilled
Gluten-Free Jalapeno Lime Biodegradable Garbage Bags 500g,Pashmina Dairy,HOUS-003217,890100642215,Household & Personal Care,93,tube,338.80,452.82,2026-08-30,Aisle 12,ambient
Extra-Virgin Mint Lime Veg Burger Patties 50g,Nature Harvest Foods,FROZ-003218,890100642216,Frozen Foods,138,tub,404.07,699.23,2027-06-18,Aisle 08,frozen
Valley Fresh Pav 6-Pack 10kg,Ganga Harvest,BAKE-003219,890100642217,Bakery & Deli,26,box,317.44,499.35,2026-08-28,Aisle 04,ambient
Extra-Virgin Dark Chocolate Cold Brew Coffee 200ml,Royal Indian Goods,BEVE-003220,890100642218,Beverages,158,bottle,407.09,571.52,2027-07-31,Aisle 05,ambient
Zero-Sugar Biodegradable Garbage Bags 50g,SunBrite Goods,HOUS-003221,890100642219,Household & Personal Care,63,bottle,146.04,222.96,2027-11-28,Aisle 12,ambient
Wildcrafted Basa Fish Fillets 330ml,Dabur Kitchens,MEAT-003222,890100642220,Meat & Seafood,25,pack,923.33,1308.05,2026-09-02,Aisle 04,chilled
Sweet Nimbu Paani Soda 5L,Catch Kitchens,BEVE-003223,890100642221,Beverages,67,box,241.87,353.67,2027-07-21,Aisle 06,chilled
Low-Sodium Extra Virgin Olive Oil Family Pack,Mother Dairy Kitchens,PANT-003224,890100642222,Pantry & Dry Goods,234,can,442.63,806.71,2027-09-04,Aisle 06,ambient
Natural Smoked Paprika Veg Burger Patties Snack Pack,Patanjali Springs,FROZ-003225,890100642223,Frozen Foods,121,tub,268.11,474.16,2027-03-27,Aisle 08,frozen
Sun-Dried Makhana Crunch Raw Wildflower Honey 2-Pack,Patanjali Agro,PANT-003226,890100642224,Pantry & Dry Goods,198,can,351.30,449.64,2028-04-11,Aisle 08,ambient
Homestyle Masala Chai Oat Milk 330ml,Catch Co.,DAIR-003227,890100642225,Dairy & Eggs,246,box,377.07,651.39,2026-09-07,Aisle 03,chilled
Smoked Ajwain & Jeera Parmigiano-Reggiano 10kg,Satvik Naturals,DAIR-003228,890100642226,Dairy & Eggs,82,pack,228.09,341.96,2026-09-16,Aisle 02,chilled
Valley Fresh Toasted Sesame Edamame Pods 750g,Vedic Fresh Dairy,FROZ-003229,890100642227,Frozen Foods,10,packet,209.73,288.93,2027-06-24,Aisle 09,frozen
Cured Rawa Sooji Snack Pack,Bhoomi Organics,PANT-003230,890100642228,Pantry & Dry Goods,32,box,311.01,554.63,2028-07-31,Aisle 08,ambient
Natural Truffle Infused Avocados 250g,Himalayan Milling,FRES-003231,890100642229,Fresh Produce,43,bunch,30.52,44.59,2026-09-06,Aisle 02,chilled
Roasted Sona Masoori Rice 24-Pack,Patanjali Foods,PANT-003232,890100642230,Pantry & Dry Goods,235,packet,380.66,577.42,2028-05-09,Aisle 06,ambient
Farm-Fresh Butter Murukku 100g,FarmGold Organics,SNAC-003233,890100642231,Snacks & Confectionery,154,box,349.34,478.12,2027-06-20,Aisle 09,ambient
Stone-Ground Roasted Salted Cashews 12-Pack,Catch Foods,SNAC-003234,890100642232,Snacks & Confectionery,38,tub,81.37,133.68,2026-11-27,Aisle 09,ambient
Roasted Chicken Frankfurters 10-Pack,Everest Botanicals,BAKE-003235,890100642233,Bakery & Deli,12,pack,90.17,132.64,2026-09-03,Aisle 03,chilled
Roasted Lemon Pepper Goat Mince Premium 1.5L,Heritage Co.,MEAT-003236,890100642234,Meat & Seafood,239,pack,437.35,609.72,2026-09-02,Aisle 04,chilled
Golden Bath Tissue 6-Pack 150ml,Pashmina Harvest,HOUS-003237,890100642235,Household & Personal Care,60,box,50.81,79.29,2028-05-05,Aisle 11,ambient
Smoked Rose Infused Flavored Yogurt 750g,Tata Organics,DAIR-003238,890100642236,Dairy & Eggs,100,packet,490.68,704.67,2026-09-26,Aisle 03,chilled
Authentic Dark Chocolate Jeera Masala Soda 500g,Patanjali Farms,BEVE-003239,890100642237,Beverages,220,carton,315.54,577.57,2027-05-16,Aisle 05,ambient
Handcrafted 70% Dark Chocolate Bar 1.5L,Himalayan Springs,SNAC-003240,890100642238,Snacks & Confectionery,192,box,273.08,442.30,2027-05-12,Aisle 09,ambient
Spiced Masala Chai Frozen Green Peas 200g,Vedic Fresh Springs,FROZ-003241,890100642239,Frozen Foods,142,pack,136.71,192.77,2026-11-05,Aisle 08,frozen
Pure Tandoori Smoked Royal Basmati Rice 1kg,Heritage Organics,PANT-003242,890100642240,Pantry & Dry Goods,11,can,615.31,841.20,2027-03-02,Aisle 08,ambient
Raw Mutton Curry Cut 300g,Fortune Provisions,MEAT-003243,890100642241,Meat & Seafood,120,pcs,352.19,535.06,2026-08-31,Aisle 05,chilled
Select Cow Milk 150ml,SunBrite Milling,DAIR-003244,890100642242,Dairy & Eggs,218,tub,32.29,56.59,2026-09-19,Aisle 02,chilled
Signature Tiger Prawns Jumbo 2-Pack,Dabur Springs,MEAT-003245,890100642243,Meat & Seafood,129,pcs,859.46,1510.23,2026-09-02,Aisle 05,chilled
Zero-Sugar Malai Kulfi Bar 350g,Pashmina Mills,FROZ-003246,890100642244,Frozen Foods,224,bag,171.22,265.56,2027-02-23,Aisle 08,frozen
Authentic Alphonso Mango Paneer Block 250g,Mother Dairy Milling,DAIR-003247,890100642245,Dairy & Eggs,5,carton,382.82,513.28,2026-08-28,Aisle 02,chilled
Valley Fresh Golden Ginger Kabuli Chana Large 5kg,Amul Provisions,PANT-003248,890100642246,Pantry & Dry Goods,106,box,409.99,668.74,2026-08-29,Aisle 08,ambient
Aged Mint Lime Poha Thick Flakes 500g,Fortune Co.,PANT-003249,890100642247,Pantry & Dry Goods,243,box,477.63,712.41,2027-05-17,Aisle 06,ambient
Aged Boneless Chicken Breast 250g,Dabur Harvest,MEAT-003250,890100642248,Meat & Seafood,231,pack,567.10,913.35,2026-09-03,Aisle 04,chilled
Sun-Dried Lemon Pepper Catla Fish Steaks 24-Pack,Green Earth Goods,MEAT-003251,890100642249,Meat & Seafood,213,pcs,184.40,249.11,2026-09-02,Aisle 04,chilled
Handcrafted Golden Ginger Diet Mixture Namkeen 5L,Everest Agro,SNAC-003252,890100642250,Snacks & Confectionery,167,pack,506.88,644.58,2027-01-08,Aisle 10,ambient
Pure Coconut Cream Poha Thick Flakes 750ml,Fortune Mills,PANT-003253,890100642251,Pantry & Dry Goods,126,can,533.23,697.49,2028-07-14,Aisle 07,ambient
Aged Tulsi Honey 70% Dark Chocolate Bar 250ml,Tata Springs,SNAC-003254,890100642252,Snacks & Confectionery,98,box,260.84,428.17,2027-05-06,Aisle 10,ambient
Low-Sodium Vanilla Bean Surface Floor Cleaner Rose 6-Pack,Everest Dairy,HOUS-003255,890100642253,Household & Personal Care,88,box,307.66,496.15,2028-05-13,Aisle 11,ambient
Smoked Rose Infused Paneer Tikka Deli 750g,Everest Foods,BAKE-003256,890100642254,Bakery & Deli,122,pack,276.96,510.89,2026-08-27,Aisle 04,chilled
Cold-Pressed Ajwain & Jeera Kokum Sharbat Value Pack,Heritage Provisions,BEVE-003257,890100642255,Beverages,25,bottle,356.19,656.99,2026-08-27,Aisle 06,chilled
Country Style Matcha Green Tea Avocados 500ml,Fortune Provisions,FRES-003258,890100642256,Fresh Produce,44,bunch,123.67,170.62,2026-09-07,Aisle 02,chilled
Rustic Frozen Paneer Cubes 6-Pack,Pure Vedic Harvest,FROZ-003259,890100642257,Frozen Foods,184,box,190.84,278.63,2026-12-07,Aisle 09,frozen
Extra-Virgin Masala Chai Penne Rigate Pasta 400g,Pashmina Agro,PANT-003260,890100642258,Pantry & Dry Goods,195,jar,466.86,666.43,2027-02-16,Aisle 07,ambient
Zero-Sugar Kashmiri Saffron French Fries Crispy 200ml,Desi Organics Provisions,FROZ-003261,890100642259,Frozen Foods,20,bag,256.01,390.85,2027-04-19,Aisle 08,frozen
Desi Caramelized Onion Liquid Laundry Detergent 10-Pack,Royal Indian Farms,HOUS-003262,890100642260,Household & Personal Care,184,packet,257.46,366.64,2027-12-21,Aisle 12,ambient
Free-Range Kachi Ghani Mustard Wood-Fired Veggie Pizza 750ml,Dabur Naturals,FROZ-003263,890100642261,Frozen Foods,92,packet,392.67,693.85,2027-08-05,Aisle 09,frozen
Handcrafted Lemon Pepper Yukon Gold Potatoes 250ml,Fortune Harvest,FRES-003264,890100642262,Fresh Produce,134,bag,123.48,156.39,2026-08-23,Aisle 01,chilled
Heritage Kashmiri Saffron Masala CTC Tea Family Pack,Deccan Co.,BEVE-003265,890100642263,Beverages,214,carton,425.10,703.61,2026-08-28,Aisle 06,chilled
Natural Truffle Infused Surmai Steaks 500ml,Ganga Naturals,MEAT-003266,890100642264,Meat & Seafood,209,kg,329.51,547.51,2026-08-31,Aisle 04,chilled
Valley Fresh Coconut Cream 70% Dark Chocolate Bar 5kg,Satvik Naturals,SNAC-003267,890100642265,Snacks & Confectionery,98,bag,252.96,421.41,2026-12-24,Aisle 09,ambient
Pure Chatpata Masala Pineapples 330ml,Fortune Farms,FRES-003268,890100642266,Fresh Produce,34,pcs,108.98,189.49,2026-09-17,Aisle 02,chilled
Royal Caramelized Onion Roasted Salted Cashews 1L,Patanjali Mills,SNAC-003269,890100642267,Snacks & Confectionery,209,bag,245.80,347.48,2027-01-12,Aisle 09,ambient
Pure Matcha Green Tea Aloo Tikki 8-Pack Family Pack,Catch Milling,FROZ-003270,890100642268,Frozen Foods,228,bag,148.11,226.43,2027-05-21,Aisle 08,frozen
Whole-Grain Red Chilli & Garlic Boneless Chicken Breast 12-Pack,Catch Organics,MEAT-003271,890100642269,Meat & Seafood,205,kg,617.60,1032.89,2026-09-02,Aisle 05,chilled
Golden Frozen Veg Momos 50g,Kaveri Naturals,FROZ-003272,890100642270,Frozen Foods,202,pack,55.51,87.45,2027-04-15,Aisle 09,frozen
Whole-Grain Tandoori Smoked Coriander Leaves 250g,Organic Tattva Springs,FRES-003273,890100642271,Fresh Produce,41,pcs,57.31,74.67,2026-08-30,Aisle 01,chilled
Farm-Fresh Tulsi Honey Bhujia Sev 12-Pack,Catch Dairy,SNAC-003274,890100642272,Snacks & Confectionery,76,bag,382.32,703.68,2026-11-23,Aisle 10,ambient
Aged Sweet Potatoes 6-Pack,Pashmina Organics,FRES-003275,890100642273,Fresh Produce,105,kg,45.60,69.23,2026-09-14,Aisle 02,ambient
Zero-Sugar Pav 6-Pack 330ml,Fortune Farms,BAKE-003276,890100642274,Bakery & Deli,223,box,166.78,282.27,2026-09-09,Aisle 04,chilled
Roasted Granola Health Bars 200ml,Royal Indian Provisions,SNAC-003277,890100642275,Snacks & Confectionery,53,packet,153.73,265.01,2026-12-20,Aisle 10,ambient
Low-Sodium Dry Fruits Trail Mix 8-Pack,Heritage Harvest,SNAC-003278,890100642276,Snacks & Confectionery,153,packet,407.74,598.81,2027-03-29,Aisle 09,ambient
Select Toasted Sesame Desi Cow Ghee 350g,Royal Indian Harvest,DAIR-003279,890100642277,Dairy & Eggs,186,carton,339.18,525.02,2026-09-18,Aisle 02,chilled
Valley Fresh Pista Almond Coriander Leaves 350g,FarmGold Agro,FRES-003280,890100642278,Fresh Produce,70,bag,47.73,64.40,2026-09-12,Aisle 01,ambient
Cold-Pressed Truffle Infused Fish Fingers Frozen 2L,Green Earth Harvest,FROZ-003281,890100642279,Frozen Foods,246,bag,48.40,76.79,2027-05-09,Aisle 09,frozen
Low-Sodium Masala Chai Boneless Chicken Breast 50g,Bhoomi Milling,MEAT-003282,890100642280,Meat & Seafood,88,kg,150.82,276.90,2026-09-03,Aisle 04,chilled
Select Ajwain & Jeera Ginger Root 5L,Vedic Fresh Mills,FRES-003283,890100642281,Fresh Produce,194,kg,94.56,147.88,2026-08-28,Aisle 01,ambient
Signature Toasted Sesame Mishri Mawa 150g,Desi Organics Plantations,DAIR-003284,890100642282,Dairy & Eggs,182,pack,495.97,734.85,2026-09-06,Aisle 03,chilled
Wildcrafted Alphonso Mango Stainless Steel Scrubber 3pk 8-Pack,Patanjali Kitchens,HOUS-003285,890100642283,Household & Personal Care,226,box,545.87,944.00,2026-08-27,Aisle 12,ambient
Roasted Nagpur Orange Fabric Softener Floral 1kg,Bhoomi Plantations,HOUS-003286,890100642284,Household & Personal Care,167,bottle,427.45,747.01,2028-01-05,Aisle 12,ambient
Natural Makhana Crunch Unsalted White Butter 350g,Mother Dairy Agro,DAIR-003287,890100642285,Dairy & Eggs,39,tub,203.06,313.88,2026-08-22,Aisle 03,chilled
Royal Masala Chai Blueberries 4-Pack,Patanjali Farms,FRES-003288,890100642286,Fresh Produce,138,bunch,23.78,36.46,2026-09-08,Aisle 02,chilled
Artisan Kachi Ghani Mustard Baby Spinach 1.5L,Vedic Fresh Botanicals,FRES-003289,890100642287,Fresh Produce,81,bunch,106.74,175.68,2026-08-29,Aisle 02,chilled
Select Basa Fish Fillets 24-Pack,Bhoomi Goods,MEAT-003290,890100642288,Meat & Seafood,9,kg,256.82,380.57,2026-09-01,Aisle 05,chilled
Valley Fresh Kesar Pista Pink Himalayan Salt 5kg,Satvik Agro,PANT-003291,890100642289,Pantry & Dry Goods,42,packet,599.70,993.12,2026-08-24,Aisle 08,ambient
Country Style Smoked Paprika Himalayan Spring Water 250g,SunBrite Foods,BEVE-003292,890100642290,Beverages,32,carton,402.38,527.38,2026-08-22,Aisle 05,ambient
Unpolished Smoked Paprika Seedless Grapes 10-Pack,Tata Botanicals,FRES-003293,890100642291,Fresh Produce,245,bag,114.62,210.69,2026-08-29,Aisle 01,ambient
Authentic Nagpur Orange Toor Dal Premium 750ml,Fortune Foods,PANT-003294,890100642292,Pantry & Dry Goods,75,box,220.52,307.41,2027-05-21,Aisle 06,ambient
Zero-Sugar Mixed Berries Frozen 250g,Green Earth Kitchens,FROZ-003295,890100642293,Frozen Foods,206,pack,292.27,535.70,2027-05-02,Aisle 08,frozen
Heritage Dark Chocolate Chana Dal Polished 12-Pack,Bhoomi Organics,PANT-003296,890100642294,Pantry & Dry Goods,38,box,716.91,1056.15,2027-10-16,Aisle 06,ambient
Organic Gulab Jamun Tin 5kg,Bhoomi Organics,SNAC-003297,890100642295,Snacks & Confectionery,199,bar,528.46,824.01,2027-02-12,Aisle 09,ambient
Crisp Biodegradable Garbage Bags 330ml,Amul Botanicals,HOUS-003298,890100642296,Household & Personal Care,198,box,49.26,78.19,2026-08-27,Aisle 12,ambient
Farm-Fresh Penne Rigate Pasta Family Pack,Amul Plantations,PANT-003299,890100642297,Pantry & Dry Goods,202,jar,91.57,138.45,2026-12-30,Aisle 07,ambient
Royal Clove & Mint Toothpaste 12-Pack,FarmGold Goods,HOUS-003300,890100642298,Household & Personal Care,209,packet,341.43,487.72,2029-02-13,Aisle 11,ambient
Raw Matcha Green Tea Cheese Croissant 5kg,Dabur Harvest,BAKE-003301,890100642299,Bakery & Deli,99,box,316.42,582.46,2026-08-28,Aisle 03,ambient
Cold-Pressed Pista Almond Fish Fingers Frozen 750ml,Royal Indian Co.,FROZ-003302,890100642300,Frozen Foods,66,pack,96.72,146.33,2027-03-28,Aisle 09,frozen
Gourmet Coconut Cream Bhujia Sev 100g,Catch Naturals,SNAC-003303,890100642301,Snacks & Confectionery,160,pack,59.26,85.32,2027-02-20,Aisle 09,ambient
Traditional Kashmiri Saffron Dishwash Gel Lemon 750g,Desi Organics Dairy,HOUS-003304,890100642302,Household & Personal Care,62,box,420.59,570.49,2028-11-19,Aisle 12,ambient
Royal Tandoori Smoked Toned Milk 2L,Dabur Foods,DAIR-003305,890100642303,Dairy & Eggs,137,box,195.60,247.81,2026-08-29,Aisle 02,chilled
Handcrafted Smoked Paprika Desi Cow Ghee 6-Pack,Pure Vedic Organics,DAIR-003306,890100642304,Dairy & Eggs,117,tub,67.96,103.50,2026-09-09,Aisle 03,chilled
Stone-Ground Nimbu Paani Soda 500g,Dabur Plantations,BEVE-003307,890100642305,Beverages,191,carton,186.01,268.92,2027-08-24,Aisle 06,chilled
Signature Roasted Salted Cashews 12-Pack,Organic Tattva Milling,SNAC-003308,890100642306,Snacks & Confectionery,123,pack,504.03,732.82,2026-12-17,Aisle 09,ambient
Pure Masala CTC Tea Snack Pack,Everest Naturals,BEVE-003309,890100642307,Beverages,127,carton,116.89,215.88,2027-04-26,Aisle 05,chilled
Wildcrafted Diet Mixture Namkeen Family Pack,Tata Mills,SNAC-003310,890100642308,Snacks & Confectionery,106,packet,396.23,707.46,2026-11-21,Aisle 09,ambient
Handcrafted Chatpata Masala Biodegradable Garbage Bags 12-Pack,Ganga Co.,HOUS-003311,890100642309,Household & Personal Care,35,box,158.72,211.63,2027-09-18,Aisle 12,ambient
Sun-Dried Jalapeno Lime Moong Dal Namkeen 400g,Pashmina Botanicals,SNAC-003312,890100642310,Snacks & Confectionery,100,pack,443.54,598.80,2027-04-15,Aisle 10,ambient
Select Granola Health Bars 150ml,Royal Indian Botanicals,SNAC-003313,890100642311,Snacks & Confectionery,95,tub,249.08,318.90,2026-08-15,Aisle 10,ambient
Sun-Dried Caramelized Onion Moong Dal Washed 6-Pack,Vedic Fresh Dairy,PANT-003314,890100642312,Pantry & Dry Goods,165,box,668.10,962.41,2027-10-16,Aisle 08,ambient
Farm-Fresh Cardamom Spiced Chicken Keema 300g,Green Earth Mills,MEAT-003315,890100642313,Meat & Seafood,25,pcs,219.42,353.72,2026-08-30,Aisle 05,chilled
Whole-Grain Lemon Pepper Seedless Grapes 100g,SunBrite Organics,FRES-003316,890100642314,Fresh Produce,93,kg,53.91,70.08,2026-09-14,Aisle 01,chilled
Aged Alphonso Mangoes 10-Pack,FarmGold Agro,FRES-003317,890100642315,Fresh Produce,70,kg,66.73,91.53,2026-09-02,Aisle 02,ambient
Smoked Kabuli Chana Large 8-Pack,Saffola Harvest,PANT-003318,890100642316,Pantry & Dry Goods,58,can,608.13,1049.74,2028-03-29,Aisle 06,ambient
Golden Ajwain & Jeera 70% Dark Chocolate Bar 5L,Nilgiri Agro,SNAC-003319,890100642317,Snacks & Confectionery,84,box,155.20,240.53,2026-12-27,Aisle 10,ambient
Signature Coconut Milk Canned Value Pack,Green Earth Farms,PANT-003320,890100642318,Pantry & Dry Goods,11,bag,343.59,538.08,2028-06-13,Aisle 08,ambient
Spiced Alphonso Mango Frozen Paneer Cubes 50g,Satvik Farms,FROZ-003321,890100642319,Frozen Foods,119,tub,346.23,596.41,2026-11-29,Aisle 08,frozen
Golden Frozen Paneer Cubes Value Pack,Bhoomi Naturals,FROZ-003322,890100642320,Frozen Foods,111,packet,238.04,351.47,2027-05-12,Aisle 09,frozen
Sun-Dried Makhana Crunch Fresh Chicken Curry Cut 330ml,Amul Mills,MEAT-003323,890100642321,Meat & Seafood,221,pcs,209.19,308.45,2026-08-29,Aisle 05,chilled
Wildcrafted Dark Chocolate Ginger Kombucha 5kg,Heritage Goods,BEVE-003324,890100642322,Beverages,32,pack,223.81,364.55,2026-11-19,Aisle 05,chilled
Sun-Dried Tandoori Smoked Frozen Green Peas 1kg,Pure Vedic Milling,FROZ-003325,890100642323,Frozen Foods,91,bag,219.02,386.57,2026-12-10,Aisle 09,frozen
Artisan Pista Almond Bhujia Sev 150ml,Bhoomi Plantations,SNAC-003326,890100642324,Snacks & Confectionery,139,bar,286.25,516.49,2027-05-12,Aisle 10,ambient
Homestyle Mozzarella Shredded 750g,Green Earth Harvest,DAIR-003327,890100642325,Dairy & Eggs,195,bottle,268.68,342.94,2026-09-20,Aisle 03,chilled
Authentic Electrolyte Energy Drink 250ml,Pashmina Agro,BEVE-003328,890100642326,Beverages,200,bag,251.73,326.06,2027-03-07,Aisle 05,ambient
Sun-Dried Cardamom Spiced Paneer Tikka Deli 6-Pack,Nature Harvest Milling,BAKE-003329,890100642327,Bakery & Deli,106,box,121.53,215.84,2026-08-30,Aisle 03,chilled
Gourmet Sea Salt Roma Tomatoes 5kg,SunBrite Springs,FRES-003330,890100642328,Fresh Produce,74,pack,53.22,91.37,2026-09-14,Aisle 02,ambient
Zero-Sugar Masala Chai Cucumbers 5L,Royal Indian Kitchens,FRES-003331,890100642329,Fresh Produce,48,bunch,106.47,187.47,2026-09-11,Aisle 02,ambient
Aged Buffalo Milk 8-Pack,Everest Goods,DAIR-003332,890100642330,Dairy & Eggs,102,tub,60.20,88.72,2026-09-19,Aisle 02,chilled
Heritage Bamboo Toothbrush 2pk 1L,Saffola Plantations,HOUS-003333,890100642331,Household & Personal Care,151,pack,450.21,617.93,2029-03-15,Aisle 11,ambient
Cured Alphonso Kulfi Tub 2kg,Mother Dairy Co.,FROZ-003334,890100642332,Frozen Foods,192,bag,361.84,592.43,2026-11-10,Aisle 09,frozen
Gourmet Garlic & Herb Floor Disinfectant Pine 2-Pack,Satvik Dairy,HOUS-003335,890100642333,Household & Personal Care,210,pack,42.54,61.24,2026-08-30,Aisle 12,ambient
Low-Sodium Bath Tissue 6-Pack 150ml,Desi Organics Agro,HOUS-003336,890100642334,Household & Personal Care,222,bottle,244.55,384.86,2028-02-17,Aisle 12,ambient
Sweet Chana Dal Polished 2-Pack,Ganga Provisions,PANT-003337,890100642335,Pantry & Dry Goods,10,bag,95.18,128.26,2027-01-02,Aisle 06,ambient
Gourmet Matcha Green Tea Pomfret Whole 200ml,Everest Goods,MEAT-003338,890100642336,Meat & Seafood,21,pack,652.47,943.66,2026-09-01,Aisle 05,chilled
Country Style Sweet Corn Kernels 330ml,Urban Roots Co.,FROZ-003339,890100642337,Frozen Foods,163,packet,206.23,277.62,2027-06-22,Aisle 08,frozen
Farm-Fresh Mutton Curry Cut 8-Pack,FarmGold Plantations,MEAT-003340,890100642338,Meat & Seafood,226,kg,383.29,495.87,2026-09-01,Aisle 05,chilled
Gourmet Kashmiri Saffron Chicken Drumsticks 750g,Tata Agro,MEAT-003341,890100642339,Meat & Seafood,242,kg,192.52,242.99,2026-09-03,Aisle 05,chilled
Valley Fresh Pure Jaggery Powder (Gud) 24-Pack,Pure Vedic Co.,PANT-003342,890100642340,Pantry & Dry Goods,153,box,67.99,93.43,2027-09-25,Aisle 08,ambient
Rustic 70% Dark Chocolate Bar 6-Pack,FarmGold Provisions,SNAC-003343,890100642341,Snacks & Confectionery,125,bar,363.83,545.83,2027-04-04,Aisle 09,ambient
Golden Raw Wildflower Honey 50g,Dabur Co.,PANT-003344,890100642342,Pantry & Dry Goods,36,jar,691.53,980.95,2028-06-24,Aisle 08,ambient
Rustic Red Chilli & Garlic Bath Tissue 6-Pack Family Pack,Nature Harvest Co.,HOUS-003345,890100642343,Household & Personal Care,169,pack,450.32,728.89,2027-12-03,Aisle 12,ambient
Natural Frozen Paneer Cubes 150g,Everest Farms,FROZ-003346,890100642344,Frozen Foods,117,pack,280.96,455.37,2027-04-05,Aisle 09,frozen
Farm-Fresh Lemon Pepper Chicken Frankfurters 500ml,Saffola Springs,BAKE-003347,890100642345,Bakery & Deli,138,pcs,302.62,386.27,2026-09-06,Aisle 03,chilled
Pure Nagpur Orange Green Chillies 2-Pack,SunBrite Harvest,FRES-003348,890100642346,Fresh Produce,102,bag,139.63,256.46,2026-09-14,Aisle 02,chilled
Wildcrafted Wood-Fired Veggie Pizza 5L,Catch Springs,FROZ-003349,890100642347,Frozen Foods,213,bag,306.65,521.64,2026-08-27,Aisle 09,frozen
Signature Kashmiri Saffron Curd Tub (Dahi) 12-Pack,Satvik Kitchens,DAIR-003350,890100642348,Dairy & Eggs,194,carton,47.69,87.08,2026-09-15,Aisle 02,chilled
Cold-Pressed Masala Chai Shampoo Anti-Dandruff 8-Pack,Deccan Kitchens,HOUS-003351,890100642349,Household & Personal Care,102,box,450.85,728.84,2027-10-24,Aisle 11,ambient
Plant-Based Spicy Peanut Chikki 330ml,Amul Dairy,SNAC-003352,890100642350,Snacks & Confectionery,79,tub,484.47,698.95,2027-05-20,Aisle 10,ambient
Homestyle Fresh Mint (Pudina) 24-Pack,Mother Dairy Mills,FRES-003353,890100642351,Fresh Produce,99,bag,148.63,186.47,2026-09-07,Aisle 01,ambient
Golden Caramelized Onion Kulcha 4-Pack 1L,Kaveri Botanicals,BAKE-003354,890100642352,Bakery & Deli,44,box,95.02,127.97,2026-09-07,Aisle 04,ambient
Grass-Fed Kachi Ghani Mustard Brownie Bites 2-Pack,Tata Mills,BAKE-003355,890100642353,Bakery & Deli,165,pcs,295.80,410.54,2026-08-28,Aisle 04,ambient
Gluten-Free Makhana Crunch Catla Fish Steaks 1kg,Dabur Milling,MEAT-003356,890100642354,Meat & Seafood,7,pack,594.25,833.44,2026-09-02,Aisle 05,chilled
Rustic Kesar Pista Jeera Masala Soda 750ml,Desi Organics Farms,BEVE-003357,890100642355,Beverages,246,carton,380.63,487.79,2027-08-05,Aisle 05,chilled
Premium Herbal Hand Wash Neem 500g,Organic Tattva Naturals,HOUS-003358,890100642356,Household & Personal Care,45,packet,551.29,749.10,2028-03-09,Aisle 11,ambient
Sun-Dried Lemon Pepper Coconut Milk Canned 6-Pack,Tata Milling,PANT-003359,890100642357,Pantry & Dry Goods,85,bag,731.73,942.45,2027-04-04,Aisle 07,ambient
Unpolished Paneer Tikka Deli 500ml,Desi Organics Botanicals,BAKE-003360,890100642358,Bakery & Deli,109,box,111.23,155.46,2026-09-06,Aisle 04,chilled
Stone-Ground Nagpur Orange Mozzarella Shredded 150ml,Nilgiri Co.,DAIR-003361,890100642359,Dairy & Eggs,5,carton,173.61,319.54,2026-08-30,Aisle 02,chilled
Gluten-Free Caramelized Onion Feta Cheese 2kg,Dabur Harvest,DAIR-003362,890100642360,Dairy & Eggs,160,packet,492.72,903.78,2026-09-20,Aisle 02,chilled
Low-Sodium Chatpata Masala Apples 200ml,Saffola Springs,FRES-003363,890100642361,Fresh Produce,65,pack,88.21,151.76,2026-08-19,Aisle 02,chilled
Stone-Ground Vanilla Bean Ayurvedic Bath Soap 5kg,Saffola Mills,HOUS-003364,890100642362,Household & Personal Care,236,box,451.48,608.24,2027-11-27,Aisle 12,ambient
Farm-Fresh Fruit Cake Slice 2-Pack,Satvik Plantations,BAKE-003365,890100642363,Bakery & Deli,90,box,115.89,157.34,2026-08-30,Aisle 03,chilled
Zero-Sugar Mint Lime Sparkling Mineral Water 300g,Himalayan Naturals,BEVE-003366,890100642364,Beverages,116,bag,362.17,579.38,2027-03-03,Aisle 05,ambient
Handcrafted Matcha Green Tea Fresh Methi 150ml,Catch Kitchens,FRES-003367,890100642365,Fresh Produce,242,kg,65.39,117.92,2026-09-06,Aisle 02,chilled
Organic Tandoori Smoked Himalayan Spring Water 500ml,Tata Milling,BEVE-003368,890100642366,Beverages,160,box,295.26,400.62,2026-08-28,Aisle 06,ambient
Heritage Mint Lime Chana Dal Polished 1.5L,Nilgiri Harvest,PANT-003369,890100642367,Pantry & Dry Goods,211,packet,222.06,286.11,2027-07-30,Aisle 06,ambient
Heritage Golden Ginger Clove & Mint Toothpaste 200g,Tata Kitchens,HOUS-003370,890100642368,Household & Personal Care,210,bottle,150.85,264.08,2029-01-15,Aisle 11,ambient
Organic Vanilla Bean Paneer Block 10-Pack,FarmGold Botanicals,DAIR-003371,890100642369,Dairy & Eggs,243,pack,127.82,226.33,2026-08-27,Aisle 02,chilled
Grass-Fed Golden Ginger Rusk Toast 2-Pack,Urban Roots Organics,BAKE-003372,890100642370,Bakery & Deli,85,pcs,281.91,466.59,2026-09-06,Aisle 03,chilled
Unpolished Fresh Rohu Fish 500ml,Catch Co.,MEAT-003373,890100642371,Meat & Seafood,70,kg,587.54,894.39,2026-09-02,Aisle 05,chilled
Cured Red Onions 5L,Everest Dairy,FRES-003374,890100642372,Fresh Produce,115,kg,62.43,102.63,2026-09-17,Aisle 01,ambient
Farm-Fresh Tulsi Honey Lentils Red Masoor 150g,Vedic Fresh Farms,PANT-003375,890100642373,Pantry & Dry Goods,242,can,657.89,1192.72,2027-11-07,Aisle 08,ambient
Country Style Cardamom Spiced Amla Juice Pure 750g,Nature Harvest Mills,BEVE-003376,890100642374,Beverages,66,bottle,165.49,215.04,2026-10-28,Aisle 06,chilled
Raw Kashmiri Saffron Blueberries 2kg,Pure Vedic Naturals,FRES-003377,890100642375,Fresh Produce,91,kg,143.77,221.69,2026-09-02,Aisle 01,ambient
Spiced Kesar Pista Paneer Tikka Deli 5L,Urban Roots Milling,BAKE-003378,890100642376,Bakery & Deli,159,box,156.50,225.65,2026-09-02,Aisle 03,ambient
Plant-Based Makhana Crunch Shampoo Anti-Dandruff 4-Pack,Nature Harvest Provisions,HOUS-003379,890100642377,Household & Personal Care,183,tube,577.94,775.27,2026-08-19,Aisle 12,ambient
Free-Range Iced Lemon Tea 24-Pack,Urban Roots Farms,BEVE-003380,890100642378,Beverages,141,bag,195.90,337.72,2026-12-07,Aisle 05,chilled
Authentic Nagpur Orange Kitchen Paper Towels 4-Roll 2L,Green Earth Organics,HOUS-003381,890100642379,Household & Personal Care,247,box,291.26,377.81,2028-08-14,Aisle 11,ambient
Artisan Sea Salt Almond Milk 10kg,Bhoomi Mills,DAIR-003382,890100642380,Dairy & Eggs,245,box,494.75,766.36,2026-09-04,Aisle 02,chilled
Smoked Surmai Steaks 250ml,Ganga Co.,MEAT-003383,890100642381,Meat & Seafood,8,pcs,290.50,389.72,2026-08-29,Aisle 04,chilled
Authentic Sweet Tamarind Unsalted White Butter Family Pack,Nilgiri Kitchens,DAIR-003384,890100642382,Dairy & Eggs,226,packet,450.64,695.64,2026-09-11,Aisle 02,chilled
Artisan Cardamom Spiced Roasted Salted Cashews 500ml,Urban Roots Foods,SNAC-003385,890100642383,Snacks & Confectionery,137,pack,474.52,647.74,2027-03-22,Aisle 09,ambient
Natural Pista Almond Oranges Nagpur Family Pack,Catch Co.,FRES-003386,890100642384,Fresh Produce,157,bag,150.58,268.22,2026-09-02,Aisle 02,chilled
Pure Sweet Tamarind Lassi Mango Infused 350g,Kaveri Goods,DAIR-003387,890100642385,Dairy & Eggs,159,carton,408.66,560.52,2026-09-17,Aisle 02,chilled
Premium Chicken Drumsticks 150g,Satvik Springs,MEAT-003388,890100642386,Meat & Seafood,48,pack,686.75,1124.67,2026-08-31,Aisle 04,chilled
Traditional Guavas 350g,Bhoomi Harvest,FRES-003389,890100642387,Fresh Produce,244,kg,59.06,79.30,2026-09-06,Aisle 01,ambient
Extra-Virgin Cucumbers 250ml,Nature Harvest Botanicals,FRES-003390,890100642388,Fresh Produce,34,kg,90.02,161.26,2026-09-03,Aisle 02,ambient
Plant-Based Cinnamon Spice Gulab Jamun Tin 1.5L,Amul Co.,SNAC-003391,890100642389,Snacks & Confectionery,145,box,297.89,503.92,2026-08-30,Aisle 10,ambient
Grass-Fed Toasted Sesame Coconut Milk Canned 4-Pack,Vedic Fresh Kitchens,PANT-003392,890100642390,Pantry & Dry Goods,162,box,517.98,651.10,2027-11-23,Aisle 06,ambient
Traditional Pink Himalayan Salt 200ml,Urban Roots Provisions,PANT-003393,890100642391,Pantry & Dry Goods,20,box,218.48,279.67,2027-05-08,Aisle 07,ambient
Zero-Sugar Masala Chai Alphonso Kulfi Tub 330ml,Tata Agro,FROZ-003394,890100642392,Frozen Foods,44,tub,292.06,384.36,2026-11-05,Aisle 09,frozen
Signature Dark Chocolate Whole Wheat Atta Bread 1.5L,Tata Kitchens,BAKE-003395,890100642393,Bakery & Deli,16,box,318.35,466.53,2026-09-05,Aisle 04,chilled
Premium Chatpata Masala Goat Mince Premium 4-Pack,Green Earth Agro,MEAT-003396,890100642394,Meat & Seafood,169,pcs,151.56,260.35,2026-09-01,Aisle 05,chilled
Organic Cardamom Spiced Gouda Block 5kg,Saffola Co.,DAIR-003397,890100642395,Dairy & Eggs,104,bottle,303.26,536.64,2026-09-23,Aisle 02,chilled
Extra-Virgin Nagpur Orange Floor Disinfectant Pine 300g,Dabur Co.,HOUS-003398,890100642396,Household & Personal Care,113,pack,247.49,387.64,2027-08-19,Aisle 11,ambient
Gourmet Rose Infused Moong Dal Washed 2L,Kaveri Harvest,PANT-003399,890100642397,Pantry & Dry Goods,202,box,37.73,69.18,2026-08-21,Aisle 06,ambient
Crisp Ginger Kombucha 2kg,Heritage Goods,BEVE-003400,890100642398,Beverages,195,pack,260.85,423.47,2027-07-25,Aisle 06,chilled
Select Herbal Hand Wash Neem 4-Pack,Dabur Agro,HOUS-003401,890100642399,Household & Personal Care,21,bottle,586.86,890.63,2026-08-15,Aisle 11,ambient
Rustic Ayurvedic Bath Soap 200g,Ganga Goods,HOUS-003402,890100642400,Household & Personal Care,23,packet,298.54,520.18,2029-05-10,Aisle 12,ambient
Raw Makhana Crunch Chaash / Buttermilk 1.5L,SunBrite Co.,DAIR-003403,890100642401,Dairy & Eggs,58,packet,286.07,527.38,2026-09-26,Aisle 03,chilled
Raw Cream Cheese 300g,Catch Harvest,DAIR-003404,890100642402,Dairy & Eggs,172,tub,307.50,428.54,2026-09-12,Aisle 03,chilled
Sweet Ajwain & Jeera Curd Tub (Dahi) 1kg,Pure Vedic Naturals,DAIR-003405,890100642403,Dairy & Eggs,142,box,256.81,471.06,2026-09-12,Aisle 02,chilled
Extra-Virgin Chatpata Masala Moong Dal Washed 400g,Nilgiri Organics,PANT-003406,890100642404,Pantry & Dry Goods,18,packet,502.56,917.46,2027-12-28,Aisle 07,ambient
Spiced Smoked Paprika Nimbu Paani Soda 100g,Himalayan Springs,BEVE-003407,890100642405,Beverages,7,carton,271.55,383.72,2027-03-14,Aisle 06,ambient
Free-Range Caramelized Onion Chicken Sausages Value Pack,Tata Naturals,MEAT-003408,890100642406,Meat & Seafood,19,pack,948.82,1359.22,2026-09-01,Aisle 04,chilled
Desi Raw Wildflower Honey 200g,SunBrite Farms,PANT-003409,890100642407,Pantry & Dry Goods,10,box,299.32,485.26,2028-04-15,Aisle 06,ambient
Smoked Chaash / Buttermilk 250ml,Amul Naturals,DAIR-003410,890100642408,Dairy & Eggs,191,box,142.42,188.73,2026-09-06,Aisle 02,chilled
Unpolished Soy Milk Protein 12-Pack,Mother Dairy Plantations,DAIR-003411,890100642409,Dairy & Eggs,89,box,355.45,586.41,2026-08-31,Aisle 03,chilled
Valley Fresh Alphonso Mango Bath Tissue 6-Pack 250ml,FarmGold Botanicals,HOUS-003412,890100642410,Household & Personal Care,107,pack,163.48,268.98,2028-08-02,Aisle 11,ambient
Cold-Pressed Butter Murukku 500g,Catch Milling,SNAC-003413,890100642411,Snacks & Confectionery,150,packet,518.87,768.51,2027-01-24,Aisle 10,ambient
Organic Bath Tissue 6-Pack 6-Pack,Desi Organics Plantations,HOUS-003414,890100642412,Household & Personal Care,140,tube,290.05,401.58,2028-06-02,Aisle 11,ambient
Low-Sodium Organic Brown Sugar 1L,Tata Agro,PANT-003415,890100642413,Pantry & Dry Goods,193,jar,80.38,132.30,2028-04-05,Aisle 06,ambient
Sun-Dried Pita Bread 250ml,Desi Organics Plantations,BAKE-003416,890100642414,Bakery & Deli,70,pcs,143.01,244.01,2026-08-24,Aisle 03,chilled
Plant-Based Makhana Crunch Veg Burger Patties 250g,Nilgiri Goods,FROZ-003417,890100642415,Frozen Foods,247,packet,402.53,505.22,2027-06-21,Aisle 09,frozen
Low-Sodium Paneer Block 24-Pack,Amul Mills,DAIR-003418,890100642416,Dairy & Eggs,67,bottle,59.70,89.10,2026-09-12,Aisle 03,chilled
Country Style Fresh Mint (Pudina) 1kg,SunBrite Goods,FRES-003419,890100642417,Fresh Produce,40,pack,130.65,167.45,2026-09-13,Aisle 02,chilled
Handcrafted Red Chilli & Garlic Mixed Berries Frozen 1.5L,Pure Vedic Naturals,FROZ-003420,890100642418,Frozen Foods,18,box,291.06,467.82,2026-11-30,Aisle 09,frozen
Cold-Pressed Masala Chai Whole Wheat Atta Bread 1L,Green Earth Goods,BAKE-003421,890100642419,Bakery & Deli,178,box,298.48,445.64,2026-09-05,Aisle 03,chilled
Farm-Fresh Garlic Focaccia 330ml,Kaveri Agro,BAKE-003422,890100642420,Bakery & Deli,119,pack,242.61,372.15,2026-09-09,Aisle 03,ambient
Stone-Ground Matcha Green Tea Smoked Chicken Slices 5kg,FarmGold Provisions,BAKE-003423,890100642421,Bakery & Deli,86,pcs,180.53,292.74,2026-09-05,Aisle 03,ambient
Gourmet Guavas 100g,Saffola Naturals,FRES-003424,890100642422,Fresh Produce,55,bag,29.22,38.37,2026-09-07,Aisle 02,chilled
Gluten-Free Chatpata Masala Fresh Methi 150ml,Pure Vedic Kitchens,FRES-003425,890100642423,Fresh Produce,190,pcs,82.64,114.05,2026-08-30,Aisle 01,ambient
Artisan Organic Sharbati Atta 6-Pack,Pure Vedic Provisions,PANT-003426,890100642424,Pantry & Dry Goods,222,can,522.42,883.11,2027-04-28,Aisle 08,ambient
Cold-Pressed Matcha Green Tea Pav 6-Pack 150ml,Saffola Kitchens,BAKE-003427,890100642425,Bakery & Deli,29,box,154.67,243.96,2026-09-08,Aisle 04,ambient
Rustic Toasted Sesame Mutton Curry Cut 5L,Catch Mills,MEAT-003428,890100642426,Meat & Seafood,239,pack,842.74,1443.06,2026-09-01,Aisle 05,chilled
Farm-Fresh Truffle Infused Soan Papdi Box 330ml,Desi Organics Springs,SNAC-003429,890100642427,Snacks & Confectionery,204,box,345.50,495.17,2027-06-20,Aisle 09,ambient
Country Style Catla Fish Steaks 5L,Dabur Springs,MEAT-003430,890100642428,Meat & Seafood,150,kg,586.99,951.56,2026-08-29,Aisle 04,chilled
Zero-Sugar Masala Chai Organic Rolled Oats 6-Pack,Himalayan Agro,PANT-003431,890100642429,Pantry & Dry Goods,164,can,195.52,249.77,2028-06-29,Aisle 07,ambient
Free-Range Alphonso Mango Bath Tissue 6-Pack 6-Pack,Mother Dairy Milling,HOUS-003432,890100642430,Household & Personal Care,203,pack,495.37,818.20,2027-06-30,Aisle 11,ambient
Natural Caramelized Onion Roasted Makhana Foxnuts 50g,Nilgiri Kitchens,SNAC-003433,890100642431,Snacks & Confectionery,190,tub,259.20,411.82,2026-10-31,Aisle 10,ambient
Natural Kaju Katli Sweet Box 8-Pack,Bhoomi Organics,SNAC-003434,890100642432,Snacks & Confectionery,206,pack,297.31,498.89,2027-06-23,Aisle 09,ambient
Gourmet Alphonso Kulfi Tub Family Pack,Urban Roots Foods,FROZ-003435,890100642433,Frozen Foods,14,bag,107.02,159.93,2027-03-24,Aisle 09,frozen
Valley Fresh Sea Salt Pav 6-Pack 250ml,Mother Dairy Naturals,BAKE-003436,890100642434,Bakery & Deli,17,box,284.93,388.46,2026-09-09,Aisle 03,chilled
Smoked Coconut Milk Canned 150g,Organic Tattva Harvest,PANT-003437,890100642435,Pantry & Dry Goods,32,packet,135.18,217.35,2027-08-30,Aisle 07,ambient
Crisp Vanilla Bean Organic Brown Sugar 50g,Fortune Springs,PANT-003438,890100642436,Pantry & Dry Goods,89,can,528.41,822.96,2027-05-28,Aisle 06,ambient
Free-Range Rose Infused Garlic Naan Frozen 4pk 2L,FarmGold Provisions,FROZ-003439,890100642437,Frozen Foods,8,tub,286.91,441.57,2027-07-05,Aisle 09,frozen
Whole-Grain Makhana Crunch Mutton Chops Snack Pack,Royal Indian Dairy,MEAT-003440,890100642438,Meat & Seafood,104,pack,473.11,797.59,2026-09-02,Aisle 04,chilled
Grass-Fed Garlic & Herb Espresso Roast Ground Coffee Snack Pack,Urban Roots Plantations,BEVE-003441,890100642439,Beverages,167,pack,356.78,622.49,2027-07-31,Aisle 06,ambient
Stone-Ground Truffle Infused Frozen Veg Momos 1kg,Fortune Kitchens,FROZ-003442,890100642440,Frozen Foods,238,packet,328.65,426.85,2026-11-25,Aisle 09,frozen
Plant-Based Pasture Eggs 10kg,Deccan Farms,DAIR-003443,890100642441,Dairy & Eggs,200,pack,116.62,205.06,2026-09-17,Aisle 02,chilled
Wildcrafted Matcha Green Tea Stainless Steel Scrubber 3pk 1L,Mother Dairy Foods,HOUS-003444,890100642442,Household & Personal Care,160,tube,213.35,393.74,2028-08-06,Aisle 12,ambient
Country Style Gourmet Cookies Choco-Chip 2L,Ganga Harvest,SNAC-003445,890100642443,Snacks & Confectionery,9,tub,34.28,62.26,2027-06-07,Aisle 09,ambient
Pure Heavy Cream 250ml,Himalayan Springs,DAIR-003446,890100642444,Dairy & Eggs,84,tub,122.40,185.37,2026-09-01,Aisle 02,chilled
Extra-Virgin Sea Salt Malai Kulfi Bar Snack Pack,Nature Harvest Plantations,FROZ-003447,890100642445,Frozen Foods,67,bag,402.82,683.58,2026-10-26,Aisle 09,frozen
Stone-Ground Diet Mixture Namkeen 24-Pack,Urban Roots Plantations,SNAC-003448,890100642446,Snacks & Confectionery,241,bar,534.51,891.59,2026-11-09,Aisle 10,ambient
Traditional Mint Lime Filter Coffee Beans 8-Pack,Nilgiri Kitchens,BEVE-003449,890100642447,Beverages,86,pack,97.98,180.30,2027-07-20,Aisle 05,ambient
Country Style Caramelized Onion Fruit Muffins 100g,FarmGold Springs,BAKE-003450,890100642448,Bakery & Deli,156,pcs,148.37,265.73,2026-09-05,Aisle 04,chilled
Artisan Caramelized Onion Goat Mince Premium 6-Pack,Vedic Fresh Agro,MEAT-003451,890100642449,Meat & Seafood,217,pcs,191.40,352.10,2026-09-01,Aisle 05,chilled
Extra-Virgin Garlic & Herb Electrolyte Energy Drink 10-Pack,Fortune Farms,BEVE-003452,890100642450,Beverages,250,box,159.43,274.84,2027-05-15,Aisle 05,ambient
Rustic Clove & Mint Toothpaste 500ml,Heritage Botanicals,HOUS-003453,890100642451,Household & Personal Care,219,tube,304.89,401.42,2028-05-09,Aisle 12,ambient
Homestyle Sea Salt Garlic Naan Frozen 4pk 150ml,Pashmina Goods,FROZ-003454,890100642452,Frozen Foods,222,bag,249.94,460.35,2027-06-20,Aisle 09,frozen
Homestyle Palak Leaves 330ml,Green Earth Mills,FRES-003455,890100642453,Fresh Produce,54,pcs,37.38,61.34,2026-09-04,Aisle 01,chilled
Homestyle Makhana Crunch Cold Pressed Orange Juice 1.5L,Mother Dairy Agro,BEVE-003456,890100642454,Beverages,103,carton,76.41,102.20,2026-11-27,Aisle 05,ambient
Golden Roasted Salted Cashews 12-Pack,Mother Dairy Plantations,SNAC-003457,890100642455,Snacks & Confectionery,219,bar,250.55,347.32,2026-12-06,Aisle 10,ambient
Select Moong Dal Namkeen 4-Pack,Organic Tattva Botanicals,SNAC-003458,890100642456,Snacks & Confectionery,109,box,500.71,693.52,2027-02-04,Aisle 09,ambient
Valley Fresh Nagpur Orange Paneer Tikka Deli 100g,FarmGold Springs,BAKE-003459,890100642457,Bakery & Deli,49,pcs,287.26,524.68,2026-08-22,Aisle 04,ambient
Gourmet Lemon Pepper Multigrain Tortillas 1L,Fortune Springs,BAKE-003460,890100642458,Bakery & Deli,17,pack,36.97,56.40,2026-09-08,Aisle 03,chilled
Premium Ajwain & Jeera Bamboo Toothbrush 2pk 500ml,Everest Dairy,HOUS-003461,890100642459,Household & Personal Care,53,pack,193.49,356.98,2028-07-07,Aisle 11,ambient
Cured Soan Papdi Box 12-Pack,Bhoomi Botanicals,SNAC-003462,890100642460,Snacks & Confectionery,141,tub,280.81,447.66,2027-03-26,Aisle 09,ambient
Stone-Ground Caramelized Onion Royal Basmati Rice 150g,Urban Roots Plantations,PANT-003463,890100642461,Pantry & Dry Goods,43,bag,655.84,949.87,2027-09-10,Aisle 06,ambient
Signature Kashmiri Saffron Malai Kulfi Bar 400g,Vedic Fresh Plantations,FROZ-003464,890100642462,Frozen Foods,15,pack,348.14,446.92,2027-05-23,Aisle 09,frozen
Organic Toasted Sesame Papayas 350g,Fortune Goods,FRES-003465,890100642463,Fresh Produce,197,bunch,41.93,59.01,2026-09-08,Aisle 01,chilled
Stone-Ground Organic Rolled Oats 1L,Himalayan Farms,PANT-003466,890100642464,Pantry & Dry Goods,72,can,208.67,304.75,2027-09-13,Aisle 07,ambient
Homestyle Chamomile Herbal Tea 4-Pack,Catch Plantations,BEVE-003467,890100642465,Beverages,23,pack,29.00,38.88,2026-10-29,Aisle 06,ambient
Spiced Smoked Paprika Lassi Mango Infused 50g,Mother Dairy Agro,DAIR-003468,890100642466,Dairy & Eggs,163,pack,184.34,299.59,2026-09-26,Aisle 02,chilled
Select Kashmiri Saffron Filter Coffee Beans 2-Pack,Dabur Organics,BEVE-003469,890100642467,Beverages,217,carton,414.92,725.29,2027-03-02,Aisle 06,ambient
Grass-Fed Garlic & Herb Biodegradable Garbage Bags 500g,Green Earth Foods,HOUS-003470,890100642468,Household & Personal Care,59,box,423.04,690.54,2029-02-10,Aisle 11,ambient
Golden Kashmiri Saffron Parmigiano-Reggiano 50g,Amul Mills,DAIR-003471,890100642469,Dairy & Eggs,83,pack,131.12,185.81,2026-09-18,Aisle 02,chilled
Raw Basa Fish Fillets 500ml,Bhoomi Kitchens,MEAT-003472,890100642470,Meat & Seafood,192,pack,514.34,691.51,2026-09-02,Aisle 04,chilled
Plant-Based Garlic & Herb Kitchen Paper Towels 4-Roll 50g,SunBrite Harvest,HOUS-003473,890100642471,Household & Personal Care,176,bottle,325.68,575.92,2028-02-02,Aisle 11,ambient
Sun-Dried Chaash / Buttermilk 2-Pack,Heritage Springs,DAIR-003474,890100642472,Dairy & Eggs,78,pack,249.51,439.30,2026-09-08,Aisle 02,chilled
Gluten-Free Frozen Samosas 750ml,Satvik Goods,FROZ-003475,890100642473,Frozen Foods,171,box,288.03,484.27,2026-11-17,Aisle 09,frozen
Cured Toasted Sesame Bagel Plain 4pk Value Pack,Everest Plantations,BAKE-003476,890100642474,Bakery & Deli,111,pcs,268.98,408.64,2026-09-02,Aisle 03,chilled
Gluten-Free Masala Chai Frozen Veg Momos 2kg,Fortune Naturals,FROZ-003477,890100642475,Frozen Foods,88,box,288.97,439.23,2026-08-22,Aisle 09,frozen
Grass-Fed Sweet Tamarind Ladyfinger (Bhindi) 2L,Nilgiri Plantations,FRES-003478,890100642476,Fresh Produce,45,pcs,146.27,186.43,2026-09-16,Aisle 01,chilled
Pure Biodegradable Garbage Bags 400g,Tata Foods,HOUS-003479,890100642477,Household & Personal Care,60,pack,237.33,350.90,2029-04-22,Aisle 12,ambient
Country Style Caramelized Onion Garlic Naan Frozen 4pk 2-Pack,Fortune Milling,FROZ-003480,890100642478,Frozen Foods,134,bag,53.68,85.98,2026-11-21,Aisle 09,frozen
Royal Kesar Pista Yukon Gold Potatoes 300g,Royal Indian Springs,FRES-003481,890100642479,Fresh Produce,134,bag,18.50,24.78,2026-08-30,Aisle 02,ambient
Natural Raw Wildflower Honey 12-Pack,Nilgiri Agro,PANT-003482,890100642480,Pantry & Dry Goods,115,box,576.26,867.33,2027-04-05,Aisle 07,ambient
Stone-Ground Dishwash Gel Lemon 200g,Mother Dairy Co.,HOUS-003483,890100642481,Household & Personal Care,95,packet,64.12,110.33,2028-05-10,Aisle 12,ambient
Sun-Dried Aloo Tikki 8-Pack 250ml,Deccan Provisions,FROZ-003484,890100642482,Frozen Foods,50,packet,333.42,532.60,2026-12-16,Aisle 09,frozen
Country Style Kashmiri Saffron Malai Kulfi Bar 6-Pack,Satvik Goods,FROZ-003485,890100642483,Frozen Foods,131,tub,385.47,705.63,2026-08-15,Aisle 08,frozen
Country Style Coconut Cream Wood-Fired Veggie Pizza 350g,Himalayan Naturals,FROZ-003486,890100642484,Frozen Foods,44,box,71.50,129.65,2027-08-23,Aisle 08,frozen
Heritage Bamboo Toothbrush 2pk 10-Pack,Patanjali Springs,HOUS-003487,890100642485,Household & Personal Care,109,bottle,97.51,159.22,2028-02-05,Aisle 12,ambient
Country Style Matcha Green Tea Pink Himalayan Salt 12-Pack,Organic Tattva Springs,PANT-003488,890100642486,Pantry & Dry Goods,200,jar,479.16,617.52,2027-08-08,Aisle 07,ambient
Unpolished Tulsi Honey Roasted Makhana Foxnuts 12-Pack,Dabur Mills,SNAC-003489,890100642487,Snacks & Confectionery,165,pack,220.06,275.58,2026-10-22,Aisle 10,ambient
Rustic Dark Chocolate Pink Himalayan Salt 2L,Deccan Co.,PANT-003490,890100642488,Pantry & Dry Goods,198,jar,608.65,924.64,2027-01-24,Aisle 06,ambient
Smoked Bagel Plain 4pk 500g,Amul Farms,BAKE-003491,890100642489,Bakery & Deli,49,pack,305.34,471.59,2026-08-31,Aisle 03,ambient
Pure Tandoori Smoked Squid Rings Cleaned 750g,Himalayan Kitchens,MEAT-003492,890100642490,Meat & Seafood,151,pcs,143.72,225.96,2026-09-03,Aisle 04,chilled
Organic Red Chilli & Garlic Cheese Croissant 500g,Nature Harvest Provisions,BAKE-003493,890100642491,Bakery & Deli,160,box,274.58,477.17,2026-09-09,Aisle 03,chilled
Stone-Ground Makhana Crunch Almond Milk 24-Pack,Pure Vedic Springs,DAIR-003494,890100642492,Dairy & Eggs,12,bottle,189.01,241.31,2026-09-09,Aisle 02,chilled
Crisp Kachi Ghani Mustard Wood-Fired Veggie Pizza 150ml,Dabur Mills,FROZ-003495,890100642493,Frozen Foods,4,packet,185.00,274.84,2026-11-02,Aisle 09,frozen
Signature Kitchen Paper Towels 4-Roll 10-Pack,Green Earth Goods,HOUS-003496,890100642494,Household & Personal Care,74,tube,426.08,542.12,2029-04-11,Aisle 12,ambient
Cured Bamboo Toothbrush 2pk 150g,Royal Indian Mills,HOUS-003497,890100642495,Household & Personal Care,71,box,187.83,246.13,2028-02-17,Aisle 11,ambient
Rustic Dry Fruits Trail Mix 150ml,Green Earth Botanicals,SNAC-003498,890100642496,Snacks & Confectionery,55,bar,238.32,423.17,2026-08-26,Aisle 09,ambient
Extra-Virgin Kesar Pista Ginger Root Value Pack,Vedic Fresh Plantations,FRES-003499,890100642497,Fresh Produce,98,bunch,128.62,197.07,2026-09-13,Aisle 02,chilled
Farm-Fresh Crab Meat Fresh 500ml,Pashmina Kitchens,MEAT-003500,890100642498,Meat & Seafood,208,kg,651.49,907.57,2026-09-03,Aisle 04,chilled
Sun-Dried Kachi Ghani Mustard Mixed Berries Frozen 10-Pack,Urban Roots Plantations,FROZ-003501,890100642499,Frozen Foods,205,packet,192.28,261.02,2026-08-16,Aisle 09,frozen
Signature Caramelized Onion Broccoli Crowns 300g,Nature Harvest Co.,FRES-003502,890100642500,Fresh Produce,15,bunch,79.63,129.24,2026-08-30,Aisle 01,ambient
Unpolished Atlantic Salmon Fillet 200g,Everest Foods,MEAT-003503,890100642501,Meat & Seafood,7,pcs,257.01,361.44,2026-09-03,Aisle 04,chilled
Gluten-Free Ayurvedic Bath Soap 1.5L,Kaveri Provisions,HOUS-003504,890100642502,Household & Personal Care,127,box,450.65,651.03,2028-07-07,Aisle 11,ambient
Gourmet Pista Almond Palak Leaves 50g,Bhoomi Goods,FRES-003505,890100642503,Fresh Produce,136,pack,54.43,74.01,2026-09-14,Aisle 02,ambient
Grass-Fed Caramelized Onion Moong Dal Namkeen 250ml,Tata Botanicals,SNAC-003506,890100642504,Snacks & Confectionery,136,bar,484.77,641.26,2027-05-03,Aisle 10,ambient
Natural Cinnamon Spice Dishwash Gel Lemon 500g,Everest Provisions,HOUS-003507,890100642505,Household & Personal Care,137,packet,586.02,785.53,2028-01-25,Aisle 12,ambient
Extra-Virgin Tulsi Honey Raw Wildflower Honey 8-Pack,Pashmina Organics,PANT-003508,890100642506,Pantry & Dry Goods,60,packet,634.26,1081.86,2027-09-27,Aisle 08,ambient
Raw Diet Mixture Namkeen 150ml,Mother Dairy Dairy,SNAC-003509,890100642507,Snacks & Confectionery,51,bar,457.10,804.40,2027-01-06,Aisle 09,ambient
Wildcrafted Rawa Sooji 150ml,Himalayan Botanicals,PANT-003510,890100642508,Pantry & Dry Goods,226,bag,258.66,392.17,2028-07-18,Aisle 06,ambient
Organic Mishri Mawa 250g,Satvik Dairy,DAIR-003511,890100642509,Dairy & Eggs,192,pack,295.67,475.15,2026-08-30,Aisle 02,chilled
Pure Garlic Naan Frozen 4pk 300g,Nilgiri Foods,FROZ-003512,890100642510,Frozen Foods,170,pack,291.27,417.65,2026-12-16,Aisle 08,frozen
Zero-Sugar Organic Brown Sugar 5L,Mother Dairy Foods,PANT-003513,890100642511,Pantry & Dry Goods,138,jar,54.86,100.60,2028-07-23,Aisle 06,ambient
Golden Feta Cheese 12-Pack,Everest Goods,DAIR-003514,890100642512,Dairy & Eggs,125,pack,373.58,527.72,2026-08-28,Aisle 02,chilled
Plant-Based Toned Milk 350g,Ganga Botanicals,DAIR-003515,890100642513,Dairy & Eggs,214,pack,120.11,207.07,2026-08-30,Aisle 03,chilled
Organic Tulsi Honey Tonic Water Premium 400g,Tata Dairy,BEVE-003516,890100642514,Beverages,218,bottle,61.02,100.60,2027-02-13,Aisle 06,chilled
Homestyle Boneless Chicken Breast 50g,Dabur Agro,MEAT-003517,890100642515,Meat & Seafood,133,pack,229.89,343.63,2026-09-01,Aisle 04,chilled
Handcrafted Broccoli Crowns 250g,Dabur Kitchens,FRES-003518,890100642516,Fresh Produce,147,pack,67.80,92.57,2026-08-30,Aisle 01,ambient
Heritage Tulsi Honey Cold-Pressed Groundnut Oil 500g,Pashmina Mills,PANT-003519,890100642517,Pantry & Dry Goods,43,jar,422.24,566.88,2027-01-13,Aisle 08,ambient
Heritage Frozen Paneer Cubes 330ml,Tata Organics,FROZ-003520,890100642518,Frozen Foods,168,box,62.27,86.63,2027-03-26,Aisle 09,frozen
Organic Golden Ginger Bamboo Toothbrush 2pk 100g,Dabur Goods,HOUS-003521,890100642519,Household & Personal Care,185,bottle,277.11,356.32,2027-11-08,Aisle 11,ambient
Handcrafted Squid Rings Cleaned 5kg,Kaveri Plantations,MEAT-003522,890100642520,Meat & Seafood,97,kg,512.15,884.63,2026-09-02,Aisle 04,chilled
Cured Rose Infused Almond Milk 250ml,Green Earth Farms,DAIR-003523,890100642521,Dairy & Eggs,119,carton,113.59,184.01,2026-09-21,Aisle 03,chilled
Gluten-Free Sea Salt Feta Cheese 10kg,Heritage Mills,DAIR-003524,890100642522,Dairy & Eggs,200,box,417.85,626.98,2026-09-18,Aisle 02,chilled
Traditional Tandoori Smoked Fish Fingers Frozen 750ml,Dabur Dairy,FROZ-003525,890100642523,Frozen Foods,218,tub,245.52,396.61,2027-03-17,Aisle 09,frozen
Select Coconut Cream Soy Milk Protein 100g,Urban Roots Kitchens,DAIR-003526,890100642524,Dairy & Eggs,213,box,304.25,486.16,2026-09-21,Aisle 02,chilled
Select Floor Disinfectant Pine Value Pack,Bhoomi Naturals,HOUS-003527,890100642525,Household & Personal Care,118,box,230.21,371.60,2026-08-30,Aisle 11,ambient
Rustic Pure Jaggery Powder (Gud) 50g,Kaveri Botanicals,PANT-003528,890100642526,Pantry & Dry Goods,172,box,353.22,559.53,2028-08-05,Aisle 08,ambient
Natural Edamame Pods 2L,Saffola Milling,FROZ-003529,890100642527,Frozen Foods,198,tub,349.96,624.87,2026-10-31,Aisle 08,frozen
Traditional Chana Dal Polished 2-Pack,Saffola Kitchens,PANT-003530,890100642528,Pantry & Dry Goods,172,box,212.87,332.66,2027-06-14,Aisle 08,ambient
Roasted Wood-Fired Veggie Pizza Snack Pack,Catch Agro,FROZ-003531,890100642529,Frozen Foods,72,bag,287.68,525.62,2027-05-31,Aisle 08,frozen
Pure Toasted Sesame Chicken Sausages 1kg,Kaveri Farms,MEAT-003532,890100642530,Meat & Seafood,99,pack,554.38,758.22,2026-08-31,Aisle 04,chilled
Handcrafted Tandoori Smoked Organic Green Tea 2L,Dabur Mills,BEVE-003533,890100642531,Beverages,148,pack,387.85,567.83,2026-08-21,Aisle 06,chilled
Cured Roasted Salted Cashews 200g,Ganga Harvest,SNAC-003534,890100642532,Snacks & Confectionery,228,bar,180.64,261.99,2027-06-09,Aisle 09,ambient
Stone-Ground Kabuli Chana Large 2L,Pure Vedic Provisions,PANT-003535,890100642533,Pantry & Dry Goods,129,packet,454.43,668.09,2027-12-06,Aisle 07,ambient
Free-Range Matcha Green Tea Coconut Milk Canned 750ml,Urban Roots Springs,PANT-003536,890100642534,Pantry & Dry Goods,192,can,379.88,596.46,2027-02-17,Aisle 08,ambient
Rustic Coconut Cream Roasted Salted Cashews 200ml,Saffola Milling,SNAC-003537,890100642535,Snacks & Confectionery,63,pack,117.84,175.50,2026-12-04,Aisle 10,ambient
Country Style Mutton Chops 200g,Pashmina Botanicals,MEAT-003538,890100642536,Meat & Seafood,248,pcs,774.99,1340.78,2026-09-02,Aisle 04,chilled
Pure Smoked Paprika Banana Chips Kerala Style 500ml,Saffola Provisions,SNAC-003539,890100642537,Snacks & Confectionery,30,bag,541.15,745.30,2027-04-17,Aisle 10,ambient
Whole-Grain Portobello Mushrooms 10kg,Desi Organics Agro,FRES-003540,890100642538,Fresh Produce,165,bunch,67.29,118.33,2026-09-11,Aisle 02,chilled
Grass-Fed Lemon Pepper Fish Fingers Frozen 500g,Pure Vedic Plantations,FROZ-003541,890100642539,Frozen Foods,15,pack,234.35,334.35,2027-05-11,Aisle 09,frozen
Select Moong Dal Washed 330ml,Pashmina Agro,PANT-003542,890100642540,Pantry & Dry Goods,20,jar,138.92,214.05,2028-03-30,Aisle 07,ambient
Raw Pista Almond Fresh Rohu Fish 6-Pack,Kaveri Harvest,MEAT-003543,890100642541,Meat & Seafood,92,pack,295.82,497.94,2026-08-29,Aisle 04,chilled
Crisp Smoked Paprika Masala CTC Tea 24-Pack,Nature Harvest Plantations,BEVE-003544,890100642542,Beverages,57,can,60.55,90.29,2027-08-09,Aisle 06,chilled
Wildcrafted Gourmet Cookies Choco-Chip 750g,Amul Plantations,SNAC-003545,890100642543,Snacks & Confectionery,229,bar,174.64,276.45,2026-11-15,Aisle 10,ambient
Signature Catla Fish Steaks 200g,Deccan Botanicals,MEAT-003546,890100642544,Meat & Seafood,101,pack,654.06,930.93,2026-08-21,Aisle 04,chilled
Spiced Tender Coconut Water 8-Pack,SunBrite Goods,BEVE-003547,890100642545,Beverages,227,carton,393.75,675.77,2027-08-24,Aisle 06,chilled
Signature Kashmiri Saffron Pav 6-Pack 5L,FarmGold Dairy,BAKE-003548,890100642546,Bakery & Deli,183,pcs,210.22,353.66,2026-09-03,Aisle 03,ambient
Artisan Cinnamon Spice Banana Chips Kerala Style 330ml,FarmGold Botanicals,SNAC-003549,890100642547,Snacks & Confectionery,226,bag,209.62,327.82,2027-01-13,Aisle 09,ambient
Farm-Fresh Red Onions 500ml,Desi Organics Harvest,FRES-003550,890100642548,Fresh Produce,46,pcs,102.85,174.33,2026-09-13,Aisle 01,ambient
Desi Moong Dal Namkeen 10kg,Fortune Organics,SNAC-003551,890100642549,Snacks & Confectionery,63,bag,453.96,630.14,2026-11-11,Aisle 10,ambient
Spiced Pink Himalayan Salt 1kg,Vedic Fresh Organics,PANT-003552,890100642550,Pantry & Dry Goods,74,packet,540.58,762.11,2027-02-22,Aisle 07,ambient
Zero-Sugar Heavy Cream 330ml,Pashmina Dairy,DAIR-003553,890100642551,Dairy & Eggs,206,bottle,211.92,272.77,2026-09-19,Aisle 02,chilled
Free-Range Kulcha 4-Pack Value Pack,Royal Indian Botanicals,BAKE-003554,890100642552,Bakery & Deli,47,box,65.49,119.56,2026-09-04,Aisle 04,ambient
Traditional Smoked Chicken Slices 5L,Amul Agro,BAKE-003555,890100642553,Bakery & Deli,211,pcs,33.76,62.30,2026-09-09,Aisle 03,ambient
Stone-Ground Ayurvedic Bath Soap 350g,Green Earth Plantations,HOUS-003556,890100642554,Household & Personal Care,193,bottle,370.72,671.00,2028-09-11,Aisle 11,ambient
Farm-Fresh Cardamom Spiced Wood-Fired Veggie Pizza 500g,Himalayan Farms,FROZ-003557,890100642555,Frozen Foods,44,box,284.42,362.11,2026-10-31,Aisle 08,frozen
Premium Lemon Pepper Garlic Bulbs 4-Pack,Urban Roots Provisions,FRES-003558,890100642556,Fresh Produce,38,bag,94.79,127.28,2026-09-12,Aisle 01,ambient
Authentic Bhujia Sev 2L,Heritage Foods,SNAC-003559,890100642557,Snacks & Confectionery,181,bar,298.57,398.10,2026-12-08,Aisle 10,ambient
Golden Lemon Pepper Surmai Steaks 2kg,Organic Tattva Milling,MEAT-003560,890100642558,Meat & Seafood,216,pcs,274.03,390.43,2026-08-31,Aisle 04,chilled
Sun-Dried Pomegranates 12-Pack,Urban Roots Goods,FRES-003561,890100642559,Fresh Produce,159,pcs,150.28,244.57,2026-08-23,Aisle 01,ambient
Gourmet Toasted Sesame Chicken Salami 50g,Dabur Co.,BAKE-003562,890100642560,Bakery & Deli,202,pcs,308.30,546.95,2026-08-30,Aisle 03,chilled
Golden Coconut Cream Aloo Tikki 8-Pack 24-Pack,Patanjali Agro,FROZ-003563,890100642561,Frozen Foods,47,packet,333.73,492.58,2027-08-08,Aisle 08,frozen
Natural Caramelized Onion Frozen Green Peas 1L,Green Earth Foods,FROZ-003564,890100642562,Frozen Foods,164,box,277.14,364.67,2027-05-10,Aisle 08,frozen
Gourmet Iced Lemon Tea 330ml,Catch Goods,BEVE-003565,890100642563,Beverages,9,box,170.83,223.65,2027-04-21,Aisle 05,ambient
Raw Caramelized Onion Brioche Burger Buns Value Pack,Vedic Fresh Naturals,BAKE-003566,890100642564,Bakery & Deli,125,pack,193.38,242.01,2026-09-10,Aisle 03,ambient
Heritage Chatpata Masala Frozen Veg Momos 250g,Deccan Goods,FROZ-003567,890100642565,Frozen Foods,13,bag,57.09,76.38,2026-12-12,Aisle 08,frozen
Golden Granola Health Bars 400g,Pure Vedic Milling,SNAC-003568,890100642566,Snacks & Confectionery,144,box,105.09,189.76,2026-08-26,Aisle 10,ambient
Cured Ginger Root 2kg,Catch Goods,FRES-003569,890100642567,Fresh Produce,226,pack,73.57,116.84,2026-09-05,Aisle 01,ambient
Grass-Fed Chicken Keema 2kg,Pashmina Mills,MEAT-003570,890100642568,Meat & Seafood,80,kg,860.50,1199.51,2026-09-01,Aisle 04,chilled
Sweet Almond Milk 50g,FarmGold Harvest,DAIR-003571,890100642569,Dairy & Eggs,164,carton,301.83,551.56,2026-09-07,Aisle 03,chilled
Zero-Sugar Lemon Pepper Apple Cider Vinegar Drink 150g,Himalayan Provisions,BEVE-003572,890100642570,Beverages,6,can,238.37,381.75,2026-08-28,Aisle 05,chilled
Golden Clove & Mint Toothpaste 10kg,Himalayan Springs,HOUS-003573,890100642571,Household & Personal Care,239,box,478.22,843.44,2026-08-27,Aisle 12,ambient
Golden Kesar Pista Cold-Pressed Groundnut Oil 250g,Himalayan Agro,PANT-003574,890100642572,Pantry & Dry Goods,40,packet,562.60,852.57,2027-04-25,Aisle 07,ambient
Crisp Chatpata Masala Frozen Samosas 150ml,Himalayan Foods,FROZ-003575,890100642573,Frozen Foods,149,box,266.04,395.31,2027-05-31,Aisle 08,frozen
Golden Dark Chocolate Edamame Pods 4-Pack,Himalayan Agro,FROZ-003576,890100642574,Frozen Foods,161,bag,60.44,105.37,2027-04-15,Aisle 09,frozen
Plant-Based Mint Lime Herbal Hand Wash Neem 250g,Fortune Farms,HOUS-003577,890100642575,Household & Personal Care,77,bottle,282.49,379.43,2026-08-16,Aisle 12,ambient
Rustic Tiger Prawns Jumbo 5L,Bhoomi Milling,MEAT-003578,890100642576,Meat & Seafood,137,pack,765.66,1281.02,2026-08-29,Aisle 04,chilled
Traditional Jalapeno Lime Frozen Veg Momos Family Pack,Vedic Fresh Farms,FROZ-003579,890100642577,Frozen Foods,173,bag,137.99,250.91,2027-05-30,Aisle 08,frozen
Cured Sea Salt Mustard Oil Kachi Ghani 6-Pack,Bhoomi Foods,PANT-003580,890100642578,Pantry & Dry Goods,177,box,719.80,1105.56,2027-08-16,Aisle 06,ambient
Stone-Ground Iced Lemon Tea 5kg,Pashmina Harvest,BEVE-003581,890100642579,Beverages,13,pack,371.66,553.86,2027-05-30,Aisle 05,ambient
Royal Kashmiri Saffron Garlic Focaccia 1.5L,Fortune Farms,BAKE-003582,890100642580,Bakery & Deli,124,pcs,95.45,151.98,2026-09-07,Aisle 03,chilled
Crisp Fresh Mosambi Juice 500g,Amul Naturals,BEVE-003583,890100642581,Beverages,50,bottle,232.69,300.16,2027-07-22,Aisle 05,chilled
Handcrafted Alphonso Kulfi Tub 750ml,Catch Farms,FROZ-003584,890100642582,Frozen Foods,187,bag,77.09,100.63,2026-12-26,Aisle 09,frozen
Stone-Ground Smoked Paprika Heavy Cream 6-Pack,Organic Tattva Organics,DAIR-003585,890100642583,Dairy & Eggs,102,bottle,484.25,806.52,2026-09-06,Aisle 03,chilled
Organic Himalayan Spring Water Value Pack,Bhoomi Goods,BEVE-003586,890100642584,Beverages,250,carton,115.68,195.00,2027-05-18,Aisle 06,ambient
Natural Hash Browns 6pk 10kg,SunBrite Plantations,FROZ-003587,890100642585,Frozen Foods,210,tub,378.15,633.99,2026-12-07,Aisle 09,frozen
Free-Range Fresh Mosambi Juice 6-Pack,Everest Mills,BEVE-003588,890100642586,Beverages,50,carton,100.36,158.81,2027-03-26,Aisle 06,chilled
Sweet Cold Brew Coffee 200g,Organic Tattva Plantations,BEVE-003589,890100642587,Beverages,57,bag,295.75,376.50,2027-02-11,Aisle 06,ambient
Artisan Poha Thick Flakes 4-Pack,Nilgiri Kitchens,PANT-003590,890100642588,Pantry & Dry Goods,46,bottle,272.88,346.55,2027-01-23,Aisle 08,ambient
Crisp Rusk Toast 200g,Ganga Milling,BAKE-003591,890100642589,Bakery & Deli,68,pcs,196.14,347.58,2026-09-08,Aisle 03,ambient
Signature Kachi Ghani Mustard Boneless Chicken Breast 750ml,Green Earth Naturals,MEAT-003592,890100642590,Meat & Seafood,187,pack,549.92,1011.95,2026-08-31,Aisle 05,chilled
Signature Roasted Salted Cashews 5L,Deccan Dairy,SNAC-003593,890100642591,Snacks & Confectionery,65,tub,74.20,98.55,2027-04-10,Aisle 09,ambient
Desi 70% Dark Chocolate Bar Family Pack,Vedic Fresh Mills,SNAC-003594,890100642592,Snacks & Confectionery,235,bar,398.31,543.63,2026-08-25,Aisle 09,ambient
Crisp Coconut Cream Poha Thick Flakes 2L,Royal Indian Provisions,PANT-003595,890100642593,Pantry & Dry Goods,242,jar,298.34,480.39,2028-06-12,Aisle 08,ambient
Signature Garlic & Herb Parmigiano-Reggiano 50g,Patanjali Springs,DAIR-003596,890100642594,Dairy & Eggs,208,packet,456.54,626.22,2026-09-08,Aisle 03,chilled
Homestyle Ajwain & Jeera Goat Mince Premium 12-Pack,Organic Tattva Provisions,MEAT-003597,890100642595,Meat & Seafood,167,pcs,363.86,630.46,2026-08-31,Aisle 05,chilled
Aged Paneer Paratha Frozen 150g,Dabur Goods,FROZ-003598,890100642596,Frozen Foods,29,pack,100.18,154.81,2026-08-29,Aisle 08,frozen
Unpolished Raw Wildflower Honey 330ml,Royal Indian Farms,PANT-003599,890100642597,Pantry & Dry Goods,184,can,417.14,622.29,2027-07-07,Aisle 07,ambient
Roasted Sweet Potatoes 750g,Catch Provisions,FRES-003600,890100642598,Fresh Produce,154,pcs,113.90,170.85,2026-09-16,Aisle 02,chilled
Raw Lemon Pepper Kabuli Chana Large Value Pack,Dabur Goods,PANT-003601,890100642599,Pantry & Dry Goods,94,packet,42.28,67.70,2027-09-03,Aisle 06,ambient
Golden Brownie Bites 330ml,Desi Organics Milling,BAKE-003602,890100642600,Bakery & Deli,121,pack,61.68,96.76,2026-09-09,Aisle 04,ambient
Pure Iced Lemon Tea 10-Pack,Everest Provisions,BEVE-003603,890100642601,Beverages,72,can,368.97,608.72,2026-08-29,Aisle 05,chilled
Stone-Ground Toasted Sesame Espresso Roast Ground Coffee 2L,Deccan Plantations,BEVE-003604,890100642602,Beverages,218,bottle,304.90,466.27,2027-02-11,Aisle 06,chilled
Gluten-Free Raw Wildflower Honey 1kg,Ganga Co.,PANT-003605,890100642603,Pantry & Dry Goods,39,box,307.55,392.00,2027-01-06,Aisle 08,ambient
Artisan Masala Chai Seedless Grapes 100g,FarmGold Agro,FRES-003606,890100642604,Fresh Produce,10,kg,79.90,110.82,2026-09-10,Aisle 02,chilled
Royal Kachi Ghani Mustard Mutton Curry Cut 12-Pack,Deccan Goods,MEAT-003607,890100642605,Meat & Seafood,51,kg,475.66,730.84,2026-08-27,Aisle 05,chilled
Gourmet Kitchen Paper Towels 4-Roll 5kg,Tata Provisions,HOUS-003608,890100642606,Household & Personal Care,41,bottle,481.33,811.80,2027-09-05,Aisle 12,ambient
Free-Range Chicken Frankfurters 5kg,Catch Naturals,BAKE-003609,890100642607,Bakery & Deli,163,pack,87.20,135.57,2026-09-01,Aisle 03,chilled
Raw Sweet Tamarind Filter Coffee Beans 50g,Saffola Provisions,BEVE-003610,890100642608,Beverages,50,pack,288.12,420.50,2027-05-01,Aisle 06,ambient
Stone-Ground Nagpur Orange Roasted Makhana Foxnuts 750ml,Heritage Kitchens,SNAC-003611,890100642609,Snacks & Confectionery,128,bar,300.82,430.45,2027-05-15,Aisle 10,ambient
Extra-Virgin Nagpur Orange Chicken Keema Value Pack,Catch Milling,MEAT-003612,890100642610,Meat & Seafood,121,pack,747.64,999.54,2026-09-02,Aisle 04,chilled
Sweet Bhujia Sev 150ml,FarmGold Kitchens,SNAC-003613,890100642611,Snacks & Confectionery,243,box,415.97,655.27,2027-03-19,Aisle 09,ambient
Royal Apple Cider Vinegar Drink 250ml,FarmGold Dairy,BEVE-003614,890100642612,Beverages,192,bottle,78.79,115.11,2027-04-01,Aisle 06,ambient
Gourmet Rose Infused Garlic Naan Frozen 4pk 250ml,Heritage Springs,FROZ-003615,890100642613,Frozen Foods,41,tub,362.82,658.44,2027-03-16,Aisle 09,frozen
Wildcrafted French Fries Crispy 750ml,Fortune Milling,FROZ-003616,890100642614,Frozen Foods,141,box,240.77,335.72,2027-01-20,Aisle 09,frozen
Gourmet Mutton Curry Cut 2kg,Bhoomi Milling,MEAT-003617,890100642615,Meat & Seafood,97,pcs,798.81,1062.60,2026-08-29,Aisle 04,chilled
Organic Masala Chai Badam Milk Drink 10kg,Ganga Botanicals,BEVE-003618,890100642616,Beverages,91,bag,24.77,40.48,2026-09-22,Aisle 05,ambient
Gluten-Free Golden Ginger Pita Bread Family Pack,Saffola Milling,BAKE-003619,890100642617,Bakery & Deli,78,box,291.26,460.86,2026-08-27,Aisle 03,ambient
Artisan Nagpur Orange Fabric Softener Floral 200g,Organic Tattva Springs,HOUS-003620,890100642618,Household & Personal Care,176,packet,548.68,752.34,2026-08-27,Aisle 12,ambient
Cold-Pressed Kesar Pista Ginger Kombucha 400g,Nilgiri Milling,BEVE-003621,890100642619,Beverages,167,carton,148.97,193.25,2027-08-06,Aisle 06,ambient
Stone-Ground Roasted Makhana Foxnuts 100g,Pure Vedic Dairy,SNAC-003622,890100642620,Snacks & Confectionery,204,pack,324.67,463.06,2027-03-16,Aisle 10,ambient
Low-Sodium Lassi Mango Infused Snack Pack,Satvik Organics,DAIR-003623,890100642621,Dairy & Eggs,208,tub,346.85,446.84,2026-09-19,Aisle 03,chilled
Stone-Ground Organic Brown Sugar 500ml,Vedic Fresh Co.,PANT-003624,890100642622,Pantry & Dry Goods,188,bottle,681.52,1113.68,2027-04-06,Aisle 08,ambient
Gourmet Hash Browns 6pk 10kg,Pure Vedic Goods,FROZ-003625,890100642623,Frozen Foods,214,bag,292.11,432.85,2026-12-24,Aisle 09,frozen
Cured Masala Chai Electrolyte Energy Drink 500g,Organic Tattva Plantations,BEVE-003626,890100642624,Beverages,50,box,105.06,176.61,2026-09-17,Aisle 05,ambient
Plant-Based Ajwain & Jeera Fresh Rohu Fish 250ml,Catch Farms,MEAT-003627,890100642625,Meat & Seafood,42,kg,870.31,1524.78,2026-09-01,Aisle 05,chilled
Zero-Sugar Sweet Corn Kernels 750ml,Himalayan Organics,FROZ-003628,890100642626,Frozen Foods,190,bag,341.64,454.03,2027-06-19,Aisle 09,frozen
Desi Masala Chai Electrolyte Energy Drink 5kg,Kaveri Dairy,BEVE-003629,890100642627,Beverages,239,can,116.87,196.70,2027-03-01,Aisle 05,chilled
Desi Kesar Pista Roasted Makhana Foxnuts 150g,Ganga Co.,SNAC-003630,890100642628,Snacks & Confectionery,69,bar,434.92,768.67,2027-01-31,Aisle 09,ambient
Wildcrafted Cold Brew Coffee 5L,Dabur Agro,BEVE-003631,890100642629,Beverages,32,bottle,355.60,485.68,2026-09-24,Aisle 06,ambient
Country Style Raw Wildflower Honey 500g,Fortune Farms,PANT-003632,890100642630,Pantry & Dry Goods,152,can,160.86,266.92,2026-08-27,Aisle 08,ambient
Spiced Raw Wildflower Honey Value Pack,Satvik Kitchens,PANT-003633,890100642631,Pantry & Dry Goods,110,bottle,681.73,1066.66,2028-02-24,Aisle 06,ambient
Cured Chatpata Masala Crab Meat Fresh 200g,Tata Botanicals,MEAT-003634,890100642632,Meat & Seafood,134,kg,311.75,411.49,2026-08-30,Aisle 05,chilled
Crisp Tender Coconut Water 150g,Pure Vedic Milling,BEVE-003635,890100642633,Beverages,49,can,352.28,612.96,2026-12-07,Aisle 06,ambient
Raw Golden Ginger Mustard Oil Kachi Ghani 10-Pack,Patanjali Mills,PANT-003636,890100642634,Pantry & Dry Goods,223,jar,433.02,780.83,2028-07-28,Aisle 06,ambient
Handcrafted Herbal Hand Wash Neem 750ml,Deccan Harvest,HOUS-003637,890100642635,Household & Personal Care,238,bottle,510.88,765.61,2027-08-16,Aisle 11,ambient
Whole-Grain Makhana Crunch Cold-Pressed Groundnut Oil 10-Pack,Tata Foods,PANT-003638,890100642636,Pantry & Dry Goods,138,jar,493.92,702.99,2027-02-15,Aisle 07,ambient
Gluten-Free Alphonso Mango Unsalted White Butter Family Pack,Deccan Springs,DAIR-003639,890100642637,Dairy & Eggs,126,carton,70.11,122.55,2026-09-24,Aisle 03,chilled
Sun-Dried Jalapeno Lime Guava Chilli Juice 150g,Organic Tattva Organics,BEVE-003640,890100642638,Beverages,66,pack,428.80,563.07,2027-02-06,Aisle 05,ambient
Free-Range Ajwain & Jeera Atlantic Salmon Fillet Snack Pack,Patanjali Harvest,MEAT-003641,890100642639,Meat & Seafood,145,pack,415.82,559.95,2026-09-03,Aisle 05,chilled
Organic Sea Salt Buffalo Milk 200ml,FarmGold Naturals,DAIR-003642,890100642640,Dairy & Eggs,110,bottle,488.92,877.97,2026-09-13,Aisle 03,chilled
Cured Lentils Red Masoor 10-Pack,Dabur Foods,PANT-003643,890100642641,Pantry & Dry Goods,8,packet,50.72,65.42,2026-08-29,Aisle 08,ambient
Low-Sodium Vanilla Bean Himalayan Spring Water 5L,Dabur Goods,BEVE-003644,890100642642,Beverages,149,can,337.13,623.23,2027-05-18,Aisle 05,ambient
Handcrafted Ajwain & Jeera Pav 6-Pack 5kg,Bhoomi Harvest,BAKE-003645,890100642643,Bakery & Deli,103,pcs,243.89,376.83,2026-09-04,Aisle 04,chilled
Organic Banana Chips Kerala Style Snack Pack,FarmGold Farms,SNAC-003646,890100642644,Snacks & Confectionery,138,packet,332.00,466.89,2026-08-28,Aisle 10,ambient
Country Style Organic Rolled Oats 8-Pack,Tata Milling,PANT-003647,890100642645,Pantry & Dry Goods,208,packet,35.58,56.49,2028-06-20,Aisle 08,ambient
Roasted Rose Infused Herbal Hand Wash Neem 5L,Kaveri Botanicals,HOUS-003648,890100642646,Household & Personal Care,144,tube,344.67,527.39,2027-04-10,Aisle 12,ambient
Royal Kachi Ghani Mustard Surmai Steaks 750ml,Kaveri Organics,MEAT-003649,890100642647,Meat & Seafood,14,kg,375.74,569.94,2026-09-02,Aisle 05,chilled
Low-Sodium Soy Milk Protein 330ml,Satvik Co.,DAIR-003650,890100642648,Dairy & Eggs,232,packet,459.93,583.13,2026-09-09,Aisle 02,chilled
Traditional Baby Spinach 5L,FarmGold Harvest,FRES-003651,890100642649,Fresh Produce,130,kg,127.85,169.89,2026-09-03,Aisle 02,chilled
Premium Cinnamon Spice Chicken Drumsticks 300g,Patanjali Foods,MEAT-003652,890100642650,Meat & Seafood,43,pcs,541.21,917.38,2026-08-29,Aisle 05,chilled
Extra-Virgin Dark Chocolate Broccoli Crowns 250g,Nature Harvest Provisions,FRES-003653,890100642651,Fresh Produce,45,pack,21.83,38.75,2026-09-08,Aisle 02,chilled
Gourmet Red Chilli & Garlic Alphonso Kulfi Tub 330ml,Mother Dairy Milling,FROZ-003654,890100642652,Frozen Foods,235,pack,282.40,502.66,2026-11-05,Aisle 08,frozen
Rustic Papayas 250g,Vedic Fresh Dairy,FRES-003655,890100642653,Fresh Produce,44,kg,120.26,183.68,2026-09-16,Aisle 02,chilled
Valley Fresh Masala Chai Frozen Samosas 2kg,Fortune Naturals,FROZ-003656,890100642654,Frozen Foods,181,tub,271.45,401.02,2027-04-23,Aisle 09,frozen
Whole-Grain Roasted Makhana Foxnuts 1kg,Pure Vedic Harvest,SNAC-003657,890100642655,Snacks & Confectionery,245,bar,481.71,782.88,2027-05-02,Aisle 09,ambient
Gourmet Smoked Paprika Ayurvedic Bath Soap 750ml,Royal Indian Farms,HOUS-003658,890100642656,Household & Personal Care,167,pack,347.29,467.05,2026-08-29,Aisle 11,ambient
Authentic Flavored Yogurt 350g,Tata Dairy,DAIR-003659,890100642657,Dairy & Eggs,178,pack,394.61,712.06,2026-09-18,Aisle 02,chilled
Farm-Fresh Tulsi Honey Royal Basmati Rice 4-Pack,Nature Harvest Naturals,PANT-003660,890100642658,Pantry & Dry Goods,78,bag,452.17,713.97,2027-11-09,Aisle 07,ambient
Homestyle Organic Sharbati Atta 2-Pack,Bhoomi Co.,PANT-003661,890100642659,Pantry & Dry Goods,178,jar,738.66,1269.44,2027-08-10,Aisle 08,ambient
Valley Fresh Cardamom Spiced Cold Brew Coffee 400g,Himalayan Naturals,BEVE-003662,890100642660,Beverages,90,bottle,413.47,622.21,2027-04-28,Aisle 06,chilled
Spiced Sea Salt Salted Butter 2-Pack,Saffola Foods,DAIR-003663,890100642661,Dairy & Eggs,220,box,105.46,172.24,2026-09-13,Aisle 03,chilled
Artisan Guava Chilli Juice 5L,Nature Harvest Naturals,BEVE-003664,890100642662,Beverages,208,bag,163.27,205.01,2027-04-20,Aisle 05,ambient
Homestyle Mint Lime 70% Dark Chocolate Bar 1L,Vedic Fresh Mills,SNAC-003665,890100642663,Snacks & Confectionery,156,bar,277.76,396.83,2026-11-08,Aisle 10,ambient
Grass-Fed Makhana Crunch Butter Croissants 2kg,Himalayan Mills,BAKE-003666,890100642664,Bakery & Deli,79,pcs,291.43,382.95,2026-09-09,Aisle 04,ambient
Valley Fresh Tulsi Honey Brownie Bites 400g,Himalayan Foods,BAKE-003667,890100642665,Bakery & Deli,94,pack,71.78,132.11,2026-09-07,Aisle 03,ambient
Extra-Virgin Mint Lime Masala Potato Chips 750g,Kaveri Organics,SNAC-003668,890100642666,Snacks & Confectionery,191,box,373.76,512.01,2027-04-24,Aisle 09,ambient
Royal Chicken Keema 200g,Urban Roots Provisions,MEAT-003669,890100642667,Meat & Seafood,208,kg,342.10,486.03,2026-08-29,Aisle 05,chilled
Handcrafted Ajwain & Jeera Bamboo Toothbrush 2pk 10kg,Himalayan Botanicals,HOUS-003670,890100642668,Household & Personal Care,169,box,477.29,881.79,2028-11-17,Aisle 11,ambient
Traditional Tandoori Smoked 70% Dark Chocolate Bar Value Pack,Royal Indian Foods,SNAC-003671,890100642669,Snacks & Confectionery,177,pack,487.30,870.81,2026-12-28,Aisle 09,ambient
Raw Truffle Infused Badam Milk Drink 250g,Heritage Plantations,BEVE-003672,890100642670,Beverages,8,can,439.52,776.18,2027-01-12,Aisle 05,chilled
Aged Ajwain & Jeera Ginger Kombucha Value Pack,FarmGold Mills,BEVE-003673,890100642671,Beverages,37,bottle,81.30,116.92,2026-09-27,Aisle 05,chilled
Pure Pista Almond Gulab Jamun Tin 200g,Catch Mills,SNAC-003674,890100642672,Snacks & Confectionery,151,pack,344.96,637.64,2026-10-12,Aisle 09,ambient
Traditional Mozzarella Shredded 330ml,Mother Dairy Naturals,DAIR-003675,890100642673,Dairy & Eggs,168,tub,213.21,302.02,2026-09-15,Aisle 02,chilled
Spiced Sweet Tamarind Tender Coconut Water 4-Pack,Fortune Mills,BEVE-003676,890100642674,Beverages,236,bottle,105.92,185.24,2026-09-21,Aisle 06,chilled
Pure Golden Ginger Yukon Gold Potatoes 750ml,SunBrite Provisions,FRES-003677,890100642675,Fresh Produce,29,bag,53.71,90.31,2026-09-07,Aisle 02,ambient
Pure Parmigiano-Reggiano 12-Pack,Kaveri Naturals,DAIR-003678,890100642676,Dairy & Eggs,120,pack,60.61,87.77,2026-08-30,Aisle 03,chilled
Crisp Coconut Cream Iced Lemon Tea 5kg,Bhoomi Farms,BEVE-003679,890100642677,Beverages,102,pack,323.05,505.07,2027-03-04,Aisle 06,chilled
Extra-Virgin Flavored Yogurt 100g,Amul Botanicals,DAIR-003680,890100642678,Dairy & Eggs,135,pack,373.58,591.29,2026-09-26,Aisle 02,chilled
Country Style Poha Thick Flakes 350g,Amul Provisions,PANT-003681,890100642679,Pantry & Dry Goods,190,can,98.53,148.61,2028-07-30,Aisle 06,ambient
Extra-Virgin Masala Chai Squid Rings Cleaned 500ml,Organic Tattva Agro,MEAT-003682,890100642680,Meat & Seafood,157,pcs,606.34,1104.90,2026-08-31,Aisle 05,chilled
Aged Cauliflower 1.5L,Tata Co.,FRES-003683,890100642681,Fresh Produce,90,pcs,93.27,144.38,2026-09-02,Aisle 01,chilled
Natural Rose Infused Biodegradable Garbage Bags 10kg,Vedic Fresh Plantations,HOUS-003684,890100642682,Household & Personal Care,226,box,110.87,161.84,2029-05-10,Aisle 12,ambient
Stone-Ground Sweet Tamarind Chicken Salami 100g,Desi Organics Milling,BAKE-003685,890100642683,Bakery & Deli,163,box,310.85,563.92,2026-09-09,Aisle 04,chilled
Raw Rusk Toast 500g,Catch Springs,BAKE-003686,890100642684,Bakery & Deli,15,pack,87.75,145.26,2026-09-01,Aisle 04,ambient
Cold-Pressed Vanilla Bean Chicken Salami 150g,Vedic Fresh Plantations,BAKE-003687,890100642685,Bakery & Deli,94,box,167.45,301.23,2026-08-29,Aisle 03,ambient
Sweet California Almonds 250g,Organic Tattva Naturals,SNAC-003688,890100642686,Snacks & Confectionery,247,box,447.63,577.63,2027-01-05,Aisle 09,ambient
Raw Red Chilli & Garlic Masala Potato Chips 400g,Pure Vedic Goods,SNAC-003689,890100642687,Snacks & Confectionery,108,pack,299.33,421.57,2026-12-10,Aisle 09,ambient
Select Ajwain & Jeera Ladyfinger (Bhindi) 10-Pack,Dabur Botanicals,FRES-003690,890100642688,Fresh Produce,64,bag,38.11,50.36,2026-09-15,Aisle 02,ambient
Spiced Extra Virgin Olive Oil 750ml,Fortune Botanicals,PANT-003691,890100642689,Pantry & Dry Goods,92,packet,716.18,1188.04,2028-01-20,Aisle 08,ambient
Stone-Ground Ajwain & Jeera Lentils Red Masoor 5L,Desi Organics Milling,PANT-003692,890100642690,Pantry & Dry Goods,6,box,306.83,457.41,2027-02-18,Aisle 06,ambient
Low-Sodium Matcha Green Tea Guavas Snack Pack,Green Earth Agro,FRES-003693,890100642691,Fresh Produce,66,pcs,100.42,158.22,2026-09-13,Aisle 02,ambient
Zero-Sugar Sweet Tamarind Nimbu Paani Soda 2L,SunBrite Mills,BEVE-003694,890100642692,Beverages,74,box,314.04,463.41,2026-10-19,Aisle 05,chilled
Premium Rose Infused Green Chillies 1kg,Deccan Naturals,FRES-003695,890100642693,Fresh Produce,123,kg,59.15,102.46,2026-09-03,Aisle 02,ambient
Rustic Truffle Infused Oranges Nagpur 2-Pack,Mother Dairy Co.,FRES-003696,890100642694,Fresh Produce,221,bag,43.45,67.29,2026-09-14,Aisle 02,ambient
Gluten-Free Toasted Sesame Hash Browns 6pk 500g,Mother Dairy Naturals,FROZ-003697,890100642695,Frozen Foods,194,tub,308.06,405.21,2027-03-24,Aisle 08,frozen
Crisp Kitchen Paper Towels 4-Roll 150ml,Green Earth Agro,HOUS-003698,890100642696,Household & Personal Care,110,bottle,71.81,101.60,2028-09-01,Aisle 11,ambient
Farm-Fresh Toned Milk 100g,Deccan Mills,DAIR-003699,890100642697,Dairy & Eggs,204,packet,369.61,498.58,2026-09-14,Aisle 03,chilled
Farm-Fresh Red Chilli & Garlic Coconut Milk Canned 6-Pack,Pure Vedic Botanicals,PANT-003700,890100642698,Pantry & Dry Goods,6,can,232.06,358.58,2028-05-12,Aisle 06,ambient
Raw Golden Ginger Double Toned Milk 1.5L,Vedic Fresh Milling,DAIR-003701,890100642699,Dairy & Eggs,129,tub,328.03,520.51,2026-09-08,Aisle 02,chilled
Unpolished Cardamom Spiced Pasture Eggs 500g,Pure Vedic Agro,DAIR-003702,890100642700,Dairy & Eggs,249,box,339.51,499.78,2026-09-04,Aisle 03,chilled
Rustic Smoked Paprika Electrolyte Energy Drink Value Pack,Himalayan Organics,BEVE-003703,890100642701,Beverages,201,box,425.19,647.10,2027-02-10,Aisle 05,chilled
Rustic Mishri Mawa 200g,Patanjali Mills,DAIR-003704,890100642702,Dairy & Eggs,120,tub,482.42,631.08,2026-09-11,Aisle 02,chilled
Unpolished Bhujia Sev 10kg,Kaveri Kitchens,SNAC-003705,890100642703,Snacks & Confectionery,213,packet,110.91,158.70,2026-08-29,Aisle 10,ambient
Pure Cinnamon Spice Bananas Value Pack,Satvik Naturals,FRES-003706,890100642704,Fresh Produce,76,bunch,55.10,99.89,2026-09-05,Aisle 01,ambient
Gourmet Sweet Tamarind Fresh Rohu Fish 2L,Himalayan Foods,MEAT-003707,890100642705,Meat & Seafood,119,pack,341.97,494.62,2026-09-02,Aisle 05,chilled
Whole-Grain Smoked Paprika Crab Meat Fresh 2kg,Pure Vedic Milling,MEAT-003708,890100642706,Meat & Seafood,30,pack,737.36,1322.01,2026-09-01,Aisle 05,chilled
Smoked Garlic Naan Frozen 4pk 400g,Pure Vedic Mills,FROZ-003709,890100642707,Frozen Foods,193,box,169.03,290.23,2026-12-29,Aisle 08,frozen
Authentic Cow Milk 200g,Himalayan Kitchens,DAIR-003710,890100642708,Dairy & Eggs,116,bottle,105.84,142.43,2026-08-30,Aisle 02,chilled
Aged Kachi Ghani Mustard Cream Cheese 1L,Mother Dairy Springs,DAIR-003711,890100642709,Dairy & Eggs,37,pack,377.17,653.02,2026-09-03,Aisle 03,chilled
Pure Masala Chai Amla Juice Pure 400g,Ganga Springs,BEVE-003712,890100642710,Beverages,154,bottle,54.80,93.45,2027-05-30,Aisle 06,ambient
Pure Mixed Berries Frozen 10kg,Bhoomi Botanicals,FROZ-003713,890100642711,Frozen Foods,178,tub,60.34,88.08,2027-03-07,Aisle 08,frozen
Valley Fresh Sona Masoori Rice 250g,Patanjali Provisions,PANT-003714,890100642712,Pantry & Dry Goods,223,box,559.32,795.79,2026-08-22,Aisle 06,ambient
Extra-Virgin Sparkling Mineral Water 2L,Pure Vedic Organics,BEVE-003715,890100642713,Beverages,122,pack,92.82,129.07,2027-06-08,Aisle 06,ambient
Organic Seedless Grapes 200ml,Fortune Springs,FRES-003716,890100642714,Fresh Produce,229,bunch,150.26,265.66,2026-09-02,Aisle 02,ambient
Signature Coconut Milk Canned 2L,SunBrite Dairy,PANT-003717,890100642715,Pantry & Dry Goods,236,bag,175.48,220.33,2026-12-13,Aisle 07,ambient
Low-Sodium Clove & Mint Toothpaste 750g,Satvik Milling,HOUS-003718,890100642716,Household & Personal Care,179,bottle,593.54,994.68,2028-12-12,Aisle 12,ambient
Rustic Alphonso Mango Garlic Bulbs 24-Pack,Green Earth Co.,FRES-003719,890100642717,Fresh Produce,225,bunch,55.51,83.23,2026-09-02,Aisle 01,ambient
Homestyle Chatpata Masala Kitchen Paper Towels 4-Roll 400g,Deccan Springs,HOUS-003720,890100642718,Household & Personal Care,147,packet,529.48,801.91,2028-12-18,Aisle 12,ambient
Extra-Virgin Lemons 300g,Fortune Plantations,FRES-003721,890100642719,Fresh Produce,189,kg,134.59,234.69,2026-09-15,Aisle 02,chilled
Homestyle Red Chilli & Garlic Paneer Paratha Frozen 5kg,Fortune Goods,FROZ-003722,890100642720,Frozen Foods,126,bag,49.53,67.09,2027-02-18,Aisle 08,frozen
Homestyle Feta Cheese 4-Pack,Catch Naturals,DAIR-003723,890100642721,Dairy & Eggs,233,carton,331.89,551.90,2026-08-30,Aisle 03,chilled
Signature Red Chilli & Garlic Sparkling Mineral Water 750g,Deccan Kitchens,BEVE-003724,890100642722,Beverages,115,bag,389.52,528.45,2026-08-28,Aisle 05,ambient
Heritage Nagpur Orange Lavash Crackers 200ml,Desi Organics Goods,BAKE-003725,890100642723,Bakery & Deli,108,pcs,49.18,77.12,2026-08-25,Aisle 03,ambient
Sun-Dried Tandoori Smoked Urad Dal Whole 5L,FarmGold Kitchens,PANT-003726,890100642724,Pantry & Dry Goods,84,box,406.23,551.29,2027-10-05,Aisle 06,ambient
Plant-Based Kabuli Chana Large 750ml,Urban Roots Springs,PANT-003727,890100642725,Pantry & Dry Goods,129,can,97.39,159.06,2028-08-07,Aisle 08,ambient
Zero-Sugar Oat Milk 400g,Ganga Naturals,DAIR-003728,890100642726,Dairy & Eggs,134,box,479.98,753.66,2026-08-21,Aisle 03,chilled
Zero-Sugar 70% Dark Chocolate Bar 24-Pack,Green Earth Organics,SNAC-003729,890100642727,Snacks & Confectionery,183,tub,142.17,237.78,2026-08-27,Aisle 10,ambient
Zero-Sugar 70% Dark Chocolate Bar 300g,Heritage Springs,SNAC-003730,890100642728,Snacks & Confectionery,7,bar,467.12,711.62,2026-08-28,Aisle 10,ambient
Authentic California Almonds 8-Pack,Saffola Springs,SNAC-003731,890100642729,Snacks & Confectionery,225,tub,501.55,676.90,2027-03-23,Aisle 09,ambient
Whole-Grain Soy Milk Protein 5kg,Fortune Plantations,DAIR-003732,890100642730,Dairy & Eggs,26,pack,51.26,84.80,2026-09-26,Aisle 02,chilled
Gluten-Free Red Chilli & Garlic Paneer Tikka Deli 500g,Royal Indian Goods,BAKE-003733,890100642731,Bakery & Deli,29,pcs,221.88,370.15,2026-09-06,Aisle 04,chilled
Pure Espresso Roast Ground Coffee Snack Pack,Vedic Fresh Kitchens,BEVE-003734,890100642732,Beverages,79,carton,378.66,678.18,2027-03-15,Aisle 06,chilled
Grass-Fed Cardamom Spiced Gourmet Cookies Choco-Chip 5kg,Urban Roots Farms,SNAC-003735,890100642733,Snacks & Confectionery,96,bar,240.72,331.24,2027-02-04,Aisle 09,ambient
Gourmet Jalapeno Lime Tiger Prawns Jumbo 250ml,Nilgiri Farms,MEAT-003736,890100642734,Meat & Seafood,115,pcs,281.01,491.07,2026-08-29,Aisle 04,chilled
Farm-Fresh Spicy Peanut Chikki 6-Pack,Himalayan Harvest,SNAC-003737,890100642735,Snacks & Confectionery,154,box,256.97,432.40,2026-08-29,Aisle 10,ambient
Sweet Tandoori Smoked Filter Coffee Beans 250ml,Ganga Mills,BEVE-003738,890100642736,Beverages,129,box,384.20,485.71,2026-11-27,Aisle 06,chilled
Unpolished Kesar Pista Surmai Steaks 1.5L,Tata Milling,MEAT-003739,890100642737,Meat & Seafood,91,kg,143.46,190.46,2026-09-01,Aisle 04,chilled
Zero-Sugar Cardamom Spiced Herbal Hand Wash Neem Value Pack,Patanjali Milling,HOUS-003740,890100642738,Household & Personal Care,250,bottle,355.66,634.66,2027-07-16,Aisle 11,ambient
Zero-Sugar Rose Infused Espresso Roast Ground Coffee Family Pack,Green Earth Agro,BEVE-003741,890100642739,Beverages,38,bottle,305.16,543.91,2027-02-24,Aisle 06,chilled
Spiced Garlic Focaccia 24-Pack,Himalayan Organics,BAKE-003742,890100642740,Bakery & Deli,14,pcs,263.94,337.78,2026-09-06,Aisle 04,chilled
Extra-Virgin Makhana Crunch Bell Peppers 150g,FarmGold Mills,FRES-003743,890100642741,Fresh Produce,106,pcs,99.07,138.85,2026-08-29,Aisle 01,ambient
Zero-Sugar Rose Infused Carrots 100g,Desi Organics Kitchens,FRES-003744,890100642742,Fresh Produce,72,pcs,22.77,28.80,2026-08-30,Aisle 01,ambient
Valley Fresh Biodegradable Garbage Bags 100g,Desi Organics Kitchens,HOUS-003745,890100642743,Household & Personal Care,242,pack,262.37,362.34,2026-08-27,Aisle 12,ambient
Golden Kesar Pista Urad Dal Whole 1L,Pure Vedic Foods,PANT-003746,890100642744,Pantry & Dry Goods,125,packet,300.42,500.86,2027-12-16,Aisle 08,ambient
Artisan Blueberries Family Pack,FarmGold Botanicals,FRES-003747,890100642745,Fresh Produce,168,bag,123.25,184.87,2026-09-06,Aisle 01,ambient
Natural Whole Wheat Atta Bread 1kg,Himalayan Kitchens,BAKE-003748,890100642746,Bakery & Deli,210,pcs,281.17,438.06,2026-08-27,Aisle 03,chilled
Cold-Pressed Tulsi Honey Toor Dal Premium 250ml,Ganga Foods,PANT-003749,890100642747,Pantry & Dry Goods,171,bottle,629.31,1114.86,2026-08-29,Aisle 06,ambient
Farm-Fresh Masala Chai Cucumbers 750ml,Pashmina Naturals,FRES-003750,890100642748,Fresh Produce,23,bunch,48.34,70.42,2026-09-09,Aisle 02,chilled
Country Style Stainless Steel Scrubber 3pk Family Pack,Urban Roots Harvest,HOUS-003751,890100642749,Household & Personal Care,172,pack,40.97,53.82,2026-08-27,Aisle 11,ambient
Rustic Cinnamon Spice Alphonso Mangoes 2L,Heritage Co.,FRES-003752,890100642750,Fresh Produce,44,bunch,125.45,219.80,2026-08-29,Aisle 01,ambient
Gourmet Tulsi Honey Moong Dal Namkeen 500ml,Royal Indian Milling,SNAC-003753,890100642751,Snacks & Confectionery,239,tub,59.51,78.88,2027-03-02,Aisle 10,ambient
Desi Dark Chocolate Salted Butter 4-Pack,Catch Kitchens,DAIR-003754,890100642752,Dairy & Eggs,189,pack,508.88,649.48,2026-09-18,Aisle 02,chilled
Smoked Pink Himalayan Salt 750ml,SunBrite Kitchens,PANT-003755,890100642753,Pantry & Dry Goods,137,packet,465.00,742.45,2028-01-19,Aisle 08,ambient
Premium Garlic & Herb Chicken Frankfurters 400g,Pure Vedic Springs,BAKE-003756,890100642754,Bakery & Deli,87,pcs,188.05,330.98,2026-09-02,Aisle 04,chilled
Extra-Virgin Gourmet Cookies Choco-Chip 5L,Dabur Agro,SNAC-003757,890100642755,Snacks & Confectionery,163,bag,34.60,59.31,2027-01-16,Aisle 10,ambient
Royal Ajwain & Jeera Badam Milk Drink 2kg,Nilgiri Springs,BEVE-003758,890100642756,Beverages,4,bottle,234.57,320.15,2027-06-15,Aisle 05,ambient
Sweet Cauliflower 1kg,Fortune Goods,FRES-003759,890100642757,Fresh Produce,233,pcs,82.44,147.83,2026-09-09,Aisle 02,ambient
Valley Fresh Palak Leaves 2L,Fortune Springs,FRES-003760,890100642758,Fresh Produce,92,kg,105.57,186.45,2026-09-07,Aisle 02,ambient
Spiced Dark Chocolate Fruit Muffins 6-Pack,Pure Vedic Plantations,BAKE-003761,890100642759,Bakery & Deli,56,box,94.63,118.62,2026-09-07,Aisle 03,ambient
Handcrafted Surface Floor Cleaner Rose 750ml,Everest Agro,HOUS-003762,890100642760,Household & Personal Care,89,packet,142.09,260.19,2028-01-05,Aisle 11,ambient
Plant-Based Rose Infused Apples 350g,Nature Harvest Goods,FRES-003763,890100642761,Fresh Produce,81,bag,144.53,254.18,2026-09-13,Aisle 02,chilled
Desi Himalayan Spring Water 150g,Everest Co.,BEVE-003764,890100642762,Beverages,131,bag,88.73,112.49,2026-10-03,Aisle 05,ambient
Country Style Liquid Laundry Detergent 400g,Nilgiri Farms,HOUS-003765,890100642763,Household & Personal Care,65,box,76.72,120.02,2027-06-22,Aisle 11,ambient
Country Style Pista Almond Veg Burger Patties 750g,Vedic Fresh Harvest,FROZ-003766,890100642764,Frozen Foods,91,pack,156.56,282.18,2026-12-13,Aisle 08,frozen
Spiced Coconut Milk Canned 100g,Tata Goods,PANT-003767,890100642765,Pantry & Dry Goods,228,jar,244.27,367.02,2027-10-06,Aisle 08,ambient
Sweet Kesar Pista Pure Jaggery Powder (Gud) 750ml,Saffola Harvest,PANT-003768,890100642766,Pantry & Dry Goods,130,jar,545.35,965.03,2026-08-27,Aisle 07,ambient
Authentic Ajwain & Jeera Wood-Fired Veggie Pizza 5kg,Everest Kitchens,FROZ-003769,890100642767,Frozen Foods,148,bag,107.61,136.64,2026-11-28,Aisle 09,frozen
Select Kachi Ghani Mustard Crab Meat Fresh 2L,Tata Co.,MEAT-003770,890100642768,Meat & Seafood,46,pack,269.08,450.16,2026-09-01,Aisle 05,chilled
Cold-Pressed Matcha Green Tea Poha Thick Flakes 24-Pack,Ganga Agro,PANT-003771,890100642769,Pantry & Dry Goods,37,packet,141.53,209.85,2027-07-03,Aisle 08,ambient
Pure Roasted Salted Cashews 750ml,Heritage Dairy,SNAC-003772,890100642770,Snacks & Confectionery,199,packet,381.17,680.28,2027-06-19,Aisle 09,ambient
Golden Lemon Pepper Cream Cheese 250ml,Pure Vedic Dairy,DAIR-003773,890100642771,Dairy & Eggs,159,carton,504.17,698.65,2026-09-16,Aisle 03,chilled
Cured Kachi Ghani Mustard Cheese Croissant 250ml,SunBrite Organics,BAKE-003774,890100642772,Bakery & Deli,36,pcs,129.20,195.26,2026-09-04,Aisle 03,chilled
Unpolished Caramelized Onion Heavy Cream 100g,Patanjali Foods,DAIR-003775,890100642773,Dairy & Eggs,175,tub,117.78,154.48,2026-08-30,Aisle 02,chilled
Cured Tulsi Honey Buffalo Milk 150ml,Tata Plantations,DAIR-003776,890100642774,Dairy & Eggs,153,packet,43.81,67.85,2026-08-30,Aisle 03,chilled
Low-Sodium Alphonso Mangoes 2-Pack,Desi Organics Farms,FRES-003777,890100642775,Fresh Produce,68,pack,63.93,84.16,2026-09-03,Aisle 01,chilled
Signature Rose Infused Liquid Laundry Detergent 250g,Desi Organics Co.,HOUS-003778,890100642776,Household & Personal Care,119,tube,93.27,143.77,2027-12-30,Aisle 12,ambient
Raw Lassi Mango Infused 200ml,Mother Dairy Mills,DAIR-003779,890100642777,Dairy & Eggs,29,bottle,266.35,414.84,2026-09-25,Aisle 03,chilled
Stone-Ground Mutton Chops 1.5L,Organic Tattva Co.,MEAT-003780,890100642778,Meat & Seafood,245,pcs,707.39,919.16,2026-08-31,Aisle 05,chilled
Select Ayurvedic Bath Soap 100g,Bhoomi Goods,HOUS-003781,890100642779,Household & Personal Care,115,packet,306.29,407.86,2027-05-02,Aisle 11,ambient
Smoked Chatpata Masala Wood-Fired Veggie Pizza 1.5L,SunBrite Farms,FROZ-003782,890100642780,Frozen Foods,143,tub,94.00,155.01,2027-05-25,Aisle 08,frozen
Plant-Based Urad Dal Whole 300g,SunBrite Botanicals,PANT-003783,890100642781,Pantry & Dry Goods,146,bag,147.78,222.37,2027-10-30,Aisle 06,ambient
Country Style Basa Fish Fillets Family Pack,Patanjali Mills,MEAT-003784,890100642782,Meat & Seafood,221,pcs,795.69,1078.13,2026-08-31,Aisle 04,chilled
Desi Mint Lime Tender Coconut Water 2kg,Royal Indian Co.,BEVE-003785,890100642783,Beverages,227,box,249.96,441.48,2027-05-18,Aisle 06,chilled
Royal Tandoori Smoked Diet Mixture Namkeen 750ml,Mother Dairy Springs,SNAC-003786,890100642784,Snacks & Confectionery,204,pack,488.79,719.37,2026-08-27,Aisle 09,ambient
Sweet Rose Infused Stainless Steel Scrubber 3pk 2-Pack,Royal Indian Naturals,HOUS-003787,890100642785,Household & Personal Care,227,pack,432.83,656.38,2028-12-16,Aisle 11,ambient
Aged Lemons 50g,Amul Kitchens,FRES-003788,890100642786,Fresh Produce,73,bag,19.74,35.17,2026-09-12,Aisle 02,chilled
Sun-Dried Lemon Pepper Bath Tissue 6-Pack 300g,Pure Vedic Plantations,HOUS-003789,890100642787,Household & Personal Care,63,packet,449.90,624.43,2028-09-18,Aisle 11,ambient
Country Style Matcha Green Tea Fresh Mint (Pudina) 5kg,Mother Dairy Foods,FRES-003790,890100642788,Fresh Produce,93,bag,20.23,35.87,2026-08-29,Aisle 02,chilled
Whole-Grain Whole Wheat Atta Bread 12-Pack,Pashmina Foods,BAKE-003791,890100642789,Bakery & Deli,153,pcs,286.49,508.48,2026-09-07,Aisle 04,chilled
Natural Organic Sharbati Atta 330ml,Fortune Co.,PANT-003792,890100642790,Pantry & Dry Goods,42,box,396.07,630.68,2028-03-30,Aisle 07,ambient
Natural Crab Meat Fresh 750ml,Amul Provisions,MEAT-003793,890100642791,Meat & Seafood,102,pcs,305.07,401.10,2026-08-31,Aisle 04,chilled
Plant-Based Pears 250ml,FarmGold Organics,FRES-003794,890100642792,Fresh Produce,63,bag,42.94,65.30,2026-09-16,Aisle 02,ambient
Select Truffle Infused Crab Meat Fresh Value Pack,Patanjali Organics,MEAT-003795,890100642793,Meat & Seafood,44,pack,736.79,1165.94,2026-08-30,Aisle 04,chilled
Aged Sea Salt Royal Basmati Rice 4-Pack,Mother Dairy Botanicals,PANT-003796,890100642794,Pantry & Dry Goods,240,jar,741.72,1304.15,2028-05-24,Aisle 06,ambient
Extra-Virgin Brioche Burger Buns 330ml,Himalayan Harvest,BAKE-003797,890100642795,Bakery & Deli,207,pack,47.63,74.11,2026-09-10,Aisle 04,chilled
Cured Gourmet Cookies Choco-Chip 2-Pack,Pashmina Harvest,SNAC-003798,890100642796,Snacks & Confectionery,194,tub,90.22,130.41,2027-04-09,Aisle 10,ambient
Heritage Pure Jaggery Powder (Gud) 500ml,Tata Goods,PANT-003799,890100642797,Pantry & Dry Goods,129,bottle,80.07,115.35,2027-12-08,Aisle 08,ambient
Grass-Fed Custard Apple (Sitaphal) 250g,Bhoomi Milling,FRES-003800,890100642798,Fresh Produce,175,pcs,86.03,114.92,2026-08-30,Aisle 02,ambient
Homestyle Cardamom Spiced Salted Butter 500g,Dabur Agro,DAIR-003801,890100642799,Dairy & Eggs,171,pack,118.30,165.13,2026-09-23,Aisle 02,chilled
Sun-Dried Cinnamon Swirl Buns 10kg,Mother Dairy Springs,BAKE-003802,890100642800,Bakery & Deli,212,pcs,243.76,425.51,2026-08-21,Aisle 04,ambient
Aged Jalapeno Lime Squid Rings Cleaned 50g,Heritage Kitchens,MEAT-003803,890100642801,Meat & Seafood,62,pack,208.42,369.90,2026-08-20,Aisle 04,chilled
Homestyle Basa Fish Fillets Snack Pack,Nature Harvest Kitchens,MEAT-003804,890100642802,Meat & Seafood,175,pcs,669.43,1153.35,2026-08-31,Aisle 05,chilled
Plant-Based Hash Browns 6pk 200g,Dabur Agro,FROZ-003805,890100642803,Frozen Foods,77,box,358.23,600.74,2027-06-30,Aisle 08,frozen
Signature Dark Chocolate Moong Dal Namkeen Value Pack,Catch Plantations,SNAC-003806,890100642804,Snacks & Confectionery,222,tub,69.77,94.71,2027-05-09,Aisle 09,ambient
Organic Mint Lime Hash Browns 6pk 1kg,Catch Botanicals,FROZ-003807,890100642805,Frozen Foods,210,box,240.35,345.60,2026-12-14,Aisle 09,frozen
Crisp Aloo Tikki 8-Pack 150ml,Himalayan Agro,FROZ-003808,890100642806,Frozen Foods,55,bag,120.86,210.38,2027-05-18,Aisle 09,frozen
Low-Sodium Pista Almond Cucumbers 750g,Saffola Farms,FRES-003809,890100642807,Fresh Produce,199,bunch,142.36,187.78,2026-09-11,Aisle 02,ambient
Sweet Sweet Tamarind Rawa Sooji Value Pack,Pure Vedic Botanicals,PANT-003810,890100642808,Pantry & Dry Goods,69,can,99.67,166.99,2027-08-25,Aisle 08,ambient
Grass-Fed Coconut Cream Garlic Focaccia 100g,Kaveri Botanicals,BAKE-003811,890100642809,Bakery & Deli,96,pack,195.92,256.56,2026-08-15,Aisle 03,ambient
Wildcrafted Red Chilli & Garlic Fabric Softener Floral 4-Pack,Nilgiri Foods,HOUS-003812,890100642810,Household & Personal Care,213,pack,475.90,849.12,2026-08-24,Aisle 11,ambient
Smoked Coconut Cream Clove & Mint Toothpaste 1kg,Vedic Fresh Milling,HOUS-003813,890100642811,Household & Personal Care,150,bottle,414.42,627.63,2026-08-27,Aisle 12,ambient
Pure Chatpata Masala Aloo Tikki 8-Pack 10-Pack,Deccan Goods,FROZ-003814,890100642812,Frozen Foods,169,box,87.11,148.69,2026-08-30,Aisle 08,frozen
Smoked Curd Tub (Dahi) Value Pack,Bhoomi Botanicals,DAIR-003815,890100642813,Dairy & Eggs,24,tub,473.94,813.20,2026-09-14,Aisle 02,chilled
Extra-Virgin Dark Chocolate Lentils Red Masoor 500ml,Green Earth Milling,PANT-003816,890100642814,Pantry & Dry Goods,13,bag,609.62,1085.18,2028-01-12,Aisle 06,ambient
Royal Sweet Tamarind Sona Masoori Rice 2-Pack,Organic Tattva Provisions,PANT-003817,890100642815,Pantry & Dry Goods,222,bottle,63.81,103.88,2027-08-10,Aisle 06,ambient
Sun-Dried Iced Lemon Tea 5kg,Kaveri Goods,BEVE-003818,890100642816,Beverages,43,bottle,75.00,97.59,2027-06-24,Aisle 05,chilled
Smoked Kachi Ghani Mustard Fresh Rohu Fish Snack Pack,Catch Farms,MEAT-003819,890100642817,Meat & Seafood,96,kg,901.82,1143.98,2026-08-30,Aisle 05,chilled
Gluten-Free Matcha Green Tea Cashew Paste Curry Base 1L,Everest Foods,PANT-003820,890100642818,Pantry & Dry Goods,91,box,215.98,395.49,2028-02-20,Aisle 08,ambient
Country Style Tulsi Honey Bamboo Toothbrush 2pk 8-Pack,Deccan Dairy,HOUS-003821,890100642819,Household & Personal Care,19,tube,534.69,984.57,2027-10-15,Aisle 11,ambient
Artisan Liquid Laundry Detergent 300g,Royal Indian Organics,HOUS-003822,890100642820,Household & Personal Care,146,pack,182.16,308.45,2028-12-27,Aisle 11,ambient
Spiced Caramelized Onion Wood-Fired Veggie Pizza Value Pack,Mother Dairy Goods,FROZ-003823,890100642821,Frozen Foods,219,packet,212.94,385.29,2027-03-28,Aisle 08,frozen
Homestyle Paneer Block 4-Pack,Himalayan Farms,DAIR-003824,890100642822,Dairy & Eggs,226,tub,374.46,483.84,2026-09-25,Aisle 03,chilled
Cured Jeera Masala Soda 750g,Pashmina Co.,BEVE-003825,890100642823,Beverages,29,bottle,246.41,415.70,2027-06-13,Aisle 05,chilled
Rustic Smoked Paprika Bhujia Sev 5kg,Dabur Mills,SNAC-003826,890100642824,Snacks & Confectionery,151,bag,351.00,559.35,2027-01-12,Aisle 10,ambient
Spiced Frozen Green Peas 200ml,Desi Organics Organics,FROZ-003827,890100642825,Frozen Foods,142,bag,121.99,217.77,2027-08-03,Aisle 08,frozen
Select Sweet Tamarind Bhujia Sev 2kg,Desi Organics Foods,SNAC-003828,890100642826,Snacks & Confectionery,78,packet,457.48,704.08,2027-02-08,Aisle 10,ambient
Handcrafted Ajwain & Jeera Lavash Crackers 5L,Vedic Fresh Plantations,BAKE-003829,890100642827,Bakery & Deli,85,pcs,86.95,155.02,2026-09-01,Aisle 04,chilled
Smoked Truffle Infused Strawberries 750g,Urban Roots Plantations,FRES-003830,890100642828,Fresh Produce,125,bunch,111.62,193.54,2026-08-29,Aisle 01,chilled
Heritage Toor Dal Premium Family Pack,Organic Tattva Farms,PANT-003831,890100642829,Pantry & Dry Goods,138,jar,373.52,613.73,2027-06-12,Aisle 06,ambient
Farm-Fresh Kachi Ghani Mustard Fresh Mosambi Juice 150g,Kaveri Mills,BEVE-003832,890100642830,Beverages,163,bottle,28.80,53.22,2026-09-28,Aisle 06,chilled
Unpolished Green Peas Fresh 10-Pack,Royal Indian Agro,FRES-003833,890100642831,Fresh Produce,21,kg,24.54,38.50,2026-09-07,Aisle 01,ambient
Cold-Pressed Sea Salt Banana Chips Kerala Style 200g,Bhoomi Goods,SNAC-003834,890100642832,Snacks & Confectionery,232,packet,544.16,802.72,2027-02-12,Aisle 09,ambient
Gourmet Matcha Green Tea Green Peas Fresh 10kg,Mother Dairy Milling,FRES-003835,890100642833,Fresh Produce,195,pack,112.84,142.73,2026-08-31,Aisle 02,ambient
Royal Kashmiri Saffron Atlantic Salmon Fillet 500ml,Desi Organics Springs,MEAT-003836,890100642834,Meat & Seafood,220,pcs,489.58,851.72,2026-09-01,Aisle 04,chilled
Zero-Sugar Chatpata Masala Mosquito Vaporizer Refill 10-Pack,Himalayan Foods,HOUS-003837,890100642835,Household & Personal Care,69,tube,263.71,429.29,2026-08-30,Aisle 11,ambient
Zero-Sugar Alphonso Mango Kaju Katli Sweet Box 2kg,Satvik Mills,SNAC-003838,890100642836,Snacks & Confectionery,88,box,316.73,565.37,2027-03-03,Aisle 10,ambient
Rustic Kulcha 4-Pack 8-Pack,Everest Dairy,BAKE-003839,890100642837,Bakery & Deli,240,pcs,167.99,262.77,2026-09-10,Aisle 04,chilled
Pure Sweet Corn Kernels 1.5L,Saffola Agro,FROZ-003840,890100642838,Frozen Foods,152,tub,177.62,277.44,2027-04-22,Aisle 09,frozen
Spiced Liquid Laundry Detergent 5kg,Nilgiri Provisions,HOUS-003841,890100642839,Household & Personal Care,225,pack,301.27,462.05,2028-09-15,Aisle 11,ambient
Sun-Dried Kashmiri Saffron Guava Chilli Juice 50g,Fortune Organics,BEVE-003842,890100642840,Beverages,114,pack,428.20,583.16,2026-09-19,Aisle 06,ambient
Spiced 70% Dark Chocolate Bar 8-Pack,Vedic Fresh Agro,SNAC-003843,890100642841,Snacks & Confectionery,7,box,107.73,155.17,2027-06-02,Aisle 09,ambient
Whole-Grain Chana Dal Polished 2kg,Himalayan Provisions,PANT-003844,890100642842,Pantry & Dry Goods,137,bottle,508.10,681.89,2028-06-23,Aisle 08,ambient
Crisp Boneless Chicken Breast 200g,Green Earth Mills,MEAT-003845,890100642843,Meat & Seafood,99,pack,773.83,1405.10,2026-09-03,Aisle 04,chilled
Valley Fresh California Almonds 350g,Satvik Farms,SNAC-003846,890100642844,Snacks & Confectionery,142,box,24.47,43.41,2026-12-10,Aisle 10,ambient
Wildcrafted Filter Coffee Beans Value Pack,Everest Agro,BEVE-003847,890100642845,Beverages,240,carton,428.15,546.39,2027-05-14,Aisle 06,chilled
Farm-Fresh Garlic Focaccia 1L,Nature Harvest Naturals,BAKE-003848,890100642846,Bakery & Deli,173,pcs,297.21,503.02,2026-09-07,Aisle 03,ambient
Rustic Golden Ginger Royal Basmati Rice 5L,Catch Goods,PANT-003849,890100642847,Pantry & Dry Goods,206,packet,585.06,1039.69,2027-06-25,Aisle 07,ambient
Plant-Based Masala Chai Bananas 350g,Royal Indian Mills,FRES-003850,890100642848,Fresh Produce,126,pcs,135.42,217.36,2026-09-08,Aisle 02,chilled
Heritage Makhana Crunch Sweet Corn Kernels Value Pack,Mother Dairy Dairy,FROZ-003851,890100642849,Frozen Foods,169,box,124.77,166.11,2027-06-18,Aisle 09,frozen
Gourmet Lassi Mango Infused 6-Pack,Himalayan Plantations,DAIR-003852,890100642850,Dairy & Eggs,44,bottle,246.35,350.69,2026-09-06,Aisle 03,chilled
Raw Golden Ginger Chicken Salami 250g,FarmGold Goods,BAKE-003853,890100642851,Bakery & Deli,134,box,54.54,92.43,2026-09-09,Aisle 04,ambient
Spiced Makhana Crunch Chana Dal Polished 350g,SunBrite Naturals,PANT-003854,890100642852,Pantry & Dry Goods,137,box,164.25,249.49,2028-04-25,Aisle 07,ambient
Spiced Iced Lemon Tea 2kg,Amul Plantations,BEVE-003855,890100642853,Beverages,108,bottle,227.57,378.91,2026-12-16,Aisle 06,chilled
Artisan 70% Dark Chocolate Bar 2kg,Desi Organics Plantations,SNAC-003856,890100642854,Snacks & Confectionery,229,bar,344.61,582.94,2026-11-22,Aisle 10,ambient
Roasted Sweet Tamarind Chicken Drumsticks 200g,Desi Organics Springs,MEAT-003857,890100642855,Meat & Seafood,237,pack,253.83,325.30,2026-09-02,Aisle 04,chilled
Sweet Vanilla Bean Chicken Keema 12-Pack,Kaveri Naturals,MEAT-003858,890100642856,Meat & Seafood,122,kg,535.78,805.45,2026-09-01,Aisle 04,chilled
Low-Sodium Kesar Pista Guava Chilli Juice Family Pack,Amul Dairy,BEVE-003859,890100642857,Beverages,194,carton,143.59,230.87,2027-06-03,Aisle 05,chilled
Smoked Sweet Tamarind Granola Health Bars 250g,Amul Botanicals,SNAC-003860,890100642858,Snacks & Confectionery,166,bar,347.64,542.16,2026-10-13,Aisle 09,ambient
Cold-Pressed Palak Leaves 150ml,Everest Naturals,FRES-003861,890100642859,Fresh Produce,93,pack,128.16,204.76,2026-08-27,Aisle 02,chilled
Gourmet Frozen Samosas 750ml,Himalayan Harvest,FROZ-003862,890100642860,Frozen Foods,15,pack,85.59,137.33,2027-04-08,Aisle 08,frozen
Cold-Pressed Truffle Infused Heavy Cream 5L,Heritage Foods,DAIR-003863,890100642861,Dairy & Eggs,167,packet,452.80,682.35,2026-09-05,Aisle 03,chilled
Unpolished Coconut Cream Mosquito Vaporizer Refill 500g,Nilgiri Organics,HOUS-003864,890100642862,Household & Personal Care,218,packet,181.41,305.65,2027-07-27,Aisle 12,ambient
Sweet Chana Dal Polished 100g,Desi Organics Organics,PANT-003865,890100642863,Pantry & Dry Goods,21,jar,411.38,735.60,2026-12-26,Aisle 07,ambient
Signature Mustard Oil Kachi Ghani 500g,Pure Vedic Co.,PANT-003866,890100642864,Pantry & Dry Goods,79,can,295.72,511.26,2028-05-12,Aisle 08,ambient
Organic Filter Coffee Beans Family Pack,Nilgiri Naturals,BEVE-003867,890100642865,Beverages,216,carton,137.59,192.44,2026-08-24,Aisle 05,ambient
Wildcrafted Caramelized Onion Organic Brown Sugar 150g,Dabur Mills,PANT-003868,890100642866,Pantry & Dry Goods,148,can,481.72,819.94,2028-01-20,Aisle 06,ambient
Pure Ginger Root 5kg,Green Earth Co.,FRES-003869,890100642867,Fresh Produce,110,kg,129.48,173.02,2026-08-28,Aisle 02,ambient
Whole-Grain Toasted Sesame Atlantic Salmon Fillet 12-Pack,Tata Kitchens,MEAT-003870,890100642868,Meat & Seafood,144,pack,838.62,1301.01,2026-09-03,Aisle 04,chilled
Artisan Alphonso Mango Organic Rolled Oats Family Pack,Vedic Fresh Agro,PANT-003871,890100642869,Pantry & Dry Goods,149,jar,383.53,547.60,2026-08-28,Aisle 07,ambient
Select Jalapeno Lime Alphonso Mangoes 1kg,Deccan Co.,FRES-003872,890100642870,Fresh Produce,169,pcs,50.19,82.29,2026-08-30,Aisle 01,ambient
Cured Roasted Salted Cashews 200ml,Green Earth Agro,SNAC-003873,890100642871,Snacks & Confectionery,75,box,32.55,42.33,2027-05-12,Aisle 10,ambient
Free-Range Roasted Salted Cashews 100g,Dabur Botanicals,SNAC-003874,890100642872,Snacks & Confectionery,78,tub,145.05,186.13,2026-10-18,Aisle 09,ambient
Crisp Bhujia Sev 400g,Royal Indian Dairy,SNAC-003875,890100642873,Snacks & Confectionery,214,pack,333.08,546.14,2027-01-07,Aisle 10,ambient
Pure Organic Sharbati Atta 5L,Pure Vedic Agro,PANT-003876,890100642874,Pantry & Dry Goods,245,jar,246.22,323.64,2028-05-13,Aisle 08,ambient
Organic Royal Basmati Rice 4-Pack,Saffola Springs,PANT-003877,890100642875,Pantry & Dry Goods,132,bottle,600.48,1073.62,2027-06-24,Aisle 07,ambient
Spiced Tonic Water Premium 2L,Ganga Mills,BEVE-003878,890100642876,Beverages,81,carton,295.22,402.69,2026-09-20,Aisle 06,ambient
Smoked Cardamom Spiced Bagel Plain 4pk 250ml,SunBrite Goods,BAKE-003879,890100642877,Bakery & Deli,33,box,88.80,162.40,2026-09-10,Aisle 03,chilled
Signature Lemon Pepper Basa Fish Fillets 1L,Ganga Naturals,MEAT-003880,890100642878,Meat & Seafood,31,pcs,367.39,486.70,2026-08-30,Aisle 05,chilled
Golden Rose Infused Biodegradable Garbage Bags 250ml,Patanjali Co.,HOUS-003881,890100642879,Household & Personal Care,156,pack,213.56,299.61,2028-03-09,Aisle 12,ambient
Authentic Surmai Steaks 6-Pack,Patanjali Organics,MEAT-003882,890100642880,Meat & Seafood,101,kg,883.07,1191.49,2026-08-22,Aisle 04,chilled
Signature Butter Croissants 250g,Green Earth Naturals,BAKE-003883,890100642881,Bakery & Deli,90,pack,46.38,74.22,2026-09-04,Aisle 04,chilled
Country Style Sweet Tamarind Organic Rolled Oats 1L,Pashmina Milling,PANT-003884,890100642882,Pantry & Dry Goods,227,jar,646.19,1089.07,2026-12-03,Aisle 06,ambient
Signature Cinnamon Spice Goat Mince Premium 150ml,Nature Harvest Foods,MEAT-003885,890100642883,Meat & Seafood,6,pcs,616.00,983.08,2026-09-01,Aisle 05,chilled
Whole-Grain Dishwash Gel Lemon 1L,Heritage Naturals,HOUS-003886,890100642884,Household & Personal Care,12,tube,366.90,641.13,2029-01-05,Aisle 11,ambient
Whole-Grain California Almonds 10kg,Pashmina Farms,SNAC-003887,890100642885,Snacks & Confectionery,15,packet,182.99,240.95,2026-12-26,Aisle 10,ambient
Natural Chatpata Masala Double Toned Milk 250g,Nature Harvest Farms,DAIR-003888,890100642886,Dairy & Eggs,157,bottle,69.30,96.13,2026-09-20,Aisle 02,chilled
Desi Tandoori Smoked Mustard Oil Kachi Ghani Family Pack,Deccan Mills,PANT-003889,890100642887,Pantry & Dry Goods,66,bottle,80.27,104.98,2027-06-28,Aisle 08,ambient
Aged Lemon Pepper Unsalted White Butter 250ml,Royal Indian Kitchens,DAIR-003890,890100642888,Dairy & Eggs,13,carton,437.66,749.09,2026-09-17,Aisle 02,chilled
Low-Sodium Frozen Samosas 10kg,Desi Organics Dairy,FROZ-003891,890100642889,Frozen Foods,244,box,380.80,546.57,2027-03-14,Aisle 08,frozen
Farm-Fresh Sweet Tamarind Cold-Pressed Groundnut Oil 10kg,Ganga Milling,PANT-003892,890100642890,Pantry & Dry Goods,100,bag,321.68,428.71,2027-07-14,Aisle 06,ambient
Pure Paneer Block 50g,Everest Agro,DAIR-003893,890100642891,Dairy & Eggs,49,packet,65.59,108.03,2026-08-31,Aisle 02,chilled
Royal Makhana Crunch Frozen Veg Momos 2kg,Saffola Springs,FROZ-003894,890100642892,Frozen Foods,86,box,137.41,211.03,2027-02-09,Aisle 09,frozen
Cured Matcha Green Tea Roasted Salted Cashews 250g,Dabur Co.,SNAC-003895,890100642893,Snacks & Confectionery,105,bag,338.57,535.86,2027-04-18,Aisle 09,ambient
Zero-Sugar Palak Leaves 1.5L,Nature Harvest Foods,FRES-003896,890100642894,Fresh Produce,61,kg,105.76,150.89,2026-09-06,Aisle 01,ambient
Sun-Dried Kitchen Paper Towels 4-Roll 1kg,Heritage Mills,HOUS-003897,890100642895,Household & Personal Care,203,packet,508.33,675.94,2027-04-01,Aisle 12,ambient
Natural Garlic & Herb Unsalted White Butter 5L,Heritage Harvest,DAIR-003898,890100642896,Dairy & Eggs,242,box,177.86,291.80,2026-09-04,Aisle 02,chilled
Rustic Sweet Tamarind Desi Cow Ghee 2-Pack,Tata Plantations,DAIR-003899,890100642897,Dairy & Eggs,173,pack,424.85,663.58,2026-08-30,Aisle 02,chilled
Signature Electrolyte Energy Drink 10kg,Nilgiri Organics,BEVE-003900,890100642898,Beverages,191,pack,254.22,436.64,2027-03-28,Aisle 05,ambient
Signature Roasted Salted Cashews 8-Pack,Pure Vedic Dairy,SNAC-003901,890100642899,Snacks & Confectionery,223,bar,98.33,158.93,2027-04-24,Aisle 09,ambient
Cold-Pressed Tandoori Smoked Herbal Hand Wash Neem 1kg,SunBrite Provisions,HOUS-003902,890100642900,Household & Personal Care,162,box,572.94,782.58,2027-05-04,Aisle 12,ambient
Handcrafted Tandoori Smoked California Almonds 50g,Heritage Mills,SNAC-003903,890100642901,Snacks & Confectionery,186,tub,251.74,383.76,2026-08-27,Aisle 10,ambient
Unpolished Raw Wildflower Honey 200g,Everest Harvest,PANT-003904,890100642902,Pantry & Dry Goods,106,jar,535.28,878.11,2028-04-18,Aisle 07,ambient
Pure Apple Cider Vinegar Drink Snack Pack,Pashmina Goods,BEVE-003905,890100642903,Beverages,74,carton,85.27,152.18,2026-11-13,Aisle 05,ambient
Valley Fresh Coconut Cream Kitchen Paper Towels 4-Roll 250ml,Catch Co.,HOUS-003906,890100642904,Household & Personal Care,232,tube,113.16,171.99,2026-08-16,Aisle 11,ambient
Valley Fresh Soan Papdi Box 200g,Green Earth Provisions,SNAC-003907,890100642905,Snacks & Confectionery,192,tub,114.77,205.13,2027-03-21,Aisle 10,ambient
Extra-Virgin Ajwain & Jeera Flavored Yogurt 2L,Amul Provisions,DAIR-003908,890100642906,Dairy & Eggs,18,tub,122.02,223.68,2026-08-28,Aisle 02,chilled
Pure Lassi Mango Infused 8-Pack,Fortune Botanicals,DAIR-003909,890100642907,Dairy & Eggs,230,box,371.51,683.20,2026-09-06,Aisle 03,chilled
Free-Range Jalapeno Lime Crab Meat Fresh 5kg,Vedic Fresh Dairy,MEAT-003910,890100642908,Meat & Seafood,163,pack,859.68,1520.32,2026-08-16,Aisle 05,chilled
Rustic Garlic Focaccia 2L,Royal Indian Kitchens,BAKE-003911,890100642909,Bakery & Deli,22,pack,86.74,151.47,2026-09-06,Aisle 04,chilled
Unpolished Matcha Green Tea Fish Fingers Frozen 5L,Royal Indian Mills,FROZ-003912,890100642910,Frozen Foods,34,tub,294.75,507.58,2027-02-14,Aisle 09,frozen
Smoked Alphonso Kulfi Tub 4-Pack,Pure Vedic Milling,FROZ-003913,890100642911,Frozen Foods,9,bag,81.95,143.33,2027-07-30,Aisle 09,frozen
Gluten-Free Paneer Tikka Deli 2L,Pure Vedic Farms,BAKE-003914,890100642912,Bakery & Deli,225,pack,62.96,110.60,2026-09-01,Aisle 04,ambient
Raw Rose Infused Clove & Mint Toothpaste 8-Pack,Tata Dairy,HOUS-003915,890100642913,Household & Personal Care,58,bottle,515.33,876.89,2027-06-16,Aisle 12,ambient
Plant-Based Jalapeno Lime Paneer Block 2-Pack,Mother Dairy Naturals,DAIR-003916,890100642914,Dairy & Eggs,169,pack,85.51,138.17,2026-09-09,Aisle 02,chilled
Wildcrafted Whole Wheat Atta Bread 10kg,Catch Botanicals,BAKE-003917,890100642915,Bakery & Deli,150,box,196.31,347.10,2026-08-31,Aisle 04,ambient
Low-Sodium Ajwain & Jeera Butter Murukku 200g,Fortune Milling,SNAC-003918,890100642916,Snacks & Confectionery,68,pack,200.59,368.49,2027-04-18,Aisle 09,ambient
Gourmet Frozen Paneer Cubes 5kg,Desi Organics Kitchens,FROZ-003919,890100642917,Frozen Foods,157,bag,190.29,287.50,2027-08-14,Aisle 08,frozen
Unpolished Parmigiano-Reggiano 250g,Pashmina Agro,DAIR-003920,890100642918,Dairy & Eggs,50,pack,455.83,625.74,2026-09-16,Aisle 03,chilled
Spiced Pita Bread 100g,Saffola Provisions,BAKE-003921,890100642919,Bakery & Deli,19,box,30.41,46.32,2026-09-10,Aisle 03,ambient
Low-Sodium Herbal Hand Wash Neem 2L,Pashmina Agro,HOUS-003922,890100642920,Household & Personal Care,244,tube,111.20,190.58,2028-05-09,Aisle 11,ambient
Signature Cinnamon Spice Mixed Berries Frozen 150ml,Heritage Co.,FROZ-003923,890100642921,Frozen Foods,170,packet,372.59,547.36,2027-08-09,Aisle 08,frozen
Premium Kashmiri Saffron Moong Dal Washed 10-Pack,FarmGold Organics,PANT-003924,890100642922,Pantry & Dry Goods,73,bag,633.95,869.02,2027-09-11,Aisle 07,ambient
Spiced Sea Salt Spicy Peanut Chikki 250ml,Mother Dairy Goods,SNAC-003925,890100642923,Snacks & Confectionery,78,box,377.95,552.02,2027-06-05,Aisle 10,ambient
Extra-Virgin Gourmet Cookies Choco-Chip 150g,Pure Vedic Plantations,SNAC-003926,890100642924,Snacks & Confectionery,11,box,68.68,96.75,2026-08-30,Aisle 10,ambient
Natural Mint Lime Fresh Rohu Fish 250g,Royal Indian Provisions,MEAT-003927,890100642925,Meat & Seafood,215,pcs,718.16,962.41,2026-09-01,Aisle 05,chilled
Wildcrafted Coconut Cream Malai Kulfi Bar 4-Pack,Catch Organics,FROZ-003928,890100642926,Frozen Foods,17,pack,336.97,573.05,2027-02-11,Aisle 08,frozen
Stone-Ground Tulsi Honey Penne Rigate Pasta 150g,Mother Dairy Goods,PANT-003929,890100642927,Pantry & Dry Goods,158,bag,412.58,683.66,2026-08-26,Aisle 06,ambient
Artisan Matcha Green Tea Kitchen Paper Towels 4-Roll 24-Pack,Amul Kitchens,HOUS-003930,890100642928,Household & Personal Care,68,pack,172.42,273.61,2029-04-12,Aisle 12,ambient
Pure Rusk Toast 10-Pack,Nature Harvest Botanicals,BAKE-003931,890100642929,Bakery & Deli,226,box,72.10,92.99,2026-09-03,Aisle 03,ambient
Organic Matcha Green Tea Pav 6-Pack 2-Pack,Pure Vedic Kitchens,BAKE-003932,890100642930,Bakery & Deli,158,pcs,212.41,300.81,2026-09-02,Aisle 04,chilled
Stone-Ground Rose Infused Ginger Kombucha 250ml,FarmGold Mills,BEVE-003933,890100642931,Beverages,145,bag,130.88,225.75,2027-01-14,Aisle 06,ambient
Cold-Pressed Chatpata Masala Toor Dal Premium 24-Pack,Kaveri Botanicals,PANT-003934,890100642932,Pantry & Dry Goods,191,bottle,630.49,988.61,2028-01-23,Aisle 06,ambient
Organic Paneer Tikka Deli 6-Pack,Tata Organics,BAKE-003935,890100642933,Bakery & Deli,245,box,256.80,444.84,2026-09-03,Aisle 04,ambient
Artisan Cardamom Spiced Gourmet Cookies Choco-Chip 300g,Urban Roots Organics,SNAC-003936,890100642934,Snacks & Confectionery,208,bag,340.15,457.48,2027-05-24,Aisle 09,ambient
Authentic Cinnamon Spice Badam Milk Drink 750g,Desi Organics Goods,BEVE-003937,890100642935,Beverages,68,carton,107.16,196.98,2027-03-11,Aisle 05,ambient
Premium Fish Fingers Frozen 5kg,Kaveri Mills,FROZ-003938,890100642936,Frozen Foods,211,bag,245.05,331.02,2026-08-23,Aisle 09,frozen
Wildcrafted Matcha Green Tea Shampoo Anti-Dandruff Snack Pack,Nilgiri Farms,HOUS-003939,890100642937,Household & Personal Care,136,tube,540.44,868.92,2026-08-29,Aisle 11,ambient
Handcrafted Cinnamon Spice Cow Milk 5L,Deccan Dairy,DAIR-003940,890100642938,Dairy & Eggs,199,packet,406.64,622.74,2026-09-22,Aisle 03,chilled
Royal Nagpur Orange Fresh Rohu Fish 6-Pack,Nature Harvest Foods,MEAT-003941,890100642939,Meat & Seafood,178,pack,395.58,686.56,2026-08-29,Aisle 05,chilled
Premium Golden Ginger Herbal Hand Wash Neem 200g,Vedic Fresh Mills,HOUS-003942,890100642940,Household & Personal Care,177,pack,161.21,238.64,2028-12-14,Aisle 11,ambient
Unpolished Ajwain & Jeera Sourdough Loaf 50g,Patanjali Goods,BAKE-003943,890100642941,Bakery & Deli,101,pack,242.57,343.11,2026-09-10,Aisle 03,chilled
Raw Vanilla Bean Clove & Mint Toothpaste 5kg,Dabur Naturals,HOUS-003944,890100642942,Household & Personal Care,15,tube,75.03,123.44,2028-04-19,Aisle 12,ambient
Smoked Coconut Cream Papayas 2L,Tata Naturals,FRES-003945,890100642943,Fresh Produce,130,bunch,134.32,223.82,2026-09-04,Aisle 02,ambient
Spiced Golden Ginger Ginger Root Value Pack,Vedic Fresh Co.,FRES-003946,890100642944,Fresh Produce,88,kg,49.59,65.76,2026-09-10,Aisle 01,ambient
Gourmet Nagpur Orange Wood-Fired Veggie Pizza 8-Pack,Catch Organics,FROZ-003947,890100642945,Frozen Foods,10,packet,141.27,228.99,2027-07-07,Aisle 08,frozen
Whole-Grain Rose Infused Himalayan Spring Water 150ml,Vedic Fresh Foods,BEVE-003948,890100642946,Beverages,249,pack,67.48,117.04,2027-06-15,Aisle 06,ambient
Desi Golden Ginger Iced Lemon Tea 2L,Urban Roots Springs,BEVE-003949,890100642947,Beverages,53,pack,49.01,78.31,2027-03-05,Aisle 06,chilled
Heritage Pita Bread 350g,Organic Tattva Springs,BAKE-003950,890100642948,Bakery & Deli,137,pack,114.46,209.12,2026-09-08,Aisle 04,chilled
Country Style Bell Peppers 200ml,Ganga Provisions,FRES-003951,890100642949,Fresh Produce,152,pack,79.34,106.84,2026-08-31,Aisle 02,ambient
Natural Mint Lime Paneer Paratha Frozen 400g,Pashmina Co.,FROZ-003952,890100642950,Frozen Foods,38,packet,365.77,474.84,2027-04-20,Aisle 08,frozen
Crisp Makhana Crunch Roasted Makhana Foxnuts 330ml,Tata Naturals,SNAC-003953,890100642951,Snacks & Confectionery,165,bag,169.22,248.06,2027-03-06,Aisle 10,ambient
Crisp Paneer Block 100g,Fortune Co.,DAIR-003954,890100642952,Dairy & Eggs,127,box,472.45,812.34,2026-08-30,Aisle 03,chilled
Grass-Fed Kesar Pista Chicken Keema 1L,Pure Vedic Mills,MEAT-003955,890100642953,Meat & Seafood,110,pcs,637.54,1174.15,2026-09-03,Aisle 04,chilled
Low-Sodium Chatpata Masala Tonic Water Premium 400g,Tata Harvest,BEVE-003956,890100642954,Beverages,173,bag,225.93,369.85,2026-09-13,Aisle 06,chilled
Authentic Fresh Chicken Curry Cut 6-Pack,Ganga Foods,MEAT-003957,890100642955,Meat & Seafood,193,pack,844.48,1423.04,2026-08-30,Aisle 04,chilled
Spiced Floor Disinfectant Pine 300g,Deccan Plantations,HOUS-003958,890100642956,Household & Personal Care,226,packet,511.28,745.61,2028-12-13,Aisle 11,ambient
Spiced Chatpata Masala Lemons 200g,Mother Dairy Agro,FRES-003959,890100642957,Fresh Produce,112,bag,68.27,103.84,2026-09-04,Aisle 02,ambient
Whole-Grain Kashmiri Saffron Soan Papdi Box 1kg,Nilgiri Milling,SNAC-003960,890100642958,Snacks & Confectionery,106,pack,447.71,728.02,2027-05-18,Aisle 09,ambient
Grass-Fed Toasted Sesame Portobello Mushrooms 150ml,Bhoomi Agro,FRES-003961,890100642959,Fresh Produce,139,pack,100.38,161.01,2026-08-30,Aisle 01,chilled
Grass-Fed Cardamom Spiced Sweet Corn Kernels 200g,Tata Organics,FROZ-003962,890100642960,Frozen Foods,107,pack,295.90,462.96,2027-01-20,Aisle 08,frozen
Traditional Lemons 200ml,Deccan Provisions,FRES-003963,890100642961,Fresh Produce,26,bunch,108.58,191.00,2026-09-08,Aisle 01,chilled
Whole-Grain Alphonso Mango Sparkling Mineral Water 750ml,Everest Dairy,BEVE-003964,890100642962,Beverages,241,bottle,196.75,307.63,2026-12-11,Aisle 06,ambient
Low-Sodium Matcha Green Tea Kaju Katli Sweet Box 200ml,Patanjali Provisions,SNAC-003965,890100642963,Snacks & Confectionery,98,tub,28.28,44.38,2027-04-08,Aisle 10,ambient
Artisan Dark Chocolate 70% Dark Chocolate Bar 24-Pack,Satvik Mills,SNAC-003966,890100642964,Snacks & Confectionery,151,box,367.65,594.32,2026-11-22,Aisle 09,ambient
Premium Caramelized Onion Fabric Softener Floral 50g,Pashmina Co.,HOUS-003967,890100642965,Household & Personal Care,26,tube,119.30,170.27,2028-09-27,Aisle 11,ambient
Extra-Virgin Cardamom Spiced Tender Coconut Water 400g,Tata Harvest,BEVE-003968,890100642966,Beverages,30,can,201.28,366.36,2027-01-19,Aisle 06,ambient
Sun-Dried Vanilla Bean Gourmet Cookies Choco-Chip 50g,Vedic Fresh Dairy,SNAC-003969,890100642967,Snacks & Confectionery,200,pack,480.04,880.67,2027-02-28,Aisle 10,ambient
Farm-Fresh Jalapeno Lime Soy Milk Protein 50g,Desi Organics Dairy,DAIR-003970,890100642968,Dairy & Eggs,175,tub,40.28,67.61,2026-09-16,Aisle 03,chilled
Farm-Fresh Dark Chocolate Veg Burger Patties Value Pack,SunBrite Farms,FROZ-003971,890100642969,Frozen Foods,234,pack,379.55,695.11,2027-08-27,Aisle 09,frozen
Cured Jalapeno Lime Sourdough Loaf 500g,Dabur Dairy,BAKE-003972,890100642970,Bakery & Deli,230,pcs,207.19,298.89,2026-09-08,Aisle 04,chilled
Whole-Grain Cinnamon Spice Salted Butter 400g,Himalayan Naturals,DAIR-003973,890100642971,Dairy & Eggs,132,packet,53.12,70.16,2026-09-02,Aisle 02,chilled
Unpolished Mustard Oil Kachi Ghani 500ml,Nature Harvest Provisions,PANT-003974,890100642972,Pantry & Dry Goods,243,jar,348.47,509.83,2027-06-28,Aisle 07,ambient
Valley Fresh Paneer Tikka Deli 2kg,Ganga Dairy,BAKE-003975,890100642973,Bakery & Deli,184,box,267.55,490.84,2026-09-04,Aisle 04,chilled
Aged Garlic Bulbs 5kg,Kaveri Goods,FRES-003976,890100642974,Fresh Produce,91,kg,108.45,180.93,2026-08-26,Aisle 01,ambient
Extra-Virgin Tandoori Smoked Fresh Mint (Pudina) 250ml,Fortune Springs,FRES-003977,890100642975,Fresh Produce,61,bunch,145.87,267.06,2026-09-01,Aisle 02,ambient
Natural Vanilla Bean Brownie Bites 300g,Deccan Botanicals,BAKE-003978,890100642976,Bakery & Deli,230,box,276.46,439.57,2026-08-29,Aisle 04,chilled
Rustic Golden Ginger Frozen Green Peas Family Pack,Green Earth Naturals,FROZ-003979,890100642977,Frozen Foods,101,bag,404.27,730.45,2027-02-25,Aisle 08,frozen
Plant-Based Jalapeno Lime Fresh Mosambi Juice 8-Pack,Saffola Organics,BEVE-003980,890100642978,Beverages,182,carton,65.06,111.67,2027-08-09,Aisle 06,chilled
Grass-Fed Mixed Berries Frozen 1.5L,FarmGold Dairy,FROZ-003981,890100642979,Frozen Foods,135,tub,343.30,531.14,2027-03-02,Aisle 08,frozen
Plant-Based Sea Salt Squid Rings Cleaned 500g,Deccan Naturals,MEAT-003982,890100642980,Meat & Seafood,55,kg,774.29,1283.32,2026-09-02,Aisle 05,chilled
Zero-Sugar Apple Cider Vinegar Drink 200g,Deccan Dairy,BEVE-003983,890100642981,Beverages,146,box,339.63,553.65,2027-08-08,Aisle 05,chilled
Farm-Fresh Kashmiri Saffron Wood-Fired Veggie Pizza 750ml,Saffola Foods,FROZ-003984,890100642982,Frozen Foods,48,packet,332.37,467.08,2027-04-12,Aisle 08,frozen
Whole-Grain Mustard Oil Kachi Ghani 250ml,Heritage Organics,PANT-003985,890100642983,Pantry & Dry Goods,216,jar,474.96,809.42,2027-12-09,Aisle 06,ambient
Signature Fruit Muffins 1kg,Pure Vedic Foods,BAKE-003986,890100642984,Bakery & Deli,215,pcs,219.06,387.14,2026-08-17,Aisle 04,ambient
Cold-Pressed Apple Cider Vinegar Drink 400g,Tata Harvest,BEVE-003987,890100642985,Beverages,96,can,257.49,418.15,2026-11-30,Aisle 05,chilled
Authentic Mutton Chops Snack Pack,Deccan Goods,MEAT-003988,890100642986,Meat & Seafood,29,pack,290.76,489.49,2026-08-31,Aisle 04,chilled
Spiced Organic Sharbati Atta 10kg,Heritage Farms,PANT-003989,890100642987,Pantry & Dry Goods,27,box,681.68,1241.78,2027-12-19,Aisle 06,ambient
Pure Garlic Naan Frozen 4pk 750ml,Deccan Goods,FROZ-003990,890100642988,Frozen Foods,209,bag,141.04,242.81,2027-02-08,Aisle 09,frozen
Valley Fresh Makhana Crunch Garlic Naan Frozen 4pk 2L,Heritage Harvest,FROZ-003991,890100642989,Frozen Foods,236,bag,263.35,386.59,2026-12-31,Aisle 09,frozen
Desi Broccoli Crowns 100g,Heritage Harvest,FRES-003992,890100642990,Fresh Produce,112,pcs,144.98,239.52,2026-09-09,Aisle 01,chilled
Crisp Urad Dal Whole 2L,Bhoomi Dairy,PANT-003993,890100642991,Pantry & Dry Goods,139,jar,460.32,735.81,2027-05-21,Aisle 06,ambient
Authentic Tulsi Honey Biodegradable Garbage Bags Snack Pack,Urban Roots Organics,HOUS-003994,890100642992,Household & Personal Care,246,bottle,297.64,464.42,2027-10-16,Aisle 11,ambient
Gluten-Free Mishri Mawa 1.5L,Mother Dairy Agro,DAIR-003995,890100642993,Dairy & Eggs,191,bottle,151.91,265.99,2026-08-28,Aisle 03,chilled
Gourmet French Fries Crispy 8-Pack,Nilgiri Naturals,FROZ-003996,890100642994,Frozen Foods,122,box,392.67,616.59,2027-03-19,Aisle 08,frozen
Pure Alphonso Mango Masala Potato Chips 500g,Tata Naturals,SNAC-003997,890100642995,Snacks & Confectionery,102,box,535.86,779.64,2027-01-11,Aisle 10,ambient
Whole-Grain Garlic & Herb Roma Tomatoes Snack Pack,Patanjali Naturals,FRES-003998,890100642996,Fresh Produce,201,bag,107.52,140.77,2026-08-31,Aisle 01,ambient
Signature Garlic & Herb Cucumbers 250ml,Amul Springs,FRES-003999,890100642997,Fresh Produce,192,bunch,43.98,63.67,2026-09-04,Aisle 02,chilled
Homestyle Kashmiri Saffron Organic Brown Sugar 4-Pack,FarmGold Organics,PANT-004000,890100642998,Pantry & Dry Goods,159,jar,515.58,741.76,2028-07-07,Aisle 06,ambient
Free-Range Red Chilli & Garlic Squid Rings Cleaned 250g,Ganga Mills,MEAT-004001,890100642999,Meat & Seafood,133,kg,462.26,792.16,2026-09-03,Aisle 04,chilled
Spiced Dark Chocolate Broccoli Crowns Snack Pack,Heritage Co.,FRES-004002,890100643000,Fresh Produce,185,kg,64.89,91.27,2026-08-29,Aisle 02,ambient
Cold-Pressed Dark Chocolate Mosquito Vaporizer Refill 250g,Heritage Naturals,HOUS-004003,890100643001,Household & Personal Care,66,pack,118.02,173.95,2028-04-18,Aisle 12,ambient
Zero-Sugar Golden Ginger Mozzarella Shredded 2kg,Urban Roots Springs,DAIR-004004,890100643002,Dairy & Eggs,178,carton,161.27,203.36,2026-08-19,Aisle 03,chilled
Traditional Vanilla Bean Shampoo Anti-Dandruff 350g,Amul Springs,HOUS-004005,890100643003,Household & Personal Care,126,bottle,242.65,310.02,2027-08-03,Aisle 12,ambient
Raw Chatpata Masala Ayurvedic Bath Soap 4-Pack,Vedic Fresh Mills,HOUS-004006,890100643004,Household & Personal Care,250,pack,286.62,521.12,2028-05-14,Aisle 11,ambient
Pure Sparkling Mineral Water Snack Pack,Heritage Naturals,BEVE-004007,890100643005,Beverages,100,carton,88.00,158.64,2027-02-21,Aisle 06,chilled
Premium Golden Ginger Mutton Curry Cut 250ml,Organic Tattva Provisions,MEAT-004008,890100643006,Meat & Seafood,60,pack,590.27,826.32,2026-09-02,Aisle 04,chilled
Select Kesar Pista Oat Milk 330ml,Everest Botanicals,DAIR-004009,890100643007,Dairy & Eggs,125,pack,175.39,316.34,2026-09-14,Aisle 03,chilled
Aged Malai Kulfi Bar 400g,Deccan Organics,FROZ-004010,890100643008,Frozen Foods,177,pack,65.19,110.44,2027-06-10,Aisle 09,frozen
Whole-Grain Ladyfinger (Bhindi) 200ml,Saffola Goods,FRES-004011,890100643009,Fresh Produce,88,kg,139.05,192.34,2026-09-04,Aisle 01,chilled
Raw Kachi Ghani Mustard Malai Kulfi Bar 1kg,Amul Goods,FROZ-004012,890100643010,Frozen Foods,120,pack,316.63,451.42,2026-08-21,Aisle 09,frozen
Golden Kitchen Paper Towels 4-Roll 200g,Satvik Dairy,HOUS-004013,890100643011,Household & Personal Care,101,packet,428.01,592.85,2029-01-24,Aisle 11,ambient
Wildcrafted Frozen Green Peas Value Pack,Heritage Agro,FROZ-004014,890100643012,Frozen Foods,134,tub,58.95,92.57,2027-01-28,Aisle 08,frozen
Artisan Jeera Masala Soda 1kg,Tata Naturals,BEVE-004015,890100643013,Beverages,86,bag,271.46,433.14,2027-06-01,Aisle 06,chilled
Crisp Mutton Curry Cut 8-Pack,Satvik Milling,MEAT-004016,890100643014,Meat & Seafood,247,pack,566.64,751.61,2026-08-28,Aisle 04,chilled
Stone-Ground Lemon Pepper Bell Peppers 300g,Royal Indian Springs,FRES-004017,890100643015,Fresh Produce,28,bunch,77.40,125.17,2026-09-04,Aisle 02,ambient
Rustic Kashmiri Saffron Bath Tissue 6-Pack 750g,Kaveri Mills,HOUS-004018,890100643016,Household & Personal Care,55,box,462.50,705.01,2028-07-01,Aisle 11,ambient
Artisan Rusk Toast 300g,Bhoomi Co.,BAKE-004019,890100643017,Bakery & Deli,140,box,229.85,369.62,2026-09-04,Aisle 03,chilled
Handcrafted Boneless Chicken Breast 8-Pack,Amul Plantations,MEAT-004020,890100643018,Meat & Seafood,115,pack,312.62,404.09,2026-09-02,Aisle 04,chilled
Raw Raw Wildflower Honey Snack Pack,Organic Tattva Provisions,PANT-004021,890100643019,Pantry & Dry Goods,4,jar,159.42,231.02,2027-04-13,Aisle 08,ambient
Wildcrafted Cinnamon Spice 70% Dark Chocolate Bar 5kg,Saffola Organics,SNAC-004022,890100643020,Snacks & Confectionery,159,packet,319.89,416.77,2027-04-02,Aisle 09,ambient
Aged Tandoori Smoked Roasted Makhana Foxnuts 400g,Fortune Naturals,SNAC-004023,890100643021,Snacks & Confectionery,21,tub,126.44,186.83,2027-06-06,Aisle 10,ambient
Unpolished Shampoo Anti-Dandruff 500g,Heritage Co.,HOUS-004024,890100643022,Household & Personal Care,21,packet,546.25,739.00,2027-06-29,Aisle 11,ambient
Gourmet Cinnamon Spice Jeera Masala Soda Value Pack,Nature Harvest Harvest,BEVE-004025,890100643023,Beverages,248,pack,285.84,502.10,2027-05-22,Aisle 06,chilled
Free-Range Mint Lime Malai Kulfi Bar 1L,Bhoomi Dairy,FROZ-004026,890100643024,Frozen Foods,34,box,309.73,395.47,2027-08-19,Aisle 09,frozen
Aged Parmigiano-Reggiano Value Pack,Bhoomi Organics,DAIR-004027,890100643025,Dairy & Eggs,77,packet,275.92,509.17,2026-09-16,Aisle 03,chilled
Low-Sodium Mustard Oil Kachi Ghani 750g,SunBrite Kitchens,PANT-004028,890100643026,Pantry & Dry Goods,146,jar,692.48,871.49,2028-07-09,Aisle 06,ambient
Royal Chicken Drumsticks 50g,Urban Roots Kitchens,MEAT-004029,890100643027,Meat & Seafood,157,kg,490.31,694.17,2026-08-28,Aisle 05,chilled
Organic Butter Croissants 2L,Royal Indian Naturals,BAKE-004030,890100643028,Bakery & Deli,173,pack,205.12,321.58,2026-09-08,Aisle 04,chilled
Unpolished Truffle Infused Pasture Eggs 5kg,Deccan Foods,DAIR-004031,890100643029,Dairy & Eggs,37,bottle,104.01,160.75,2026-08-28,Aisle 03,chilled
Rustic Makhana Crunch Baby Spinach 400g,FarmGold Foods,FRES-004032,890100643030,Fresh Produce,40,bag,92.53,133.47,2026-09-05,Aisle 02,ambient
Signature Hash Browns 6pk Snack Pack,Ganga Dairy,FROZ-004033,890100643031,Frozen Foods,62,tub,247.66,343.91,2027-05-16,Aisle 09,frozen
Sweet Garlic Focaccia 5L,Himalayan Goods,BAKE-004034,890100643032,Bakery & Deli,60,pack,213.98,325.27,2026-09-10,Aisle 04,ambient
Free-Range Cardamom Spiced Chana Dal Polished 200ml,Saffola Milling,PANT-004035,890100643033,Pantry & Dry Goods,119,jar,345.29,515.80,2027-07-31,Aisle 08,ambient
Spiced Himalayan Spring Water 750g,Vedic Fresh Farms,BEVE-004036,890100643034,Beverages,138,bag,380.03,688.37,2026-11-06,Aisle 05,ambient
Raw Moong Dal Namkeen 750g,Saffola Organics,SNAC-004037,890100643035,Snacks & Confectionery,44,packet,192.75,323.01,2026-12-07,Aisle 09,ambient
Sweet Nagpur Orange Frozen Green Peas 300g,Himalayan Botanicals,FROZ-004038,890100643036,Frozen Foods,191,bag,149.71,194.17,2027-04-15,Aisle 09,frozen
Country Style Red Chilli & Garlic Bath Tissue 6-Pack 100g,Dabur Goods,HOUS-004039,890100643037,Household & Personal Care,27,tube,143.02,181.80,2028-06-20,Aisle 11,ambient
Organic Flavored Yogurt 150g,Bhoomi Springs,DAIR-004040,890100643038,Dairy & Eggs,172,pack,226.78,382.72,2026-09-09,Aisle 02,chilled
Stone-Ground Poha Thick Flakes 8-Pack,FarmGold Co.,PANT-004041,890100643039,Pantry & Dry Goods,15,packet,74.33,122.24,2026-08-28,Aisle 06,ambient
Grass-Fed Makhana Crunch Mixed Berries Frozen 2L,Kaveri Co.,FROZ-004042,890100643040,Frozen Foods,95,tub,194.05,306.33,2027-04-29,Aisle 09,frozen
Raw Bagel Plain 4pk 4-Pack,Deccan Dairy,BAKE-004043,890100643041,Bakery & Deli,217,pcs,138.17,175.29,2026-08-28,Aisle 04,ambient
Unpolished Matcha Green Tea Frozen Paneer Cubes 2L,Nilgiri Goods,FROZ-004044,890100643042,Frozen Foods,212,pack,124.35,180.04,2026-12-05,Aisle 09,frozen
Valley Fresh Cauliflower 5L,Desi Organics Milling,FRES-004045,890100643043,Fresh Produce,106,pack,70.47,115.55,2026-09-06,Aisle 02,chilled
Aged Rose Infused Paneer Paratha Frozen 200ml,Everest Botanicals,FROZ-004046,890100643044,Frozen Foods,218,pack,46.64,75.41,2027-03-24,Aisle 08,frozen
Gluten-Free Cold-Pressed Groundnut Oil 2L,Kaveri Co.,PANT-004047,890100643045,Pantry & Dry Goods,213,bag,716.64,1047.21,2028-06-28,Aisle 08,ambient
Cold-Pressed Oranges Nagpur 150g,Organic Tattva Naturals,FRES-004048,890100643046,Fresh Produce,248,bag,72.52,106.52,2026-08-27,Aisle 01,ambient
Premium Sweet Tamarind Pasture Eggs 500g,Nature Harvest Harvest,DAIR-004049,890100643047,Dairy & Eggs,112,carton,195.90,294.95,2026-09-07,Aisle 03,chilled
Natural Masala CTC Tea Value Pack,Pashmina Co.,BEVE-004050,890100643048,Beverages,217,box,213.07,392.61,2027-04-18,Aisle 05,ambient
Golden Kitchen Paper Towels 4-Roll 330ml,Amul Plantations,HOUS-004051,890100643049,Household & Personal Care,188,bottle,332.28,512.01,2027-06-15,Aisle 11,ambient
Smoked California Almonds 750g,Heritage Botanicals,SNAC-004052,890100643050,Snacks & Confectionery,130,packet,517.34,698.26,2026-08-16,Aisle 10,ambient
Cured Organic Rolled Oats Value Pack,Pashmina Kitchens,PANT-004053,890100643051,Pantry & Dry Goods,192,bottle,608.42,1075.45,2027-12-12,Aisle 07,ambient
Gourmet Matcha Green Tea Badam Milk Drink Value Pack,Bhoomi Mills,BEVE-004054,890100643052,Beverages,79,pack,403.65,699.10,2026-08-19,Aisle 05,ambient
Authentic Cardamom Spiced Soy Milk Protein 4-Pack,FarmGold Mills,DAIR-004055,890100643053,Dairy & Eggs,88,packet,140.34,256.94,2026-09-05,Aisle 02,chilled
Organic Penne Rigate Pasta 5kg,Catch Naturals,PANT-004056,890100643054,Pantry & Dry Goods,50,packet,549.24,843.65,2028-03-16,Aisle 06,ambient
Zero-Sugar Chicken Frankfurters 5L,Everest Plantations,BAKE-004057,890100643055,Bakery & Deli,205,pcs,138.34,233.67,2026-08-20,Aisle 03,chilled
Country Style Chatpata Masala Sourdough Loaf 4-Pack,Mother Dairy Springs,BAKE-004058,890100643056,Bakery & Deli,128,pcs,169.03,282.28,2026-08-30,Aisle 03,ambient
Rustic Masala Chai Yukon Gold Potatoes Snack Pack,Tata Organics,FRES-004059,890100643057,Fresh Produce,222,kg,24.52,42.02,2026-09-07,Aisle 01,ambient
Gourmet Golden Ginger Poha Thick Flakes 24-Pack,Heritage Goods,PANT-004060,890100643058,Pantry & Dry Goods,145,bottle,109.52,193.61,2028-07-12,Aisle 08,ambient
Wildcrafted Catla Fish Steaks 1kg,Bhoomi Co.,MEAT-004061,890100643059,Meat & Seafood,161,kg,927.91,1323.52,2026-08-30,Aisle 04,chilled
Homestyle Red Chilli & Garlic Fabric Softener Floral 330ml,Catch Dairy,HOUS-004062,890100643060,Household & Personal Care,32,box,279.17,507.99,2027-12-01,Aisle 11,ambient
Pure Lemon Pepper Chicken Keema 300g,Saffola Milling,MEAT-004063,890100643061,Meat & Seafood,214,pack,387.02,644.21,2026-09-01,Aisle 04,chilled
Cold-Pressed Masala Chai Veg Burger Patties 500g,Ganga Foods,FROZ-004064,890100643062,Frozen Foods,243,bag,289.72,533.48,2026-12-20,Aisle 09,frozen
Farm-Fresh Sparkling Mineral Water 250ml,Royal Indian Dairy,BEVE-004065,890100643063,Beverages,223,bag,38.95,61.27,2027-06-02,Aisle 05,ambient
Select Rose Infused Poha Thick Flakes 400g,Ganga Goods,PANT-004066,890100643064,Pantry & Dry Goods,142,jar,589.94,840.20,2027-03-07,Aisle 07,ambient
Roasted Red Chilli & Garlic Fabric Softener Floral 200ml,Everest Dairy,HOUS-004067,890100643065,Household & Personal Care,224,bottle,520.15,678.41,2027-05-06,Aisle 11,ambient
Pure Caramelized Onion Heavy Cream 750ml,Organic Tattva Farms,DAIR-004068,890100643066,Dairy & Eggs,212,box,357.04,563.36,2026-09-24,Aisle 03,chilled
Desi Rose Infused Granola Health Bars 400g,Amul Organics,SNAC-004069,890100643067,Snacks & Confectionery,192,packet,83.84,125.47,2027-06-20,Aisle 09,ambient
Select Sweet Tamarind Garlic Focaccia 1L,Urban Roots Foods,BAKE-004070,890100643068,Bakery & Deli,29,pcs,281.74,353.99,2026-09-10,Aisle 03,ambient
Roasted Smoked Paprika Royal Basmati Rice 4-Pack,Organic Tattva Co.,PANT-004071,890100643069,Pantry & Dry Goods,158,bottle,554.97,979.23,2027-08-23,Aisle 06,ambient
Sweet Alphonso Mango Sparkling Mineral Water 2-Pack,Deccan Foods,BEVE-004072,890100643070,Beverages,223,box,342.22,428.95,2027-08-27,Aisle 05,chilled
Unpolished Coconut Cream Pomfret Whole 100g,Kaveri Springs,MEAT-004073,890100643071,Meat & Seafood,35,pack,316.55,554.60,2026-08-29,Aisle 04,chilled
Natural Apple Cider Vinegar Drink 150g,Green Earth Goods,BEVE-004074,890100643072,Beverages,19,pack,321.99,558.47,2026-08-21,Aisle 06,ambient
Traditional Mishri Mawa 330ml,Amul Mills,DAIR-004075,890100643073,Dairy & Eggs,32,pack,247.66,440.14,2026-09-21,Aisle 02,chilled
Pure Moong Dal Namkeen 12-Pack,Ganga Farms,SNAC-004076,890100643074,Snacks & Confectionery,189,pack,460.51,730.59,2026-12-26,Aisle 10,ambient
Homestyle Kesar Pista Tender Coconut Water 4-Pack,Organic Tattva Agro,BEVE-004077,890100643075,Beverages,43,pack,44.91,81.11,2027-06-06,Aisle 05,chilled
Golden Ajwain & Jeera Cream Cheese 250ml,FarmGold Dairy,DAIR-004078,890100643076,Dairy & Eggs,172,box,56.23,70.34,2026-08-28,Aisle 02,chilled
Authentic Unsalted White Butter 750g,Green Earth Goods,DAIR-004079,890100643077,Dairy & Eggs,132,tub,341.88,444.99,2026-09-06,Aisle 03,chilled
Sun-Dried Jalapeno Lime 70% Dark Chocolate Bar 1L,SunBrite Organics,SNAC-004080,890100643078,Snacks & Confectionery,125,tub,431.80,659.81,2026-08-17,Aisle 09,ambient
Cured Surmai Steaks 5L,Tata Provisions,MEAT-004081,890100643079,Meat & Seafood,61,pcs,371.02,467.82,2026-09-01,Aisle 05,chilled
Rustic Frozen Paneer Cubes 10kg,Pure Vedic Kitchens,FROZ-004082,890100643080,Frozen Foods,185,bag,419.50,610.34,2027-08-10,Aisle 09,frozen
Stone-Ground Caramelized Onion Organic Brown Sugar 150ml,Green Earth Goods,PANT-004083,890100643081,Pantry & Dry Goods,24,bag,698.03,1274.23,2027-05-15,Aisle 08,ambient
Artisan Masala Chai Fresh Mosambi Juice 10-Pack,Satvik Naturals,BEVE-004084,890100643082,Beverages,166,bag,196.02,298.48,2027-05-17,Aisle 06,ambient
Wildcrafted Poha Thick Flakes 750ml,Ganga Co.,PANT-004085,890100643083,Pantry & Dry Goods,200,bottle,95.94,159.06,2028-02-12,Aisle 08,ambient
Smoked Rawa Sooji 500ml,Fortune Co.,PANT-004086,890100643084,Pantry & Dry Goods,67,packet,380.94,563.15,2027-02-20,Aisle 07,ambient
Handcrafted Cardamom Spiced Fruit Cake Slice 150ml,Mother Dairy Provisions,BAKE-004087,890100643085,Bakery & Deli,238,pack,201.02,352.89,2026-08-30,Aisle 04,chilled
Rustic Kashmiri Saffron Pomfret Whole 1L,Urban Roots Foods,MEAT-004088,890100643086,Meat & Seafood,79,pcs,748.09,1048.55,2026-09-03,Aisle 05,chilled
Gluten-Free Sea Salt Penne Rigate Pasta 8-Pack,Saffola Farms,PANT-004089,890100643087,Pantry & Dry Goods,153,can,642.98,1078.27,2027-09-06,Aisle 07,ambient
Valley Fresh Fruit Cake Slice 2kg,Everest Farms,BAKE-004090,890100643088,Bakery & Deli,34,pack,94.19,148.72,2026-08-30,Aisle 04,ambient
Whole-Grain Espresso Roast Ground Coffee 250g,Satvik Milling,BEVE-004091,890100643089,Beverages,155,bottle,327.26,426.79,2026-11-04,Aisle 06,ambient
Extra-Virgin Tulsi Honey Whole Wheat Atta Bread 5L,Nature Harvest Goods,BAKE-004092,890100643090,Bakery & Deli,62,pack,207.48,337.35,2026-08-29,Aisle 03,chilled
Gourmet Alphonso Kulfi Tub 350g,Dabur Agro,FROZ-004093,890100643091,Frozen Foods,130,packet,378.93,570.73,2027-07-24,Aisle 09,frozen
Golden Atlantic Salmon Fillet 100g,Ganga Naturals,MEAT-004094,890100643092,Meat & Seafood,131,pack,910.87,1172.35,2026-09-01,Aisle 05,chilled
Signature Oat Milk 1L,SunBrite Botanicals,DAIR-004095,890100643093,Dairy & Eggs,167,box,488.86,652.55,2026-09-22,Aisle 03,chilled
Gourmet Organic Green Tea 10-Pack,Himalayan Provisions,BEVE-004096,890100643094,Beverages,45,bag,71.79,95.19,2027-03-11,Aisle 05,ambient
Crisp Banana Chips Kerala Style 2kg,Everest Provisions,SNAC-004097,890100643095,Snacks & Confectionery,46,box,149.07,252.66,2026-10-28,Aisle 09,ambient
Artisan Cinnamon Swirl Buns 10kg,Mother Dairy Provisions,BAKE-004098,890100643096,Bakery & Deli,111,pack,312.15,396.45,2026-08-29,Aisle 03,ambient
Select Jalapeno Lime Brownie Bites 2kg,Mother Dairy Kitchens,BAKE-004099,890100643097,Bakery & Deli,137,pcs,312.13,569.17,2026-08-28,Aisle 04,chilled
Premium Pink Himalayan Salt Family Pack,Organic Tattva Agro,PANT-004100,890100643098,Pantry & Dry Goods,116,packet,48.04,77.54,2028-01-23,Aisle 07,ambient
Plant-Based Soy Milk Protein Value Pack,Pashmina Farms,DAIR-004101,890100643099,Dairy & Eggs,123,tub,252.32,414.26,2026-09-18,Aisle 02,chilled
Free-Range Chicken Salami 350g,Everest Springs,BAKE-004102,890100643100,Bakery & Deli,142,pcs,207.00,320.12,2026-08-30,Aisle 03,chilled
Rustic Mosquito Vaporizer Refill 8-Pack,Heritage Plantations,HOUS-004103,890100643101,Household & Personal Care,35,bottle,185.60,306.33,2028-01-02,Aisle 12,ambient
Signature Dark Chocolate Chicken Sausages 1kg,Everest Agro,MEAT-004104,890100643102,Meat & Seafood,76,kg,889.34,1172.28,2026-08-27,Aisle 05,chilled
Cured Kesar Pista Chana Dal Polished 24-Pack,Mother Dairy Springs,PANT-004105,890100643103,Pantry & Dry Goods,108,can,187.06,279.22,2027-09-07,Aisle 07,ambient
Free-Range Salted Butter 24-Pack,Kaveri Milling,DAIR-004106,890100643104,Dairy & Eggs,93,bottle,123.28,203.32,2026-08-27,Aisle 02,chilled
Premium Fresh Rohu Fish 250ml,Green Earth Farms,MEAT-004107,890100643105,Meat & Seafood,118,pack,271.18,496.86,2026-09-03,Aisle 05,chilled
Golden Sweet Tamarind Atlantic Salmon Fillet 100g,Green Earth Naturals,MEAT-004108,890100643106,Meat & Seafood,73,pack,425.01,750.08,2026-08-29,Aisle 04,chilled
Extra-Virgin Sea Salt Pomegranates 2kg,Satvik Dairy,FRES-004109,890100643107,Fresh Produce,18,bag,26.94,34.50,2026-08-29,Aisle 01,ambient
Whole-Grain Rose Infused Feta Cheese 500g,Royal Indian Goods,DAIR-004110,890100643108,Dairy & Eggs,89,pack,387.40,645.83,2026-09-20,Aisle 03,chilled
Cured Ajwain & Jeera Frozen Green Peas 1kg,Organic Tattva Mills,FROZ-004111,890100643109,Frozen Foods,163,pack,298.59,388.65,2027-04-05,Aisle 08,frozen
Raw Royal Basmati Rice 250ml,Dabur Provisions,PANT-004112,890100643110,Pantry & Dry Goods,227,bottle,272.40,431.09,2026-08-29,Aisle 08,ambient
Stone-Ground Toasted Sesame Lavash Crackers Family Pack,Fortune Dairy,BAKE-004113,890100643111,Bakery & Deli,97,pack,162.97,292.28,2026-09-10,Aisle 04,ambient
Select Red Chilli & Garlic Mixed Berries Frozen 100g,Deccan Organics,FROZ-004114,890100643112,Frozen Foods,133,tub,231.23,406.71,2027-04-04,Aisle 08,frozen
Authentic Tulsi Honey Watermelon 1L,Vedic Fresh Botanicals,FRES-004115,890100643113,Fresh Produce,239,bunch,40.28,66.32,2026-09-17,Aisle 02,chilled
Extra-Virgin Smoked Paprika Soan Papdi Box Family Pack,Fortune Mills,SNAC-004116,890100643114,Snacks & Confectionery,20,box,125.66,195.20,2027-03-03,Aisle 10,ambient
Golden Garlic Naan Frozen 4pk 750g,Urban Roots Kitchens,FROZ-004117,890100643115,Frozen Foods,182,bag,402.58,731.74,2027-07-18,Aisle 08,frozen
Cured Sea Salt Jeera Masala Soda Family Pack,Vedic Fresh Organics,BEVE-004118,890100643116,Beverages,6,can,282.51,509.02,2026-10-30,Aisle 06,chilled
Extra-Virgin Matcha Green Tea Surface Floor Cleaner Rose 250ml,Kaveri Mills,HOUS-004119,890100643117,Household & Personal Care,187,tube,224.61,327.53,2027-04-13,Aisle 12,ambient
Free-Range Alphonso Mango Flavored Yogurt 350g,Bhoomi Milling,DAIR-004120,890100643118,Dairy & Eggs,156,box,310.97,513.73,2026-08-28,Aisle 03,chilled
Desi Cardamom Spiced Lassi Mango Infused 100g,Nature Harvest Plantations,DAIR-004121,890100643119,Dairy & Eggs,80,tub,507.47,759.17,2026-09-18,Aisle 02,chilled
Roasted Nagpur Orange Ginger Root Snack Pack,Nature Harvest Goods,FRES-004122,890100643120,Fresh Produce,247,bag,147.04,223.69,2026-09-05,Aisle 01,ambient
Golden Tandoori Smoked Gourmet Cookies Choco-Chip 150ml,Heritage Goods,SNAC-004123,890100643121,Snacks & Confectionery,148,bag,516.15,902.20,2027-03-09,Aisle 09,ambient
Gourmet Bitter Gourd (Karela) 500ml,SunBrite Provisions,FRES-004124,890100643122,Fresh Produce,223,kg,21.67,34.73,2026-09-07,Aisle 02,chilled
Valley Fresh Toasted Sesame Bagel Plain 4pk 5L,Organic Tattva Co.,BAKE-004125,890100643123,Bakery & Deli,221,box,189.67,255.18,2026-09-04,Aisle 03,chilled
Farm-Fresh Mustard Oil Kachi Ghani 150g,Heritage Foods,PANT-004126,890100643124,Pantry & Dry Goods,143,packet,166.28,246.17,2026-08-30,Aisle 07,ambient
Gourmet Alphonso Mango Clove & Mint Toothpaste 50g,SunBrite Goods,HOUS-004127,890100643125,Household & Personal Care,49,box,412.03,603.52,2027-06-05,Aisle 11,ambient
Authentic Cucumbers 1.5L,Organic Tattva Dairy,FRES-004128,890100643126,Fresh Produce,146,pcs,34.17,62.72,2026-09-10,Aisle 01,ambient
Authentic Kulcha 4-Pack 500g,Deccan Dairy,BAKE-004129,890100643127,Bakery & Deli,192,pack,42.94,69.26,2026-09-05,Aisle 03,chilled
Cured Veg Spring Rolls 24-Pack,Nature Harvest Agro,FROZ-004130,890100643128,Frozen Foods,10,packet,80.25,135.43,2027-05-26,Aisle 09,frozen
Golden Sweet Tamarind Desi Cow Ghee 8-Pack,Heritage Springs,DAIR-004131,890100643129,Dairy & Eggs,70,tub,153.08,211.03,2026-09-01,Aisle 03,chilled
Plant-Based Tandoori Smoked Cream Cheese 100g,Mother Dairy Milling,DAIR-004132,890100643130,Dairy & Eggs,227,bottle,513.91,874.87,2026-09-26,Aisle 03,chilled
Smoked Garlic Focaccia 350g,Amul Foods,BAKE-004133,890100643131,Bakery & Deli,210,box,182.96,287.51,2026-09-06,Aisle 03,chilled
Golden Cold Pressed Orange Juice 150g,Kaveri Kitchens,BEVE-004134,890100643132,Beverages,166,pack,389.72,643.70,2027-08-21,Aisle 05,chilled
Whole-Grain Roasted Makhana Foxnuts Family Pack,Bhoomi Farms,SNAC-004135,890100643133,Snacks & Confectionery,195,pack,500.06,656.08,2027-01-07,Aisle 10,ambient
Low-Sodium Chatpata Masala Guava Chilli Juice 200g,Vedic Fresh Kitchens,BEVE-004136,890100643134,Beverages,71,can,162.88,213.45,2027-03-05,Aisle 06,chilled
Wildcrafted Parmigiano-Reggiano 500ml,Kaveri Harvest,DAIR-004137,890100643135,Dairy & Eggs,8,bottle,74.60,135.77,2026-08-30,Aisle 02,chilled
Unpolished Vanilla Bean Mutton Curry Cut 50g,Dabur Organics,MEAT-004138,890100643136,Meat & Seafood,215,kg,847.20,1540.20,2026-08-31,Aisle 05,chilled
Traditional Cauliflower 300g,Everest Agro,FRES-004139,890100643137,Fresh Produce,109,bag,129.99,174.14,2026-09-17,Aisle 02,ambient
Royal Golden Ginger Buffalo Milk 2-Pack,Vedic Fresh Goods,DAIR-004140,890100643138,Dairy & Eggs,129,box,160.08,291.06,2026-08-28,Aisle 02,chilled
Organic Kachi Ghani Mustard Cheese Croissant 250g,Fortune Plantations,BAKE-004141,890100643139,Bakery & Deli,210,box,253.03,420.14,2026-09-10,Aisle 03,ambient
Select Jalapeno Lime Pasture Eggs 5kg,Bhoomi Mills,DAIR-004142,890100643140,Dairy & Eggs,99,pack,343.77,587.74,2026-08-31,Aisle 03,chilled
Traditional Matcha Green Tea Edamame Pods 300g,Tata Foods,FROZ-004143,890100643141,Frozen Foods,102,tub,126.31,209.28,2027-07-04,Aisle 09,frozen
Traditional Rusk Toast 50g,Vedic Fresh Naturals,BAKE-004144,890100643142,Bakery & Deli,121,box,158.60,211.41,2026-09-05,Aisle 03,chilled
Pure Bottle Gourd (Lauki) 300g,Saffola Botanicals,FRES-004145,890100643143,Fresh Produce,211,kg,33.51,59.38,2026-09-09,Aisle 02,ambient
Plant-Based Truffle Infused Fabric Softener Floral 50g,Bhoomi Mills,HOUS-004146,890100643144,Household & Personal Care,185,tube,594.97,758.72,2027-04-15,Aisle 11,ambient
Spiced Alphonso Kulfi Tub 1.5L,Pure Vedic Foods,FROZ-004147,890100643145,Frozen Foods,245,bag,257.95,364.41,2027-05-20,Aisle 08,frozen
Signature Smoked Paprika Lentils Red Masoor 250ml,Green Earth Springs,PANT-004148,890100643146,Pantry & Dry Goods,92,can,132.82,170.00,2026-11-26,Aisle 07,ambient
Country Style Atlantic Salmon Fillet 200g,Nature Harvest Farms,MEAT-004149,890100643147,Meat & Seafood,135,pcs,936.50,1406.50,2026-09-01,Aisle 05,chilled
Heritage Banana Chips Kerala Style 250g,Mother Dairy Kitchens,SNAC-004150,890100643148,Snacks & Confectionery,172,tub,470.33,843.22,2027-04-14,Aisle 10,ambient
Spiced Ajwain & Jeera Fruit Muffins 150ml,Amul Mills,BAKE-004151,890100643149,Bakery & Deli,111,pcs,125.43,189.45,2026-08-29,Aisle 03,ambient
Pure Red Chilli & Garlic Granola Health Bars 50g,Green Earth Provisions,SNAC-004152,890100643150,Snacks & Confectionery,159,packet,327.19,518.91,2026-08-30,Aisle 09,ambient
Grass-Fed Jalapeno Lime Stainless Steel Scrubber 3pk 6-Pack,Kaveri Milling,HOUS-004153,890100643151,Household & Personal Care,225,packet,157.43,238.22,2026-08-28,Aisle 11,ambient
Grass-Fed Smoked Paprika Espresso Roast Ground Coffee 750g,Nilgiri Foods,BEVE-004154,890100643152,Beverages,169,bag,303.12,560.51,2026-12-09,Aisle 05,ambient
Plant-Based Alphonso Mango Bagel Plain 4pk 750ml,Satvik Harvest,BAKE-004155,890100643153,Bakery & Deli,198,pcs,255.86,395.38,2026-09-01,Aisle 04,chilled
Country Style Alphonso Mango Ayurvedic Bath Soap 5kg,Nature Harvest Milling,HOUS-004156,890100643154,Household & Personal Care,113,tube,296.79,534.95,2027-05-30,Aisle 11,ambient
Pure Fresh Chicken Curry Cut 1.5L,Desi Organics Harvest,MEAT-004157,890100643155,Meat & Seafood,149,kg,336.60,532.76,2026-08-29,Aisle 04,chilled
Rustic Makhana Crunch Mishri Mawa 150ml,Catch Foods,DAIR-004158,890100643156,Dairy & Eggs,104,packet,515.94,764.91,2026-09-22,Aisle 03,chilled
Rustic Fish Fingers Frozen 500g,Everest Naturals,FROZ-004159,890100643157,Frozen Foods,139,box,260.90,366.28,2027-08-26,Aisle 09,frozen
Crisp Nagpur Orange Almond Milk 200ml,Saffola Naturals,DAIR-004160,890100643158,Dairy & Eggs,69,pack,209.24,315.82,2026-09-12,Aisle 02,chilled
Cold-Pressed Jalapeno Lime Fabric Softener Floral 24-Pack,Dabur Milling,HOUS-004161,890100643159,Household & Personal Care,75,packet,353.68,556.39,2027-09-27,Aisle 12,ambient
Artisan Ajwain & Jeera Lavash Crackers 10-Pack,Vedic Fresh Dairy,BAKE-004162,890100643160,Bakery & Deli,198,pcs,157.27,268.96,2026-08-29,Aisle 04,chilled
Natural Squid Rings Cleaned 400g,Desi Organics Plantations,MEAT-004163,890100643161,Meat & Seafood,103,kg,852.28,1474.46,2026-08-29,Aisle 04,chilled
Whole-Grain Malai Kulfi Bar 2L,Mother Dairy Harvest,FROZ-004164,890100643162,Frozen Foods,143,box,251.73,430.54,2026-11-17,Aisle 09,frozen
Farm-Fresh Mint Lime Double Toned Milk 500g,Vedic Fresh Naturals,DAIR-004165,890100643163,Dairy & Eggs,217,packet,296.47,449.56,2026-09-22,Aisle 02,chilled
Rustic Makhana Crunch Royal Basmati Rice Value Pack,Pashmina Agro,PANT-004166,890100643164,Pantry & Dry Goods,185,box,266.42,460.56,2027-07-26,Aisle 06,ambient
Pure Kesar Pista Paneer Tikka Deli 24-Pack,Ganga Mills,BAKE-004167,890100643165,Bakery & Deli,66,pcs,94.70,124.25,2026-09-02,Aisle 04,ambient
Select Floor Disinfectant Pine 2-Pack,Kaveri Mills,HOUS-004168,890100643166,Household & Personal Care,84,tube,343.95,627.25,2027-12-29,Aisle 11,ambient
Select Bamboo Toothbrush 2pk 350g,Bhoomi Harvest,HOUS-004169,890100643167,Household & Personal Care,216,box,323.40,435.69,2028-11-10,Aisle 11,ambient
Desi Tulsi Honey Roma Tomatoes 250ml,Dabur Springs,FRES-004170,890100643168,Fresh Produce,61,kg,108.82,138.88,2026-09-02,Aisle 02,ambient
Stone-Ground Frozen Veg Momos Snack Pack,Everest Springs,FROZ-004171,890100643169,Frozen Foods,194,tub,343.12,595.98,2027-01-24,Aisle 09,frozen
Rustic Toor Dal Premium 4-Pack,Green Earth Agro,PANT-004172,890100643170,Pantry & Dry Goods,4,bag,390.83,572.09,2027-03-13,Aisle 08,ambient
Rustic Soan Papdi Box Family Pack,Organic Tattva Foods,SNAC-004173,890100643171,Snacks & Confectionery,214,pack,29.31,37.62,2027-06-20,Aisle 10,ambient
Unpolished Alphonso Mango Veg Spring Rolls 2-Pack,Satvik Dairy,FROZ-004174,890100643172,Frozen Foods,48,packet,200.16,337.21,2026-11-04,Aisle 08,frozen
Plant-Based Atlantic Salmon Fillet 150g,Kaveri Provisions,MEAT-004175,890100643173,Meat & Seafood,119,pack,381.58,586.36,2026-09-02,Aisle 05,chilled
Valley Fresh Alphonso Mango Chamomile Herbal Tea 2-Pack,Dabur Farms,BEVE-004176,890100643174,Beverages,87,carton,206.33,287.69,2027-03-11,Aisle 06,ambient
Golden Cardamom Spiced Floor Disinfectant Pine 10-Pack,Desi Organics Organics,HOUS-004177,890100643175,Household & Personal Care,79,bottle,498.95,751.39,2027-10-29,Aisle 12,ambient
Gourmet Mishri Mawa Snack Pack,Vedic Fresh Agro,DAIR-004178,890100643176,Dairy & Eggs,47,pack,337.95,455.24,2026-09-15,Aisle 03,chilled
Organic Golden Ginger Salted Butter 50g,Vedic Fresh Dairy,DAIR-004179,890100643177,Dairy & Eggs,151,tub,77.27,116.93,2026-09-06,Aisle 03,chilled
Free-Range Masala Chai Veg Burger Patties 24-Pack,Pure Vedic Mills,FROZ-004180,890100643178,Frozen Foods,43,packet,148.70,248.72,2027-07-14,Aisle 08,frozen
Premium Paneer Block 1kg,FarmGold Organics,DAIR-004181,890100643179,Dairy & Eggs,87,tub,375.33,520.35,2026-09-25,Aisle 03,chilled
Traditional Stainless Steel Scrubber 3pk 6-Pack,Tata Co.,HOUS-004182,890100643180,Household & Personal Care,210,box,405.03,718.80,2027-09-23,Aisle 11,ambient
Aged Sea Salt Sona Masoori Rice 500g,FarmGold Organics,PANT-004183,890100643181,Pantry & Dry Goods,246,can,441.29,555.19,2028-01-06,Aisle 08,ambient
Sun-Dried Sea Salt Greek Yogurt Value Pack,FarmGold Goods,DAIR-004184,890100643182,Dairy & Eggs,8,packet,429.25,655.73,2026-09-10,Aisle 03,chilled
Unpolished Chatpata Masala Boneless Chicken Breast 150ml,Nature Harvest Dairy,MEAT-004185,890100643183,Meat & Seafood,195,pcs,785.68,1023.10,2026-09-02,Aisle 05,chilled
Spiced Sweet Tamarind Tiger Prawns Jumbo 5kg,Fortune Springs,MEAT-004186,890100643184,Meat & Seafood,49,pcs,456.21,836.98,2026-08-31,Aisle 05,chilled
Traditional Kesar Pista Garlic Focaccia 330ml,SunBrite Mills,BAKE-004187,890100643185,Bakery & Deli,247,box,259.98,442.85,2026-08-30,Aisle 03,chilled
Gluten-Free Mutton Chops 5L,SunBrite Co.,MEAT-004188,890100643186,Meat & Seafood,128,kg,210.84,360.45,2026-08-31,Aisle 05,chilled
Whole-Grain Chaash / Buttermilk 5L,Catch Agro,DAIR-004189,890100643187,Dairy & Eggs,175,packet,487.17,700.86,2026-09-23,Aisle 03,chilled
Golden Ajwain & Jeera Bagel Plain 4pk 350g,Heritage Farms,BAKE-004190,890100643188,Bakery & Deli,52,pack,52.48,88.00,2026-09-05,Aisle 04,chilled
Low-Sodium Masala CTC Tea 50g,Himalayan Organics,BEVE-004191,890100643189,Beverages,71,carton,249.91,389.39,2027-01-25,Aisle 06,ambient
Authentic Pomfret Whole 200g,Fortune Plantations,MEAT-004192,890100643190,Meat & Seafood,61,kg,496.10,886.94,2026-08-30,Aisle 05,chilled
Grass-Fed Garlic Focaccia 150ml,Amul Harvest,BAKE-004193,890100643191,Bakery & Deli,237,pcs,238.62,439.93,2026-09-08,Aisle 03,chilled
Farm-Fresh Parmigiano-Reggiano 200ml,Tata Botanicals,DAIR-004194,890100643192,Dairy & Eggs,107,tub,366.76,519.36,2026-09-21,Aisle 02,chilled
Roasted Greek Yogurt 100g,Dabur Milling,DAIR-004195,890100643193,Dairy & Eggs,210,pack,164.35,286.11,2026-08-30,Aisle 02,chilled
Wildcrafted Chicken Sausages 300g,Organic Tattva Farms,MEAT-004196,890100643194,Meat & Seafood,4,kg,676.25,1077.78,2026-09-03,Aisle 04,chilled
Grass-Fed Organic Brown Sugar 1L,Pure Vedic Kitchens,PANT-004197,890100643195,Pantry & Dry Goods,234,can,233.44,395.93,2026-08-29,Aisle 08,ambient
Low-Sodium Dark Chocolate Dishwash Gel Lemon 500g,Urban Roots Kitchens,HOUS-004198,890100643196,Household & Personal Care,250,bottle,152.98,236.98,2028-06-27,Aisle 12,ambient
Aged Caramelized Onion Apple Cider Vinegar Drink 300g,Everest Foods,BEVE-004199,890100643197,Beverages,210,can,162.13,228.12,2026-11-19,Aisle 05,ambient
Authentic Kachi Ghani Mustard Moong Dal Washed 10-Pack,Pure Vedic Agro,PANT-004200,890100643198,Pantry & Dry Goods,218,bag,552.98,694.13,2027-08-17,Aisle 06,ambient
Grass-Fed Pita Bread 6-Pack,Deccan Kitchens,BAKE-004201,890100643199,Bakery & Deli,208,pcs,37.03,65.72,2026-09-05,Aisle 03,chilled
Golden Multigrain Tortillas 8-Pack,Mother Dairy Dairy,BAKE-004202,890100643200,Bakery & Deli,81,pcs,141.63,245.37,2026-08-29,Aisle 03,ambient
Free-Range Truffle Infused Cold Pressed Orange Juice 2kg,Patanjali Kitchens,BEVE-004203,890100643201,Beverages,41,can,66.15,94.52,2027-08-18,Aisle 05,chilled
Heritage Chatpata Masala Cinnamon Swirl Buns 300g,Catch Organics,BAKE-004204,890100643202,Bakery & Deli,113,pack,94.29,162.13,2026-09-01,Aisle 03,ambient
Pure Masala Chai Kaju Katli Sweet Box 10kg,Amul Botanicals,SNAC-004205,890100643203,Snacks & Confectionery,195,box,31.15,48.80,2027-03-13,Aisle 10,ambient
Aged Paneer Block 12-Pack,Everest Botanicals,DAIR-004206,890100643204,Dairy & Eggs,107,bottle,428.71,718.73,2026-09-08,Aisle 03,chilled
Low-Sodium Rawa Sooji 2L,Tata Naturals,PANT-004207,890100643205,Pantry & Dry Goods,62,bag,557.19,905.21,2028-07-16,Aisle 06,ambient
Extra-Virgin Bath Tissue 6-Pack 400g,Heritage Organics,HOUS-004208,890100643206,Household & Personal Care,52,pack,537.02,982.47,2027-04-15,Aisle 11,ambient
Spiced Sweet Tamarind Green Peas Fresh 750ml,Organic Tattva Co.,FRES-004209,890100643207,Fresh Produce,233,pcs,113.94,179.27,2026-09-09,Aisle 01,chilled
Gourmet Masala Chai Chicken Keema 2kg,Saffola Dairy,MEAT-004210,890100643208,Meat & Seafood,141,kg,791.23,1216.57,2026-08-29,Aisle 05,chilled
Stone-Ground Basa Fish Fillets 300g,Urban Roots Goods,MEAT-004211,890100643209,Meat & Seafood,72,pcs,459.41,664.93,2026-09-02,Aisle 04,chilled
Signature Cream Cheese 400g,Saffola Plantations,DAIR-004212,890100643210,Dairy & Eggs,230,tub,512.62,833.97,2026-09-10,Aisle 02,chilled
Grass-Fed Iced Lemon Tea 250g,Organic Tattva Harvest,BEVE-004213,890100643211,Beverages,105,carton,344.12,566.03,2026-12-13,Aisle 06,chilled
Low-Sodium Gourmet Cookies Choco-Chip 10kg,Pashmina Dairy,SNAC-004214,890100643212,Snacks & Confectionery,7,box,394.44,720.18,2027-04-08,Aisle 10,ambient
Homestyle Rose Infused Mutton Curry Cut 5L,FarmGold Springs,MEAT-004215,890100643213,Meat & Seafood,161,kg,583.55,948.85,2026-09-03,Aisle 05,chilled
Signature Portobello Mushrooms 200g,Saffola Goods,FRES-004216,890100643214,Fresh Produce,223,pcs,92.60,154.84,2026-08-31,Aisle 02,ambient
Premium Raw Wildflower Honey 200ml,Nature Harvest Harvest,PANT-004217,890100643215,Pantry & Dry Goods,23,can,249.18,321.04,2028-01-13,Aisle 07,ambient
Aged Masala Potato Chips Snack Pack,Organic Tattva Plantations,SNAC-004218,890100643216,Snacks & Confectionery,129,box,325.62,447.52,2026-11-26,Aisle 10,ambient
Roasted Dark Chocolate Green Chillies 400g,Ganga Springs,FRES-004219,890100643217,Fresh Produce,49,bunch,154.85,221.01,2026-09-10,Aisle 01,ambient
Farm-Fresh Mint Lime Toor Dal Premium 5kg,Satvik Farms,PANT-004220,890100643218,Pantry & Dry Goods,223,bag,374.47,554.48,2027-06-10,Aisle 06,ambient
Heritage Cinnamon Spice Ginger Kombucha 1L,Dabur Dairy,BEVE-004221,890100643219,Beverages,49,bottle,293.63,400.50,2026-10-15,Aisle 05,ambient
Plant-Based Goat Mince Premium 400g,Patanjali Kitchens,MEAT-004222,890100643220,Meat & Seafood,165,kg,482.93,609.37,2026-09-02,Aisle 04,chilled
Zero-Sugar Alphonso Mango Jeera Masala Soda 200ml,Bhoomi Goods,BEVE-004223,890100643221,Beverages,242,bottle,315.50,469.30,2027-03-08,Aisle 05,chilled
Traditional Kachi Ghani Mustard Ciabatta Roll 250ml,Urban Roots Dairy,BAKE-004224,890100643222,Bakery & Deli,50,box,252.32,437.75,2026-09-01,Aisle 04,ambient
Premium Electrolyte Energy Drink 200g,Patanjali Mills,BEVE-004225,890100643223,Beverages,108,carton,87.86,111.66,2027-08-07,Aisle 05,ambient
Wildcrafted Chatpata Masala Pav 6-Pack 10kg,Bhoomi Foods,BAKE-004226,890100643224,Bakery & Deli,86,box,254.94,340.42,2026-08-29,Aisle 04,ambient
Desi Kesar Pista Filter Coffee Beans 5L,Satvik Organics,BEVE-004227,890100643225,Beverages,51,carton,386.21,640.00,2027-02-07,Aisle 05,ambient
Wildcrafted Cardamom Spiced Biodegradable Garbage Bags 4-Pack,Nature Harvest Milling,HOUS-004228,890100643226,Household & Personal Care,188,pack,591.39,918.95,2027-10-05,Aisle 11,ambient
Heritage Toasted Sesame Frozen Veg Momos 150g,Himalayan Mills,FROZ-004229,890100643227,Frozen Foods,88,packet,310.62,442.12,2027-08-27,Aisle 08,frozen
Cold-Pressed Vanilla Bean Badam Milk Drink 2kg,Mother Dairy Provisions,BEVE-004230,890100643228,Beverages,120,bag,428.22,611.07,2027-03-05,Aisle 05,chilled
Country Style Masala Potato Chips 200ml,Nilgiri Kitchens,SNAC-004231,890100643229,Snacks & Confectionery,57,box,487.49,826.00,2027-04-02,Aisle 10,ambient
Stone-Ground Masala Chai Rusk Toast 50g,Catch Provisions,BAKE-004232,890100643230,Bakery & Deli,240,box,174.29,232.54,2026-09-06,Aisle 04,ambient
Golden Almond Milk 10-Pack,Dabur Organics,DAIR-004233,890100643231,Dairy & Eggs,116,pack,296.15,471.06,2026-09-04,Aisle 02,chilled
Smoked Oat Milk 150g,Ganga Co.,DAIR-004234,890100643232,Dairy & Eggs,199,pack,169.97,282.14,2026-09-22,Aisle 02,chilled
Sun-Dried Floor Disinfectant Pine 400g,Patanjali Mills,HOUS-004235,890100643233,Household & Personal Care,53,pack,91.79,160.45,2027-04-30,Aisle 11,ambient
Whole-Grain Kashmiri Saffron Bhujia Sev 5kg,SunBrite Plantations,SNAC-004236,890100643234,Snacks & Confectionery,125,pack,395.77,510.56,2026-10-16,Aisle 10,ambient
Premium Matcha Green Tea French Fries Crispy 2kg,Himalayan Mills,FROZ-004237,890100643235,Frozen Foods,58,packet,197.08,350.21,2027-02-11,Aisle 09,frozen
Spiced Makhana Crunch Chicken Sausages 10kg,Pure Vedic Organics,MEAT-004238,890100643236,Meat & Seafood,143,pcs,861.97,1254.98,2026-08-30,Aisle 04,chilled
Natural Kabuli Chana Large 500g,Dabur Co.,PANT-004239,890100643237,Pantry & Dry Goods,121,packet,615.14,1041.10,2028-04-10,Aisle 08,ambient
Premium Kesar Pista Moong Dal Namkeen 750ml,Patanjali Milling,SNAC-004240,890100643238,Snacks & Confectionery,172,pack,192.43,336.07,2026-08-26,Aisle 10,ambient
Cold-Pressed Kabuli Chana Large 500ml,Patanjali Mills,PANT-004241,890100643239,Pantry & Dry Goods,189,packet,103.71,184.46,2028-02-18,Aisle 06,ambient
Natural Kachi Ghani Mustard Atlantic Salmon Fillet 50g,Heritage Springs,MEAT-004242,890100643240,Meat & Seafood,247,kg,228.13,363.91,2026-08-31,Aisle 05,chilled
Raw Vanilla Bean Mishri Mawa Family Pack,Bhoomi Goods,DAIR-004243,890100643241,Dairy & Eggs,78,packet,349.47,572.73,2026-09-12,Aisle 02,chilled
Select Iced Lemon Tea 750ml,Bhoomi Farms,BEVE-004244,890100643242,Beverages,60,can,38.60,50.10,2026-08-29,Aisle 05,ambient
Natural Gulab Jamun Tin 350g,Himalayan Dairy,SNAC-004245,890100643243,Snacks & Confectionery,154,box,246.75,340.54,2027-05-06,Aisle 10,ambient
Rustic Makhana Crunch Tender Coconut Water Family Pack,Amul Organics,BEVE-004246,890100643244,Beverages,215,bag,181.54,243.34,2026-09-12,Aisle 05,chilled
Extra-Virgin Nagpur Orange Soan Papdi Box 500g,Mother Dairy Dairy,SNAC-004247,890100643245,Snacks & Confectionery,176,tub,438.48,740.48,2027-02-28,Aisle 10,ambient
Roasted Cardamom Spiced Brioche Burger Buns 2-Pack,Pure Vedic Kitchens,BAKE-004248,890100643246,Bakery & Deli,60,box,271.37,482.53,2026-09-05,Aisle 04,chilled
Artisan Matcha Green Tea Kulcha 4-Pack 150ml,Satvik Goods,BAKE-004249,890100643247,Bakery & Deli,224,pack,101.81,185.43,2026-09-01,Aisle 04,chilled
Stone-Ground Rawa Sooji 2-Pack,Nature Harvest Co.,PANT-004250,890100643248,Pantry & Dry Goods,219,bag,433.44,667.71,2026-08-20,Aisle 06,ambient
Heritage Kabuli Chana Large 2L,Everest Farms,PANT-004251,890100643249,Pantry & Dry Goods,28,bottle,107.05,141.45,2026-08-27,Aisle 08,ambient
Crisp Lemon Pepper Pav 6-Pack 250g,Heritage Dairy,BAKE-004252,890100643250,Bakery & Deli,176,pack,200.59,284.62,2026-09-06,Aisle 03,ambient
Zero-Sugar Nagpur Orange Oat Milk Family Pack,Heritage Milling,DAIR-004253,890100643251,Dairy & Eggs,111,carton,208.09,384.22,2026-09-17,Aisle 02,chilled
Plant-Based Tonic Water Premium 2kg,Royal Indian Provisions,BEVE-004254,890100643252,Beverages,225,carton,444.10,721.62,2027-08-22,Aisle 06,chilled
Signature Mint Lime Bagel Plain 4pk 100g,Nilgiri Foods,BAKE-004255,890100643253,Bakery & Deli,198,box,154.04,202.27,2026-09-04,Aisle 04,ambient
Free-Range Kesar Pista California Almonds 150g,Saffola Co.,SNAC-004256,890100643254,Snacks & Confectionery,95,tub,457.14,617.95,2027-05-30,Aisle 10,ambient
Whole-Grain Tulsi Honey Soy Milk Protein 12-Pack,Everest Foods,DAIR-004257,890100643255,Dairy & Eggs,32,box,158.24,256.17,2026-09-11,Aisle 02,chilled
Homestyle Cardamom Spiced Basa Fish Fillets 4-Pack,FarmGold Organics,MEAT-004258,890100643256,Meat & Seafood,77,pack,163.97,286.62,2026-09-02,Aisle 05,chilled
Unpolished Salted Butter 5kg,Everest Kitchens,DAIR-004259,890100643257,Dairy & Eggs,225,pack,122.87,189.19,2026-08-25,Aisle 03,chilled
Authentic Fresh Mosambi Juice 400g,Bhoomi Milling,BEVE-004260,890100643258,Beverages,77,carton,377.41,633.41,2027-01-27,Aisle 05,chilled
Traditional Lemon Pepper Edamame Pods 250g,Green Earth Organics,FROZ-004261,890100643259,Frozen Foods,146,bag,157.35,268.59,2026-08-27,Aisle 09,frozen
Premium Green Peas Fresh 400g,Deccan Provisions,FRES-004262,890100643260,Fresh Produce,37,bunch,88.75,113.49,2026-09-09,Aisle 01,chilled
Spiced Carrots 150ml,Catch Goods,FRES-004263,890100643261,Fresh Produce,208,kg,159.67,238.96,2026-08-31,Aisle 02,ambient
Extra-Virgin Cow Milk 2L,Amul Farms,DAIR-004264,890100643262,Dairy & Eggs,150,tub,141.37,227.79,2026-09-11,Aisle 03,chilled
Plant-Based Palak Leaves 500ml,Kaveri Mills,FRES-004265,890100643263,Fresh Produce,147,bag,18.29,31.84,2026-09-13,Aisle 02,ambient
Golden Bananas 200ml,Urban Roots Naturals,FRES-004266,890100643264,Fresh Produce,26,pack,51.52,71.63,2026-09-14,Aisle 02,chilled
Golden Cinnamon Spice Wood-Fired Veggie Pizza 2-Pack,Heritage Milling,FROZ-004267,890100643265,Frozen Foods,16,bag,185.67,327.24,2027-03-21,Aisle 09,frozen
Roasted Tender Coconut Water 50g,Nature Harvest Provisions,BEVE-004268,890100643266,Beverages,144,pack,149.67,224.50,2026-12-18,Aisle 06,chilled
Gourmet Rawa Sooji 150g,Pure Vedic Milling,PANT-004269,890100643267,Pantry & Dry Goods,82,packet,676.63,1124.70,2026-08-28,Aisle 06,ambient
Golden Rose Infused Jeera Masala Soda 1.5L,Satvik Dairy,BEVE-004270,890100643268,Beverages,219,carton,435.63,624.71,2027-07-01,Aisle 05,ambient
Premium Garlic Naan Frozen 4pk 150g,FarmGold Mills,FROZ-004271,890100643269,Frozen Foods,136,box,297.02,498.82,2027-08-05,Aisle 08,frozen
Whole-Grain Sweet Potatoes 5kg,Green Earth Dairy,FRES-004272,890100643270,Fresh Produce,158,bag,24.21,36.28,2026-09-07,Aisle 02,ambient
Extra-Virgin Chicken Frankfurters 1kg,Heritage Milling,BAKE-004273,890100643271,Bakery & Deli,26,box,88.57,149.48,2026-08-31,Aisle 04,chilled
Crisp Vanilla Bean Masala Potato Chips 1kg,Fortune Organics,SNAC-004274,890100643272,Snacks & Confectionery,13,bag,88.25,152.20,2027-05-21,Aisle 10,ambient
Sweet Chatpata Masala Butter Murukku Value Pack,Dabur Agro,SNAC-004275,890100643273,Snacks & Confectionery,214,bag,123.87,163.72,2026-12-14,Aisle 09,ambient
Zero-Sugar Matcha Green Tea Masala CTC Tea 5kg,Organic Tattva Springs,BEVE-004276,890100643274,Beverages,207,box,387.29,639.13,2026-12-16,Aisle 05,chilled
Gluten-Free Banana Chips Kerala Style 5L,Royal Indian Botanicals,SNAC-004277,890100643275,Snacks & Confectionery,173,pack,88.57,131.46,2026-12-22,Aisle 09,ambient
Grass-Fed Tulsi Honey Roasted Salted Cashews 330ml,Kaveri Agro,SNAC-004278,890100643276,Snacks & Confectionery,187,tub,549.10,884.65,2027-01-20,Aisle 10,ambient
Zero-Sugar Fruit Muffins 300g,Urban Roots Foods,BAKE-004279,890100643277,Bakery & Deli,126,pack,56.93,82.92,2026-09-07,Aisle 03,ambient
Zero-Sugar Gulab Jamun Tin 300g,Himalayan Milling,SNAC-004280,890100643278,Snacks & Confectionery,209,bag,254.89,327.22,2027-01-17,Aisle 10,ambient
Low-Sodium Blueberries 8-Pack,Urban Roots Mills,FRES-004281,890100643279,Fresh Produce,245,kg,50.25,91.73,2026-09-10,Aisle 01,ambient
Natural Guava Chilli Juice 10kg,Organic Tattva Mills,BEVE-004282,890100643280,Beverages,180,bottle,318.54,475.34,2026-11-08,Aisle 05,chilled
Valley Fresh Dark Chocolate Malai Kulfi Bar 500g,SunBrite Botanicals,FROZ-004283,890100643281,Frozen Foods,233,packet,89.70,159.10,2026-08-28,Aisle 09,frozen
Extra-Virgin Oat Milk 4-Pack,Saffola Foods,DAIR-004284,890100643282,Dairy & Eggs,229,carton,423.84,551.05,2026-09-03,Aisle 02,chilled
Heritage Coconut Cream Curd Tub (Dahi) 10kg,Pure Vedic Milling,DAIR-004285,890100643283,Dairy & Eggs,238,tub,405.15,747.57,2026-09-25,Aisle 02,chilled
Heritage Kesar Pista Mozzarella Shredded 750ml,Desi Organics Organics,DAIR-004286,890100643284,Dairy & Eggs,203,box,117.73,211.57,2026-09-18,Aisle 03,chilled
Valley Fresh Jalapeno Lime Fresh Rohu Fish 8-Pack,Urban Roots Provisions,MEAT-004287,890100643285,Meat & Seafood,22,kg,216.39,362.92,2026-09-02,Aisle 04,chilled
Wildcrafted Vanilla Bean Fabric Softener Floral 330ml,FarmGold Mills,HOUS-004288,890100643286,Household & Personal Care,180,box,461.98,633.89,2028-11-01,Aisle 11,ambient
Country Style Truffle Infused Boneless Chicken Breast Value Pack,Satvik Springs,MEAT-004289,890100643287,Meat & Seafood,56,pcs,755.79,1056.57,2026-09-01,Aisle 05,chilled
Artisan Coconut Cream Jeera Masala Soda 350g,Himalayan Provisions,BEVE-004290,890100643288,Beverages,13,pack,70.39,101.98,2026-10-20,Aisle 05,ambient
Raw Spicy Peanut Chikki 350g,Urban Roots Foods,SNAC-004291,890100643289,Snacks & Confectionery,198,pack,326.49,572.17,2027-05-06,Aisle 09,ambient
Select Goat Mince Premium 250g,Organic Tattva Plantations,MEAT-004292,890100643290,Meat & Seafood,110,pcs,930.46,1322.13,2026-08-29,Aisle 04,chilled
Low-Sodium Cardamom Spiced Bamboo Toothbrush 2pk 50g,FarmGold Agro,HOUS-004293,890100643291,Household & Personal Care,214,box,510.79,879.14,2028-10-31,Aisle 12,ambient
Artisan Frozen Green Peas 1kg,Saffola Organics,FROZ-004294,890100643292,Frozen Foods,143,bag,361.18,544.12,2027-03-02,Aisle 08,frozen
Premium Wood-Fired Veggie Pizza 12-Pack,Royal Indian Harvest,FROZ-004295,890100643293,Frozen Foods,158,bag,200.45,294.84,2027-08-24,Aisle 09,frozen
Gluten-Free Kachi Ghani Mustard Squid Rings Cleaned 200g,Organic Tattva Springs,MEAT-004296,890100643294,Meat & Seafood,111,pack,830.01,1298.26,2026-08-30,Aisle 05,chilled
Organic Pav 6-Pack 250ml,Bhoomi Foods,BAKE-004297,890100643295,Bakery & Deli,186,box,259.55,343.61,2026-09-02,Aisle 04,ambient
Grass-Fed Tonic Water Premium 2-Pack,Heritage Mills,BEVE-004298,890100643296,Beverages,223,pack,355.62,458.08,2027-01-25,Aisle 06,chilled
Plant-Based Frozen Veg Momos 500ml,FarmGold Kitchens,FROZ-004299,890100643297,Frozen Foods,140,box,107.52,146.67,2027-08-11,Aisle 08,frozen
Signature Lemon Pepper Alphonso Mangoes 300g,Green Earth Harvest,FRES-004300,890100643298,Fresh Produce,188,kg,118.07,194.52,2026-08-31,Aisle 02,ambient
Artisan Ginger Kombucha 2-Pack,Everest Co.,BEVE-004301,890100643299,Beverages,22,pack,181.79,275.58,2027-06-27,Aisle 05,ambient
Gourmet Lemon Pepper Mishri Mawa 350g,Catch Naturals,DAIR-004302,890100643300,Dairy & Eggs,188,tub,124.13,212.09,2026-09-22,Aisle 02,chilled
Gluten-Free Kesar Pista Sourdough Loaf 5L,Bhoomi Agro,BAKE-004303,890100643301,Bakery & Deli,231,pack,305.23,448.31,2026-09-01,Aisle 04,chilled
Desi Nagpur Orange Pasture Eggs 150ml,Deccan Naturals,DAIR-004304,890100643302,Dairy & Eggs,41,pack,93.88,121.57,2026-08-28,Aisle 03,chilled
Sun-Dried Pista Almond Lavash Crackers 2L,Fortune Springs,BAKE-004305,890100643303,Bakery & Deli,152,pcs,55.82,95.46,2026-08-28,Aisle 04,ambient
Raw Roasted Salted Cashews 2L,Catch Provisions,SNAC-004306,890100643304,Snacks & Confectionery,156,packet,109.05,166.09,2027-03-12,Aisle 09,ambient
Cured Cinnamon Swirl Buns 8-Pack,Pure Vedic Milling,BAKE-004307,890100643305,Bakery & Deli,117,pack,272.32,466.34,2026-09-08,Aisle 03,ambient
Spiced Ajwain & Jeera Lassi Mango Infused 2L,Pure Vedic Provisions,DAIR-004308,890100643306,Dairy & Eggs,191,pack,129.19,213.55,2026-09-02,Aisle 02,chilled
Gourmet Catla Fish Steaks Snack Pack,Saffola Plantations,MEAT-004309,890100643307,Meat & Seafood,230,pcs,806.20,1471.49,2026-09-01,Aisle 05,chilled
Homestyle Red Chilli & Garlic Fish Fingers Frozen 5L,Deccan Goods,FROZ-004310,890100643308,Frozen Foods,148,tub,357.95,513.87,2027-03-24,Aisle 09,frozen
Unpolished Apple Cider Vinegar Drink 1L,Bhoomi Farms,BEVE-004311,890100643309,Beverages,118,pack,374.49,507.95,2026-10-13,Aisle 05,chilled
Aged Nagpur Orange Tonic Water Premium 5kg,Pashmina Farms,BEVE-004312,890100643310,Beverages,39,can,181.77,254.58,2027-07-16,Aisle 05,ambient
Premium Cinnamon Spice Squid Rings Cleaned 2kg,Pashmina Agro,MEAT-004313,890100643311,Meat & Seafood,206,pcs,668.47,928.10,2026-09-02,Aisle 04,chilled
Smoked Sweet Corn Kernels 1L,Patanjali Co.,FROZ-004314,890100643312,Frozen Foods,89,packet,84.03,105.19,2027-08-25,Aisle 09,frozen
Handcrafted Roasted Salted Cashews 1.5L,Desi Organics Milling,SNAC-004315,890100643313,Snacks & Confectionery,54,packet,293.33,413.43,2026-08-27,Aisle 09,ambient
Gluten-Free Mutton Chops 100g,Catch Milling,MEAT-004316,890100643314,Meat & Seafood,99,kg,833.81,1069.21,2026-08-31,Aisle 04,chilled
Free-Range Clove & Mint Toothpaste 2L,Himalayan Naturals,HOUS-004317,890100643315,Household & Personal Care,161,packet,53.89,83.57,2029-03-26,Aisle 12,ambient
Signature Matcha Green Tea Masala CTC Tea Value Pack,Saffola Plantations,BEVE-004318,890100643316,Beverages,215,bottle,82.38,143.20,2026-12-26,Aisle 05,ambient
Traditional Mutton Curry Cut 5kg,Desi Organics Plantations,MEAT-004319,890100643317,Meat & Seafood,22,pack,150.15,216.34,2026-09-03,Aisle 05,chilled
Smoked Kachi Ghani Mustard Whole Wheat Atta Bread 200ml,Pure Vedic Provisions,BAKE-004320,890100643318,Bakery & Deli,212,box,211.83,269.72,2026-08-28,Aisle 03,ambient
Valley Fresh Gourmet Cookies Choco-Chip 1L,Patanjali Foods,SNAC-004321,890100643319,Snacks & Confectionery,207,pack,523.81,809.68,2027-01-09,Aisle 09,ambient
Roasted Mutton Chops 4-Pack,Saffola Springs,MEAT-004322,890100643320,Meat & Seafood,132,pcs,599.25,881.48,2026-08-29,Aisle 04,chilled
Organic Mint Lime Avocados 2-Pack,FarmGold Agro,FRES-004323,890100643321,Fresh Produce,97,bag,114.56,165.40,2026-09-10,Aisle 01,ambient
Premium Pomfret Whole 2L,Heritage Dairy,MEAT-004324,890100643322,Meat & Seafood,199,pcs,531.83,930.35,2026-08-27,Aisle 04,chilled
Desi Cardamom Spiced Himalayan Spring Water 24-Pack,Kaveri Mills,BEVE-004325,890100643323,Beverages,8,pack,400.22,614.02,2027-05-12,Aisle 05,ambient
Royal Broccoli Crowns 8-Pack,Saffola Farms,FRES-004326,890100643324,Fresh Produce,75,bunch,17.66,24.26,2026-08-29,Aisle 02,ambient
Plant-Based Bitter Gourd (Karela) 1.5L,SunBrite Provisions,FRES-004327,890100643325,Fresh Produce,87,bag,136.26,220.76,2026-08-30,Aisle 01,ambient
Desi Banana Chips Kerala Style 500g,Bhoomi Kitchens,SNAC-004328,890100643326,Snacks & Confectionery,71,bag,349.86,459.17,2027-01-16,Aisle 09,ambient
Unpolished Sweet Tamarind Biodegradable Garbage Bags 24-Pack,Heritage Co.,HOUS-004329,890100643327,Household & Personal Care,235,bottle,92.78,149.44,2028-04-27,Aisle 11,ambient
Rustic Vanilla Bean Fruit Muffins 2L,Pure Vedic Springs,BAKE-004330,890100643328,Bakery & Deli,155,pack,40.12,64.79,2026-09-07,Aisle 04,chilled
Traditional Cream Cheese 12-Pack,Royal Indian Springs,DAIR-004331,890100643329,Dairy & Eggs,221,packet,45.60,80.03,2026-09-19,Aisle 02,chilled
Handcrafted Whole Wheat Atta Bread 250ml,Himalayan Organics,BAKE-004332,890100643330,Bakery & Deli,174,pcs,260.79,335.56,2026-09-01,Aisle 03,chilled
Aged Tandoori Smoked Herbal Hand Wash Neem 5L,Dabur Farms,HOUS-004333,890100643331,Household & Personal Care,190,box,392.33,561.11,2028-03-18,Aisle 11,ambient
Traditional Makhana Crunch Paneer Paratha Frozen 330ml,Amul Goods,FROZ-004334,890100643332,Frozen Foods,241,tub,234.44,399.28,2027-05-24,Aisle 08,frozen
Pure Roasted Makhana Foxnuts 400g,Catch Organics,SNAC-004335,890100643333,Snacks & Confectionery,32,bag,471.75,679.01,2026-11-09,Aisle 09,ambient
Plant-Based Tandoori Smoked Bhujia Sev 12-Pack,SunBrite Provisions,SNAC-004336,890100643334,Snacks & Confectionery,210,box,454.66,637.37,2027-06-02,Aisle 09,ambient
Royal Liquid Laundry Detergent 1kg,SunBrite Co.,HOUS-004337,890100643335,Household & Personal Care,132,pack,531.82,835.19,2027-03-27,Aisle 12,ambient
Wildcrafted Garlic & Herb Catla Fish Steaks 2L,Vedic Fresh Botanicals,MEAT-004338,890100643336,Meat & Seafood,63,pack,432.78,636.40,2026-08-29,Aisle 05,chilled
Heritage Brownie Bites 200ml,Patanjali Botanicals,BAKE-004339,890100643337,Bakery & Deli,206,box,107.27,164.21,2026-08-30,Aisle 04,ambient
Country Style Rose Infused Sparkling Mineral Water 500ml,Patanjali Harvest,BEVE-004340,890100643338,Beverages,57,can,291.09,442.48,2026-10-15,Aisle 05,chilled
Cold-Pressed Golden Ginger Biodegradable Garbage Bags Value Pack,Deccan Plantations,HOUS-004341,890100643339,Household & Personal Care,211,pack,191.40,330.19,2026-08-30,Aisle 11,ambient
Cured Bamboo Toothbrush 2pk 12-Pack,Green Earth Kitchens,HOUS-004342,890100643340,Household & Personal Care,18,bottle,481.78,637.65,2027-10-19,Aisle 11,ambient
Organic Kachi Ghani Mustard California Almonds 300g,Nature Harvest Plantations,SNAC-004343,890100643341,Snacks & Confectionery,79,box,266.63,404.71,2026-08-29,Aisle 09,ambient
Wildcrafted Coriander Leaves Family Pack,Urban Roots Harvest,FRES-004344,890100643342,Fresh Produce,241,bag,50.62,80.22,2026-09-16,Aisle 02,ambient
Crisp Kachi Ghani Mustard Tender Coconut Water 330ml,SunBrite Provisions,BEVE-004345,890100643343,Beverages,181,bag,30.10,49.95,2027-04-18,Aisle 06,ambient
Low-Sodium Extra Virgin Olive Oil 12-Pack,Royal Indian Naturals,PANT-004346,890100643344,Pantry & Dry Goods,78,can,103.39,135.28,2026-12-30,Aisle 06,ambient
Signature Matcha Green Tea Bhujia Sev 2L,Mother Dairy Provisions,SNAC-004347,890100643345,Snacks & Confectionery,235,pack,400.26,511.60,2027-03-12,Aisle 09,ambient
Handcrafted Mint Lime Portobello Mushrooms 10kg,Deccan Harvest,FRES-004348,890100643346,Fresh Produce,111,bag,64.41,100.15,2026-09-02,Aisle 02,chilled
Raw Lemon Pepper Tonic Water Premium 10-Pack,Mother Dairy Organics,BEVE-004349,890100643347,Beverages,76,can,443.75,608.88,2027-03-09,Aisle 05,ambient
Wildcrafted Cinnamon Spice Frozen Green Peas 8-Pack,Satvik Plantations,FROZ-004350,890100643348,Frozen Foods,106,bag,402.65,535.08,2026-12-14,Aisle 09,frozen
Farm-Fresh Tiger Prawns Jumbo 10kg,Pashmina Foods,MEAT-004351,890100643349,Meat & Seafood,20,pcs,365.80,645.29,2026-08-29,Aisle 04,chilled
Crisp Caramelized Onion Bagel Plain 4pk 200g,SunBrite Foods,BAKE-004352,890100643350,Bakery & Deli,140,pcs,283.37,488.42,2026-08-30,Aisle 04,ambient
Gourmet Caramelized Onion Gourmet Cookies Choco-Chip 8-Pack,Vedic Fresh Agro,SNAC-004353,890100643351,Snacks & Confectionery,59,packet,500.70,893.91,2026-12-11,Aisle 09,ambient
Gluten-Free Fresh Rohu Fish 10kg,Mother Dairy Mills,MEAT-004354,890100643352,Meat & Seafood,133,pcs,156.58,223.93,2026-09-03,Aisle 05,chilled
Artisan Lemon Pepper Organic Green Tea 5L,Tata Co.,BEVE-004355,890100643353,Beverages,178,bottle,162.13,245.55,2026-09-21,Aisle 05,ambient
Gourmet Squid Rings Cleaned 8-Pack,Urban Roots Kitchens,MEAT-004356,890100643354,Meat & Seafood,131,pcs,560.22,1013.05,2026-08-28,Aisle 04,chilled
Roasted Coriander Leaves 750ml,Bhoomi Farms,FRES-004357,890100643355,Fresh Produce,220,pcs,43.29,67.05,2026-09-06,Aisle 02,ambient
Pure Organic Green Tea 8-Pack,Nilgiri Mills,BEVE-004358,890100643356,Beverages,162,can,228.54,406.53,2026-08-16,Aisle 05,ambient
Cured Coconut Cream Gourmet Cookies Choco-Chip 400g,Organic Tattva Milling,SNAC-004359,890100643357,Snacks & Confectionery,46,bag,134.85,224.80,2026-12-12,Aisle 10,ambient
Gluten-Free Urad Dal Whole 4-Pack,Patanjali Co.,PANT-004360,890100643358,Pantry & Dry Goods,115,bottle,237.27,395.39,2027-01-13,Aisle 06,ambient
Homestyle Lemon Pepper 70% Dark Chocolate Bar 750g,Organic Tattva Harvest,SNAC-004361,890100643359,Snacks & Confectionery,239,packet,309.36,494.64,2027-02-24,Aisle 09,ambient
Plant-Based Organic Sharbati Atta 100g,Ganga Naturals,PANT-004362,890100643360,Pantry & Dry Goods,10,bag,268.77,417.58,2028-02-26,Aisle 07,ambient
Crisp Coconut Cream Gouda Block 1L,Deccan Farms,DAIR-004363,890100643361,Dairy & Eggs,125,pack,28.40,41.15,2026-09-19,Aisle 03,chilled
Select Truffle Infused Fabric Softener Floral 1kg,Satvik Dairy,HOUS-004364,890100643362,Household & Personal Care,91,box,191.74,306.53,2028-08-05,Aisle 12,ambient
Organic Lemon Pepper Toned Milk 500ml,Pashmina Plantations,DAIR-004365,890100643363,Dairy & Eggs,173,packet,151.00,243.27,2026-09-02,Aisle 03,chilled
Aged Sweet Tamarind Multigrain Tortillas 500g,Everest Harvest,BAKE-004366,890100643364,Bakery & Deli,243,box,101.84,186.46,2026-08-30,Aisle 03,ambient
Plant-Based Cinnamon Spice Sparkling Mineral Water 2kg,Saffola Botanicals,BEVE-004367,890100643365,Beverages,93,can,48.81,73.94,2027-04-11,Aisle 06,ambient
Cold-Pressed Truffle Infused Fresh Mosambi Juice 750ml,Deccan Milling,BEVE-004368,890100643366,Beverages,168,carton,165.19,277.59,2027-05-02,Aisle 05,ambient
Premium Toasted Sesame Cheese Croissant 330ml,Pure Vedic Milling,BAKE-004369,890100643367,Bakery & Deli,32,pcs,131.02,241.85,2026-09-02,Aisle 03,ambient
Raw Lemon Pepper Organic Sharbati Atta 250ml,Organic Tattva Agro,PANT-004370,890100643368,Pantry & Dry Goods,226,bottle,504.31,691.12,2027-07-10,Aisle 07,ambient
Homestyle Sea Salt Clove & Mint Toothpaste 150g,Dabur Naturals,HOUS-004371,890100643369,Household & Personal Care,63,box,257.03,432.00,2027-09-05,Aisle 11,ambient
Extra-Virgin Coriander Leaves 500g,Dabur Agro,FRES-004372,890100643370,Fresh Produce,54,kg,54.51,73.88,2026-09-13,Aisle 02,chilled
Roasted Garlic & Herb Kokum Sharbat 150g,Amul Springs,BEVE-004373,890100643371,Beverages,208,bag,385.88,636.57,2026-12-05,Aisle 05,chilled
Grass-Fed Matcha Green Tea Goat Mince Premium 50g,Nature Harvest Dairy,MEAT-004374,890100643372,Meat & Seafood,25,pack,141.29,221.49,2026-09-01,Aisle 05,chilled
Gluten-Free Nagpur Orange Kokum Sharbat 300g,Pashmina Milling,BEVE-004375,890100643373,Beverages,245,can,267.05,465.52,2026-11-16,Aisle 06,ambient
Sweet Golden Ginger Feta Cheese 750g,Heritage Provisions,DAIR-004376,890100643374,Dairy & Eggs,10,tub,62.03,104.91,2026-09-04,Aisle 02,chilled
Sun-Dried Dark Chocolate Clove & Mint Toothpaste 5kg,Pashmina Foods,HOUS-004377,890100643375,Household & Personal Care,42,tube,275.45,503.50,2028-01-22,Aisle 11,ambient
Natural Sweet Tamarind Unsalted White Butter 750g,Ganga Co.,DAIR-004378,890100643376,Dairy & Eggs,105,box,156.62,277.66,2026-09-08,Aisle 03,chilled
Low-Sodium Banana Chips Kerala Style Snack Pack,Dabur Kitchens,SNAC-004379,890100643377,Snacks & Confectionery,133,bag,133.12,205.77,2027-06-16,Aisle 09,ambient
Plant-Based Kashmiri Saffron Organic Rolled Oats 2L,Himalayan Mills,PANT-004380,890100643378,Pantry & Dry Goods,71,bottle,178.02,316.05,2027-12-19,Aisle 08,ambient
Stone-Ground Pista Almond Bitter Gourd (Karela) 12-Pack,Urban Roots Organics,FRES-004381,890100643379,Fresh Produce,82,pack,117.25,147.52,2026-08-19,Aisle 01,chilled
Plant-Based Kachi Ghani Mustard Moong Dal Washed Family Pack,Vedic Fresh Naturals,PANT-004382,890100643380,Pantry & Dry Goods,155,can,528.63,940.53,2027-07-27,Aisle 07,ambient
Organic Rose Infused Pita Bread 750ml,Saffola Farms,BAKE-004383,890100643381,Bakery & Deli,217,pcs,210.62,371.14,2026-09-06,Aisle 03,chilled
Desi Multigrain Tortillas 200ml,Patanjali Foods,BAKE-004384,890100643382,Bakery & Deli,173,box,142.05,248.78,2026-09-01,Aisle 03,chilled
Free-Range Soan Papdi Box 10kg,Catch Provisions,SNAC-004385,890100643383,Snacks & Confectionery,154,tub,251.96,340.21,2027-01-02,Aisle 09,ambient
Gluten-Free Tandoori Smoked Goat Mince Premium 150g,Urban Roots Dairy,MEAT-004386,890100643384,Meat & Seafood,239,pcs,656.15,963.26,2026-08-31,Aisle 04,chilled
Natural Biodegradable Garbage Bags 750ml,Deccan Co.,HOUS-004387,890100643385,Household & Personal Care,183,tube,592.48,1001.59,2028-10-23,Aisle 11,ambient
Traditional Lemon Pepper Frozen Veg Momos 5L,Nilgiri Milling,FROZ-004388,890100643386,Frozen Foods,85,bag,352.04,464.63,2027-05-06,Aisle 09,frozen
Sun-Dried Matcha Green Tea Roasted Makhana Foxnuts 10-Pack,Kaveri Mills,SNAC-004389,890100643387,Snacks & Confectionery,95,pack,523.73,956.12,2026-12-19,Aisle 10,ambient
Plant-Based Vanilla Bean Chamomile Herbal Tea 500g,Heritage Botanicals,BEVE-004390,890100643388,Beverages,150,pack,92.54,161.52,2027-08-25,Aisle 05,chilled
Sun-Dried Smoked Paprika Badam Milk Drink 350g,Dabur Kitchens,BEVE-004391,890100643389,Beverages,9,can,115.79,193.90,2026-12-05,Aisle 05,ambient
Authentic Roasted Salted Cashews 2-Pack,Pure Vedic Botanicals,SNAC-004392,890100643390,Snacks & Confectionery,9,bag,298.54,420.56,2027-05-13,Aisle 09,ambient
Organic Ajwain & Jeera Chicken Keema 5L,Bhoomi Farms,MEAT-004393,890100643391,Meat & Seafood,138,pcs,886.58,1315.65,2026-08-29,Aisle 05,chilled
Cold-Pressed Fabric Softener Floral 750g,FarmGold Goods,HOUS-004394,890100643392,Household & Personal Care,222,box,461.20,653.91,2027-06-25,Aisle 12,ambient
Natural Masala Chai Ciabatta Roll 400g,Fortune Dairy,BAKE-004395,890100643393,Bakery & Deli,45,pack,166.00,232.41,2026-08-29,Aisle 04,chilled
Gluten-Free Kachi Ghani Mustard Electrolyte Energy Drink 1L,Amul Farms,BEVE-004396,890100643394,Beverages,145,can,261.28,417.13,2026-11-28,Aisle 06,chilled
Crisp Jalapeno Lime Electrolyte Energy Drink 250ml,Heritage Mills,BEVE-004397,890100643395,Beverages,44,bag,271.92,461.97,2027-07-04,Aisle 06,chilled
Authentic Espresso Roast Ground Coffee 300g,Saffola Organics,BEVE-004398,890100643396,Beverages,98,carton,364.57,559.90,2026-10-23,Aisle 06,chilled
Cold-Pressed Lemon Pepper Paneer Block 350g,Dabur Springs,DAIR-004399,890100643397,Dairy & Eggs,73,tub,129.93,231.77,2026-09-12,Aisle 02,chilled
Cured Chicken Sausages 10kg,Nilgiri Foods,MEAT-004400,890100643398,Meat & Seafood,78,pcs,826.53,1393.40,2026-09-01,Aisle 04,chilled
Homestyle Garlic Focaccia 8-Pack,Nilgiri Harvest,BAKE-004401,890100643399,Bakery & Deli,146,box,129.13,168.44,2026-09-06,Aisle 04,ambient
Valley Fresh Jalapeno Lime Badam Milk Drink 100g,SunBrite Farms,BEVE-004402,890100643400,Beverages,57,carton,98.57,146.80,2026-08-25,Aisle 05,ambient
Unpolished Makhana Crunch Butter Murukku 24-Pack,Deccan Organics,SNAC-004403,890100643401,Snacks & Confectionery,105,box,76.95,100.48,2027-04-15,Aisle 09,ambient
Spiced Liquid Laundry Detergent 150ml,Saffola Botanicals,HOUS-004404,890100643402,Household & Personal Care,39,box,337.42,600.01,2026-08-19,Aisle 11,ambient
Desi Cinnamon Spice Mutton Curry Cut Value Pack,Tata Goods,MEAT-004405,890100643403,Meat & Seafood,101,pcs,425.79,665.85,2026-09-03,Aisle 04,chilled
Unpolished Palak Leaves 1.5L,Mother Dairy Goods,FRES-004406,890100643404,Fresh Produce,135,bunch,139.37,247.95,2026-09-09,Aisle 02,chilled
Smoked Alphonso Mango Himalayan Spring Water 1kg,FarmGold Kitchens,BEVE-004407,890100643405,Beverages,67,carton,319.99,409.20,2027-04-25,Aisle 06,chilled
Rustic Electrolyte Energy Drink 4-Pack,Royal Indian Organics,BEVE-004408,890100643406,Beverages,135,carton,155.79,283.23,2026-09-11,Aisle 06,ambient
Farm-Fresh Red Chilli & Garlic Organic Sharbati Atta 200g,Everest Dairy,PANT-004409,890100643407,Pantry & Dry Goods,211,bag,571.25,746.49,2028-01-22,Aisle 08,ambient
Cold-Pressed Jalapeno Lime Tiger Prawns Jumbo 300g,Catch Naturals,MEAT-004410,890100643408,Meat & Seafood,207,pcs,656.92,1070.67,2026-09-01,Aisle 05,chilled
Country Style Lemon Pepper Rawa Sooji 750g,Organic Tattva Mills,PANT-004411,890100643409,Pantry & Dry Goods,116,packet,299.96,548.97,2028-07-27,Aisle 07,ambient
Select Mint Lime Malai Kulfi Bar 350g,Himalayan Foods,FROZ-004412,890100643410,Frozen Foods,129,packet,133.96,205.72,2026-08-29,Aisle 09,frozen
Gluten-Free Makhana Crunch Fresh Rohu Fish 12-Pack,Bhoomi Harvest,MEAT-004413,890100643411,Meat & Seafood,165,pack,809.48,1480.40,2026-09-01,Aisle 05,chilled
Plant-Based Jeera Masala Soda 400g,Pashmina Botanicals,BEVE-004414,890100643412,Beverages,7,carton,190.24,238.17,2027-02-03,Aisle 05,chilled
Free-Range Alphonso Mango Pineapples Family Pack,Dabur Provisions,FRES-004415,890100643413,Fresh Produce,38,bunch,37.59,65.01,2026-08-29,Aisle 01,ambient
Low-Sodium Fresh Chicken Curry Cut 2L,Urban Roots Foods,MEAT-004416,890100643414,Meat & Seafood,113,pcs,733.38,1303.43,2026-09-01,Aisle 05,chilled
Sun-Dried Smoked Paprika Granola Health Bars 150ml,Mother Dairy Agro,SNAC-004417,890100643415,Snacks & Confectionery,74,box,102.05,187.60,2026-08-16,Aisle 10,ambient
Extra-Virgin Dry Fruits Trail Mix 4-Pack,Nilgiri Dairy,SNAC-004418,890100643416,Snacks & Confectionery,33,bar,177.15,238.84,2027-01-05,Aisle 10,ambient
Authentic Matcha Green Tea Kitchen Paper Towels 4-Roll 400g,Vedic Fresh Plantations,HOUS-004419,890100643417,Household & Personal Care,112,tube,544.96,844.44,2028-10-10,Aisle 12,ambient
Signature Mint Lime Mosquito Vaporizer Refill 6-Pack,Saffola Goods,HOUS-004420,890100643418,Household & Personal Care,121,bottle,426.44,543.70,2027-07-05,Aisle 11,ambient
Cured Jalapeno Lime Nimbu Paani Soda 2L,Kaveri Foods,BEVE-004421,890100643419,Beverages,94,bag,194.62,314.34,2027-05-04,Aisle 06,ambient
Organic Granola Health Bars 300g,Urban Roots Agro,SNAC-004422,890100643420,Snacks & Confectionery,51,bag,321.43,540.10,2026-12-01,Aisle 10,ambient
Sun-Dried Cardamom Spiced Pita Bread 5L,SunBrite Naturals,BAKE-004423,890100643421,Bakery & Deli,43,pack,105.64,194.61,2026-09-03,Aisle 03,ambient
Natural Vanilla Bean Paneer Block Family Pack,Tata Agro,DAIR-004424,890100643422,Dairy & Eggs,164,carton,381.58,693.61,2026-09-23,Aisle 02,chilled
Sun-Dried Diet Mixture Namkeen 1.5L,Deccan Farms,SNAC-004425,890100643423,Snacks & Confectionery,33,packet,38.48,60.12,2027-02-13,Aisle 09,ambient
Whole-Grain Makhana Crunch Organic Brown Sugar 2-Pack,Vedic Fresh Organics,PANT-004426,890100643424,Pantry & Dry Goods,105,jar,441.70,559.90,2027-07-07,Aisle 06,ambient
Aged Red Chilli & Garlic Biodegradable Garbage Bags 150ml,Tata Naturals,HOUS-004427,890100643425,Household & Personal Care,112,bottle,367.40,616.48,2028-12-04,Aisle 11,ambient
Rustic Ginger Root 150g,Bhoomi Foods,FRES-004428,890100643426,Fresh Produce,110,bag,54.58,84.76,2026-09-02,Aisle 02,chilled
Extra-Virgin Pomfret Whole 250ml,Everest Farms,MEAT-004429,890100643427,Meat & Seafood,199,kg,807.90,1314.83,2026-09-01,Aisle 05,chilled
Smoked Soan Papdi Box 300g,Nilgiri Harvest,SNAC-004430,890100643428,Snacks & Confectionery,177,tub,410.33,590.58,2026-10-19,Aisle 10,ambient
Golden Sweet Tamarind Wood-Fired Veggie Pizza 2L,Urban Roots Springs,FROZ-004431,890100643429,Frozen Foods,29,box,168.03,220.77,2026-12-23,Aisle 09,frozen
Premium Fresh Mint (Pudina) 200ml,Himalayan Naturals,FRES-004432,890100643430,Fresh Produce,231,bag,80.87,111.25,2026-09-14,Aisle 01,ambient
Organic Coconut Cream Fruit Cake Slice 500ml,Nature Harvest Botanicals,BAKE-004433,890100643431,Bakery & Deli,215,box,216.75,334.41,2026-09-07,Aisle 03,chilled
Valley Fresh Pita Bread 8-Pack,Dabur Mills,BAKE-004434,890100643432,Bakery & Deli,188,box,75.08,99.12,2026-08-29,Aisle 04,ambient
Golden Alphonso Kulfi Tub 300g,SunBrite Provisions,FROZ-004435,890100643433,Frozen Foods,241,box,223.38,281.76,2027-02-03,Aisle 09,frozen
Premium Organic Rolled Oats 6-Pack,Amul Dairy,PANT-004436,890100643434,Pantry & Dry Goods,199,jar,51.74,65.22,2027-10-08,Aisle 08,ambient
Homestyle Sweet Corn Kernels 1L,Satvik Kitchens,FROZ-004437,890100643435,Frozen Foods,222,bag,348.99,541.33,2027-03-05,Aisle 08,frozen
Rustic Toned Milk 250ml,SunBrite Farms,DAIR-004438,890100643436,Dairy & Eggs,74,pack,192.61,260.84,2026-09-02,Aisle 03,chilled
Pure Ricotta Fresh 2L,Dabur Springs,DAIR-004439,890100643437,Dairy & Eggs,102,tub,29.45,51.02,2026-08-31,Aisle 02,chilled
Valley Fresh Tulsi Honey Organic Sharbati Atta 1.5L,Vedic Fresh Agro,PANT-004440,890100643438,Pantry & Dry Goods,128,bottle,463.18,605.51,2026-08-28,Aisle 07,ambient
Sun-Dried Baby Spinach 750g,Green Earth Springs,FRES-004441,890100643439,Fresh Produce,188,pcs,100.71,159.90,2026-09-06,Aisle 01,ambient
Gluten-Free Double Toned Milk 8-Pack,Satvik Springs,DAIR-004442,890100643440,Dairy & Eggs,97,box,405.97,746.22,2026-09-07,Aisle 03,chilled
Free-Range Pita Bread 50g,Deccan Kitchens,BAKE-004443,890100643441,Bakery & Deli,205,pack,318.73,517.16,2026-09-10,Aisle 03,ambient
Gourmet Frozen Paneer Cubes 10-Pack,FarmGold Organics,FROZ-004444,890100643442,Frozen Foods,154,tub,62.24,90.52,2026-08-27,Aisle 08,frozen
Rustic Heavy Cream 330ml,Nilgiri Harvest,DAIR-004445,890100643443,Dairy & Eggs,74,carton,195.84,285.96,2026-09-08,Aisle 02,chilled
Handcrafted Seedless Grapes 24-Pack,Nilgiri Dairy,FRES-004446,890100643444,Fresh Produce,163,pcs,139.93,220.16,2026-09-09,Aisle 01,chilled
Desi Bottle Gourd (Lauki) 750g,Ganga Agro,FRES-004447,890100643445,Fresh Produce,231,kg,154.55,214.64,2026-09-15,Aisle 02,chilled
Cured Toasted Sesame Fresh Rohu Fish 5kg,Nilgiri Agro,MEAT-004448,890100643446,Meat & Seafood,102,pack,891.34,1362.76,2026-08-31,Aisle 04,chilled
Free-Range Ajwain & Jeera Rawa Sooji 2-Pack,Kaveri Farms,PANT-004449,890100643447,Pantry & Dry Goods,234,box,414.36,619.72,2026-12-17,Aisle 07,ambient
Whole-Grain Vanilla Bean Raw Wildflower Honey 150g,Nature Harvest Provisions,PANT-004450,890100643448,Pantry & Dry Goods,81,bag,356.89,488.12,2028-07-19,Aisle 06,ambient
Smoked Coconut Cream Goat Mince Premium 150g,Vedic Fresh Harvest,MEAT-004451,890100643449,Meat & Seafood,87,pack,648.32,1105.38,2026-09-01,Aisle 05,chilled
Valley Fresh Kachi Ghani Mustard Dry Fruits Trail Mix 750g,Deccan Provisions,SNAC-004452,890100643450,Snacks & Confectionery,61,pack,266.92,379.11,2026-12-13,Aisle 09,ambient
Zero-Sugar Kesar Pista Masala CTC Tea 1kg,Desi Organics Springs,BEVE-004453,890100643451,Beverages,166,pack,40.93,52.91,2026-08-28,Aisle 06,ambient
Desi Kaju Katli Sweet Box 2kg,Patanjali Milling,SNAC-004454,890100643452,Snacks & Confectionery,176,bar,131.46,231.53,2026-12-24,Aisle 10,ambient
Cured Caramelized Onion Kitchen Paper Towels 4-Roll 2-Pack,Catch Provisions,HOUS-004455,890100643453,Household & Personal Care,46,pack,117.97,150.95,2026-08-18,Aisle 11,ambient
Farm-Fresh Kachi Ghani Mustard Jeera Masala Soda 1.5L,Urban Roots Milling,BEVE-004456,890100643454,Beverages,61,bag,75.35,102.08,2026-09-17,Aisle 05,ambient
Rustic Mint Lime Cold Brew Coffee 6-Pack,Tata Agro,BEVE-004457,890100643455,Beverages,219,pack,164.65,244.81,2026-08-28,Aisle 05,chilled
Raw Cheese Croissant 5L,SunBrite Harvest,BAKE-004458,890100643456,Bakery & Deli,32,pack,59.02,106.31,2026-09-07,Aisle 04,chilled
Raw Squid Rings Cleaned 2kg,Fortune Botanicals,MEAT-004459,890100643457,Meat & Seafood,227,pcs,224.16,309.18,2026-09-02,Aisle 05,chilled
Authentic Mutton Curry Cut Family Pack,SunBrite Naturals,MEAT-004460,890100643458,Meat & Seafood,83,kg,928.31,1412.22,2026-09-02,Aisle 05,chilled
Country Style Masala Chai Wood-Fired Veggie Pizza 400g,SunBrite Harvest,FROZ-004461,890100643459,Frozen Foods,52,packet,190.60,240.94,2027-03-07,Aisle 09,frozen
Wildcrafted Sparkling Mineral Water 750g,Organic Tattva Harvest,BEVE-004462,890100643460,Beverages,222,box,151.66,273.26,2027-07-29,Aisle 06,ambient
Aged Bell Peppers 500ml,Satvik Dairy,FRES-004463,890100643461,Fresh Produce,111,bag,137.32,198.95,2026-09-09,Aisle 01,ambient
Plant-Based Garlic Naan Frozen 4pk 400g,Himalayan Dairy,FROZ-004464,890100643462,Frozen Foods,116,bag,376.43,568.81,2026-08-29,Aisle 08,frozen
Gluten-Free Coconut Cream Paneer Block 8-Pack,Urban Roots Plantations,DAIR-004465,890100643463,Dairy & Eggs,234,packet,129.54,208.35,2026-09-22,Aisle 02,chilled
Organic Stainless Steel Scrubber 3pk 10-Pack,Heritage Mills,HOUS-004466,890100643464,Household & Personal Care,200,bottle,598.93,1065.83,2028-11-09,Aisle 12,ambient
Premium Kesar Pista Ladyfinger (Bhindi) 5kg,Deccan Agro,FRES-004467,890100643465,Fresh Produce,65,pcs,65.05,101.86,2026-09-01,Aisle 02,ambient
Cold-Pressed Kesar Pista Bhujia Sev 350g,Nilgiri Organics,SNAC-004468,890100643466,Snacks & Confectionery,43,packet,45.74,76.73,2027-03-13,Aisle 10,ambient
Country Style Smoked Paprika Bhujia Sev 350g,Nature Harvest Botanicals,SNAC-004469,890100643467,Snacks & Confectionery,225,pack,236.16,360.00,2026-10-22,Aisle 09,ambient
Free-Range Tulsi Honey Clove & Mint Toothpaste 200ml,Fortune Organics,HOUS-004470,890100643468,Household & Personal Care,128,packet,355.12,449.65,2029-04-01,Aisle 12,ambient
Wildcrafted Rose Infused Paneer Tikka Deli 50g,Urban Roots Agro,BAKE-004471,890100643469,Bakery & Deli,228,pack,76.20,128.16,2026-08-31,Aisle 03,chilled
Low-Sodium Chicken Frankfurters 50g,Satvik Harvest,BAKE-004472,890100643470,Bakery & Deli,156,pack,310.09,488.71,2026-09-10,Aisle 03,chilled
Spiced Caramelized Onion Flavored Yogurt 100g,Desi Organics Dairy,DAIR-004473,890100643471,Dairy & Eggs,144,pack,163.29,240.67,2026-09-08,Aisle 03,chilled
Homestyle Kachi Ghani Mustard Kaju Katli Sweet Box Snack Pack,Saffola Springs,SNAC-004474,890100643472,Snacks & Confectionery,52,bag,151.89,225.08,2026-11-20,Aisle 09,ambient
Royal Diet Mixture Namkeen 8-Pack,Pure Vedic Foods,SNAC-004475,890100643473,Snacks & Confectionery,72,bar,532.04,813.44,2027-02-07,Aisle 10,ambient
Stone-Ground Granola Health Bars 2kg,Kaveri Botanicals,SNAC-004476,890100643474,Snacks & Confectionery,119,bag,341.66,547.77,2026-10-12,Aisle 10,ambient
Grass-Fed Pista Almond Diet Mixture Namkeen 2kg,SunBrite Agro,SNAC-004477,890100643475,Snacks & Confectionery,216,tub,325.60,412.11,2026-11-19,Aisle 09,ambient
Royal Alphonso Mango Moong Dal Namkeen 250g,Pure Vedic Milling,SNAC-004478,890100643476,Snacks & Confectionery,179,bar,258.51,399.59,2027-05-03,Aisle 09,ambient
Sweet Kachi Ghani Mustard Apple Cider Vinegar Drink Family Pack,Desi Organics Harvest,BEVE-004479,890100643477,Beverages,24,bag,179.99,282.35,2026-10-17,Aisle 05,chilled
Cold-Pressed Soan Papdi Box 5L,Desi Organics Harvest,SNAC-004480,890100643478,Snacks & Confectionery,5,box,402.87,555.33,2026-11-15,Aisle 09,ambient
Extra-Virgin Spicy Peanut Chikki 250g,Vedic Fresh Milling,SNAC-004481,890100643479,Snacks & Confectionery,195,bag,545.34,938.82,2026-08-28,Aisle 09,ambient
Valley Fresh Pista Almond Clove & Mint Toothpaste 4-Pack,FarmGold Provisions,HOUS-004482,890100643480,Household & Personal Care,174,pack,453.69,752.35,2027-10-28,Aisle 12,ambient
Artisan Tandoori Smoked Chicken Keema 400g,FarmGold Farms,MEAT-004483,890100643481,Meat & Seafood,231,kg,701.25,1234.42,2026-08-29,Aisle 05,chilled
Sun-Dried Desi Cow Ghee 150ml,Catch Springs,DAIR-004484,890100643482,Dairy & Eggs,227,carton,197.85,279.54,2026-08-30,Aisle 03,chilled
Desi Golden Ginger Floor Disinfectant Pine Family Pack,Desi Organics Plantations,HOUS-004485,890100643483,Household & Personal Care,57,pack,230.15,349.96,2028-06-11,Aisle 12,ambient
Natural Nagpur Orange Kokum Sharbat Family Pack,Patanjali Goods,BEVE-004486,890100643484,Beverages,162,bottle,20.83,30.27,2027-01-07,Aisle 06,ambient
Heritage Dark Chocolate Hash Browns 6pk 200g,Everest Kitchens,FROZ-004487,890100643485,Frozen Foods,104,packet,149.12,221.53,2027-07-15,Aisle 08,frozen
Rustic Nagpur Orange Raw Wildflower Honey 50g,Deccan Foods,PANT-004488,890100643486,Pantry & Dry Goods,98,can,62.33,85.46,2028-07-15,Aisle 08,ambient
Premium Fresh Rohu Fish Value Pack,Catch Provisions,MEAT-004489,890100643487,Meat & Seafood,41,pack,169.55,284.94,2026-09-02,Aisle 05,chilled
Royal Poha Thick Flakes 1kg,Himalayan Mills,PANT-004490,890100643488,Pantry & Dry Goods,220,bottle,617.57,1106.00,2027-03-30,Aisle 06,ambient
Natural Kashmiri Saffron Carrots 1kg,Kaveri Harvest,FRES-004491,890100643489,Fresh Produce,156,pcs,133.68,185.14,2026-09-03,Aisle 01,chilled
Farm-Fresh Coconut Cream Shampoo Anti-Dandruff 250ml,Desi Organics Botanicals,HOUS-004492,890100643490,Household & Personal Care,54,tube,352.12,497.87,2029-02-20,Aisle 12,ambient
Raw Chatpata Masala Moong Dal Namkeen 100g,Deccan Naturals,SNAC-004493,890100643491,Snacks & Confectionery,75,tub,327.51,581.37,2027-04-13,Aisle 09,ambient
Royal Fish Fingers Frozen 24-Pack,FarmGold Milling,FROZ-004494,890100643492,Frozen Foods,48,bag,275.05,487.26,2027-04-26,Aisle 09,frozen
Crisp Golden Ginger Garlic Naan Frozen 4pk 24-Pack,Satvik Co.,FROZ-004495,890100643493,Frozen Foods,29,pack,184.84,321.47,2027-01-25,Aisle 08,frozen
Unpolished Coconut Cream Almond Milk 50g,Himalayan Provisions,DAIR-004496,890100643494,Dairy & Eggs,164,box,453.35,675.76,2026-09-04,Aisle 03,chilled
Cold-Pressed Edamame Pods 750ml,Green Earth Agro,FROZ-004497,890100643495,Frozen Foods,36,box,225.11,395.78,2026-11-04,Aisle 08,frozen
Golden Mutton Curry Cut 400g,Heritage Co.,MEAT-004498,890100643496,Meat & Seafood,79,pack,420.00,637.76,2026-08-16,Aisle 04,chilled
Free-Range Sweet Tamarind Desi Cow Ghee 1.5L,Amul Harvest,DAIR-004499,890100643497,Dairy & Eggs,235,packet,176.15,224.40,2026-09-04,Aisle 03,chilled
Grass-Fed Chatpata Masala Tonic Water Premium 300g,Desi Organics Organics,BEVE-004500,890100643498,Beverages,118,box,375.06,516.77,2026-09-17,Aisle 05,chilled
Zero-Sugar 70% Dark Chocolate Bar Family Pack,Saffola Organics,SNAC-004501,890100643499,Snacks & Confectionery,115,bar,37.70,47.19,2026-08-29,Aisle 10,ambient
Handcrafted Vanilla Bean Multigrain Tortillas 200g,Vedic Fresh Springs,BAKE-004502,890100643500,Bakery & Deli,5,box,241.52,414.55,2026-08-31,Aisle 03,ambient
Desi Tonic Water Premium 200g,Mother Dairy Milling,BEVE-004503,890100643501,Beverages,10,can,57.84,89.93,2027-01-30,Aisle 05,chilled
Organic Greek Yogurt 2kg,Saffola Goods,DAIR-004504,890100643502,Dairy & Eggs,20,box,141.84,261.00,2026-09-03,Aisle 02,chilled
Spiced Hash Browns 6pk 1L,Desi Organics Springs,FROZ-004505,890100643503,Frozen Foods,239,bag,59.93,100.82,2027-04-30,Aisle 08,frozen
Unpolished California Almonds Snack Pack,Deccan Kitchens,SNAC-004506,890100643504,Snacks & Confectionery,37,pack,161.23,242.53,2027-04-10,Aisle 10,ambient
Whole-Grain Liquid Laundry Detergent 50g,Pure Vedic Milling,HOUS-004507,890100643505,Household & Personal Care,104,pack,485.67,810.73,2028-08-01,Aisle 11,ambient
Whole-Grain Catla Fish Steaks 400g,Green Earth Kitchens,MEAT-004508,890100643506,Meat & Seafood,59,kg,535.55,828.92,2026-09-02,Aisle 04,chilled
Zero-Sugar Sweet Potatoes 50g,Dabur Harvest,FRES-004509,890100643507,Fresh Produce,57,bunch,91.35,141.81,2026-08-30,Aisle 01,chilled
Golden Cinnamon Spice Chana Dal Polished 100g,Deccan Dairy,PANT-004510,890100643508,Pantry & Dry Goods,147,box,405.93,605.50,2028-01-13,Aisle 08,ambient
Zero-Sugar Chamomile Herbal Tea 200g,Kaveri Springs,BEVE-004511,890100643509,Beverages,172,pack,365.91,643.60,2027-02-22,Aisle 05,ambient
Natural Brownie Bites 200g,Everest Organics,BAKE-004512,890100643510,Bakery & Deli,188,pack,301.22,394.42,2026-08-25,Aisle 04,chilled
Crisp Coconut Cream Catla Fish Steaks 2kg,Deccan Kitchens,MEAT-004513,890100643511,Meat & Seafood,229,pcs,627.13,1064.41,2026-08-30,Aisle 04,chilled
Roasted Garlic & Herb Filter Coffee Beans 10kg,Desi Organics Botanicals,BEVE-004514,890100643512,Beverages,167,carton,244.72,422.16,2027-01-05,Aisle 05,chilled
Zero-Sugar Cinnamon Spice Spicy Peanut Chikki 10kg,Nature Harvest Milling,SNAC-004515,890100643513,Snacks & Confectionery,232,bag,471.13,631.86,2027-02-11,Aisle 09,ambient
Low-Sodium Chatpata Masala Pineapples 150ml,Tata Harvest,FRES-004516,890100643514,Fresh Produce,138,pcs,40.59,60.05,2026-09-05,Aisle 02,ambient
Natural Apple Cider Vinegar Drink 5L,SunBrite Goods,BEVE-004517,890100643515,Beverages,112,carton,417.68,758.58,2027-01-21,Aisle 05,chilled
Aged Matcha Green Tea Toned Milk 400g,Catch Goods,DAIR-004518,890100643516,Dairy & Eggs,195,packet,502.96,733.87,2026-09-01,Aisle 02,chilled
Unpolished Sea Salt Edamame Pods 24-Pack,Pure Vedic Harvest,FROZ-004519,890100643517,Frozen Foods,172,tub,267.54,447.73,2027-07-30,Aisle 09,frozen
Sun-Dried Mosquito Vaporizer Refill 250g,Dabur Mills,HOUS-004520,890100643518,Household & Personal Care,221,box,562.30,734.38,2027-06-11,Aisle 11,ambient
Sun-Dried Nagpur Orange Catla Fish Steaks 350g,Tata Botanicals,MEAT-004521,890100643519,Meat & Seafood,66,pcs,758.79,1078.71,2026-08-30,Aisle 04,chilled
Sun-Dried Cardamom Spiced Clove & Mint Toothpaste 330ml,Everest Mills,HOUS-004522,890100643520,Household & Personal Care,132,packet,464.36,769.66,2027-05-24,Aisle 12,ambient
Whole-Grain Toasted Sesame Shampoo Anti-Dandruff 500g,Mother Dairy Farms,HOUS-004523,890100643521,Household & Personal Care,43,box,486.41,633.59,2028-06-27,Aisle 11,ambient
Cured Cardamom Spiced Organic Sharbati Atta 1kg,Fortune Botanicals,PANT-004524,890100643522,Pantry & Dry Goods,237,bottle,602.62,803.41,2027-07-26,Aisle 07,ambient
Country Style Lemon Pepper Floor Disinfectant Pine 250ml,Satvik Agro,HOUS-004525,890100643523,Household & Personal Care,240,box,175.13,256.93,2028-02-11,Aisle 12,ambient
Authentic Organic Green Tea 5kg,Tata Provisions,BEVE-004526,890100643524,Beverages,196,pack,159.16,288.57,2027-02-13,Aisle 05,ambient
Pure Kokum Sharbat 330ml,Satvik Co.,BEVE-004527,890100643525,Beverages,170,bottle,24.84,40.81,2027-04-19,Aisle 06,ambient
Country Style Toasted Sesame Frozen Green Peas 300g,Catch Organics,FROZ-004528,890100643526,Frozen Foods,105,box,363.90,589.22,2026-12-26,Aisle 08,frozen
Sweet Fruit Muffins 500ml,Nature Harvest Plantations,BAKE-004529,890100643527,Bakery & Deli,245,box,134.24,188.59,2026-08-28,Aisle 04,chilled
Cold-Pressed Ajwain & Jeera Brioche Burger Buns 750g,Patanjali Farms,BAKE-004530,890100643528,Bakery & Deli,209,pcs,167.66,279.71,2026-09-02,Aisle 04,chilled
Homestyle Kashmiri Saffron Cold Brew Coffee 2L,Catch Mills,BEVE-004531,890100643529,Beverages,120,bottle,57.38,91.43,2026-09-30,Aisle 05,ambient
Farm-Fresh Kachi Ghani Mustard Butter Croissants 12-Pack,Catch Harvest,BAKE-004532,890100643530,Bakery & Deli,228,box,31.09,50.40,2026-09-07,Aisle 04,ambient
Farm-Fresh Nagpur Orange Toned Milk 200ml,Tata Organics,DAIR-004533,890100643531,Dairy & Eggs,109,bottle,93.27,162.06,2026-09-11,Aisle 02,chilled
Natural Jalapeno Lime 70% Dark Chocolate Bar 4-Pack,SunBrite Naturals,SNAC-004534,890100643532,Snacks & Confectionery,81,box,546.76,785.88,2027-05-04,Aisle 10,ambient
Select Garlic & Herb Gulab Jamun Tin 400g,Everest Harvest,SNAC-004535,890100643533,Snacks & Confectionery,173,bar,270.57,468.47,2027-05-25,Aisle 09,ambient
Desi Alphonso Mango Gouda Block 200g,Desi Organics Foods,DAIR-004536,890100643534,Dairy & Eggs,141,bottle,338.07,534.19,2026-09-04,Aisle 03,chilled
Farm-Fresh Soan Papdi Box 100g,Mother Dairy Farms,SNAC-004537,890100643535,Snacks & Confectionery,109,bag,129.37,190.33,2027-05-31,Aisle 09,ambient
Whole-Grain Chicken Sausages 2kg,Green Earth Foods,MEAT-004538,890100643536,Meat & Seafood,146,pack,518.30,726.79,2026-08-29,Aisle 05,chilled
Wildcrafted Badam Milk Drink 24-Pack,Dabur Co.,BEVE-004539,890100643537,Beverages,84,bottle,341.76,617.32,2027-01-28,Aisle 06,chilled
Artisan Bamboo Toothbrush 2pk 2L,Urban Roots Agro,HOUS-004540,890100643538,Household & Personal Care,8,pack,506.55,818.61,2027-04-13,Aisle 12,ambient
Handcrafted Nagpur Orange Paneer Paratha Frozen Snack Pack,Dabur Provisions,FROZ-004541,890100643539,Frozen Foods,114,packet,382.37,570.81,2027-03-28,Aisle 09,frozen
Smoked Sea Salt Fresh Rohu Fish 750ml,Satvik Dairy,MEAT-004542,890100643540,Meat & Seafood,75,kg,404.88,567.76,2026-09-01,Aisle 04,chilled
Spiced Clove & Mint Toothpaste 150g,Royal Indian Kitchens,HOUS-004543,890100643541,Household & Personal Care,37,box,324.99,420.66,2027-10-28,Aisle 11,ambient
Signature Catla Fish Steaks 2-Pack,Catch Plantations,MEAT-004544,890100643542,Meat & Seafood,246,pack,219.28,346.78,2026-08-31,Aisle 04,chilled
Low-Sodium Toasted Sesame Ricotta Fresh 100g,Nilgiri Farms,DAIR-004545,890100643543,Dairy & Eggs,158,pack,55.43,87.21,2026-09-12,Aisle 02,chilled
Traditional Butter Croissants 24-Pack,Everest Dairy,BAKE-004546,890100643544,Bakery & Deli,166,pcs,212.01,338.32,2026-09-06,Aisle 03,ambient
Signature Tulsi Honey Unsalted White Butter 750g,Kaveri Milling,DAIR-004547,890100643545,Dairy & Eggs,208,box,445.84,606.24,2026-09-26,Aisle 03,chilled
Low-Sodium Makhana Crunch Double Toned Milk 500g,Satvik Farms,DAIR-004548,890100643546,Dairy & Eggs,34,tub,511.65,884.10,2026-09-10,Aisle 03,chilled
Signature Butter Croissants 500ml,Desi Organics Agro,BAKE-004549,890100643547,Bakery & Deli,248,pcs,50.61,68.48,2026-09-09,Aisle 04,ambient
Select Lemon Pepper Bagel Plain 4pk 1L,Pashmina Farms,BAKE-004550,890100643548,Bakery & Deli,23,pcs,295.78,371.01,2026-09-10,Aisle 03,ambient
Smoked Nagpur Orange Hash Browns 6pk 2L,Organic Tattva Botanicals,FROZ-004551,890100643549,Frozen Foods,33,tub,162.69,296.55,2027-06-20,Aisle 08,frozen
Heritage Tandoori Smoked Seedless Grapes 10kg,Everest Plantations,FRES-004552,890100643550,Fresh Produce,182,pcs,147.02,217.42,2026-09-13,Aisle 01,ambient
Artisan Rose Infused Chaash / Buttermilk Family Pack,Dabur Naturals,DAIR-004553,890100643551,Dairy & Eggs,245,pack,483.93,890.51,2026-09-13,Aisle 03,chilled
Traditional Frozen Paneer Cubes Snack Pack,Catch Goods,FROZ-004554,890100643552,Frozen Foods,145,pack,351.05,600.49,2027-05-29,Aisle 09,frozen
Country Style Sea Salt Veg Spring Rolls 1L,Heritage Organics,FROZ-004555,890100643553,Frozen Foods,129,box,374.75,689.13,2027-01-30,Aisle 09,frozen
Free-Range Makhana Crunch Organic Brown Sugar 6-Pack,Bhoomi Harvest,PANT-004556,890100643554,Pantry & Dry Goods,34,box,61.81,85.94,2028-03-29,Aisle 07,ambient
Organic Pita Bread 24-Pack,Bhoomi Foods,BAKE-004557,890100643555,Bakery & Deli,89,pack,41.40,58.75,2026-09-02,Aisle 04,chilled
Zero-Sugar Masala Chai Apple Cider Vinegar Drink 750g,Ganga Botanicals,BEVE-004558,890100643556,Beverages,188,box,384.78,617.70,2027-08-15,Aisle 05,ambient
Farm-Fresh Tandoori Smoked Amla Juice Pure 500g,Heritage Foods,BEVE-004559,890100643557,Beverages,56,carton,199.40,317.95,2027-05-23,Aisle 05,ambient
Raw Organic Brown Sugar 6-Pack,Dabur Farms,PANT-004560,890100643558,Pantry & Dry Goods,219,packet,408.10,704.54,2026-08-28,Aisle 07,ambient
Sun-Dried Fruit Muffins 10kg,Himalayan Botanicals,BAKE-004561,890100643559,Bakery & Deli,245,pack,46.94,64.56,2026-08-30,Aisle 03,chilled
Select Cow Milk 12-Pack,Nilgiri Springs,DAIR-004562,890100643560,Dairy & Eggs,206,box,262.81,330.14,2026-09-22,Aisle 03,chilled
Sun-Dried Sweet Tamarind Surmai Steaks 6-Pack,Vedic Fresh Milling,MEAT-004563,890100643561,Meat & Seafood,36,pcs,608.25,1045.36,2026-08-30,Aisle 04,chilled
Premium Atlantic Salmon Fillet 150g,Dabur Organics,MEAT-004564,890100643562,Meat & Seafood,118,kg,783.28,1132.86,2026-09-02,Aisle 04,chilled
Country Style Organic Sharbati Atta 300g,Kaveri Co.,PANT-004565,890100643563,Pantry & Dry Goods,184,can,162.06,222.84,2027-05-12,Aisle 08,ambient
Golden Red Chilli & Garlic Himalayan Spring Water 1L,Vedic Fresh Dairy,BEVE-004566,890100643564,Beverages,158,carton,27.68,41.79,2027-03-30,Aisle 06,chilled
Pure Tandoori Smoked Butter Croissants 1.5L,Ganga Farms,BAKE-004567,890100643565,Bakery & Deli,197,pcs,111.10,184.13,2026-09-05,Aisle 04,ambient
Country Style Mutton Curry Cut 10kg,Heritage Farms,MEAT-004568,890100643566,Meat & Seafood,86,kg,373.84,572.69,2026-09-02,Aisle 04,chilled
Golden Garlic & Herb Mutton Curry Cut 150ml,SunBrite Farms,MEAT-004569,890100643567,Meat & Seafood,20,pack,419.51,713.97,2026-08-29,Aisle 05,chilled
Sun-Dried Chamomile Herbal Tea 2kg,Urban Roots Kitchens,BEVE-004570,890100643568,Beverages,195,bag,216.02,368.34,2026-12-21,Aisle 06,chilled
Select Sea Salt Parmigiano-Reggiano 4-Pack,Himalayan Farms,DAIR-004571,890100643569,Dairy & Eggs,116,pack,235.31,411.73,2026-09-08,Aisle 03,chilled
Stone-Ground Chatpata Masala Kitchen Paper Towels 4-Roll 12-Pack,Everest Naturals,HOUS-004572,890100643570,Household & Personal Care,246,packet,244.76,450.92,2028-09-05,Aisle 12,ambient
Artisan Alphonso Mango Bhujia Sev 1L,Catch Provisions,SNAC-004573,890100643571,Snacks & Confectionery,42,pack,371.55,597.86,2027-02-22,Aisle 10,ambient
Cold-Pressed Banana Chips Kerala Style 24-Pack,Tata Botanicals,SNAC-004574,890100643572,Snacks & Confectionery,165,bag,426.75,771.12,2026-12-08,Aisle 10,ambient
Valley Fresh Red Chilli & Garlic Fresh Mosambi Juice 1L,Vedic Fresh Harvest,BEVE-004575,890100643573,Beverages,83,can,133.00,204.04,2027-05-25,Aisle 05,chilled
Wildcrafted Hash Browns 6pk 5L,Amul Kitchens,FROZ-004576,890100643574,Frozen Foods,177,packet,224.88,319.79,2026-12-29,Aisle 09,frozen
Farm-Fresh Cinnamon Spice Bhujia Sev 500ml,Fortune Milling,SNAC-004577,890100643575,Snacks & Confectionery,21,pack,338.09,579.83,2026-08-17,Aisle 10,ambient
Low-Sodium Lentils Red Masoor 150ml,Organic Tattva Springs,PANT-004578,890100643576,Pantry & Dry Goods,241,box,630.93,1122.88,2028-05-02,Aisle 08,ambient
Organic Fabric Softener Floral 4-Pack,Deccan Harvest,HOUS-004579,890100643577,Household & Personal Care,74,pack,235.91,330.77,2028-10-09,Aisle 11,ambient
Roasted Garlic Bulbs 500ml,Deccan Milling,FRES-004580,890100643578,Fresh Produce,184,pack,49.94,81.61,2026-09-08,Aisle 01,chilled
Extra-Virgin Matcha Green Tea Veg Spring Rolls 2-Pack,Urban Roots Agro,FROZ-004581,890100643579,Frozen Foods,31,tub,216.33,348.18,2027-05-22,Aisle 08,frozen
Country Style Rusk Toast 6-Pack,Nature Harvest Springs,BAKE-004582,890100643580,Bakery & Deli,96,pack,135.12,221.58,2026-09-08,Aisle 04,chilled
Pure Rawa Sooji 200g,Bhoomi Springs,PANT-004583,890100643581,Pantry & Dry Goods,208,jar,135.60,204.27,2026-12-12,Aisle 06,ambient
Handcrafted Ricotta Fresh 8-Pack,Dabur Milling,DAIR-004584,890100643582,Dairy & Eggs,21,packet,305.56,469.88,2026-09-02,Aisle 03,chilled
Farm-Fresh Matcha Green Tea Feta Cheese 350g,FarmGold Naturals,DAIR-004585,890100643583,Dairy & Eggs,98,tub,242.47,394.38,2026-08-15,Aisle 03,chilled
Cold-Pressed 70% Dark Chocolate Bar 330ml,Green Earth Agro,SNAC-004586,890100643584,Snacks & Confectionery,64,bag,92.55,116.42,2026-12-26,Aisle 09,ambient
Spiced Cardamom Spiced Fresh Methi 2L,Patanjali Provisions,FRES-004587,890100643585,Fresh Produce,160,pack,68.71,114.58,2026-08-29,Aisle 01,chilled
Free-Range Edamame Pods Value Pack,Mother Dairy Mills,FROZ-004588,890100643586,Frozen Foods,72,tub,417.61,565.28,2027-03-15,Aisle 09,frozen
Gluten-Free Kesar Pista Greek Yogurt 1L,Desi Organics Plantations,DAIR-004589,890100643587,Dairy & Eggs,104,tub,516.59,681.93,2026-09-18,Aisle 03,chilled
Select Crab Meat Fresh 150ml,Everest Milling,MEAT-004590,890100643588,Meat & Seafood,200,kg,846.61,1278.05,2026-08-31,Aisle 04,chilled
Raw Caramelized Onion Urad Dal Whole 300g,Mother Dairy Botanicals,PANT-004591,890100643589,Pantry & Dry Goods,70,packet,349.19,510.09,2027-04-18,Aisle 08,ambient
Signature Coconut Cream Masala CTC Tea 100g,FarmGold Plantations,BEVE-004592,890100643590,Beverages,134,pack,24.12,44.12,2027-06-04,Aisle 05,ambient
Stone-Ground Coconut Milk Canned 150ml,Pure Vedic Goods,PANT-004593,890100643591,Pantry & Dry Goods,120,box,204.47,330.47,2028-04-15,Aisle 07,ambient
Cold-Pressed Truffle Infused Chicken Sausages 350g,Tata Foods,MEAT-004594,890100643592,Meat & Seafood,57,pack,549.16,800.06,2026-08-30,Aisle 04,chilled
Aged Mint Lime Ladyfinger (Bhindi) 1.5L,Nature Harvest Naturals,FRES-004595,890100643593,Fresh Produce,125,pack,102.20,175.40,2026-09-03,Aisle 01,chilled
Unpolished Kesar Pista Penne Rigate Pasta 200g,Nilgiri Dairy,PANT-004596,890100643594,Pantry & Dry Goods,110,can,103.40,187.84,2027-08-18,Aisle 08,ambient
Cold-Pressed Caramelized Onion Pita Bread 24-Pack,Nature Harvest Co.,BAKE-004597,890100643595,Bakery & Deli,139,pack,101.97,146.65,2026-08-24,Aisle 03,chilled
Golden Garlic Bulbs 400g,Kaveri Provisions,FRES-004598,890100643596,Fresh Produce,61,bunch,81.45,136.31,2026-08-30,Aisle 01,chilled
Handcrafted Matcha Green Tea Cashew Paste Curry Base 2kg,Nilgiri Plantations,PANT-004599,890100643597,Pantry & Dry Goods,90,bottle,679.87,1132.06,2028-05-11,Aisle 07,ambient
Country Style Masala CTC Tea 150g,Amul Naturals,BEVE-004600,890100643598,Beverages,174,bag,309.17,454.58,2027-03-28,Aisle 06,ambient
Heritage Guava Chilli Juice 6-Pack,Urban Roots Plantations,BEVE-004601,890100643599,Beverages,94,bottle,342.81,429.20,2026-08-21,Aisle 06,ambient
Royal Toasted Sesame Alphonso Kulfi Tub 330ml,Amul Farms,FROZ-004602,890100643600,Frozen Foods,117,packet,293.16,506.67,2027-05-12,Aisle 08,frozen
Natural Masala Chai Moong Dal Washed 50g,Kaveri Botanicals,PANT-004603,890100643601,Pantry & Dry Goods,86,packet,66.50,116.31,2026-08-27,Aisle 07,ambient
Gourmet Lemon Pepper Butter Murukku 400g,Dabur Provisions,SNAC-004604,890100643602,Snacks & Confectionery,228,tub,427.15,555.83,2027-01-01,Aisle 09,ambient
Pure Masala Chai Soy Milk Protein 10kg,Bhoomi Agro,DAIR-004605,890100643603,Dairy & Eggs,169,packet,376.85,516.28,2026-09-23,Aisle 02,chilled
Desi Cold-Pressed Groundnut Oil 350g,Satvik Goods,PANT-004606,890100643604,Pantry & Dry Goods,36,bag,306.63,438.32,2027-01-16,Aisle 07,ambient
Rustic Golden Ginger 70% Dark Chocolate Bar 24-Pack,Royal Indian Naturals,SNAC-004607,890100643605,Snacks & Confectionery,52,packet,530.60,775.36,2026-08-28,Aisle 09,ambient
Roasted Mozzarella Shredded 12-Pack,Ganga Co.,DAIR-004608,890100643606,Dairy & Eggs,67,carton,218.05,388.85,2026-09-12,Aisle 03,chilled
Free-Range Tandoori Smoked Red Onions 330ml,Mother Dairy Goods,FRES-004609,890100643607,Fresh Produce,22,kg,118.62,191.40,2026-09-12,Aisle 01,chilled
Aged Papayas 2L,SunBrite Foods,FRES-004610,890100643608,Fresh Produce,34,bunch,113.41,162.63,2026-08-28,Aisle 01,chilled
Roasted Cardamom Spiced Greek Yogurt 400g,Urban Roots Co.,DAIR-004611,890100643609,Dairy & Eggs,188,pack,134.92,208.98,2026-09-26,Aisle 03,chilled
Farm-Fresh Fruit Muffins 8-Pack,SunBrite Mills,BAKE-004612,890100643610,Bakery & Deli,44,box,274.78,446.98,2026-09-08,Aisle 03,ambient
Cured Amla Juice Pure 1L,Royal Indian Plantations,BEVE-004613,890100643611,Beverages,179,bottle,194.14,349.46,2027-01-07,Aisle 05,ambient
Low-Sodium Roma Tomatoes 200g,Himalayan Dairy,FRES-004614,890100643612,Fresh Produce,108,pcs,131.64,235.46,2026-09-04,Aisle 02,ambient
Golden Alphonso Mango Frozen Green Peas 12-Pack,Ganga Kitchens,FROZ-004615,890100643613,Frozen Foods,240,pack,56.53,101.71,2027-07-30,Aisle 09,frozen
Authentic Makhana Crunch Kokum Sharbat 4-Pack,Nature Harvest Botanicals,BEVE-004616,890100643614,Beverages,221,pack,224.96,346.22,2027-06-08,Aisle 06,chilled
Farm-Fresh Makhana Crunch Guavas 5kg,Satvik Mills,FRES-004617,890100643615,Fresh Produce,201,kg,96.47,152.11,2026-09-12,Aisle 01,chilled
Valley Fresh Lemon Pepper Paneer Paratha Frozen 12-Pack,Tata Agro,FROZ-004618,890100643616,Frozen Foods,205,bag,180.97,231.52,2026-12-19,Aisle 09,frozen
Sun-Dried Aloo Tikki 8-Pack 10kg,Patanjali Farms,FROZ-004619,890100643617,Frozen Foods,10,box,86.67,140.42,2026-12-06,Aisle 08,frozen
Aged Dark Chocolate Jeera Masala Soda 10kg,Nature Harvest Springs,BEVE-004620,890100643618,Beverages,169,can,379.13,493.51,2027-01-18,Aisle 05,ambient
Golden Mutton Curry Cut Value Pack,Organic Tattva Botanicals,MEAT-004621,890100643619,Meat & Seafood,89,pack,590.99,750.01,2026-09-02,Aisle 05,chilled
Stone-Ground Ginger Root 750ml,Himalayan Co.,FRES-004622,890100643620,Fresh Produce,181,bunch,51.94,92.21,2026-09-02,Aisle 02,ambient
Premium Tiger Prawns Jumbo 8-Pack,Organic Tattva Harvest,MEAT-004623,890100643621,Meat & Seafood,94,pcs,934.57,1315.52,2026-08-29,Aisle 04,chilled
Free-Range Kesar Pista Stainless Steel Scrubber 3pk 2L,Satvik Harvest,HOUS-004624,890100643622,Household & Personal Care,165,tube,583.09,809.23,2027-05-08,Aisle 12,ambient
Homestyle Golden Ginger Roasted Makhana Foxnuts 5kg,Amul Kitchens,SNAC-004625,890100643623,Snacks & Confectionery,136,tub,124.38,210.02,2026-08-27,Aisle 09,ambient
Country Style Tandoori Smoked Feta Cheese 250ml,Green Earth Kitchens,DAIR-004626,890100643624,Dairy & Eggs,114,carton,506.77,736.70,2026-08-27,Aisle 03,chilled
Extra-Virgin Rose Infused Banana Chips Kerala Style 50g,Patanjali Provisions,SNAC-004627,890100643625,Snacks & Confectionery,26,bag,73.29,133.49,2027-03-05,Aisle 10,ambient
Traditional Fruit Cake Slice 300g,SunBrite Agro,BAKE-004628,890100643626,Bakery & Deli,86,pcs,223.41,347.39,2026-09-03,Aisle 04,ambient
Natural Coconut Cream Dishwash Gel Lemon 50g,Tata Mills,HOUS-004629,890100643627,Household & Personal Care,163,pack,590.85,980.66,2027-10-11,Aisle 12,ambient
Rustic Kesar Pista Goat Mince Premium 400g,Pure Vedic Dairy,MEAT-004630,890100643628,Meat & Seafood,14,pcs,561.40,932.79,2026-08-25,Aisle 05,chilled
Raw Pomfret Whole 5L,Royal Indian Agro,MEAT-004631,890100643629,Meat & Seafood,18,kg,776.32,1075.92,2026-08-31,Aisle 05,chilled
Spiced Jalapeno Lime Catla Fish Steaks 150ml,Tata Mills,MEAT-004632,890100643630,Meat & Seafood,124,kg,407.07,750.47,2026-08-29,Aisle 04,chilled
Cured Kashmiri Saffron Gulab Jamun Tin 2kg,Everest Agro,SNAC-004633,890100643631,Snacks & Confectionery,240,packet,357.36,595.13,2026-08-27,Aisle 09,ambient
Valley Fresh Toned Milk 250ml,Desi Organics Botanicals,DAIR-004634,890100643632,Dairy & Eggs,126,packet,170.22,263.30,2026-09-05,Aisle 03,chilled
Wildcrafted Nagpur Orange Carrots Family Pack,Desi Organics Provisions,FRES-004635,890100643633,Fresh Produce,250,kg,23.37,33.79,2026-09-17,Aisle 01,ambient
Natural Roasted Makhana Foxnuts 5L,Catch Co.,SNAC-004636,890100643634,Snacks & Confectionery,183,packet,366.07,497.48,2026-12-20,Aisle 10,ambient
Organic Kesar Pista Surmai Steaks 330ml,Catch Foods,MEAT-004637,890100643635,Meat & Seafood,29,kg,729.14,1182.64,2026-08-31,Aisle 05,chilled
Royal Dark Chocolate Mosquito Vaporizer Refill Snack Pack,Organic Tattva Organics,HOUS-004638,890100643636,Household & Personal Care,99,tube,509.36,678.10,2028-07-09,Aisle 11,ambient
Cured Biodegradable Garbage Bags 750ml,Ganga Goods,HOUS-004639,890100643637,Household & Personal Care,218,packet,551.96,800.61,2027-11-12,Aisle 11,ambient
Homestyle Alphonso Mango Moong Dal Washed 4-Pack,Satvik Foods,PANT-004640,890100643638,Pantry & Dry Goods,46,box,367.51,476.65,2028-07-19,Aisle 08,ambient
Sweet Truffle Infused Cold-Pressed Groundnut Oil 100g,Desi Organics Milling,PANT-004641,890100643639,Pantry & Dry Goods,140,bottle,337.94,608.98,2027-12-15,Aisle 07,ambient
Premium Pista Almond Chicken Keema 6-Pack,Amul Dairy,MEAT-004642,890100643640,Meat & Seafood,53,kg,640.64,898.52,2026-08-31,Aisle 05,chilled
Golden Bamboo Toothbrush 2pk 400g,Himalayan Agro,HOUS-004643,890100643641,Household & Personal Care,212,tube,218.98,376.88,2027-05-12,Aisle 12,ambient
Traditional Dishwash Gel Lemon 350g,Satvik Botanicals,HOUS-004644,890100643642,Household & Personal Care,140,bottle,44.86,74.13,2028-03-29,Aisle 11,ambient
Sun-Dried Matcha Green Tea Floor Disinfectant Pine 6-Pack,FarmGold Mills,HOUS-004645,890100643643,Household & Personal Care,60,packet,120.63,210.56,2027-09-21,Aisle 11,ambient
Cold-Pressed Tandoori Smoked Poha Thick Flakes 150ml,Mother Dairy Co.,PANT-004646,890100643644,Pantry & Dry Goods,13,bottle,586.51,1012.79,2027-03-02,Aisle 08,ambient
Handcrafted Ajwain & Jeera Espresso Roast Ground Coffee 8-Pack,Fortune Naturals,BEVE-004647,890100643645,Beverages,61,carton,246.41,320.91,2027-04-29,Aisle 06,chilled
Whole-Grain Sweet Tamarind Filter Coffee Beans 750ml,Bhoomi Springs,BEVE-004648,890100643646,Beverages,155,box,350.74,583.25,2026-11-20,Aisle 06,ambient
Signature Nagpur Orange Shampoo Anti-Dandruff 750ml,Satvik Naturals,HOUS-004649,890100643647,Household & Personal Care,159,box,259.20,420.29,2027-02-25,Aisle 12,ambient
Rustic Atlantic Salmon Fillet 4-Pack,Patanjali Kitchens,MEAT-004650,890100643648,Meat & Seafood,89,pcs,755.43,1361.84,2026-08-29,Aisle 05,chilled
Gourmet Kitchen Paper Towels 4-Roll 300g,Everest Dairy,HOUS-004651,890100643649,Household & Personal Care,224,packet,541.16,697.43,2029-04-18,Aisle 12,ambient
Homestyle Kokum Sharbat 250g,Nature Harvest Milling,BEVE-004652,890100643650,Beverages,6,can,239.16,359.59,2026-08-30,Aisle 05,ambient
Low-Sodium Kashmiri Saffron Squid Rings Cleaned 350g,Pashmina Co.,MEAT-004653,890100643651,Meat & Seafood,148,kg,810.06,1158.25,2026-09-01,Aisle 04,chilled
Zero-Sugar Jalapeno Lime Toned Milk 750ml,SunBrite Agro,DAIR-004654,890100643652,Dairy & Eggs,165,bottle,193.05,303.85,2026-09-11,Aisle 03,chilled
Organic Double Toned Milk 330ml,Deccan Goods,DAIR-004655,890100643653,Dairy & Eggs,193,carton,477.31,869.44,2026-09-01,Aisle 02,chilled
Wildcrafted Toasted Sesame California Almonds 150ml,Desi Organics Farms,SNAC-004656,890100643654,Snacks & Confectionery,97,bag,483.73,839.98,2027-04-07,Aisle 10,ambient
Desi Green Chillies 24-Pack,Amul Goods,FRES-004657,890100643655,Fresh Produce,94,pack,32.89,47.82,2026-09-10,Aisle 01,chilled
Artisan Coconut Cream Royal Basmati Rice 200g,Green Earth Milling,PANT-004658,890100643656,Pantry & Dry Goods,57,bottle,72.30,90.77,2027-07-15,Aisle 07,ambient
Premium Red Chilli & Garlic Mutton Curry Cut 400g,Desi Organics Dairy,MEAT-004659,890100643657,Meat & Seafood,36,pcs,306.84,533.52,2026-09-01,Aisle 04,chilled
Sun-Dried Tulsi Honey Gulab Jamun Tin 330ml,Ganga Provisions,SNAC-004660,890100643658,Snacks & Confectionery,15,bag,96.31,122.77,2026-11-05,Aisle 09,ambient
Cured Garlic Bulbs 750g,FarmGold Farms,FRES-004661,890100643659,Fresh Produce,63,bunch,32.77,52.01,2026-09-13,Aisle 02,chilled
Plant-Based Fresh Mint (Pudina) 50g,Urban Roots Harvest,FRES-004662,890100643660,Fresh Produce,84,pcs,141.90,190.71,2026-08-31,Aisle 02,ambient
Raw Oat Milk 350g,Dabur Co.,DAIR-004663,890100643661,Dairy & Eggs,212,box,435.11,623.89,2026-09-21,Aisle 03,chilled
Golden Catla Fish Steaks 4-Pack,Dabur Farms,MEAT-004664,890100643662,Meat & Seafood,56,pcs,802.99,1253.61,2026-09-03,Aisle 05,chilled
Natural Matcha Green Tea Roasted Makhana Foxnuts 5kg,Amul Kitchens,SNAC-004665,890100643663,Snacks & Confectionery,137,bag,357.01,548.52,2027-05-21,Aisle 09,ambient
Golden Toned Milk 2L,Vedic Fresh Agro,DAIR-004666,890100643664,Dairy & Eggs,161,box,254.49,412.54,2026-08-29,Aisle 03,chilled
Royal Organic Rolled Oats 150g,Amul Mills,PANT-004667,890100643665,Pantry & Dry Goods,221,bottle,38.69,70.63,2027-05-11,Aisle 07,ambient
Cold-Pressed Kachi Ghani Mustard Coconut Milk Canned 6-Pack,SunBrite Milling,PANT-004668,890100643666,Pantry & Dry Goods,135,bottle,142.86,223.20,2028-06-27,Aisle 07,ambient
Select Red Chilli & Garlic Cinnamon Swirl Buns 400g,Desi Organics Agro,BAKE-004669,890100643667,Bakery & Deli,224,pack,51.95,80.39,2026-08-30,Aisle 03,chilled
Plant-Based Makhana Crunch Bagel Plain 4pk 5kg,FarmGold Farms,BAKE-004670,890100643668,Bakery & Deli,233,pack,135.12,185.91,2026-09-05,Aisle 04,ambient
Valley Fresh Red Chilli & Garlic Frozen Green Peas 8-Pack,Dabur Kitchens,FROZ-004671,890100643669,Frozen Foods,173,box,396.47,656.37,2027-08-25,Aisle 08,frozen
Roasted Lemon Pepper Organic Rolled Oats 2-Pack,Fortune Harvest,PANT-004672,890100643670,Pantry & Dry Goods,185,bag,64.61,95.00,2027-11-21,Aisle 08,ambient
Valley Fresh Ricotta Fresh 50g,Himalayan Organics,DAIR-004673,890100643671,Dairy & Eggs,189,tub,479.75,670.20,2026-09-03,Aisle 02,chilled
Sun-Dried Matcha Green Tea Sweet Corn Kernels 5kg,Heritage Milling,FROZ-004674,890100643672,Frozen Foods,95,packet,76.04,110.89,2026-08-27,Aisle 09,frozen
Farm-Fresh Granola Health Bars 250ml,SunBrite Milling,SNAC-004675,890100643673,Snacks & Confectionery,222,bar,105.78,191.52,2026-08-22,Aisle 09,ambient
Natural Organic Green Tea 350g,Heritage Co.,BEVE-004676,890100643674,Beverages,209,box,444.68,628.34,2027-07-30,Aisle 05,ambient
Free-Range Stainless Steel Scrubber 3pk 400g,Pashmina Harvest,HOUS-004677,890100643675,Household & Personal Care,74,bottle,38.79,67.01,2028-11-10,Aisle 11,ambient
Sun-Dried Tulsi Honey Ricotta Fresh Family Pack,Amul Foods,DAIR-004678,890100643676,Dairy & Eggs,9,box,251.90,390.60,2026-09-20,Aisle 02,chilled
Premium Toned Milk 330ml,Everest Farms,DAIR-004679,890100643677,Dairy & Eggs,91,box,111.23,187.43,2026-08-19,Aisle 03,chilled
Sweet Truffle Infused Oat Milk 100g,Urban Roots Harvest,DAIR-004680,890100643678,Dairy & Eggs,129,packet,240.50,378.38,2026-09-03,Aisle 03,chilled
Crisp Frozen Samosas 1kg,Bhoomi Agro,FROZ-004681,890100643679,Frozen Foods,152,pack,294.88,500.44,2027-08-23,Aisle 08,frozen
Premium Masala Chai Dishwash Gel Lemon 5kg,Vedic Fresh Provisions,HOUS-004682,890100643680,Household & Personal Care,88,packet,417.19,720.44,2028-09-30,Aisle 11,ambient
Farm-Fresh Masala CTC Tea 8-Pack,Green Earth Agro,BEVE-004683,890100643681,Beverages,177,box,64.97,101.00,2026-08-15,Aisle 05,chilled
Farm-Fresh Paneer Tikka Deli 2-Pack,Pashmina Milling,BAKE-004684,890100643682,Bakery & Deli,174,box,38.71,55.12,2026-08-30,Aisle 04,chilled
Heritage Edamame Pods 5L,Urban Roots Foods,FROZ-004685,890100643683,Frozen Foods,5,box,136.36,209.38,2027-08-05,Aisle 08,frozen
Free-Range Tandoori Smoked Edamame Pods 150ml,Satvik Provisions,FROZ-004686,890100643684,Frozen Foods,237,box,206.87,295.30,2027-07-14,Aisle 09,frozen
Roasted Red Chilli & Garlic Fresh Methi 24-Pack,Saffola Mills,FRES-004687,890100643685,Fresh Produce,73,bag,136.56,220.84,2026-08-23,Aisle 02,chilled
Handcrafted Dark Chocolate Green Peas Fresh 100g,Urban Roots Farms,FRES-004688,890100643686,Fresh Produce,206,pcs,77.50,97.25,2026-09-13,Aisle 01,ambient
Smoked Sourdough Loaf 2L,Pure Vedic Botanicals,BAKE-004689,890100643687,Bakery & Deli,7,box,153.65,203.56,2026-09-03,Aisle 03,chilled
Organic Golden Ginger Fabric Softener Floral 100g,Heritage Dairy,HOUS-004690,890100643688,Household & Personal Care,138,bottle,556.21,995.89,2027-05-05,Aisle 12,ambient
Farm-Fresh French Fries Crispy 2-Pack,Himalayan Springs,FROZ-004691,890100643689,Frozen Foods,134,tub,61.53,84.54,2027-06-23,Aisle 09,frozen
Artisan Lemon Pepper Shampoo Anti-Dandruff 250g,Amul Milling,HOUS-004692,890100643690,Household & Personal Care,60,pack,130.35,188.98,2026-08-27,Aisle 11,ambient
Valley Fresh Oranges Nagpur 10-Pack,Desi Organics Agro,FRES-004693,890100643691,Fresh Produce,199,bunch,43.34,67.49,2026-09-07,Aisle 02,chilled
Sweet Pasture Eggs 10kg,Nilgiri Harvest,DAIR-004694,890100643692,Dairy & Eggs,151,packet,469.32,803.90,2026-09-22,Aisle 02,chilled
Smoked Garlic & Herb Flavored Yogurt 750ml,Everest Springs,DAIR-004695,890100643693,Dairy & Eggs,231,carton,495.48,832.85,2026-09-09,Aisle 03,chilled
Desi Garlic & Herb Ciabatta Roll 10-Pack,Vedic Fresh Milling,BAKE-004696,890100643694,Bakery & Deli,148,pcs,260.14,337.44,2026-08-30,Aisle 03,chilled
Sweet Cardamom Spiced Seedless Grapes 250g,Urban Roots Milling,FRES-004697,890100643695,Fresh Produce,127,kg,43.57,69.04,2026-09-15,Aisle 01,ambient
Desi Chicken Sausages 150g,Tata Agro,MEAT-004698,890100643696,Meat & Seafood,228,kg,712.34,1260.98,2026-08-30,Aisle 04,chilled
Farm-Fresh Cold Pressed Orange Juice 500ml,Vedic Fresh Foods,BEVE-004699,890100643697,Beverages,183,bottle,440.81,721.22,2026-12-21,Aisle 06,chilled
Premium Vanilla Bean Mishri Mawa 200ml,Desi Organics Springs,DAIR-004700,890100643698,Dairy & Eggs,5,box,271.88,454.69,2026-09-24,Aisle 02,chilled
Wildcrafted Pista Almond Sweet Corn Kernels 750ml,Vedic Fresh Co.,FROZ-004701,890100643699,Frozen Foods,121,tub,298.63,478.63,2026-08-29,Aisle 09,frozen
Gluten-Free Tulsi Honey Cold Brew Coffee 2-Pack,Urban Roots Plantations,BEVE-004702,890100643700,Beverages,201,bottle,63.29,115.93,2027-04-29,Aisle 06,chilled
Sun-Dried Cardamom Spiced Brownie Bites 300g,SunBrite Springs,BAKE-004703,890100643701,Bakery & Deli,196,pcs,69.85,119.17,2026-08-27,Aisle 03,ambient
Valley Fresh Liquid Laundry Detergent 250g,Organic Tattva Naturals,HOUS-004704,890100643702,Household & Personal Care,47,box,218.40,387.00,2028-04-14,Aisle 11,ambient
Heritage Cardamom Spiced Double Toned Milk 2L,Everest Botanicals,DAIR-004705,890100643703,Dairy & Eggs,22,bottle,334.54,555.39,2026-08-30,Aisle 02,chilled
Aged Atlantic Salmon Fillet Snack Pack,Desi Organics Co.,MEAT-004706,890100643704,Meat & Seafood,26,pack,558.80,755.34,2026-08-31,Aisle 04,chilled
Roasted Cardamom Spiced Squid Rings Cleaned 4-Pack,Everest Naturals,MEAT-004707,890100643705,Meat & Seafood,185,pack,939.88,1328.93,2026-08-31,Aisle 04,chilled
Aged Mutton Curry Cut 330ml,Saffola Goods,MEAT-004708,890100643706,Meat & Seafood,90,kg,206.14,331.48,2026-08-30,Aisle 05,chilled
Stone-Ground Multigrain Tortillas 350g,Mother Dairy Agro,BAKE-004709,890100643707,Bakery & Deli,128,box,295.82,381.61,2026-09-01,Aisle 04,chilled
Artisan Chicken Keema 200g,Royal Indian Goods,MEAT-004710,890100643708,Meat & Seafood,117,pcs,538.73,967.33,2026-09-01,Aisle 04,chilled
Gluten-Free Sweet Tamarind Chicken Frankfurters 400g,Nilgiri Farms,BAKE-004711,890100643709,Bakery & Deli,133,pack,317.16,422.26,2026-09-05,Aisle 04,ambient
Rustic Masala Chai Sparkling Mineral Water 2-Pack,Everest Co.,BEVE-004712,890100643710,Beverages,92,pack,77.32,121.34,2027-06-25,Aisle 06,ambient
Artisan Vanilla Bean Amla Juice Pure 6-Pack,Organic Tattva Organics,BEVE-004713,890100643711,Beverages,114,bag,358.29,617.39,2027-01-30,Aisle 06,ambient
Country Style Jalapeno Lime Urad Dal Whole 150g,Heritage Goods,PANT-004714,890100643712,Pantry & Dry Goods,35,box,574.80,858.61,2027-11-27,Aisle 08,ambient
Royal Kesar Pista Garlic Naan Frozen 4pk 12-Pack,Nilgiri Goods,FROZ-004715,890100643713,Frozen Foods,69,bag,159.53,223.08,2027-07-23,Aisle 09,frozen
Unpolished Golden Ginger Gulab Jamun Tin 500g,Pashmina Mills,SNAC-004716,890100643714,Snacks & Confectionery,12,tub,53.94,84.76,2027-05-10,Aisle 10,ambient
Free-Range Chicken Sausages 8-Pack,Heritage Harvest,MEAT-004717,890100643715,Meat & Seafood,249,pack,286.84,451.85,2026-08-30,Aisle 04,chilled
Stone-Ground Tandoori Smoked Coconut Milk Canned 500ml,Catch Springs,PANT-004718,890100643716,Pantry & Dry Goods,156,bottle,611.66,856.03,2027-07-06,Aisle 07,ambient
Grass-Fed Nagpur Orange Green Chillies 6-Pack,Ganga Naturals,FRES-004719,890100643717,Fresh Produce,119,bunch,113.81,179.99,2026-08-30,Aisle 02,chilled
Sweet Red Chilli & Garlic Mutton Chops 2kg,Tata Goods,MEAT-004720,890100643718,Meat & Seafood,143,pack,817.49,1053.86,2026-08-29,Aisle 04,chilled
Sun-Dried Jalapeno Lime Dry Fruits Trail Mix 12-Pack,SunBrite Foods,SNAC-004721,890100643719,Snacks & Confectionery,27,tub,541.53,687.92,2027-03-05,Aisle 09,ambient
Rustic Sourdough Loaf 6-Pack,Desi Organics Springs,BAKE-004722,890100643720,Bakery & Deli,209,box,74.02,99.33,2026-09-03,Aisle 03,ambient
Whole-Grain Iced Lemon Tea 24-Pack,Catch Springs,BEVE-004723,890100643721,Beverages,121,can,118.92,170.24,2027-05-24,Aisle 06,chilled
Valley Fresh Pav 6-Pack 50g,Nature Harvest Plantations,BAKE-004724,890100643722,Bakery & Deli,111,pack,199.93,266.03,2026-09-07,Aisle 04,chilled
Raw Chatpata Masala Paneer Tikka Deli 200g,Bhoomi Agro,BAKE-004725,890100643723,Bakery & Deli,125,pack,241.11,317.09,2026-09-08,Aisle 03,ambient
Gluten-Free Tandoori Smoked Cold Pressed Orange Juice 1.5L,Royal Indian Foods,BEVE-004726,890100643724,Beverages,60,box,167.02,268.80,2026-08-29,Aisle 05,chilled
Premium Ajwain & Jeera Extra Virgin Olive Oil 12-Pack,Bhoomi Naturals,PANT-004727,890100643725,Pantry & Dry Goods,63,bag,285.14,467.68,2027-05-14,Aisle 06,ambient
Raw Cheese Croissant 400g,Green Earth Co.,BAKE-004728,890100643726,Bakery & Deli,72,box,97.00,164.30,2026-09-07,Aisle 03,chilled
Crisp Shampoo Anti-Dandruff 1L,Desi Organics Dairy,HOUS-004729,890100643727,Household & Personal Care,228,packet,576.72,880.27,2027-03-22,Aisle 11,ambient
Handcrafted Desi Cow Ghee 12-Pack,Catch Mills,DAIR-004730,890100643728,Dairy & Eggs,157,carton,263.09,455.43,2026-09-03,Aisle 03,chilled
Free-Range Atlantic Salmon Fillet 150ml,Fortune Co.,MEAT-004731,890100643729,Meat & Seafood,192,pcs,607.05,914.61,2026-09-02,Aisle 04,chilled
Farm-Fresh Palak Leaves 4-Pack,Satvik Naturals,FRES-004732,890100643730,Fresh Produce,5,pack,78.15,120.81,2026-09-03,Aisle 01,ambient
Stone-Ground Shampoo Anti-Dandruff 4-Pack,Himalayan Goods,HOUS-004733,890100643731,Household & Personal Care,158,bottle,453.52,674.21,2029-02-09,Aisle 12,ambient
Heritage French Fries Crispy 50g,Bhoomi Provisions,FROZ-004734,890100643732,Frozen Foods,181,packet,313.75,460.92,2027-02-27,Aisle 09,frozen
Select Crab Meat Fresh 750g,Mother Dairy Kitchens,MEAT-004735,890100643733,Meat & Seafood,136,kg,872.88,1260.27,2026-08-31,Aisle 04,chilled
Gourmet Smoked Paprika Mustard Oil Kachi Ghani 100g,Nilgiri Dairy,PANT-004736,890100643734,Pantry & Dry Goods,39,bag,440.73,751.04,2028-04-21,Aisle 08,ambient
Premium Roasted Makhana Foxnuts Family Pack,Bhoomi Agro,SNAC-004737,890100643735,Snacks & Confectionery,190,packet,239.96,324.17,2026-12-08,Aisle 10,ambient
Natural Squid Rings Cleaned 250g,Organic Tattva Co.,MEAT-004738,890100643736,Meat & Seafood,130,kg,309.32,419.57,2026-08-30,Aisle 05,chilled
Select Dark Chocolate Mutton Curry Cut 2kg,Pure Vedic Kitchens,MEAT-004739,890100643737,Meat & Seafood,210,pcs,422.21,681.34,2026-08-31,Aisle 04,chilled
Zero-Sugar Golden Ginger Chicken Salami 150ml,Amul Farms,BAKE-004740,890100643738,Bakery & Deli,7,pcs,204.16,270.37,2026-09-07,Aisle 03,chilled
Gourmet Double Toned Milk 24-Pack,Deccan Goods,DAIR-004741,890100643739,Dairy & Eggs,46,carton,405.88,535.66,2026-09-03,Aisle 02,chilled
Homestyle Mint Lime Basa Fish Fillets 750g,Kaveri Provisions,MEAT-004742,890100643740,Meat & Seafood,238,kg,743.49,1361.74,2026-08-22,Aisle 04,chilled
Handcrafted Lavash Crackers 2-Pack,Satvik Botanicals,BAKE-004743,890100643741,Bakery & Deli,215,pack,159.12,243.46,2026-09-04,Aisle 04,ambient
Grass-Fed Dark Chocolate Fresh Rohu Fish 6-Pack,FarmGold Farms,MEAT-004744,890100643742,Meat & Seafood,13,pcs,154.91,270.61,2026-08-29,Aisle 05,chilled
Handcrafted Malai Kulfi Bar 6-Pack,Dabur Plantations,FROZ-004745,890100643743,Frozen Foods,209,tub,351.91,522.97,2027-03-27,Aisle 08,frozen
Authentic Tulsi Honey Tender Coconut Water 2-Pack,Fortune Agro,BEVE-004746,890100643744,Beverages,95,carton,231.88,353.33,2027-05-12,Aisle 05,ambient
Farm-Fresh Ginger Kombucha 250ml,Mother Dairy Co.,BEVE-004747,890100643745,Beverages,7,bag,139.53,213.84,2027-08-08,Aisle 05,chilled
Valley Fresh Vanilla Bean Portobello Mushrooms 4-Pack,Kaveri Springs,FRES-004748,890100643746,Fresh Produce,243,bunch,132.93,221.02,2026-09-13,Aisle 02,ambient
Pure Sweet Tamarind Buffalo Milk 2kg,Ganga Goods,DAIR-004749,890100643747,Dairy & Eggs,179,pack,89.59,118.32,2026-09-05,Aisle 02,chilled
Traditional Tonic Water Premium 200ml,Amul Kitchens,BEVE-004750,890100643748,Beverages,52,bag,433.18,627.52,2027-04-22,Aisle 05,chilled
Pure Mutton Chops 50g,Vedic Fresh Agro,MEAT-004751,890100643749,Meat & Seafood,171,pcs,712.92,1046.76,2026-08-31,Aisle 05,chilled
Golden Kashmiri Saffron Multigrain Tortillas Snack Pack,Nilgiri Goods,BAKE-004752,890100643750,Bakery & Deli,199,pack,311.47,397.57,2026-09-06,Aisle 03,ambient
Farm-Fresh Organic Green Tea 250g,FarmGold Kitchens,BEVE-004753,890100643751,Beverages,75,box,67.14,88.87,2027-08-23,Aisle 05,ambient
Farm-Fresh Alphonso Mango Bamboo Toothbrush 2pk 8-Pack,Green Earth Foods,HOUS-004754,890100643752,Household & Personal Care,227,box,550.88,864.10,2027-09-13,Aisle 11,ambient
Desi Red Chilli & Garlic Floor Disinfectant Pine 200g,Pashmina Harvest,HOUS-004755,890100643753,Household & Personal Care,133,box,211.71,367.23,2028-02-21,Aisle 11,ambient
Signature Red Chilli & Garlic Stainless Steel Scrubber 3pk 1.5L,Kaveri Co.,HOUS-004756,890100643754,Household & Personal Care,63,bottle,252.40,343.98,2028-03-20,Aisle 11,ambient
Aged Paneer Tikka Deli 1.5L,FarmGold Harvest,BAKE-004757,890100643755,Bakery & Deli,99,box,48.85,68.73,2026-08-28,Aisle 04,ambient
Organic Lemon Pepper Banana Chips Kerala Style 1.5L,Ganga Agro,SNAC-004758,890100643756,Snacks & Confectionery,65,bag,361.32,650.95,2026-12-21,Aisle 10,ambient
Stone-Ground Kashmiri Saffron Bell Peppers 400g,Pure Vedic Harvest,FRES-004759,890100643757,Fresh Produce,30,bunch,87.12,112.23,2026-09-01,Aisle 02,ambient
Handcrafted Liquid Laundry Detergent 500ml,Mother Dairy Harvest,HOUS-004760,890100643758,Household & Personal Care,64,pack,477.33,753.55,2029-01-30,Aisle 11,ambient
Authentic Soy Milk Protein 300g,Vedic Fresh Goods,DAIR-004761,890100643759,Dairy & Eggs,53,tub,344.19,612.35,2026-09-21,Aisle 02,chilled
Free-Range Pink Himalayan Salt 5L,FarmGold Farms,PANT-004762,890100643760,Pantry & Dry Goods,70,jar,684.10,1152.87,2028-07-09,Aisle 08,ambient
Rustic Mozzarella Shredded 200ml,Amul Foods,DAIR-004763,890100643761,Dairy & Eggs,104,bottle,467.54,701.13,2026-09-07,Aisle 03,chilled
Crisp Toasted Sesame Pears 6-Pack,Fortune Co.,FRES-004764,890100643762,Fresh Produce,128,bag,111.58,159.30,2026-09-14,Aisle 02,ambient
Sun-Dried Garlic & Herb Tonic Water Premium 6-Pack,FarmGold Goods,BEVE-004765,890100643763,Beverages,55,can,29.79,50.91,2027-05-24,Aisle 05,chilled
Sweet Toasted Sesame Mozzarella Shredded 250ml,Fortune Naturals,DAIR-004766,890100643764,Dairy & Eggs,142,pack,179.86,270.80,2026-09-19,Aisle 02,chilled
Cold-Pressed Frozen Samosas 4-Pack,Mother Dairy Naturals,FROZ-004767,890100643765,Frozen Foods,76,bag,362.02,607.82,2026-10-29,Aisle 09,frozen
Spiced Kesar Pista Smoked Chicken Slices 500ml,Nilgiri Foods,BAKE-004768,890100643766,Bakery & Deli,239,pack,252.24,329.27,2026-09-07,Aisle 03,ambient
Premium Boneless Chicken Breast 2L,Nilgiri Goods,MEAT-004769,890100643767,Meat & Seafood,73,pcs,465.47,583.47,2026-09-01,Aisle 04,chilled
Crisp Kachi Ghani Mustard Rusk Toast 250ml,Catch Naturals,BAKE-004770,890100643768,Bakery & Deli,98,pack,199.81,262.66,2026-09-10,Aisle 03,chilled
Crisp Truffle Infused Fruit Cake Slice 12-Pack,Kaveri Plantations,BAKE-004771,890100643769,Bakery & Deli,154,pcs,202.75,350.12,2026-09-07,Aisle 03,ambient
Free-Range Cardamom Spiced Kulcha 4-Pack 300g,Patanjali Dairy,BAKE-004772,890100643770,Bakery & Deli,154,pcs,44.59,79.97,2026-09-06,Aisle 03,ambient
Whole-Grain Toasted Sesame Poha Thick Flakes 200ml,Royal Indian Provisions,PANT-004773,890100643771,Pantry & Dry Goods,43,bag,170.12,293.33,2027-09-10,Aisle 07,ambient
Cured Bath Tissue 6-Pack 200g,Amul Botanicals,HOUS-004774,890100643772,Household & Personal Care,198,pack,293.50,400.87,2027-09-08,Aisle 11,ambient
Free-Range Caramelized Onion Garlic Naan Frozen 4pk 2L,Vedic Fresh Milling,FROZ-004775,890100643773,Frozen Foods,230,packet,81.51,131.80,2027-02-21,Aisle 09,frozen
Whole-Grain Mutton Curry Cut 350g,Vedic Fresh Springs,MEAT-004776,890100643774,Meat & Seafood,157,pack,346.49,588.14,2026-09-01,Aisle 04,chilled
Country Style Sweet Tamarind Chamomile Herbal Tea 10-Pack,Nature Harvest Farms,BEVE-004777,890100643775,Beverages,249,bag,84.70,129.87,2027-07-18,Aisle 05,ambient
Smoked Soan Papdi Box 500g,Green Earth Plantations,SNAC-004778,890100643776,Snacks & Confectionery,64,bag,149.33,241.06,2026-11-13,Aisle 10,ambient
Golden Smoked Paprika Coriander Leaves 8-Pack,Tata Provisions,FRES-004779,890100643777,Fresh Produce,231,kg,121.82,217.75,2026-08-30,Aisle 01,ambient
Aged Vanilla Bean Almond Milk 2L,Himalayan Provisions,DAIR-004780,890100643778,Dairy & Eggs,48,tub,386.54,673.60,2026-09-02,Aisle 02,chilled
Valley Fresh Kashmiri Saffron Diet Mixture Namkeen 250ml,Organic Tattva Harvest,SNAC-004781,890100643779,Snacks & Confectionery,163,pack,91.19,152.07,2027-02-13,Aisle 09,ambient
Natural Crab Meat Fresh 1.5L,Organic Tattva Naturals,MEAT-004782,890100643780,Meat & Seafood,81,kg,478.47,863.91,2026-08-30,Aisle 05,chilled
Aged Bell Peppers 1.5L,Urban Roots Foods,FRES-004783,890100643781,Fresh Produce,123,pack,118.45,208.86,2026-09-11,Aisle 01,ambient
Pure Tandoori Smoked Frozen Paneer Cubes 150ml,Pashmina Botanicals,FROZ-004784,890100643782,Frozen Foods,223,box,200.64,321.17,2027-04-03,Aisle 09,frozen
Select Brioche Burger Buns 1kg,Pashmina Botanicals,BAKE-004785,890100643783,Bakery & Deli,72,pcs,53.50,71.01,2026-09-04,Aisle 03,chilled
Cured Paneer Tikka Deli 350g,Desi Organics Springs,BAKE-004786,890100643784,Bakery & Deli,121,box,198.25,360.45,2026-08-31,Aisle 03,chilled
Aged Coconut Cream Cinnamon Swirl Buns 2-Pack,Pure Vedic Agro,BAKE-004787,890100643785,Bakery & Deli,56,pcs,213.59,313.69,2026-09-07,Aisle 04,ambient
Select Red Chilli & Garlic Stainless Steel Scrubber 3pk 150ml,Bhoomi Foods,HOUS-004788,890100643786,Household & Personal Care,69,packet,175.24,304.23,2027-06-12,Aisle 12,ambient
Pure Rose Infused Soan Papdi Box 200ml,Pure Vedic Milling,SNAC-004789,890100643787,Snacks & Confectionery,185,box,184.04,274.11,2026-08-27,Aisle 10,ambient
Cured Kachi Ghani Mustard Shampoo Anti-Dandruff 8-Pack,Vedic Fresh Foods,HOUS-004790,890100643788,Household & Personal Care,134,box,220.79,302.74,2029-02-06,Aisle 12,ambient
Artisan Cinnamon Spice Ginger Kombucha 6-Pack,Mother Dairy Goods,BEVE-004791,890100643789,Beverages,200,carton,85.96,108.16,2026-09-18,Aisle 05,chilled
Spiced Cucumbers 100g,Desi Organics Naturals,FRES-004792,890100643790,Fresh Produce,244,kg,73.50,120.30,2026-09-16,Aisle 01,chilled
Signature Pista Almond Gulab Jamun Tin 200g,Urban Roots Farms,SNAC-004793,890100643791,Snacks & Confectionery,51,bag,123.58,215.61,2026-12-26,Aisle 10,ambient
Cured Makhana Crunch Pure Jaggery Powder (Gud) 10-Pack,Heritage Co.,PANT-004794,890100643792,Pantry & Dry Goods,179,jar,224.26,397.03,2028-03-11,Aisle 06,ambient
Traditional Caramelized Onion Multigrain Tortillas Value Pack,Green Earth Goods,BAKE-004795,890100643793,Bakery & Deli,195,pcs,85.65,128.49,2026-09-10,Aisle 04,ambient
Natural Clove & Mint Toothpaste 400g,Kaveri Foods,HOUS-004796,890100643794,Household & Personal Care,120,box,305.78,461.87,2027-04-22,Aisle 12,ambient
Raw Chatpata Masala Liquid Laundry Detergent 200g,Everest Provisions,HOUS-004797,890100643795,Household & Personal Care,137,box,403.00,528.92,2028-12-17,Aisle 12,ambient
Zero-Sugar Chicken Keema Value Pack,Saffola Agro,MEAT-004798,890100643796,Meat & Seafood,150,pcs,651.22,1137.65,2026-08-30,Aisle 05,chilled
Raw Truffle Infused Soy Milk Protein 5L,Everest Provisions,DAIR-004799,890100643797,Dairy & Eggs,106,bottle,79.85,104.57,2026-09-21,Aisle 02,chilled
Artisan Chatpata Masala Cashew Paste Curry Base 350g,FarmGold Agro,PANT-004800,890100643798,Pantry & Dry Goods,224,packet,145.20,254.83,2026-08-20,Aisle 06,ambient
Select Vanilla Bean Roasted Salted Cashews Value Pack,Saffola Naturals,SNAC-004801,890100643799,Snacks & Confectionery,202,box,143.66,262.63,2026-10-12,Aisle 09,ambient
Royal Surmai Steaks Value Pack,Everest Goods,MEAT-004802,890100643800,Meat & Seafood,48,pack,649.34,1191.22,2026-08-29,Aisle 05,chilled
Premium Almond Milk 10-Pack,Satvik Co.,DAIR-004803,890100643801,Dairy & Eggs,23,carton,154.99,270.96,2026-09-12,Aisle 03,chilled
Stone-Ground Mutton Chops 12-Pack,Bhoomi Naturals,MEAT-004804,890100643802,Meat & Seafood,174,kg,533.09,767.58,2026-08-30,Aisle 05,chilled
Cold-Pressed Mosquito Vaporizer Refill 4-Pack,Royal Indian Foods,HOUS-004805,890100643803,Household & Personal Care,69,packet,599.04,837.78,2027-10-28,Aisle 12,ambient
Golden Frozen Paneer Cubes 50g,Patanjali Foods,FROZ-004806,890100643804,Frozen Foods,27,tub,158.98,254.63,2026-10-31,Aisle 09,frozen
Golden Sweet Corn Kernels 330ml,Organic Tattva Farms,FROZ-004807,890100643805,Frozen Foods,62,bag,183.72,292.08,2027-08-14,Aisle 08,frozen
Low-Sodium Matcha Green Tea Smoked Chicken Slices 500g,Organic Tattva Kitchens,BAKE-004808,890100643806,Bakery & Deli,202,pcs,89.68,163.09,2026-09-05,Aisle 03,chilled
Homestyle Nagpur Orange Sourdough Loaf 330ml,Green Earth Organics,BAKE-004809,890100643807,Bakery & Deli,96,box,94.51,158.04,2026-08-29,Aisle 03,ambient
Cured Truffle Infused Tiger Prawns Jumbo 2-Pack,Nilgiri Dairy,MEAT-004810,890100643808,Meat & Seafood,233,pcs,941.92,1271.92,2026-08-31,Aisle 04,chilled
Handcrafted Sweet Tamarind Electrolyte Energy Drink 50g,Nature Harvest Goods,BEVE-004811,890100643809,Beverages,171,can,182.09,335.68,2027-01-12,Aisle 06,chilled
Crisp Garlic & Herb Edamame Pods 8-Pack,Pashmina Botanicals,FROZ-004812,890100643810,Frozen Foods,129,pack,196.53,280.96,2027-07-23,Aisle 09,frozen
Valley Fresh Herbal Hand Wash Neem 250ml,SunBrite Farms,HOUS-004813,890100643811,Household & Personal Care,202,box,299.23,452.89,2027-09-08,Aisle 12,ambient
Desi Dark Chocolate Mozzarella Shredded 4-Pack,Vedic Fresh Organics,DAIR-004814,890100643812,Dairy & Eggs,116,bottle,45.66,71.73,2026-08-31,Aisle 03,chilled
Extra-Virgin Apple Cider Vinegar Drink 1kg,Nilgiri Farms,BEVE-004815,890100643813,Beverages,17,pack,327.29,474.44,2027-07-29,Aisle 05,ambient
Natural Ajwain & Jeera Fresh Methi 150ml,Bhoomi Mills,FRES-004816,890100643814,Fresh Produce,75,bag,84.36,141.36,2026-09-13,Aisle 02,chilled
Raw Nagpur Orange Goat Mince Premium 300g,Nature Harvest Agro,MEAT-004817,890100643815,Meat & Seafood,83,kg,778.96,1285.63,2026-08-29,Aisle 05,chilled
Heritage Caramelized Onion Almond Milk 500ml,Mother Dairy Provisions,DAIR-004818,890100643816,Dairy & Eggs,89,box,263.71,354.55,2026-08-29,Aisle 03,chilled
Heritage Toasted Sesame French Fries Crispy 10-Pack,Green Earth Springs,FROZ-004819,890100643817,Frozen Foods,172,packet,408.79,700.25,2027-04-09,Aisle 08,frozen
Natural Roma Tomatoes 200ml,Patanjali Provisions,FRES-004820,890100643818,Fresh Produce,173,pcs,61.42,111.36,2026-08-30,Aisle 02,chilled
Traditional Granola Health Bars 2-Pack,Desi Organics Botanicals,SNAC-004821,890100643819,Snacks & Confectionery,205,bar,114.92,170.72,2026-08-19,Aisle 09,ambient
Unpolished Vanilla Bean Penne Rigate Pasta 10kg,Ganga Goods,PANT-004822,890100643820,Pantry & Dry Goods,77,box,51.16,77.71,2027-01-05,Aisle 06,ambient
Royal Pista Almond Pink Himalayan Salt 400g,Vedic Fresh Farms,PANT-004823,890100643821,Pantry & Dry Goods,171,box,669.32,1114.29,2028-03-08,Aisle 07,ambient
Crisp Surmai Steaks 2L,Kaveri Mills,MEAT-004824,890100643822,Meat & Seafood,247,pcs,546.86,968.59,2026-08-31,Aisle 05,chilled
Gourmet Mishri Mawa 50g,Himalayan Foods,DAIR-004825,890100643823,Dairy & Eggs,20,pack,43.19,73.14,2026-08-31,Aisle 03,chilled
Signature Pista Almond Penne Rigate Pasta Snack Pack,Green Earth Milling,PANT-004826,890100643824,Pantry & Dry Goods,195,jar,611.43,850.23,2028-04-29,Aisle 06,ambient
Desi Sweet Tamarind Goat Mince Premium Snack Pack,Bhoomi Harvest,MEAT-004827,890100643825,Meat & Seafood,29,pcs,773.51,1377.76,2026-09-01,Aisle 05,chilled
Homestyle Nagpur Orange Unsalted White Butter Value Pack,Patanjali Springs,DAIR-004828,890100643826,Dairy & Eggs,137,packet,409.75,666.11,2026-09-22,Aisle 03,chilled
Unpolished Vanilla Bean Custard Apple (Sitaphal) 50g,Deccan Agro,FRES-004829,890100643827,Fresh Produce,224,bunch,41.26,66.88,2026-09-10,Aisle 01,ambient
Heritage Cinnamon Spice Coconut Milk Canned 250g,Tata Mills,PANT-004830,890100643828,Pantry & Dry Goods,208,packet,582.16,765.73,2027-06-03,Aisle 08,ambient
Desi Cinnamon Spice Pita Bread 8-Pack,Patanjali Foods,BAKE-004831,890100643829,Bakery & Deli,217,pack,62.82,99.94,2026-09-05,Aisle 03,ambient
Homestyle Garlic Focaccia 24-Pack,Nature Harvest Plantations,BAKE-004832,890100643830,Bakery & Deli,115,pack,107.96,197.02,2026-09-10,Aisle 04,chilled
Heritage Rusk Toast 5kg,Ganga Plantations,BAKE-004833,890100643831,Bakery & Deli,188,pcs,278.36,391.09,2026-08-30,Aisle 03,chilled
Artisan Sea Salt Pita Bread 750g,Deccan Goods,BAKE-004834,890100643832,Bakery & Deli,124,pack,177.25,282.60,2026-08-30,Aisle 03,chilled
Valley Fresh Curd Tub (Dahi) 300g,Patanjali Provisions,DAIR-004835,890100643833,Dairy & Eggs,165,tub,508.90,861.36,2026-09-24,Aisle 03,chilled
Unpolished Toasted Sesame Butter Murukku 250g,Himalayan Naturals,SNAC-004836,890100643834,Snacks & Confectionery,44,tub,248.76,418.52,2026-11-04,Aisle 09,ambient
Cured Dry Fruits Trail Mix 12-Pack,Heritage Farms,SNAC-004837,890100643835,Snacks & Confectionery,244,tub,219.70,319.37,2026-08-28,Aisle 10,ambient
Wildcrafted Diet Mixture Namkeen 200ml,Mother Dairy Dairy,SNAC-004838,890100643836,Snacks & Confectionery,153,bag,528.01,812.89,2027-03-04,Aisle 10,ambient
Pure Jalapeno Lime Pomegranates 10kg,Fortune Dairy,FRES-004839,890100643837,Fresh Produce,62,kg,33.14,47.99,2026-09-11,Aisle 01,ambient
Grass-Fed Stainless Steel Scrubber 3pk 10kg,Heritage Dairy,HOUS-004840,890100643838,Household & Personal Care,184,bottle,141.97,191.31,2028-03-14,Aisle 11,ambient
Wildcrafted Blueberries 500ml,Mother Dairy Kitchens,FRES-004841,890100643839,Fresh Produce,16,pcs,26.18,37.25,2026-09-01,Aisle 02,ambient
Extra-Virgin Organic Brown Sugar 300g,Patanjali Kitchens,PANT-004842,890100643840,Pantry & Dry Goods,219,box,193.99,344.38,2026-08-22,Aisle 07,ambient
Raw Kashmiri Saffron Chana Dal Polished 100g,SunBrite Organics,PANT-004843,890100643841,Pantry & Dry Goods,201,box,679.72,872.42,2028-03-02,Aisle 06,ambient
Heritage Vanilla Bean Masala Potato Chips 2kg,Nature Harvest Mills,SNAC-004844,890100643842,Snacks & Confectionery,72,box,284.26,486.21,2027-05-15,Aisle 10,ambient
Signature Chamomile Herbal Tea 24-Pack,Catch Dairy,BEVE-004845,890100643843,Beverages,200,can,348.75,596.64,2026-12-29,Aisle 06,chilled
Gluten-Free Golden Ginger Roasted Makhana Foxnuts 750ml,Tata Kitchens,SNAC-004846,890100643844,Snacks & Confectionery,55,box,513.44,906.62,2026-08-28,Aisle 10,ambient
Country Style Crab Meat Fresh 150ml,Tata Farms,MEAT-004847,890100643845,Meat & Seafood,162,kg,351.04,625.78,2026-08-30,Aisle 04,chilled
Golden Mozzarella Shredded 1.5L,Mother Dairy Springs,DAIR-004848,890100643846,Dairy & Eggs,166,tub,424.47,594.70,2026-08-30,Aisle 03,chilled
Unpolished Tandoori Smoked Fresh Mosambi Juice 200ml,FarmGold Springs,BEVE-004849,890100643847,Beverages,148,can,125.28,173.94,2027-06-16,Aisle 06,chilled
Aged Chicken Keema 2kg,Green Earth Botanicals,MEAT-004850,890100643848,Meat & Seafood,85,pcs,508.62,705.59,2026-09-02,Aisle 05,chilled
Heritage Fruit Muffins Family Pack,Mother Dairy Provisions,BAKE-004851,890100643849,Bakery & Deli,67,pack,90.57,121.46,2026-09-01,Aisle 04,ambient
Authentic Dark Chocolate Coconut Milk Canned Snack Pack,Tata Springs,PANT-004852,890100643850,Pantry & Dry Goods,34,bag,717.17,1117.84,2026-08-16,Aisle 08,ambient
Plant-Based Red Chilli & Garlic Organic Sharbati Atta 100g,Saffola Plantations,PANT-004853,890100643851,Pantry & Dry Goods,105,packet,303.39,391.08,2027-12-02,Aisle 08,ambient
Sweet Kesar Pista Moong Dal Namkeen 350g,Pashmina Foods,SNAC-004854,890100643852,Snacks & Confectionery,166,pack,374.41,522.19,2027-04-28,Aisle 09,ambient
Handcrafted Cardamom Spiced Fresh Rohu Fish 5L,Vedic Fresh Organics,MEAT-004855,890100643853,Meat & Seafood,159,kg,278.85,408.10,2026-08-29,Aisle 05,chilled
Aged Bhujia Sev 250g,Bhoomi Kitchens,SNAC-004856,890100643854,Snacks & Confectionery,118,tub,269.46,497.03,2027-05-31,Aisle 09,ambient
Cold-Pressed Pista Almond Malai Kulfi Bar 4-Pack,Deccan Provisions,FROZ-004857,890100643855,Frozen Foods,140,bag,281.98,356.70,2026-08-29,Aisle 09,frozen
Premium Multigrain Tortillas 1kg,Deccan Provisions,BAKE-004858,890100643856,Bakery & Deli,45,pcs,267.43,385.25,2026-08-28,Aisle 04,ambient
Rustic Buffalo Milk 10kg,Vedic Fresh Mills,DAIR-004859,890100643857,Dairy & Eggs,204,box,358.20,491.68,2026-08-31,Aisle 02,chilled
Roasted Tiger Prawns Jumbo 50g,Ganga Agro,MEAT-004860,890100643858,Meat & Seafood,199,kg,784.09,1284.70,2026-08-31,Aisle 05,chilled
Artisan Pink Himalayan Salt 750ml,FarmGold Provisions,PANT-004861,890100643859,Pantry & Dry Goods,44,packet,610.09,861.53,2027-05-08,Aisle 06,ambient
Cold-Pressed Golden Ginger Double Toned Milk 12-Pack,Fortune Milling,DAIR-004862,890100643860,Dairy & Eggs,47,box,242.56,303.73,2026-09-12,Aisle 02,chilled
Stone-Ground Unsalted White Butter 2L,Heritage Organics,DAIR-004863,890100643861,Dairy & Eggs,170,packet,330.07,566.85,2026-08-30,Aisle 02,chilled
Handcrafted Nimbu Paani Soda 2kg,Vedic Fresh Naturals,BEVE-004864,890100643862,Beverages,224,carton,284.25,489.32,2026-11-28,Aisle 05,chilled
Handcrafted Rose Infused Chicken Drumsticks 6-Pack,Patanjali Farms,MEAT-004865,890100643863,Meat & Seafood,162,pack,819.10,1387.22,2026-08-29,Aisle 05,chilled
Organic Red Chilli & Garlic Mozzarella Shredded 1.5L,Everest Agro,DAIR-004866,890100643864,Dairy & Eggs,103,tub,450.99,652.49,2026-09-05,Aisle 03,chilled
Natural Cardamom Spiced Herbal Hand Wash Neem 150g,Fortune Agro,HOUS-004867,890100643865,Household & Personal Care,225,pack,197.73,279.33,2029-02-17,Aisle 12,ambient
Spiced Golden Ginger Baby Spinach 100g,Nature Harvest Springs,FRES-004868,890100643866,Fresh Produce,158,bag,82.19,104.47,2026-09-07,Aisle 02,ambient
Sweet Red Chilli & Garlic Surmai Steaks 5L,Desi Organics Foods,MEAT-004869,890100643867,Meat & Seafood,97,pack,251.09,359.57,2026-08-31,Aisle 04,chilled
Rustic Garlic & Herb Veg Burger Patties 24-Pack,Ganga Goods,FROZ-004870,890100643868,Frozen Foods,15,box,399.72,550.99,2026-08-28,Aisle 08,frozen
Smoked Brownie Bites 5L,Desi Organics Dairy,BAKE-004871,890100643869,Bakery & Deli,228,pack,131.68,224.13,2026-09-04,Aisle 03,chilled
Extra-Virgin Garlic & Herb Diet Mixture Namkeen 2L,Nilgiri Organics,SNAC-004872,890100643870,Snacks & Confectionery,208,box,187.51,346.50,2026-08-23,Aisle 09,ambient
Stone-Ground Tulsi Honey Kitchen Paper Towels 4-Roll 500ml,Catch Co.,HOUS-004873,890100643871,Household & Personal Care,155,box,352.16,597.79,2028-01-03,Aisle 11,ambient
Smoked Cinnamon Spice Cold Brew Coffee 2kg,Saffola Co.,BEVE-004874,890100643872,Beverages,108,box,314.76,497.57,2027-07-27,Aisle 06,ambient
Sweet Nagpur Orange Mutton Curry Cut 350g,Bhoomi Milling,MEAT-004875,890100643873,Meat & Seafood,60,pack,943.46,1514.42,2026-08-30,Aisle 05,chilled
Heritage Red Chilli & Garlic Moong Dal Namkeen 330ml,Green Earth Foods,SNAC-004876,890100643874,Snacks & Confectionery,189,tub,489.36,704.47,2027-05-23,Aisle 10,ambient
Stone-Ground Tandoori Smoked Brownie Bites 500ml,Desi Organics Provisions,BAKE-004877,890100643875,Bakery & Deli,238,box,102.94,159.97,2026-09-05,Aisle 03,ambient
Royal Garlic & Herb Whole Wheat Atta Bread 12-Pack,Mother Dairy Botanicals,BAKE-004878,890100643876,Bakery & Deli,150,pack,286.20,517.28,2026-09-01,Aisle 03,chilled
Cold-Pressed Kashmiri Saffron Chicken Keema 1.5L,Bhoomi Agro,MEAT-004879,890100643877,Meat & Seafood,226,pack,202.75,309.73,2026-08-30,Aisle 04,chilled
Farm-Fresh Masala Chai Nimbu Paani Soda 750g,FarmGold Agro,BEVE-004880,890100643878,Beverages,185,pack,373.48,629.32,2026-09-24,Aisle 06,ambient
Signature Dark Chocolate Boneless Chicken Breast 2L,FarmGold Botanicals,MEAT-004881,890100643879,Meat & Seafood,48,kg,606.67,996.89,2026-09-03,Aisle 05,chilled
Organic Alphonso Mangoes Value Pack,Kaveri Botanicals,FRES-004882,890100643880,Fresh Produce,5,pcs,44.81,61.82,2026-09-17,Aisle 02,ambient
Natural Gourmet Cookies Choco-Chip 750g,Pure Vedic Naturals,SNAC-004883,890100643881,Snacks & Confectionery,212,tub,233.15,338.96,2027-04-20,Aisle 10,ambient
Traditional Dark Chocolate Kabuli Chana Large 10-Pack,Desi Organics Dairy,PANT-004884,890100643882,Pantry & Dry Goods,173,can,307.23,534.79,2027-01-06,Aisle 07,ambient
Authentic Frozen Green Peas Snack Pack,Dabur Botanicals,FROZ-004885,890100643883,Frozen Foods,65,pack,71.68,98.63,2027-03-09,Aisle 08,frozen
Homestyle Pista Almond Tender Coconut Water 2-Pack,Pashmina Co.,BEVE-004886,890100643884,Beverages,212,bag,74.20,134.76,2027-04-16,Aisle 05,chilled
Sweet Chicken Sausages 300g,Patanjali Plantations,MEAT-004887,890100643885,Meat & Seafood,59,pcs,256.24,334.71,2026-08-31,Aisle 04,chilled
Grass-Fed Nagpur Orange Sparkling Mineral Water 6-Pack,Himalayan Agro,BEVE-004888,890100643886,Beverages,104,pack,218.61,342.17,2027-03-21,Aisle 05,ambient
Traditional Fresh Mosambi Juice Family Pack,Organic Tattva Botanicals,BEVE-004889,890100643887,Beverages,55,pack,257.28,349.00,2026-08-29,Aisle 05,chilled
Pure Kesar Pista Dishwash Gel Lemon 6-Pack,Himalayan Harvest,HOUS-004890,890100643888,Household & Personal Care,128,pack,89.87,138.50,2028-08-08,Aisle 11,ambient
Aged Mosquito Vaporizer Refill 500g,Green Earth Plantations,HOUS-004891,890100643889,Household & Personal Care,117,packet,188.84,280.90,2027-05-24,Aisle 12,ambient
Pure Amla Juice Pure 200g,Catch Co.,BEVE-004892,890100643890,Beverages,192,box,137.81,193.39,2026-09-21,Aisle 06,ambient
Pure Truffle Infused Chicken Frankfurters 100g,Amul Goods,BAKE-004893,890100643891,Bakery & Deli,119,box,232.21,329.62,2026-08-30,Aisle 04,ambient
Zero-Sugar Caramelized Onion Masala Potato Chips 5kg,Dabur Goods,SNAC-004894,890100643892,Snacks & Confectionery,5,box,451.30,783.33,2026-10-23,Aisle 10,ambient
Stone-Ground Jeera Masala Soda 10-Pack,Everest Kitchens,BEVE-004895,890100643893,Beverages,7,bag,56.06,84.55,2027-08-06,Aisle 05,chilled
Heritage Smoked Chicken Slices 6-Pack,SunBrite Mills,BAKE-004896,890100643894,Bakery & Deli,127,box,175.73,236.96,2026-08-29,Aisle 04,chilled
Grass-Fed Golden Ginger Pav 6-Pack 50g,FarmGold Milling,BAKE-004897,890100643895,Bakery & Deli,230,pack,282.96,460.67,2026-09-03,Aisle 04,ambient
Golden Tulsi Honey Basa Fish Fillets 300g,FarmGold Foods,MEAT-004898,890100643896,Meat & Seafood,250,pcs,287.74,394.49,2026-09-01,Aisle 04,chilled
Gourmet Jalapeno Lime Cow Milk 330ml,Nilgiri Harvest,DAIR-004899,890100643897,Dairy & Eggs,81,bottle,349.26,552.40,2026-09-21,Aisle 02,chilled
Free-Range Crab Meat Fresh 5kg,Organic Tattva Plantations,MEAT-004900,890100643898,Meat & Seafood,221,pcs,405.73,739.80,2026-08-31,Aisle 05,chilled
Homestyle Mosquito Vaporizer Refill Snack Pack,Green Earth Harvest,HOUS-004901,890100643899,Household & Personal Care,195,tube,466.56,586.45,2027-10-21,Aisle 11,ambient
Heritage Kachi Ghani Mustard Masala Potato Chips 10kg,Organic Tattva Mills,SNAC-004902,890100643900,Snacks & Confectionery,27,bar,38.75,68.53,2027-02-10,Aisle 09,ambient
Natural Himalayan Spring Water 150ml,Urban Roots Naturals,BEVE-004903,890100643901,Beverages,141,bottle,406.39,588.45,2027-06-29,Aisle 05,ambient
Authentic Catla Fish Steaks 6-Pack,Bhoomi Botanicals,MEAT-004904,890100643902,Meat & Seafood,5,kg,169.47,294.09,2026-08-31,Aisle 04,chilled
Cold-Pressed Granola Health Bars 200ml,Pashmina Kitchens,SNAC-004905,890100643903,Snacks & Confectionery,82,pack,157.74,242.60,2026-08-29,Aisle 09,ambient
Signature Alphonso Mango Alphonso Kulfi Tub 5kg,Fortune Naturals,FROZ-004906,890100643904,Frozen Foods,242,box,340.10,503.26,2027-01-12,Aisle 09,frozen
Farm-Fresh Double Toned Milk 24-Pack,Kaveri Agro,DAIR-004907,890100643905,Dairy & Eggs,155,packet,491.47,835.12,2026-09-01,Aisle 03,chilled
Royal Dry Fruits Trail Mix 330ml,Dabur Foods,SNAC-004908,890100643906,Snacks & Confectionery,161,pack,165.91,296.93,2027-06-17,Aisle 10,ambient
Traditional Bamboo Toothbrush 2pk 5L,Saffola Plantations,HOUS-004909,890100643907,Household & Personal Care,220,packet,103.94,175.86,2029-02-20,Aisle 11,ambient
Spiced Nagpur Orange Chicken Salami 5L,SunBrite Farms,BAKE-004910,890100643908,Bakery & Deli,241,pcs,45.71,76.58,2026-09-09,Aisle 03,chilled
Signature Goat Mince Premium 500ml,Himalayan Dairy,MEAT-004911,890100643909,Meat & Seafood,202,pcs,913.04,1496.97,2026-09-03,Aisle 04,chilled
Heritage Chana Dal Polished 250g,Royal Indian Organics,PANT-004912,890100643910,Pantry & Dry Goods,167,can,391.75,666.80,2027-12-08,Aisle 07,ambient
Sun-Dried Coconut Cream Himalayan Spring Water 4-Pack,Bhoomi Provisions,BEVE-004913,890100643911,Beverages,236,pack,274.24,417.74,2027-03-30,Aisle 06,chilled
Organic Floor Disinfectant Pine 150ml,Vedic Fresh Milling,HOUS-004914,890100643912,Household & Personal Care,219,box,398.29,597.47,2027-05-04,Aisle 12,ambient
Whole-Grain Whole Wheat Atta Bread 500ml,SunBrite Co.,BAKE-004915,890100643913,Bakery & Deli,112,pack,62.01,113.63,2026-09-09,Aisle 04,ambient
Cold-Pressed Coconut Cream Garlic Bulbs 10-Pack,Pashmina Springs,FRES-004916,890100643914,Fresh Produce,83,pack,98.96,152.24,2026-08-29,Aisle 02,chilled
Sweet Kachi Ghani Mustard Frozen Green Peas 150g,Catch Kitchens,FROZ-004917,890100643915,Frozen Foods,35,pack,150.92,270.59,2027-07-07,Aisle 08,frozen
Cold-Pressed Ajwain & Jeera Custard Apple (Sitaphal) 10kg,Heritage Dairy,FRES-004918,890100643916,Fresh Produce,140,bag,121.55,185.21,2026-09-14,Aisle 01,ambient
Premium Smoked Paprika Herbal Hand Wash Neem 10-Pack,Mother Dairy Plantations,HOUS-004919,890100643917,Household & Personal Care,205,bottle,523.66,771.70,2027-07-29,Aisle 11,ambient
Extra-Virgin Shampoo Anti-Dandruff 10kg,Satvik Farms,HOUS-004920,890100643918,Household & Personal Care,173,box,399.41,583.15,2028-03-07,Aisle 12,ambient
Grass-Fed Rose Infused Organic Green Tea 200ml,Vedic Fresh Kitchens,BEVE-004921,890100643919,Beverages,75,pack,76.91,111.02,2026-08-27,Aisle 05,ambient
Stone-Ground Edamame Pods 5L,FarmGold Mills,FROZ-004922,890100643920,Frozen Foods,224,tub,364.83,553.16,2027-03-19,Aisle 09,frozen
Homestyle Garlic & Herb Organic Rolled Oats 2L,Nature Harvest Farms,PANT-004923,890100643921,Pantry & Dry Goods,120,bottle,730.88,1078.41,2028-06-06,Aisle 07,ambient
Plant-Based Coconut Cream Coconut Milk Canned 24-Pack,Dabur Foods,PANT-004924,890100643922,Pantry & Dry Goods,186,can,156.84,279.89,2027-06-09,Aisle 08,ambient
Roasted Butter Croissants 6-Pack,Kaveri Springs,BAKE-004925,890100643923,Bakery & Deli,64,pcs,75.39,109.14,2026-08-29,Aisle 04,chilled
Smoked Sea Salt Cashew Paste Curry Base 100g,Green Earth Farms,PANT-004926,890100643924,Pantry & Dry Goods,235,bottle,167.31,262.25,2028-05-28,Aisle 06,ambient
Wildcrafted Lemon Pepper Roasted Salted Cashews 6-Pack,Bhoomi Agro,SNAC-004927,890100643925,Snacks & Confectionery,94,pack,179.79,270.63,2026-11-11,Aisle 10,ambient
Heritage Golden Ginger Smoked Chicken Slices 750ml,Fortune Farms,BAKE-004928,890100643926,Bakery & Deli,100,pack,215.80,368.77,2026-09-05,Aisle 04,chilled
Plant-Based Sea Salt Tonic Water Premium 250g,Catch Mills,BEVE-004929,890100643927,Beverages,207,bag,202.63,370.74,2026-10-16,Aisle 06,ambient
Pure Jalapeno Lime Floor Disinfectant Pine Snack Pack,Kaveri Naturals,HOUS-004930,890100643928,Household & Personal Care,235,box,246.21,398.15,2028-10-19,Aisle 11,ambient
Wildcrafted Extra Virgin Olive Oil 200g,Pure Vedic Foods,PANT-004931,890100643929,Pantry & Dry Goods,43,packet,246.22,366.41,2027-06-05,Aisle 08,ambient
Golden Mint Lime Ladyfinger (Bhindi) 250ml,Pashmina Harvest,FRES-004932,890100643930,Fresh Produce,225,pcs,153.49,241.22,2026-09-16,Aisle 02,chilled
Gluten-Free Pista Almond Oranges Nagpur 250g,Desi Organics Springs,FRES-004933,890100643931,Fresh Produce,106,pack,54.75,77.50,2026-09-03,Aisle 01,ambient
Traditional Makhana Crunch Sona Masoori Rice 24-Pack,Nilgiri Provisions,PANT-004934,890100643932,Pantry & Dry Goods,103,jar,453.99,734.84,2026-08-20,Aisle 08,ambient
Gluten-Free Bananas 300g,Heritage Milling,FRES-004935,890100643933,Fresh Produce,184,bag,106.04,133.22,2026-09-17,Aisle 01,chilled
Organic Ajwain & Jeera Atlantic Salmon Fillet 6-Pack,Satvik Foods,MEAT-004936,890100643934,Meat & Seafood,245,pcs,926.71,1379.23,2026-09-02,Aisle 04,chilled
Select Garlic & Herb Stainless Steel Scrubber 3pk Family Pack,Pure Vedic Goods,HOUS-004937,890100643935,Household & Personal Care,73,box,334.08,427.30,2029-04-16,Aisle 12,ambient
Select Tandoori Smoked Lavash Crackers 2kg,Desi Organics Mills,BAKE-004938,890100643936,Bakery & Deli,189,pack,162.78,263.52,2026-09-06,Aisle 03,chilled
Royal Moong Dal Namkeen 50g,Royal Indian Naturals,SNAC-004939,890100643937,Snacks & Confectionery,237,box,25.31,43.48,2027-05-27,Aisle 09,ambient
Smoked Rose Infused Mutton Curry Cut 200g,Heritage Mills,MEAT-004940,890100643938,Meat & Seafood,220,kg,819.75,1490.71,2026-09-03,Aisle 04,chilled
Homestyle Jalapeno Lime Masala CTC Tea 250g,Catch Kitchens,BEVE-004941,890100643939,Beverages,60,box,93.05,128.36,2026-08-20,Aisle 05,chilled
Smoked Lemon Pepper Biodegradable Garbage Bags 300g,Organic Tattva Goods,HOUS-004942,890100643940,Household & Personal Care,52,tube,48.79,86.36,2027-04-21,Aisle 11,ambient
Rustic Cardamom Spiced Fresh Mosambi Juice 1.5L,Everest Mills,BEVE-004943,890100643941,Beverages,116,bottle,93.74,120.00,2027-06-11,Aisle 05,ambient
Pure Toasted Sesame Aloo Tikki 8-Pack 250g,Heritage Organics,FROZ-004944,890100643942,Frozen Foods,210,tub,189.51,307.84,2027-01-11,Aisle 09,frozen
Zero-Sugar Red Chilli & Garlic Mosquito Vaporizer Refill 2kg,SunBrite Farms,HOUS-004945,890100643943,Household & Personal Care,145,bottle,217.71,332.65,2027-08-18,Aisle 11,ambient
Gluten-Free Banana Chips Kerala Style 12-Pack,Vedic Fresh Botanicals,SNAC-004946,890100643944,Snacks & Confectionery,206,packet,349.23,642.55,2027-01-14,Aisle 10,ambient
Premium Roasted Salted Cashews 10-Pack,Himalayan Harvest,SNAC-004947,890100643945,Snacks & Confectionery,236,pack,298.10,447.38,2027-03-22,Aisle 09,ambient
Stone-Ground Cinnamon Spice Cold Pressed Orange Juice 750g,Vedic Fresh Plantations,BEVE-004948,890100643946,Beverages,105,carton,424.48,749.84,2027-02-15,Aisle 05,chilled
Desi Cardamom Spiced Coconut Milk Canned 2kg,Desi Organics Goods,PANT-004949,890100643947,Pantry & Dry Goods,211,packet,388.84,677.00,2026-08-28,Aisle 06,ambient
Handcrafted Mint Lime Portobello Mushrooms 200g,Organic Tattva Agro,FRES-004950,890100643948,Fresh Produce,51,pcs,144.89,228.35,2026-08-27,Aisle 01,chilled
Desi Truffle Infused Chaash / Buttermilk 500ml,Royal Indian Kitchens,DAIR-004951,890100643949,Dairy & Eggs,221,carton,86.94,153.22,2026-08-31,Aisle 03,chilled
Sweet Pure Jaggery Powder (Gud) 150ml,Pure Vedic Farms,PANT-004952,890100643950,Pantry & Dry Goods,202,packet,381.76,531.09,2027-11-17,Aisle 06,ambient
Aged Carrots 8-Pack,Nilgiri Foods,FRES-004953,890100643951,Fresh Produce,215,kg,117.21,151.23,2026-08-23,Aisle 02,chilled
Farm-Fresh Tulsi Honey Frozen Green Peas 250g,SunBrite Foods,FROZ-004954,890100643952,Frozen Foods,72,tub,351.62,636.00,2027-02-07,Aisle 09,frozen
Spiced Kachi Ghani Mustard Brioche Burger Buns 10kg,Deccan Dairy,BAKE-004955,890100643953,Bakery & Deli,173,box,59.74,90.95,2026-09-04,Aisle 03,ambient
Rustic Tandoori Smoked Cold Brew Coffee 1kg,Organic Tattva Harvest,BEVE-004956,890100643954,Beverages,230,can,140.86,179.81,2026-08-30,Aisle 05,ambient
Organic Roasted Makhana Foxnuts 6-Pack,Catch Co.,SNAC-004957,890100643955,Snacks & Confectionery,142,bag,271.74,345.34,2026-10-11,Aisle 10,ambient
Country Style Kachi Ghani Mustard Royal Basmati Rice 1kg,Royal Indian Agro,PANT-004958,890100643956,Pantry & Dry Goods,29,bottle,730.38,1070.96,2027-07-25,Aisle 06,ambient
Crisp Guavas 500ml,Tata Agro,FRES-004959,890100643957,Fresh Produce,20,pcs,85.89,118.58,2026-09-11,Aisle 02,ambient
Gluten-Free Sweet Tamarind Surface Floor Cleaner Rose 6-Pack,Organic Tattva Farms,HOUS-004960,890100643958,Household & Personal Care,160,pack,273.54,361.32,2029-01-02,Aisle 11,ambient
Homestyle Toned Milk 300g,Pure Vedic Agro,DAIR-004961,890100643959,Dairy & Eggs,136,packet,230.96,417.88,2026-09-01,Aisle 03,chilled
Sweet Chatpata Masala Liquid Laundry Detergent 330ml,Pure Vedic Dairy,HOUS-004962,890100643960,Household & Personal Care,106,packet,426.32,783.71,2027-06-06,Aisle 12,ambient
Low-Sodium Red Chilli & Garlic Badam Milk Drink 250ml,Organic Tattva Co.,BEVE-004963,890100643961,Beverages,168,pack,391.86,494.24,2026-08-26,Aisle 05,ambient
Authentic Papayas 1kg,Mother Dairy Harvest,FRES-004964,890100643962,Fresh Produce,235,bag,106.89,180.66,2026-09-04,Aisle 01,ambient
Cold-Pressed Caramelized Onion Ginger Kombucha 500g,Mother Dairy Kitchens,BEVE-004965,890100643963,Beverages,177,carton,380.40,604.67,2026-11-27,Aisle 05,chilled
Spiced Rose Infused Red Onions 150ml,Desi Organics Goods,FRES-004966,890100643964,Fresh Produce,209,bag,67.99,120.00,2026-08-24,Aisle 01,ambient
Wildcrafted Vanilla Bean Chana Dal Polished 1.5L,Satvik Foods,PANT-004967,890100643965,Pantry & Dry Goods,189,bag,653.05,1006.94,2028-01-18,Aisle 06,ambient
Aged Badam Milk Drink 750g,Bhoomi Goods,BEVE-004968,890100643966,Beverages,99,bag,253.23,326.00,2026-09-12,Aisle 05,ambient
Gluten-Free Nagpur Orange Bell Peppers 10-Pack,Deccan Springs,FRES-004969,890100643967,Fresh Produce,141,bag,25.23,45.41,2026-09-07,Aisle 02,ambient
Desi Masala Chai Cheese Croissant 10kg,Dabur Milling,BAKE-004970,890100643968,Bakery & Deli,44,pcs,125.70,232.05,2026-09-09,Aisle 04,chilled
Heritage Mutton Curry Cut 1.5L,Bhoomi Goods,MEAT-004971,890100643969,Meat & Seafood,180,kg,805.72,1254.14,2026-09-03,Aisle 04,chilled
Spiced Gulab Jamun Tin Value Pack,Fortune Springs,SNAC-004972,890100643970,Snacks & Confectionery,91,bar,517.30,887.32,2026-12-10,Aisle 09,ambient
Spiced Pure Jaggery Powder (Gud) 5kg,Mother Dairy Mills,PANT-004973,890100643971,Pantry & Dry Goods,51,bottle,356.22,572.91,2028-01-13,Aisle 07,ambient
Free-Range Fish Fingers Frozen 2kg,Royal Indian Kitchens,FROZ-004974,890100643972,Frozen Foods,110,pack,306.34,442.16,2027-08-04,Aisle 09,frozen
Gourmet Sparkling Mineral Water 750ml,Pure Vedic Kitchens,BEVE-004975,890100643973,Beverages,176,bottle,134.44,193.99,2027-04-04,Aisle 06,chilled
Sun-Dried Makhana Crunch Cold-Pressed Groundnut Oil 500ml,Fortune Co.,PANT-004976,890100643974,Pantry & Dry Goods,125,box,498.44,631.74,2028-03-11,Aisle 07,ambient
Gourmet Rose Infused Pasture Eggs 100g,Tata Naturals,DAIR-004977,890100643975,Dairy & Eggs,225,tub,233.65,353.49,2026-09-21,Aisle 02,chilled
Natural Golden Ginger Fish Fingers Frozen 100g,Green Earth Provisions,FROZ-004978,890100643976,Frozen Foods,70,box,262.59,464.65,2026-11-19,Aisle 08,frozen
Premium Sea Salt Mutton Curry Cut 750g,Nilgiri Milling,MEAT-004979,890100643977,Meat & Seafood,240,pack,792.45,1129.91,2026-08-28,Aisle 05,chilled
Royal Malai Kulfi Bar 10kg,Deccan Dairy,FROZ-004980,890100643978,Frozen Foods,118,bag,88.33,121.56,2027-03-23,Aisle 09,frozen
Farm-Fresh Jalapeno Lime Pineapples 1L,Satvik Agro,FRES-004981,890100643979,Fresh Produce,15,bag,99.53,142.41,2026-09-03,Aisle 01,chilled
Country Style Butter Croissants 1.5L,Mother Dairy Springs,BAKE-004982,890100643980,Bakery & Deli,10,pack,280.10,489.32,2026-09-04,Aisle 03,chilled
Premium Sweet Tamarind Floor Disinfectant Pine 200g,Catch Co.,HOUS-004983,890100643981,Household & Personal Care,237,bottle,76.12,106.30,2028-03-11,Aisle 11,ambient
Extra-Virgin Fabric Softener Floral 5kg,Catch Goods,HOUS-004984,890100643982,Household & Personal Care,136,box,410.05,529.35,2026-08-29,Aisle 12,ambient
Premium Mint Lime Tonic Water Premium 4-Pack,Tata Plantations,BEVE-004985,890100643983,Beverages,203,bottle,249.41,337.02,2026-08-29,Aisle 05,ambient
Valley Fresh Garlic Focaccia 5kg,Dabur Botanicals,BAKE-004986,890100643984,Bakery & Deli,95,pcs,187.44,327.81,2026-09-09,Aisle 04,ambient
Free-Range Portobello Mushrooms 10-Pack,Heritage Provisions,FRES-004987,890100643985,Fresh Produce,5,pack,151.42,231.64,2026-09-16,Aisle 01,ambient
Grass-Fed Red Chilli & Garlic French Fries Crispy 1kg,Desi Organics Agro,FROZ-004988,890100643986,Frozen Foods,40,packet,259.29,341.56,2026-12-08,Aisle 09,frozen
Crisp Red Chilli & Garlic Pav 6-Pack 750ml,Deccan Plantations,BAKE-004989,890100643987,Bakery & Deli,232,pcs,53.35,72.05,2026-09-08,Aisle 03,chilled
Wildcrafted Green Peas Fresh 500ml,Bhoomi Plantations,FRES-004990,890100643988,Fresh Produce,112,kg,39.82,59.72,2026-09-07,Aisle 01,ambient
Premium Lavash Crackers 4-Pack,Royal Indian Botanicals,BAKE-004991,890100643989,Bakery & Deli,160,box,93.27,137.37,2026-08-31,Aisle 04,ambient
Spiced Jalapeno Lime Multigrain Tortillas 4-Pack,Himalayan Goods,BAKE-004992,890100643990,Bakery & Deli,21,box,48.96,76.83,2026-09-07,Aisle 03,chilled
Homestyle Coconut Cream Chana Dal Polished 400g,Saffola Botanicals,PANT-004993,890100643991,Pantry & Dry Goods,172,jar,539.35,680.43,2027-02-15,Aisle 08,ambient
Heritage Liquid Laundry Detergent 5kg,Satvik Organics,HOUS-004994,890100643992,Household & Personal Care,35,pack,285.70,434.44,2028-10-07,Aisle 11,ambient
Free-Range Jeera Masala Soda 250ml,Pashmina Organics,BEVE-004995,890100643993,Beverages,205,bottle,380.80,701.94,2026-10-11,Aisle 05,ambient
Select Roma Tomatoes 10kg,Amul Milling,FRES-004996,890100643994,Fresh Produce,96,bunch,105.05,149.24,2026-09-15,Aisle 02,chilled
Premium Tandoori Smoked Bath Tissue 6-Pack 150g,Pashmina Organics,HOUS-004997,890100643995,Household & Personal Care,36,pack,412.53,626.14,2028-03-13,Aisle 11,ambient
Wildcrafted Oranges Nagpur Snack Pack,Himalayan Agro,FRES-004998,890100643996,Fresh Produce,82,kg,142.15,196.22,2026-09-10,Aisle 02,chilled
Stone-Ground Garlic Focaccia 250g,Nature Harvest Botanicals,BAKE-004999,890100643997,Bakery & Deli,157,box,293.40,413.58,2026-08-28,Aisle 04,chilled
Artisan Gourmet Cookies Choco-Chip 200g,Patanjali Mills,SNAC-005000,890100643998,Snacks & Confectionery,48,pack,375.26,562.48,2026-10-28,Aisle 10,ambient
